rownames,gender,ethnicity,score,fcollege,mcollege,home,urban,unemp,wage,distance,tuition,education,income,region
-0.6640499376422482,male,other,-1.3490174377338042,yes,no,yes,yes,-0.5055812859694901,-1.050212867876797,-0.6977712669147057,0.21956092906202535,-1.0104291372918257,high,other
-0.6638819784670491,female,other,-0.23202153257213143,no,no,yes,yes,-0.5055812859694901,-1.050212867876797,-0.6977712669147057,0.21956092906202535,-1.0104291372918257,low,other
-0.66371401929185,male,other,-0.24696046657435802,no,no,yes,yes,-0.5055812859694901,-1.050212867876797,-0.6977712669147057,0.21956092906202535,-1.0104291372918257,low,other
-0.663546060116651,male,afam,-1.205370806656581,no,no,yes,yes,-0.5055812859694901,-1.050212867876797,-0.6977712669147057,0.21956092906202535,-1.0104291372918257,low,other
-0.6633781009414519,female,other,-1.1961776502224974,no,no,no,yes,-0.7226908739029057,-1.050212867876797,-0.610706019800053,0.21956092906202535,-0.45149092302475896,low,other
-0.6632101417662528,male,other,0.4390955453556449,no,no,yes,yes,-0.7226908739029057,-1.050212867876797,-0.610706019800053,0.21956092906202535,-1.0104291372918257,low,other
-0.6630421825910537,female,other,0.5953831501076203,no,no,yes,no,-0.14373191523272236,-0.48434371480047295,-0.610706019800053,0.10389199965400187,-0.45149092302475896,low,other
-0.6628742234158547,female,other,0.4551838978963373,no,no,yes,no,-0.14373191523272236,-0.48434371480047295,-0.610706019800053,0.10389199965400187,0.6663855055093747,low,other
-0.6627062642406556,male,other,1.5917159728393713,yes,no,yes,yes,-0.6141359936645852,-1.050212867876797,0.5211421732298329,0.21956092906202535,-0.45149092302475896,low,other
-0.6625383050654565,female,other,0.5942341699438832,no,no,yes,yes,-0.6141359936645852,-1.050212867876797,0.5211421732298329,0.21956092906202535,0.6663855055093747,low,other
-0.6623703458902575,female,other,-0.996221346878122,no,no,yes,yes,-0.6141359936645852,-1.050212867876797,0.5211421732298329,0.21956092906202535,-1.0104291372918257,high,other
-0.6622023867150583,female,afam,1.1826106480912657,no,yes,yes,yes,-0.6141359936645852,-1.050212867876797,0.5211421732298329,0.21956092906202535,0.1074472912423079,high,other
-0.6620344275398592,male,other,1.0297704222052304,no,no,yes,no,-0.14373191523272236,-0.48434371480047295,-0.741303890472032,0.10389199965400187,0.6663855055093747,low,other
-0.6618664683646601,female,other,0.9056599609093684,yes,no,yes,no,-0.14373191523272236,-0.48434371480047295,-0.741303890472032,0.10389199965400187,1.7842619340435084,high,other
-0.661698509189461,female,afam,0.3253276590323321,yes,yes,yes,no,-0.14373191523272236,-0.48434371480047295,-0.741303890472032,0.10389199965400187,0.1074472912423079,low,other
-0.661530550014262,male,other,1.2216825492792596,no,no,yes,no,-0.14373191523272236,-0.48434371480047295,-0.741303890472032,0.10389199965400187,0.6663855055093747,low,other
-0.6613625908390629,female,other,0.18857578568698918,no,no,yes,no,-0.14373191523272236,-0.48434371480047295,-0.741303890472032,0.10389199965400187,-1.0104291372918257,high,other
-0.6611946316638638,female,other,-0.6756023994785535,no,no,yes,no,-0.14373191523272236,-0.48434371480047295,-0.741303890472032,0.10389199965400187,-1.0104291372918257,low,other
-0.6610266724886648,female,other,0.7838474599409807,no,no,yes,no,-0.14373191523272236,-0.48434371480047295,-0.741303890472032,0.10389199965400187,1.2253237197764415,low,other
-0.6608587133134657,female,other,0.9734611883128069,yes,yes,yes,no,-0.14373191523272236,-0.48434371480047295,-0.741303890472032,0.10389199965400187,1.2253237197764415,high,other
-0.6606907541382666,female,other,0.00470827325803485,no,no,yes,no,0.037192770135661544,-1.8320056833017193,-0.5671733994861597,0.26035567971994633,-0.45149092302475896,low,other
-0.6605227949630675,male,other,0.9964447369601084,yes,no,yes,no,0.037192770135661544,-1.8320056833017193,-0.5671733994861597,0.26035567971994633,0.1074472912423079,high,other
-0.6603548357878685,male,other,0.8700354385873147,yes,yes,yes,no,0.037192770135661544,-1.8320056833017193,-0.5671733994861597,0.26035567971994633,-0.45149092302475896,low,other
-0.6601868766126694,female,other,0.5528638700536863,no,no,no,no,0.037192770135661544,-1.8320056833017193,-0.5671733994861597,0.26035567971994633,1.2253237197764415,low,other
-0.6600189174374703,male,other,1.1400913680373317,no,no,yes,no,0.037192770135661544,-1.8320056833017193,-0.5671733994861597,0.26035567971994633,0.6663855055093747,low,other
-0.6598509582622712,female,afam,-1.182387696384008,no,no,yes,no,-0.795060679032969,-0.48434371480047295,-0.39304291823058707,0.10389199965400187,-1.0104291372918257,low,other
-0.6596829990870722,female,other,-0.10331383549713474,no,no,yes,no,-0.795060679032969,-0.48434371480047295,-0.39304291823058707,0.10389199965400187,-1.0104291372918257,low,other
-0.6595150399118731,male,other,1.011383670962335,no,no,yes,yes,-0.9036155592712896,-0.48434371480047295,-0.5671733994861597,0.10389199965400187,0.6663855055093747,low,other
-0.659347080736674,male,other,1.0849311143086453,no,no,yes,yes,-0.9036155592712896,-0.48434371480047295,-0.5671733994861597,0.10389199965400187,1.2253237197764415,low,other
-0.659179121561475,female,other,1.0630965458250812,yes,no,yes,yes,-0.9036155592712896,-0.48434371480047295,-0.5671733994861597,0.10389199965400187,-1.0104291372918257,high,other
-0.6590111623862759,female,other,2.032998879418319,yes,yes,yes,yes,-0.9036155592712896,-0.48434371480047295,-0.5671733994861597,0.10389199965400187,1.2253237197764415,high,other
-0.6588432032110768,female,other,-0.951403668121985,no,no,yes,yes,-0.9036155592712896,-0.48434371480047295,-0.5671733994861597,0.10389199965400187,-1.0104291372918257,low,other
-0.6586752440358776,male,other,0.8930189872346161,yes,no,yes,yes,-0.9036155592712896,-0.48434371480047295,-0.5671733994861597,0.10389199965400187,1.2253237197764415,high,other
-0.6585072848606786,male,other,0.8332619361015239,no,no,yes,yes,-0.9036155592712896,-0.48434371480047295,-0.5671733994861597,0.10389199965400187,0.1074472912423079,low,other
-0.6583393256854795,female,other,0.9263451108544668,no,no,yes,yes,-0.9036155592712896,-0.48434371480047295,-0.5671733994861597,0.10389199965400187,1.2253237197764415,low,other
-0.6581713665102804,male,other,-0.1745628801412421,no,no,yes,yes,-0.795060679032969,-0.48434371480047295,-0.6977712669147057,0.10389199965400187,1.7842619340435084,low,other
-0.6580034073350813,female,other,-0.41818744370328875,no,yes,no,yes,-0.795060679032969,-0.48434371480047295,-0.6977712669147057,0.10389199965400187,1.2253237197764415,low,other
-0.6578354481598823,male,other,1.1653728770121075,yes,no,no,no,-0.5055812859694901,-1.050212867876797,-0.523640766198534,0.21956092906202535,0.1074472912423079,high,other
-0.6576674889846832,male,other,0.397725245465448,no,no,no,no,-0.5055812859694901,-1.050212867876797,-0.523640766198534,0.21956092906202535,0.6663855055093747,high,other
-0.6574995298094841,female,other,1.9801370243918357,yes,yes,yes,no,-0.5055812859694901,-1.050212867876797,-0.523640766198534,0.21956092906202535,0.6663855055093747,high,other
-0.657331570634285,male,other,2.207672797038461,yes,no,yes,no,-0.5055812859694901,-1.050212867876797,-0.523640766198534,0.21956092906202535,1.7842619340435084,high,other
-0.657163611459086,female,other,0.8872732096664729,no,no,no,no,-0.5055812859694901,-1.050212867876797,-0.523640766198534,0.21956092906202535,0.6663855055093747,low,other
-0.6569956522838869,female,other,-0.2664966363557193,no,no,yes,no,-0.5055812859694901,-1.050212867876797,-0.523640766198534,0.21956092906202535,-1.0104291372918257,low,other
-0.6568276931086878,female,other,0.025393423203133293,no,no,yes,no,-0.5055812859694901,-1.050212867876797,-0.523640766198534,0.21956092906202535,-1.0104291372918257,low,other
-0.6566597339334888,female,other,-1.3191391313546224,no,no,yes,no,-0.5055812859694901,-1.050212867876797,-0.523640766198534,0.21956092906202535,0.6663855055093747,low,other
-0.6564917747582897,female,other,0.47012327027329254,yes,no,yes,no,-0.14373191523272236,-1.8320056833017193,-0.741303890472032,0.26035567971994633,1.2253237197764415,high,other
-0.6563238155830906,female,afam,-1.0686193716859667,yes,yes,no,no,-0.14373191523272236,-1.8320056833017193,-0.741303890472032,0.26035567971994633,-1.0104291372918257,low,other
-0.6561558564078915,female,other,0.5091951714612865,no,no,yes,no,-0.14373191523272236,-1.8320056833017193,-0.741303890472032,0.26035567971994633,-0.45149092302475896,low,other
-0.6559878972326925,male,hispanic,-0.9950723667143849,no,no,yes,no,-0.14373191523272236,-1.8320056833017193,-0.741303890472032,0.26035567971994633,-1.0104291372918257,low,other
-0.6558199380574934,female,other,1.276842803007946,no,no,yes,no,-0.14373191523272236,-1.8320056833017193,-0.741303890472032,0.26035567971994633,1.2253237197764415,low,other
-0.6556519788822943,male,hispanic,-0.14238573668512863,no,no,no,no,-0.14373191523272236,-1.8320056833017193,-0.741303890472032,0.26035567971994633,0.6663855055093747,low,other
-0.6554840197070952,female,other,-0.6813481770466967,no,no,yes,no,-0.14373191523272236,-1.8320056833017193,-0.741303890472032,0.26035567971994633,-1.0104291372918257,low,other
-0.6553160605318961,female,other,-1.560465296214466,no,no,yes,no,-0.14373191523272236,-1.8320056833017193,-0.741303890472032,0.26035567971994633,-1.0104291372918257,low,other
-0.655148101356697,male,other,-1.266277276328139,no,no,yes,no,-0.14373191523272236,-1.8320056833017193,-0.741303890472032,0.26035567971994633,-1.0104291372918257,low,other
-0.6549801421814979,female,other,0.6379024301615545,no,no,yes,no,-0.795060679032969,-0.48434371480047295,-0.741303890472032,0.10389199965400187,1.2253237197764415,low,other
-0.6548121830062988,male,afam,-0.946806870717579,no,no,yes,no,-0.795060679032969,-0.48434371480047295,-0.741303890472032,0.10389199965400187,-1.0104291372918257,low,other
-0.6546442238310998,female,other,1.0527539708525318,yes,yes,yes,no,-0.795060679032969,-0.48434371480047295,-0.741303890472032,0.10389199965400187,0.6663855055093747,high,other
-0.6544762646559007,female,other,-1.4443990111889502,no,no,no,no,-0.795060679032969,-0.48434371480047295,-0.741303890472032,0.10389199965400187,-1.0104291372918257,low,other
-0.6543083054807016,female,other,1.7215730884528337,yes,no,yes,no,-0.795060679032969,-0.48434371480047295,-0.741303890472032,0.10389199965400187,0.6663855055093747,high,other
-0.6541403463055026,male,other,-0.7169722609940218,no,no,yes,no,-0.795060679032969,-0.48434371480047295,-0.741303890472032,0.10389199965400187,-0.45149092302475896,low,other
-0.6539723871303035,male,other,0.7872952771816496,no,no,yes,no,-0.7588757764679374,-1.050212867876797,-0.1318471703997627,0.21956092906202535,1.2253237197764415,high,other
-0.6538044279551044,male,other,1.0906768918767886,yes,no,yes,no,-0.7588757764679374,-1.050212867876797,-0.1318471703997627,0.21956092906202535,-1.0104291372918257,high,other
-0.6536364687799053,male,other,1.3653291803564829,no,no,no,no,-0.7588757764679374,-1.050212867876797,-0.1318471703997627,0.21956092906202535,-1.0104291372918257,high,other
-0.6534685096047063,male,other,1.015980468366741,no,no,yes,no,-0.7588757764679374,-1.050212867876797,-0.1318471703997627,0.21956092906202535,1.2253237197764415,low,other
-0.6533005504295072,female,other,0.7091514748056618,yes,no,yes,no,-0.7588757764679374,-1.050212867876797,-0.1318471703997627,0.21956092906202535,1.2253237197764415,high,other
-0.6531325912543081,female,other,0.8194719822630344,no,no,yes,no,-0.7588757764679374,-1.050212867876797,-0.1318471703997627,0.21956092906202535,0.6663855055093747,low,other
-0.652964632079109,female,other,0.4425433625963137,no,no,yes,no,-0.7588757764679374,-1.050212867876797,-0.1318471703997627,0.21956092906202535,-1.0104291372918257,low,other
-0.65279667290391,female,other,-0.5296573696991272,no,no,yes,no,-0.2522866229278173,-1.8320056833017193,0.08581594414343584,0.26035567971994633,0.1074472912423079,low,other
-0.6526287137287109,female,other,1.0929752905789916,no,no,yes,no,-0.2522866229278173,-1.8320056833017193,0.08581594414343584,0.26035567971994633,-1.0104291372918257,low,other
-0.6524607545535118,male,other,0.26671958806297696,no,no,yes,no,-0.2522866229278173,-1.8320056833017193,0.08581594414343584,0.26035567971994633,2.3432001483105753,high,other
-0.6522927953783128,female,other,1.153881321875821,no,no,yes,no,-0.39702640573116954,-1.050212867876797,-0.1318471703997627,0.21956092906202535,0.1074472912423079,low,other
-0.6521248362031137,female,other,-0.2814360087326745,no,no,yes,no,-0.39702640573116954,-1.050212867876797,-0.1318471703997627,0.21956092906202535,0.6663855055093747,low,other
-0.6519568770279145,female,other,-0.641126857320237,no,no,yes,no,0.037192770135661544,-1.8320056833017193,0.08581594414343584,0.26035567971994633,-1.0104291372918257,low,other
-0.6517889178527154,male,other,1.0722901406338932,yes,no,yes,no,0.037192770135661544,-1.8320056833017193,0.08581594414343584,0.26035567971994633,-1.0104291372918257,high,other
-0.6516209586775163,male,other,0.6356040314593514,no,no,yes,no,0.037192770135661544,-1.8320056833017193,0.08581594414343584,0.26035567971994633,1.2253237197764415,low,other
-0.6514529995023173,female,other,1.3078705279255936,no,yes,yes,no,0.037192770135661544,-1.8320056833017193,0.08581594414343584,0.26035567971994633,1.7842619340435084,high,other
-0.6512850403271182,male,other,0.10928300314726425,yes,yes,no,no,-1.1569100497697369,-1.050212867876797,-0.5671733994861597,0.21956092906202535,2.3432001483105753,high,other
-0.6511170811519191,female,other,0.7654607086980854,no,no,yes,no,-1.1569100497697369,-1.050212867876797,-0.5671733994861597,0.21956092906202535,1.2253237197764415,high,other
-0.6509491219767201,female,other,0.7735048849684315,yes,no,yes,no,-1.1569100497697369,-1.050212867876797,-0.5671733994861597,0.21956092906202535,-1.0104291372918257,high,other
-0.650781162801521,male,other,0.7597149311299422,no,yes,yes,no,-1.1569100497697369,-1.050212867876797,-0.5671733994861597,0.21956092906202535,-1.0104291372918257,high,other
-0.6506132036263219,male,other,1.6572188015406069,yes,no,yes,no,-0.03517703499440176,-1.050212867876797,-0.5671733994861597,0.21956092906202535,1.2253237197764415,low,other
-0.6504452444511228,male,other,-0.030916249064018828,yes,no,yes,no,-0.03517703499440176,-1.050212867876797,-0.5671733994861597,0.21956092906202535,0.1074472912423079,high,other
-0.6502772852759238,male,other,0.03918337704162271,no,no,yes,no,-0.03517703499440176,-1.050212867876797,-0.5671733994861597,0.21956092906202535,0.6663855055093747,low,other
-0.6501093261007247,female,other,0.3057914892509708,no,no,no,no,-0.03517703499440176,-1.050212867876797,-0.5671733994861597,0.21956092906202535,0.1074472912423079,low,other
-0.6499413669255256,female,other,-0.2722424139238625,no,no,yes,no,-0.03517703499440176,-1.050212867876797,-0.5671733994861597,0.21956092906202535,-1.0104291372918257,low,other
-0.6497734077503265,female,other,-0.8594699119075078,no,no,yes,no,-0.03517703499440176,-1.050212867876797,-0.5671733994861597,0.21956092906202535,0.1074472912423079,low,other
-0.6496054485751275,female,other,0.7597149311299422,no,no,yes,no,-0.03517703499440176,-1.050212867876797,-0.5671733994861597,0.21956092906202535,0.1074472912423079,low,other
-0.6494374893999284,female,other,0.04952595201417193,no,no,yes,no,-0.6141359936645852,-1.7947773187439622,-0.2624450183677096,1.682077775573273,0.6663855055093747,low,other
-0.6492695302247293,female,other,-1.6684878433443642,no,no,no,no,-0.6141359936645852,-1.7947773187439622,-0.2624450183677096,1.682077775573273,-1.0104291372918257,low,other
-0.6491015710495303,female,other,-0.8146522331513707,no,no,yes,no,-0.6141359936645852,-1.7947773187439622,-0.2624450183677096,1.682077775573273,-1.0104291372918257,low,other
-0.6489336118743312,female,other,-0.6606630271015982,no,no,yes,no,-0.6141359936645852,-1.7947773187439622,-0.2624450183677096,1.682077775573273,-1.0104291372918257,high,other
-0.6487656526991321,female,other,1.4216384142489065,no,no,yes,no,-0.6141359936645852,-1.7947773187439622,-0.2624450183677096,1.682077775573273,1.2253237197764415,low,other
-0.6485976935239329,female,other,0.04952595201417193,yes,yes,yes,no,-0.6141359936645852,-1.7947773187439622,-0.2624450183677096,1.682077775573273,1.7842619340435084,low,other
-0.6484297343487339,male,other,-0.7652377569908276,no,no,yes,no,-0.6141359936645852,-1.7947773187439622,-0.2624450183677096,1.682077775573273,-1.0104291372918257,low,other
-0.6482617751735348,female,other,-0.9146301656361941,no,no,yes,no,-0.8312455815980007,-1.050212867876797,-0.741303890472032,0.21956092906202535,-1.0104291372918257,high,other
-0.6480938159983357,female,other,-0.3779665623515577,no,no,yes,no,-0.8312455815980007,-1.050212867876797,-0.741303890472032,0.21956092906202535,-1.0104291372918257,low,other
-0.6479258568231366,male,other,0.6413502474022232,yes,no,yes,no,-0.8312455815980007,-1.050212867876797,-0.741303890472032,0.21956092906202535,-0.45149092302475896,high,other
-0.6477578976479376,male,other,1.5859706336459567,no,no,yes,no,-0.8312455815980007,-1.050212867876797,-0.741303890472032,0.21956092906202535,1.2253237197764415,low,other
-0.6475899384727385,female,other,1.317063684359677,yes,yes,yes,no,-0.8312455815980007,-1.050212867876797,-0.741303890472032,0.21956092906202535,1.2253237197764415,low,other
-0.6474219792975394,female,other,-0.2216789575995822,no,no,yes,no,-0.5417661885345219,-1.3480387192308625,0.3034790586866344,0.8759894156926856,-1.0104291372918257,low,other
-0.6472540201223403,female,other,-1.219161198869799,no,no,yes,no,-0.5417661885345219,-1.3480387192308625,0.3034790586866344,0.8759894156926856,-1.0104291372918257,high,other
-0.6470860609471413,male,other,-0.7158232808302846,no,no,yes,no,-0.5417661885345219,-1.3480387192308625,0.3034790586866344,0.8759894156926856,-1.0104291372918257,low,other
-0.6469181017719422,male,other,1.674456572619765,no,no,no,no,-0.5417661885345219,-1.3480387192308625,0.3034790586866344,0.8759894156926856,-1.0104291372918257,low,other
-0.6467501425967431,female,other,-1.5030066437835767,no,no,yes,no,-0.5417661885345219,-1.3480387192308625,0.3034790586866344,0.8759894156926856,-1.0104291372918257,low,other
-0.646582183421544,male,other,1.8456831113739671,yes,yes,yes,no,-0.5417661885345219,-1.3480387192308625,0.3034790586866344,0.8759894156926856,1.2253237197764415,high,other
-0.646414224246345,female,other,0.5459686739470773,no,no,yes,no,-0.5417661885345219,-1.3480387192308625,0.3034790586866344,0.8759894156926856,1.2253237197764415,high,other
-0.6462462650711459,female,other,0.04492915460976592,no,yes,yes,no,-0.39702640573116954,-1.050212867876797,0.7388052877730314,0.21956092906202535,1.2253237197764415,low,other
-0.6460783058959468,female,other,0.21730511190243385,no,no,yes,no,-0.39702640573116954,-1.050212867876797,0.7388052877730314,0.21956092906202535,0.1074472912423079,low,other
-0.6459103467207478,female,other,1.5756276202986788,no,no,yes,no,-0.39702640573116954,-1.050212867876797,0.7388052877730314,0.21956092906202535,1.2253237197764415,low,other
-0.6457423875455487,female,other,1.2458150780902983,yes,no,yes,no,-0.39702640573116954,-1.050212867876797,0.7388052877730314,0.21956092906202535,1.2253237197764415,low,other
-0.6455744283703496,male,afam,-0.009081680580454568,no,yes,yes,no,-0.795060679032969,-1.050212867876797,0.042283310855810025,0.21956092906202535,1.2253237197764415,low,other
-0.6454064691951505,male,other,-0.738806829477586,yes,yes,yes,no,-0.795060679032969,-1.050212867876797,0.042283310855810025,0.21956092906202535,-1.0104291372918257,high,other
-0.6452385100199514,female,other,-1.0697683518497039,no,no,yes,no,2.135919189426205,-1.3480387192308625,1.391794631402627,0.8759894156926856,-1.0104291372918257,low,other
-0.6450705508447523,female,other,-1.170895702872993,no,no,no,no,2.135919189426205,-1.3480387192308625,1.391794631402627,0.8759894156926856,-1.0104291372918257,low,other
-0.6449025916695532,female,other,-1.2938571840051178,no,no,yes,no,2.135919189426205,-1.3480387192308625,1.391794631402627,0.8759894156926856,-1.0104291372918257,low,other
-0.6447346324943541,female,other,0.37704009552034956,no,no,yes,no,2.135919189426205,-1.3480387192308625,1.391794631402627,0.8759894156926856,-1.0104291372918257,low,other
-0.6445666733191551,male,hispanic,-1.3720009863811056,no,no,yes,no,2.135919189426205,-1.3480387192308625,1.391794631402627,0.8759894156926856,-0.45149092302475896,high,other
-0.644398714143956,female,other,1.3733733566268291,no,no,yes,no,2.135919189426205,-1.3480387192308625,1.391794631402627,0.8759894156926856,0.6663855055093747,low,other
-0.6442307549687569,male,other,1.5618381048349181,no,no,no,no,0.39904214087242934,-0.48434371480047295,-0.1318471703997627,0.10389199965400187,1.2253237197764415,low,other
-0.6440627957935579,female,other,-0.4365741949461842,no,no,yes,no,0.39904214087242934,-0.48434371480047295,-0.1318471703997627,0.10389199965400187,-1.0104291372918257,high,other
-0.6438948366183588,female,other,0.007006671960237858,no,no,yes,no,0.39904214087242934,-0.48434371480047295,-0.1318471703997627,0.10389199965400187,-1.0104291372918257,low,other
-0.6437268774431597,male,other,-0.738806829477586,no,no,yes,no,0.39904214087242934,-0.48434371480047295,-0.1318471703997627,0.10389199965400187,-1.0104291372918257,high,other
-0.6435589182679606,female,other,0.9194499147478578,no,yes,no,no,0.39904214087242934,-0.48434371480047295,-0.1318471703997627,0.10389199965400187,-1.0104291372918257,high,other
-0.6433909590927616,female,afam,0.3988746640039138,no,no,yes,no,0.39904214087242934,-0.48434371480047295,-0.1318471703997627,0.10389199965400187,1.2253237197764415,low,other
-0.6432229999175625,female,other,-0.6434252560224399,no,no,yes,no,0.39904214087242934,-0.48434371480047295,-0.1318471703997627,0.10389199965400187,-0.45149092302475896,low,other
-0.6430550407423634,female,other,0.37704009552034956,no,no,yes,no,-0.39702640573116954,-1.050212867876797,-0.43657552557074764,0.21956092906202535,0.6663855055093747,low,other
-0.6428870815671643,male,other,0.21270875287275645,yes,no,yes,no,-0.39702640573116954,-1.050212867876797,-0.43657552557074764,0.21956092906202535,-1.0104291372918257,high,other
-0.6427191223919653,male,other,1.1550303020395583,no,no,yes,no,-0.39702640573116954,-1.050212867876797,-0.43657552557074764,0.21956092906202535,-1.0104291372918257,low,other
-0.6425511632167662,male,other,-1.2306527540060854,no,no,yes,no,-0.39702640573116954,-1.050212867876797,-0.43657552557074764,0.21956092906202535,-1.0104291372918257,high,other
-0.6423832040415671,female,other,0.8275161585333807,no,yes,yes,no,-0.39702640573116954,-1.050212867876797,-0.43657552557074764,0.21956092906202535,-1.0104291372918257,low,other
-0.642215244866368,male,other,0.38738267049289876,no,no,yes,no,-0.39702640573116954,-1.050212867876797,-0.43657552557074764,0.21956092906202535,0.1074472912423079,low,other
-0.642047285691169,female,other,0.717195651076008,yes,no,yes,no,0.07337784524391884,-1.3480387192308625,-0.0012493224318157802,0.8759894156926856,1.2253237197764415,high,other
-0.6418793265159699,female,other,1.6192967572658075,no,no,yes,no,0.07337784524391884,-1.3480387192308625,-0.0012493224318157802,0.8759894156926856,-1.0104291372918257,low,other
-0.6417113673407707,male,other,1.6618155989450127,no,no,no,no,0.07337784524391884,-1.3480387192308625,-0.0012493224318157802,0.8759894156926856,0.1074472912423079,low,other
-0.6415434081655716,female,other,0.5827421764328682,no,no,yes,no,0.07337784524391884,-1.3480387192308625,-0.0012493224318157802,0.8759894156926856,-1.0104291372918257,low,other
-0.6413754489903726,female,other,1.2458150780902983,no,no,yes,no,0.07337784524391884,-1.3480387192308625,-0.0012493224318157802,0.8759894156926856,1.2253237197764415,high,other
-0.6412074898151735,male,other,0.6275598551890053,no,no,yes,no,0.07337784524391884,-1.3480387192308625,-0.0012493224318157802,0.8759894156926856,-1.0104291372918257,low,other
-0.6410395306399744,male,other,0.024244004664667473,no,no,yes,no,0.07337784524391884,-1.3480387192308625,-0.0012493224318157802,0.8759894156926856,-0.45149092302475896,high,other
-0.6408715714647754,female,other,-1.30649815767987,no,no,yes,no,0.07337784524391884,-1.3480387192308625,-0.0012493224318157802,0.8759894156926856,-1.0104291372918257,low,other
-0.6407036122895763,female,other,1.1331961719307226,yes,yes,yes,no,0.07337784524391884,-1.3480387192308625,-0.0012493224318157802,0.8759894156926856,1.2253237197764415,low,other
-0.6405356531143772,male,other,-1.4593383835659053,no,no,yes,no,0.07337784524391884,-1.3480387192308625,-0.0012493224318157802,0.8759894156926856,-1.0104291372918257,low,other
-0.6403676939391781,female,other,0.015050848230584071,no,no,yes,no,0.07337784524391884,-1.3480387192308625,-0.0012493224318157802,0.8759894156926856,1.2253237197764415,low,other
-0.6401997347639791,male,other,0.31728348276198587,no,no,yes,no,0.07337784524391884,-1.3480387192308625,-0.0012493224318157802,0.8759894156926856,1.2253237197764415,low,other
-0.64003177558878,male,other,0.6275598551890053,no,no,yes,no,-0.795060679032969,-0.48434371480047295,-0.43657552557074764,0.10389199965400187,0.6663855055093747,high,other
-0.6398638164135809,female,other,0.2368412816837951,no,no,yes,no,-0.795060679032969,-0.48434371480047295,-0.43657552557074764,0.10389199965400187,0.6663855055093747,high,other
-0.6396958572383818,male,other,1.4388761853280647,no,no,yes,no,-0.795060679032969,-0.48434371480047295,-0.43657552557074764,0.10389199965400187,-0.45149092302475896,low,other
-0.6395278980631828,male,other,1.756047753861693,yes,yes,yes,no,-0.795060679032969,-0.48434371480047295,-0.43657552557074764,0.10389199965400187,1.2253237197764415,high,other
-0.6393599388879837,male,other,-0.6652598245060043,no,no,yes,no,-0.795060679032969,-0.48434371480047295,-0.43657552557074764,0.10389199965400187,-0.45149092302475896,high,other
-0.6391919797127846,male,other,1.8456831113739671,yes,no,yes,no,-0.795060679032969,-0.48434371480047295,-0.43657552557074764,0.10389199965400187,1.2253237197764415,low,other
-0.6390240205375856,female,other,1.3802685527334382,yes,no,yes,no,-0.795060679032969,-0.48434371480047295,-0.43657552557074764,0.10389199965400187,2.3432001483105753,high,other
-0.6388560613623865,male,other,0.2402886605497353,yes,yes,yes,no,-0.14373191523272236,-0.48434371480047295,-0.43657552557074764,0.10389199965400187,-0.45149092302475896,high,other
-0.6386881021871874,female,other,1.3101689266277965,no,yes,yes,no,-0.14373191523272236,-0.48434371480047295,-0.43657552557074764,0.10389199965400187,-0.45149092302475896,low,other
-0.6385201430119883,male,other,-0.7560441621820156,no,yes,yes,no,-0.14373191523272236,-0.48434371480047295,-0.43657552557074764,0.10389199965400187,-1.0104291372918257,low,other
-0.6383521838367892,female,other,1.5193183864062554,yes,no,yes,no,-1.1569100497697369,-1.050212867876797,-0.1318471703997627,0.21956092906202535,1.2253237197764415,low,other
-0.6381842246615901,male,other,0.8884221898302102,no,no,yes,no,-1.1569100497697369,-1.050212867876797,-0.1318471703997627,0.21956092906202535,-0.45149092302475896,high,other
-0.638016265486391,female,other,0.6930626838902407,no,no,yes,no,-1.1569100497697369,-1.050212867876797,-0.1318471703997627,0.21956092906202535,-1.0104291372918257,low,other
-0.6378483063111919,female,other,0.20466413822768162,no,no,yes,no,-1.1569100497697369,-1.050212867876797,-0.1318471703997627,0.21956092906202535,-1.0104291372918257,low,other
-0.6376803471359929,male,other,1.6020589861866492,yes,yes,yes,no,-1.1569100497697369,-1.050212867876797,-0.1318471703997627,0.21956092906202535,0.6663855055093747,high,other
-0.6375123879607938,male,other,-0.11365641046968397,no,no,yes,no,-1.1569100497697369,-1.050212867876797,-0.1318471703997627,0.21956092906202535,-1.0104291372918257,low,other
-0.6373444287855947,female,other,1.3400472330069784,no,no,yes,no,-1.1569100497697369,-1.050212867876797,-0.1318471703997627,0.21956092906202535,1.7842619340435084,high,other
-0.6371764696103956,male,other,1.792821256347484,no,no,yes,no,-1.1569100497697369,-1.050212867876797,-0.1318471703997627,0.21956092906202535,1.7842619340435084,high,other
-0.6370085104351966,male,other,1.2929311555486382,yes,yes,yes,no,-1.1569100497697369,-1.050212867876797,-0.1318471703997627,0.21956092906202535,1.7842619340435084,high,other
-0.6368405512599975,male,other,-0.19409861154787472,no,no,yes,yes,-0.39702640573116954,-1.050212867876797,-0.6977712669147057,0.21956092906202535,-0.45149092302475896,low,other
-0.6366725920847984,female,other,0.06676372309333017,no,no,yes,yes,-0.39702640573116954,-1.050212867876797,-0.6977712669147057,0.21956092906202535,0.1074472912423079,low,other
-0.6365046329095994,female,other,1.2940805740871042,no,no,yes,yes,-0.39702640573116954,-1.050212867876797,-0.6977712669147057,0.21956092906202535,0.1074472912423079,low,other
-0.6363366737344003,female,afam,-0.876707682986666,no,no,no,yes,-0.39702640573116954,-1.050212867876797,-0.6977712669147057,0.21956092906202535,-1.0104291372918257,low,other
-0.6361687145592012,female,other,0.41955981394901226,no,yes,no,yes,-0.39702640573116954,-1.050212867876797,-0.6977712669147057,0.21956092906202535,-1.0104291372918257,low,other
-0.6360007553840021,male,other,0.8999141833412252,no,no,yes,yes,-0.39702640573116954,-1.050212867876797,-0.6977712669147057,0.21956092906202535,2.3432001483105753,low,other
-0.6358327962088031,female,other,0.803383629722342,yes,yes,yes,no,-0.9036155592712896,-0.48434371480047295,-0.741303890472032,0.10389199965400187,-0.45149092302475896,high,other
-0.635664837033604,female,other,2.023805284609507,yes,no,no,no,-0.9036155592712896,-0.48434371480047295,-0.741303890472032,0.10389199965400187,0.6663855055093747,low,other
-0.6354968778584049,male,other,0.2012167593617414,no,yes,yes,no,-0.9036155592712896,-0.48434371480047295,-0.741303890472032,0.10389199965400187,0.6663855055093747,high,other
-0.6353289186832058,female,other,-1.5340343687012243,no,yes,no,yes,0.21811745550404543,-1.3480387192308625,0.6082074398050845,0.8759894156926856,-1.0104291372918257,low,other
-0.6351609595080068,male,other,1.4595613352731631,no,no,no,yes,0.21811745550404543,-1.3480387192308625,0.6082074398050845,0.8759894156926856,1.2253237197764415,low,other
-0.6349930003328076,female,other,-0.11365641046968397,no,no,yes,yes,0.21811745550404543,-1.3480387192308625,0.6082074398050845,0.8759894156926856,-1.0104291372918257,low,other
-0.6348250411576085,male,other,1.8721144772619374,yes,yes,yes,yes,0.21811745550404543,-1.3480387192308625,0.6082074398050845,0.8759894156926856,0.6663855055093747,low,other
-0.6346570819824094,female,other,1.1642238968483702,no,no,yes,yes,0.21811745550404543,-1.3480387192308625,0.6082074398050845,0.8759894156926856,-1.0104291372918257,low,other
-0.6344891228072104,female,other,0.5746980001625219,no,no,yes,no,-0.14373191523272236,-0.48434371480047295,-0.523640766198534,0.10389199965400187,1.2253237197764415,high,other
-0.6343211636320113,male,other,0.9596712344743175,no,no,yes,no,1.0141860021076436,-1.3480387192308625,-0.7848365140293584,0.8759894156926856,0.6663855055093747,low,other
-0.6341532044568122,male,other,1.3894617091675214,yes,no,yes,no,1.0141860021076436,-1.3480387192308625,-0.7848365140293584,0.8759894156926856,2.3432001483105753,high,other
-0.6339852452816132,male,other,0.021946044337193094,no,no,yes,no,1.0141860021076436,-1.3480387192308625,-0.7848365140293584,0.8759894156926856,-1.0104291372918257,low,other
-0.6338172861064141,female,other,0.7160462325375422,no,no,yes,no,1.0141860021076436,-1.3480387192308625,-0.7848365140293584,0.8759894156926856,0.6663855055093747,high,other
-0.633649326931215,female,other,1.0941242707427288,no,no,yes,no,1.0141860021076436,-1.3480387192308625,-0.7848365140293584,0.8759894156926856,1.7842619340435084,low,other
-0.6334813677560159,female,other,-0.7594919794226844,no,no,yes,no,1.0141860021076436,-1.3480387192308625,-0.7848365140293584,0.8759894156926856,-1.0104291372918257,low,other
-0.6333134085808169,male,other,0.2483328368200815,no,no,no,no,-0.7588757764679374,-1.050212867876797,-0.48010815885837343,0.21956092906202535,-0.45149092302475896,low,other
-0.6331454494056178,female,other,-0.24006570884247763,no,no,yes,no,-0.7588757764679374,-1.050212867876797,-0.48010815885837343,0.21956092906202535,-1.0104291372918257,low,other
-0.6329774902304187,male,other,0.3103882866553768,no,no,yes,no,-0.7588757764679374,-1.050212867876797,-0.48010815885837343,0.21956092906202535,0.6663855055093747,low,other
-0.6328095310552196,male,other,-1.3421226800019237,no,no,yes,no,-0.7588757764679374,-1.050212867876797,-0.48010815885837343,0.21956092906202535,-1.0104291372918257,low,other
-0.6326415718800206,female,other,1.7284678461847143,yes,yes,yes,yes,-0.9036155592712896,-0.48434371480047295,-0.1318471703997627,0.10389199965400187,0.1074472912423079,low,other
-0.6324736127048215,female,other,0.5965325686460862,no,yes,yes,yes,-0.9036155592712896,-0.48434371480047295,-0.1318471703997627,0.10389199965400187,1.2253237197764415,low,other
-0.6323056535296224,male,other,1.4066994802466797,no,yes,yes,yes,-0.9036155592712896,-0.48434371480047295,-0.1318471703997627,0.10389199965400187,1.7842619340435084,high,other
-0.6321376943544234,female,other,0.8596928636147655,no,no,yes,yes,-0.9036155592712896,-0.48434371480047295,-0.1318471703997627,0.10389199965400187,1.2253237197764415,low,other
-0.6319697351792243,male,other,1.0366656183118395,no,yes,yes,yes,-0.9036155592712896,-0.48434371480047295,-0.1318471703997627,0.10389199965400187,0.6663855055093747,high,other
-0.6318017760040252,male,afam,0.05871954682298396,no,no,no,yes,0.14574765037398213,0.10386217298170781,-0.6542386401139462,0.9950161819475675,0.1074472912423079,low,other
-0.631633816828826,female,hispanic,-0.20673958522262695,no,no,no,yes,0.14574765037398213,0.10386217298170781,-0.6542386401139462,0.9950161819475675,1.7842619340435084,low,other
-0.631465857653627,male,other,0.7585659509662049,no,no,yes,no,-0.46939621086123284,0.10386217298170781,0.08581594414343584,0.9950161819475675,1.7842619340435084,high,other
-0.6312978984784279,female,afam,-0.6353810797520938,yes,yes,no,yes,0.14574765037398213,0.10386217298170781,-0.741303890472032,0.9950161819475675,1.2253237197764415,high,other
-0.6311299393032288,male,other,-0.7123759019643443,no,no,yes,yes,0.14574765037398213,0.10386217298170781,-0.741303890472032,0.9950161819475675,-0.45149092302475896,low,other
-0.6309619801280297,male,afam,-0.5802208260234075,no,no,no,yes,0.14574765037398213,0.10386217298170781,-0.7848365140293584,0.9950161819475675,-1.0104291372918257,low,other
-0.6307940209528307,male,afam,0.5482670726492803,no,no,yes,yes,0.14574765037398213,0.10386217298170781,-0.7848365140293584,0.9950161819475675,1.2253237197764415,low,other
-0.6306260617776316,male,hispanic,-1.7339906720455998,no,no,no,yes,0.14574765037398213,0.10386217298170781,-0.7848365140293584,0.9950161819475675,-1.0104291372918257,low,other
-0.6304581026024325,male,afam,-0.7640883384523618,no,no,no,yes,0.14574765037398213,0.10386217298170781,-0.7848365140293584,0.9950161819475675,0.1074472912423079,high,other
-0.6302901434272334,male,afam,0.05067537055263775,yes,yes,yes,yes,0.14574765037398213,0.10386217298170781,-0.7848365140293584,0.9950161819475675,-0.45149092302475896,high,other
-0.6301221842520344,male,afam,0.6402008288637575,no,yes,no,yes,0.14574765037398213,0.10386217298170781,-0.610706019800053,0.9950161819475675,0.6663855055093747,high,other
-0.6299542250768353,male,other,-0.3285520861910146,no,no,yes,yes,0.14574765037398213,0.10386217298170781,-0.610706019800053,0.9950161819475675,-1.0104291372918257,low,other
-0.6297862659016362,male,other,1.4802464852182615,no,no,no,yes,0.14574765037398213,0.10386217298170781,-0.7848365140293584,0.9950161819475675,1.7842619340435084,low,other
-0.6296183067264371,female,other,2.1846896867658883,no,no,yes,yes,0.14574765037398213,0.10386217298170781,-0.7848365140293584,0.9950161819475675,1.7842619340435084,low,other
-0.6294503475512381,female,other,1.8387883536420868,no,no,no,yes,0.14574765037398213,0.10386217298170781,-0.7848365140293584,0.9950161819475675,1.2253237197764415,low,other
-0.629282388376039,female,other,2.0169105268776266,yes,no,no,yes,0.14574765037398213,0.10386217298170781,-0.7848365140293584,0.9950161819475675,1.7842619340435084,low,other
-0.6291144292008399,male,afam,0.4551838978963373,no,no,yes,yes,0.14574765037398213,0.10386217298170781,-0.7848365140293584,0.9950161819475675,-0.45149092302475896,low,other
-0.6289464700256409,male,other,1.3182131028981428,yes,yes,no,yes,0.14574765037398213,0.10386217298170781,-0.1318471703997627,0.9950161819475675,1.2253237197764415,high,other
-0.6287785108504418,female,other,-0.7870718870996632,no,no,no,yes,0.14574765037398213,0.10386217298170781,-0.1318471703997627,0.9950161819475675,-1.0104291372918257,low,other
-0.6286105516752427,male,hispanic,0.6942121024287066,no,no,yes,yes,0.14574765037398213,0.10386217298170781,-0.1318471703997627,0.9950161819475675,1.2253237197764415,low,other
-0.6284425925000436,male,afam,-0.8445305395305526,no,no,yes,yes,0.14574765037398213,0.10386217298170781,-0.1318471703997627,0.9950161819475675,-0.45149092302475896,low,other
-0.6282746333248445,female,other,0.9171515160456548,no,no,yes,no,-0.5779510910995534,0.10386217298170781,-0.1318471703997627,0.9950161819475675,-1.0104291372918257,low,other
-0.6281066741496454,female,other,0.37704009552034956,yes,no,yes,no,-0.5779510910995534,0.10386217298170781,-0.1318471703997627,0.9950161819475675,1.2253237197764415,high,other
-0.6279387149744463,female,other,0.9010631635049624,yes,no,yes,no,-0.5779510910995534,0.10386217298170781,-0.1318471703997627,0.9950161819475675,1.2253237197764415,low,other
-0.6277707557992472,female,other,0.9137041371797145,no,yes,yes,no,-0.5779510910995534,0.10386217298170781,-0.1318471703997627,0.9950161819475675,1.2253237197764415,low,other
-0.6276027966240482,female,other,1.7123794936440218,no,no,yes,yes,0.14574765037398213,0.10386217298170781,-0.5671733994861597,0.9950161819475675,1.7842619340435084,low,other
-0.6274348374488491,female,hispanic,-1.0180559153616864,no,yes,yes,yes,0.14574765037398213,0.10386217298170781,-0.5671733994861597,0.9950161819475675,0.1074472912423079,low,other
-0.62726687827365,male,other,1.0964226694449317,no,no,yes,yes,0.14574765037398213,0.10386217298170781,-0.5671733994861597,0.9950161819475675,1.2253237197764415,low,other
-0.627098919098451,female,hispanic,-0.15157933149394065,no,no,no,yes,0.14574765037398213,0.10386217298170781,-0.5671733994861597,0.9950161819475675,0.6663855055093747,low,other
-0.6269309599232519,female,other,0.12307295698575367,no,no,yes,no,0.6885217064791338,0.10386217298170781,-0.43657552557074764,0.9950161819475675,0.6663855055093747,low,other
-0.6267630007480528,male,other,1.45726293657096,no,no,yes,no,0.6885217064791338,0.10386217298170781,-0.43657552557074764,0.9950161819475675,1.2253237197764415,low,other
-0.6265950415728537,female,other,0.09204523206810601,no,no,yes,no,0.6885217064791338,0.10386217298170781,-0.43657552557074764,0.9950161819475675,0.6663855055093747,high,other
-0.6264270823976547,female,other,0.8022342111838762,no,no,yes,no,0.6885217064791338,0.10386217298170781,-0.43657552557074764,0.9950161819475675,0.6663855055093747,high,other
-0.6262591232224556,female,other,-0.12399898544223319,no,no,yes,no,0.6885217064791338,0.10386217298170781,-0.43657552557074764,0.9950161819475675,0.1074472912423079,high,other
-0.6260911640472565,female,other,0.18397942665731182,no,no,yes,no,0.6885217064791338,0.10386217298170781,-0.43657552557074764,0.9950161819475675,0.1074472912423079,low,other
-0.6259232048720574,male,other,-0.8813040420163435,no,no,yes,no,0.6885217064791338,0.10386217298170781,-0.43657552557074764,0.9950161819475675,-1.0104291372918257,high,other
-0.6257552456968584,male,afam,0.878079614857661,yes,no,yes,yes,0.14574765037398213,0.10386217298170781,-0.6542386401139462,0.9950161819475675,0.1074472912423079,low,other
-0.6255872865216593,female,hispanic,-0.8341879645580034,no,no,no,yes,0.14574765037398213,0.10386217298170781,-0.6542386401139462,0.9950161819475675,-1.0104291372918257,low,other
-0.6254193273464602,female,afam,0.4482891401644569,no,no,yes,yes,0.14574765037398213,0.10386217298170781,-0.6542386401139462,0.9950161819475675,-0.45149092302475896,high,other
-0.6252513681712611,male,afam,-1.525990192430878,no,yes,yes,no,-0.8312455815980007,0.10386217298170781,-0.6542386401139462,0.9950161819475675,-0.45149092302475896,high,other
-0.6250834089960621,female,other,1.3055721292233906,yes,no,yes,no,-0.8312455815980007,0.10386217298170781,-0.6542386401139462,0.9950161819475675,1.2253237197764415,high,other
-0.624915449820863,female,other,-0.8146522331513707,yes,no,yes,no,-0.8312455815980007,0.10386217298170781,-0.6542386401139462,0.9950161819475675,-1.0104291372918257,high,other
-0.6247474906456638,male,other,0.12307295698575367,no,no,yes,no,-0.8312455815980007,0.10386217298170781,-0.6542386401139462,0.9950161819475675,0.6663855055093747,low,other
-0.6245795314704647,female,other,-0.19294963138413754,no,no,yes,no,-0.8312455815980007,0.10386217298170781,-0.6542386401139462,0.9950161819475675,0.6663855055093747,low,other
-0.6244115722952657,female,other,0.16674165557815357,no,no,yes,no,0.7970765867174544,0.10386217298170781,1.1741315168594286,0.9950161819475675,-1.0104291372918257,low,other
-0.6242436131200666,female,other,1.3848649117631155,no,yes,yes,no,0.7970765867174544,0.10386217298170781,1.1741315168594286,0.9950161819475675,1.2253237197764415,high,other
-0.6240756539448675,male,other,0.5678032424306415,no,no,yes,no,0.7970765867174544,0.10386217298170781,1.1741315168594286,0.9950161819475675,-1.0104291372918257,low,other
-0.6239076947696685,male,other,1.2906327568464353,no,no,yes,no,0.7970765867174544,0.10386217298170781,1.1741315168594286,0.9950161819475675,2.3432001483105753,low,other
-0.6237397355944694,female,other,0.5344771188107909,no,no,yes,no,0.7970765867174544,0.10386217298170781,1.1741315168594286,0.9950161819475675,-1.0104291372918257,high,other
-0.6235717764192703,female,other,1.6353851098064998,no,no,yes,no,0.7970765867174544,0.10386217298170781,1.1741315168594286,0.9950161819475675,0.6663855055093747,low,other
-0.6234038172440712,male,other,0.7999358124816731,no,no,yes,no,0.7970765867174544,0.10386217298170781,1.1741315168594286,0.9950161819475675,0.6663855055093747,low,other
-0.6232358580688722,male,other,-0.6146959298069954,no,no,yes,no,0.7970765867174544,0.10386217298170781,1.1741315168594286,0.9950161819475675,-1.0104291372918257,low,other
-0.6230678988936731,female,other,1.0102346907985977,no,no,yes,no,0.7970765867174544,0.10386217298170781,1.1741315168594286,0.9950161819475675,1.2253237197764415,low,other
-0.622899939718474,male,other,0.8539470860466223,no,no,yes,no,0.7970765867174544,0.10386217298170781,1.1741315168594286,0.9950161819475675,-1.0104291372918257,low,other
-0.6227319805432749,male,other,0.6356040314593514,yes,no,yes,no,0.7970765867174544,0.10386217298170781,1.1741315168594286,0.9950161819475675,1.2253237197764415,low,other
-0.6225640213680759,male,other,1.2998263516552473,yes,no,yes,no,0.7970765867174544,0.10386217298170781,1.1741315168594286,0.9950161819475675,1.2253237197764415,high,other
-0.6223960621928768,male,afam,0.710300454969399,no,no,yes,no,0.7970765867174544,0.10386217298170781,1.1741315168594286,0.9950161819475675,0.6663855055093747,low,other
-0.6222281030176777,female,other,0.2264987067112459,no,no,yes,no,0.7970765867174544,0.10386217298170781,1.1741315168594286,0.9950161819475675,0.6663855055093747,low,other
-0.6220601438424787,female,other,1.8353409747761467,yes,yes,yes,no,-0.46939621086123284,0.10386217298170781,-0.2624450183677096,0.9950161819475675,1.7842619340435084,high,other
-0.6218921846672796,female,other,-0.7227184769368936,no,no,yes,no,1.122740882345965,0.10386217298170781,-0.5671733994861597,0.9950161819475675,-1.0104291372918257,low,other
-0.6217242254920805,female,other,0.6942121024287066,yes,yes,yes,no,1.122740882345965,0.10386217298170781,-0.5671733994861597,0.9950161819475675,0.6663855055093747,high,other
-0.6215562663168814,female,other,0.37129431795220635,no,no,yes,no,1.122740882345965,0.10386217298170781,-0.5671733994861597,0.9950161819475675,-1.0104291372918257,low,other
-0.6213883071416823,male,other,-0.24581148641062084,no,no,yes,no,1.122740882345965,0.10386217298170781,-0.5671733994861597,0.9950161819475675,-1.0104291372918257,low,other
-0.6212203479664832,male,other,0.8355603348037268,no,no,yes,no,1.122740882345965,0.10386217298170781,-0.5671733994861597,0.9950161819475675,1.2253237197764415,low,other
-0.6210523887912841,female,other,-1.1479121542256916,no,no,yes,no,1.122740882345965,0.10386217298170781,-0.5671733994861597,0.9950161819475675,-1.0104291372918257,low,other
-0.620884429616085,male,other,1.1573287007417612,no,no,yes,no,1.122740882345965,0.10386217298170781,-0.5671733994861597,0.9950161819475675,1.7842619340435084,high,other
-0.620716470440886,male,other,1.7031858988352098,no,yes,yes,no,1.122740882345965,0.10386217298170781,-0.5671733994861597,0.9950161819475675,0.6663855055093747,low,other
-0.6205485112656869,female,other,0.3264766391960693,no,no,yes,no,1.122740882345965,0.10386217298170781,-0.5671733994861597,0.9950161819475675,1.2253237197764415,low,other
-0.6203805520904878,female,other,0.7631623099958823,no,no,yes,no,1.122740882345965,0.10386217298170781,-0.5671733994861597,0.9950161819475675,1.2253237197764415,low,other
-0.6202125929152887,male,other,1.405550061708214,yes,yes,yes,no,1.122740882345965,0.10386217298170781,-0.5671733994861597,0.9950161819475675,1.2253237197764415,high,other
-0.6200446337400897,male,other,0.032288180935013684,no,no,yes,no,-0.8312455815980007,0.10386217298170781,-0.2624450183677096,0.9950161819475675,-1.0104291372918257,low,other
-0.6198766745648906,male,other,1.2136383730089133,no,no,yes,no,-0.8312455815980007,0.10386217298170781,-0.2624450183677096,0.9950161819475675,-0.45149092302475896,low,other
-0.6197087153896915,male,afam,0.9240467121522639,yes,no,yes,no,-0.8312455815980007,0.10386217298170781,-0.2624450183677096,0.9950161819475675,0.6663855055093747,low,other
-0.6195407562144924,female,other,0.5850405751350711,no,yes,yes,no,-0.8312455815980007,0.10386217298170781,-0.2624450183677096,0.9950161819475675,-1.0104291372918257,high,other
-0.6193727970392934,male,other,-0.7020333269917951,no,no,yes,no,-0.8312455815980007,0.10386217298170781,-0.2624450183677096,0.9950161819475675,-1.0104291372918257,low,other
-0.6192048378640943,male,other,-0.18835283397973152,no,no,yes,no,-0.8312455815980007,0.10386217298170781,-0.2624450183677096,0.9950161819475675,-1.0104291372918257,low,other
-0.6190368786888952,male,other,0.621814077620862,yes,yes,yes,no,-0.8312455815980007,0.10386217298170781,-0.2624450183677096,0.9950161819475675,-1.0104291372918257,high,other
-0.6188689195136962,female,other,1.6997385199692696,no,no,no,no,-0.21610172036278566,0.10386217298170781,-0.741303890472032,0.9950161819475675,1.2253237197764415,low,other
-0.6187009603384971,male,other,-0.9422105116879016,yes,yes,yes,no,-0.21610172036278566,0.10386217298170781,-0.741303890472032,0.9950161819475675,1.2253237197764415,low,other
-0.618533001163298,female,other,1.4859922627864046,yes,yes,yes,no,-0.21610172036278566,0.10386217298170781,-0.741303890472032,0.9950161819475675,1.2253237197764415,high,other
-0.6183650419880989,female,other,0.5206867265975729,no,no,yes,no,-0.21610172036278566,0.10386217298170781,-0.741303890472032,0.9950161819475675,-1.0104291372918257,high,other
-0.6181970828128999,male,other,-0.25040828381502683,no,no,yes,no,-0.21610172036278566,0.10386217298170781,-0.741303890472032,0.9950161819475675,-1.0104291372918257,low,other
-0.6180291236377007,female,other,1.3388982528432412,yes,yes,yes,no,-0.21610172036278566,0.10386217298170781,-0.741303890472032,0.9950161819475675,1.2253237197764415,high,other
-0.6178611644625016,female,other,1.3883127290037842,no,yes,yes,no,-0.21610172036278566,0.10386217298170781,-0.741303890472032,0.9950161819475675,1.2253237197764415,high,other
-0.6176932052873025,male,other,1.4158926366807632,yes,yes,yes,no,0.037192770135661544,0.10386217298170781,-0.741303890472032,0.9950161819475675,1.2253237197764415,low,other
-0.6175252461121035,male,afam,-1.4581889650274396,no,no,no,no,0.037192770135661544,0.10386217298170781,-0.741303890472032,0.9950161819475675,-1.0104291372918257,low,other
-0.6173572869369044,female,other,0.4712726888117584,no,no,yes,no,-0.7226908739029057,0.10386217298170781,-0.610706019800053,0.9950161819475675,0.6663855055093747,low,other
-0.6171893277617053,female,other,1.3549866053839337,no,no,yes,no,-0.7226908739029057,0.10386217298170781,-0.610706019800053,0.9950161819475675,1.2253237197764415,high,other
-0.6170213685865062,female,other,-0.025170471495875625,no,no,yes,no,0.14574765037398213,0.10386217298170781,0.7388052877730314,0.9950161819475675,0.1074472912423079,high,other
-0.6168534094113072,female,other,0.2839573591421352,no,no,yes,no,0.14574765037398213,0.10386217298170781,0.7388052877730314,0.9950161819475675,-0.45149092302475896,low,other
-0.6166854502361081,male,other,0.922897293613798,no,no,yes,no,0.14574765037398213,0.10386217298170781,0.7388052877730314,0.9950161819475675,1.7842619340435084,high,other
-0.616517491060909,male,other,0.5586096476218295,no,no,yes,no,0.14574765037398213,0.10386217298170781,0.7388052877730314,0.9950161819475675,-1.0104291372918257,low,other
-0.61634953188571,female,other,0.21270875287275645,no,no,yes,no,0.14574765037398213,0.10386217298170781,0.7388052877730314,0.9950161819475675,-1.0104291372918257,low,other
-0.6161815727105109,male,other,0.5896373725394771,no,no,yes,no,0.14574765037398213,0.10386217298170781,0.7388052877730314,0.9950161819475675,1.2253237197764415,high,other
-0.6160136135353118,male,other,0.8838258308005328,yes,yes,yes,no,-0.8312455815980007,0.10386217298170781,-0.48010815885837343,0.9950161819475675,1.2253237197764415,high,other
-0.6158456543601127,male,hispanic,-0.2687950350579223,no,no,yes,no,-0.8312455815980007,0.10386217298170781,-0.48010815885837343,0.9950161819475675,0.1074472912423079,low,other
-0.6156776951849137,female,other,0.20581355676614743,no,yes,yes,no,-0.8312455815980007,0.10386217298170781,-0.48010815885837343,0.9950161819475675,0.1074472912423079,low,other
-0.6155097360097146,female,hispanic,0.805682028424545,no,no,yes,no,-0.8312455815980007,0.10386217298170781,-0.48010815885837343,0.9950161819475675,0.1074472912423079,low,other
-0.6153417768345155,male,other,0.583891594971334,no,no,yes,no,0.941816196977581,0.10386217298170781,-0.2624450183677096,0.9950161819475675,1.2253237197764415,low,other
-0.6151738176593164,male,other,0.9171515160456548,no,no,yes,no,0.941816196977581,0.10386217298170781,-0.2624450183677096,0.9950161819475675,-1.0104291372918257,low,other
-0.6150058584841174,female,other,0.36899591925000336,no,no,yes,no,0.941816196977581,0.10386217298170781,-0.2624450183677096,0.9950161819475675,-1.0104291372918257,low,other
-0.6148378993089183,male,other,-1.224906976437942,no,no,yes,no,0.941816196977581,0.10386217298170781,-0.2624450183677096,0.9950161819475675,-1.0104291372918257,low,other
-0.6146699401337191,female,other,-0.09756805792899154,no,no,yes,no,0.941816196977581,0.10386217298170781,-0.2624450183677096,0.9950161819475675,-1.0104291372918257,low,other
-0.61450198095852,male,other,0.845902909776276,yes,no,no,no,-1.1569100497697369,0.10386217298170781,-0.6542386401139462,0.9950161819475675,0.6663855055093747,high,other
-0.614334021783321,male,other,1.2619034306309906,yes,yes,yes,no,-1.1569100497697369,0.10386217298170781,-0.6542386401139462,0.9950161819475675,1.2253237197764415,high,other
-0.6141660626081219,male,other,1.9226783719609464,yes,yes,yes,no,-1.1569100497697369,0.10386217298170781,-0.6542386401139462,0.9950161819475675,-0.45149092302475896,high,other
-0.6139981034329228,male,other,1.6376830701339742,yes,yes,yes,no,-1.1569100497697369,0.10386217298170781,-0.6542386401139462,0.9950161819475675,1.2253237197764415,low,other
-0.6138301442577238,male,afam,0.8642896610191715,yes,yes,yes,no,-1.1569100497697369,0.10386217298170781,-0.6542386401139462,0.9950161819475675,0.6663855055093747,high,other
-0.6136621850825247,male,other,1.8318935959102063,yes,no,yes,no,-1.1569100497697369,0.10386217298170781,-0.6542386401139462,0.9950161819475675,1.2253237197764415,high,other
-0.6134942259073256,female,afam,0.3529075667093109,yes,no,yes,no,-1.1569100497697369,0.10386217298170781,-0.6542386401139462,0.9950161819475675,1.2253237197764415,high,other
-0.6133262667321265,male,afam,0.21730511190243385,no,no,no,no,-1.1569100497697369,0.10386217298170781,-0.6542386401139462,0.9950161819475675,1.2253237197764415,high,other
-0.6131583075569275,female,other,0.20236617790020725,yes,no,no,no,0.39904214087242934,0.10386217298170781,0.08581594414343584,0.9950161819475675,-1.0104291372918257,high,other
-0.6129903483817284,male,other,1.0562017880932006,no,no,yes,no,0.39904214087242934,0.10386217298170781,0.08581594414343584,0.9950161819475675,0.6663855055093747,low,other
-0.6128223892065293,male,other,0.5402228963789341,no,no,no,no,0.39904214087242934,0.10386217298170781,0.08581594414343584,0.9950161819475675,-1.0104291372918257,low,other
-0.6126544300313302,male,other,0.2460344381178785,yes,no,yes,no,0.39904214087242934,0.10386217298170781,0.08581594414343584,0.9950161819475675,1.2253237197764415,high,other
-0.6124864708561312,female,other,-1.1617025464389097,no,no,yes,no,0.39904214087242934,0.10386217298170781,0.08581594414343584,0.9950161819475675,-1.0104291372918257,low,other
-0.6123185116809321,female,other,-0.32165689008440557,no,no,yes,no,0.39904214087242934,0.10386217298170781,0.08581594414343584,0.9950161819475675,-1.0104291372918257,low,other
-0.612150552505733,male,other,-1.0525310191452741,no,no,no,no,0.39904214087242934,0.10386217298170781,0.08581594414343584,0.9950161819475675,-1.0104291372918257,low,other
-0.611982593330534,female,other,0.5494160528130175,no,no,yes,no,0.39904214087242934,0.10386217298170781,0.08581594414343584,0.9950161819475675,0.6663855055093747,low,other
-0.6118146341553349,male,other,0.4988525964887372,no,no,yes,no,0.39904214087242934,0.10386217298170781,0.08581594414343584,0.9950161819475675,-1.0104291372918257,low,other
-0.6116466749801358,male,other,1.31936208306188,yes,yes,yes,no,0.39904214087242934,0.10386217298170781,0.08581594414343584,0.9950161819475675,0.6663855055093747,low,other
-0.6114787158049367,female,other,1.1573287007417612,no,no,no,no,0.39904214087242934,0.10386217298170781,0.08581594414343584,0.9950161819475675,1.2253237197764415,low,other
-0.6113107566297376,male,other,1.1918038045253492,yes,yes,yes,no,0.39904214087242934,0.10386217298170781,0.08581594414343584,0.9950161819475675,1.2253237197764415,high,other
-0.6111427974545385,female,other,1.1527319033373553,no,no,yes,no,0.39904214087242934,0.10386217298170781,0.08581594414343584,0.9950161819475675,1.2253237197764415,high,other
-0.6109748382793394,male,afam,-0.5457457222398197,no,no,yes,no,0.43522721598068664,0.10386217298170781,-0.1318471703997627,0.9950161819475675,-1.0104291372918257,low,other
-0.6108068791041403,male,other,-0.0699881502520127,yes,no,yes,no,0.43522721598068664,0.10386217298170781,-0.1318471703997627,0.9950161819475675,0.6663855055093747,low,other
-0.6106389199289413,female,other,-1.2674262564918761,no,no,yes,no,0.43522721598068664,0.10386217298170781,-0.1318471703997627,0.9950161819475675,-1.0104291372918257,low,other
-0.6104709607537422,male,other,0.9447318620973623,yes,yes,yes,no,0.43522721598068664,0.10386217298170781,-0.1318471703997627,0.9950161819475675,1.2253237197764415,low,other
-0.6103030015785431,female,afam,-0.8583209317437707,no,no,yes,no,-0.7226908739029057,0.10386217298170781,-0.5671733994861597,0.9950161819475675,0.6663855055093747,low,other
-0.610135042403344,female,afam,-0.20903798392482997,no,no,yes,no,-0.7226908739029057,0.10386217298170781,-0.5671733994861597,0.9950161819475675,1.7842619340435084,high,other
-0.609967083228145,female,afam,-1.6822777971828535,yes,no,no,no,-0.7226908739029057,0.10386217298170781,-0.5671733994861597,0.9950161819475675,-1.0104291372918257,high,other
-0.6097991240529459,male,afam,-0.2871817863008177,no,no,yes,no,-0.7226908739029057,0.10386217298170781,-0.5671733994861597,0.9950161819475675,1.2253237197764415,high,other
-0.6096311648777468,male,afam,-0.21478376149297318,yes,no,yes,no,-0.7226908739029057,0.10386217298170781,-0.5671733994861597,0.9950161819475675,1.2253237197764415,low,other
-0.6094632057025478,female,afam,-1.4708299387021917,no,no,yes,no,-0.7226908739029057,0.10386217298170781,-0.5671733994861597,0.9950161819475675,-1.0104291372918257,low,other
-0.6092952465273487,female,afam,0.7160462325375422,no,no,no,yes,0.14574765037398213,0.10386217298170781,-0.48010815885837343,0.9950161819475675,1.2253237197764415,low,other
-0.6091272873521496,male,other,1.3274062593322262,yes,yes,yes,yes,0.14574765037398213,0.10386217298170781,-0.48010815885837343,0.9950161819475675,1.2253237197764415,high,other
-0.6089593281769505,female,hispanic,-0.5606850946167748,no,no,no,yes,0.14574765037398213,0.10386217298170781,-0.48010815885837343,0.9950161819475675,-1.0104291372918257,low,other
-0.6087913690017515,female,other,0.7654607086980854,yes,no,yes,yes,0.14574765037398213,0.10386217298170781,-0.48010815885837343,0.9950161819475675,0.6663855055093747,low,other
-0.6086234098265524,female,other,-0.20214278781822095,no,no,yes,no,0.941816196977581,0.10386217298170781,-0.7848365140293584,0.9950161819475675,-1.0104291372918257,low,other
-0.6084554506513533,female,other,-0.0182752753892666,no,no,yes,no,0.941816196977581,0.10386217298170781,-0.7848365140293584,0.9950161819475675,-1.0104291372918257,low,other
-0.6082874914761542,male,other,0.26671958806297696,no,no,no,no,-0.28847152549284893,0.10386217298170781,0.17288121071868745,0.9950161819475675,0.6663855055093747,low,other
-0.6081195323009552,female,other,0.7275382260485572,no,no,yes,no,-0.28847152549284893,0.10386217298170781,0.17288121071868745,0.9950161819475675,1.2253237197764415,low,other
-0.6079515731257561,female,other,-0.4250826398098978,no,no,yes,no,-0.28847152549284893,0.10386217298170781,0.17288121071868745,0.9950161819475675,-0.45149092302475896,low,other
-0.6077836139505569,male,other,-1.6684878433443642,no,no,no,no,-0.28847152549284893,0.10386217298170781,0.17288121071868745,0.9950161819475675,-1.0104291372918257,low,other
-0.6076156547753578,female,other,-0.26764561651945645,no,no,yes,no,-0.28847152549284893,0.10386217298170781,0.17288121071868745,0.9950161819475675,-1.0104291372918257,low,other
-0.6074476956001588,female,other,-0.1665187038708959,yes,yes,yes,no,-0.28847152549284893,0.10386217298170781,0.17288121071868745,0.9950161819475675,1.2253237197764415,low,other
-0.6072797364249597,female,afam,-0.19180021284567172,no,no,no,yes,0.6885217064791338,0.10386217298170781,-0.741303890472032,0.9950161819475675,-0.45149092302475896,low,other
-0.6071117772497606,male,afam,1.009085272260132,no,no,no,yes,0.6885217064791338,0.10386217298170781,-0.741303890472032,0.9950161819475675,-1.0104291372918257,low,other
-0.6069438180745615,female,other,-0.8192490305557768,no,no,no,yes,0.6885217064791338,0.10386217298170781,-0.6542386401139462,0.9950161819475675,-1.0104291372918257,low,other
-0.6067758588993625,male,other,0.3850847101654244,no,no,no,yes,0.6885217064791338,0.10386217298170781,-0.6542386401139462,0.9950161819475675,1.2253237197764415,high,other
-0.6066078997241634,female,other,-0.2710934337601253,no,no,yes,yes,0.6885217064791338,0.10386217298170781,-0.6542386401139462,0.9950161819475675,1.7842619340435084,low,other
-0.6064399405489643,female,other,-0.08607650279270514,no,no,yes,no,1.8102548937976952,0.10386217298170781,1.4788597941880177,0.9950161819475675,-1.0104291372918257,low,other
-0.6062719813737653,male,other,0.18053160941664298,no,no,yes,no,1.8102548937976952,0.10386217298170781,1.4788597941880177,0.9950161819475675,-1.0104291372918257,low,other
-0.6061040221985662,female,other,-0.7043317256939982,no,no,no,no,1.8102548937976952,0.10386217298170781,1.4788597941880177,0.9950161819475675,-1.0104291372918257,low,other
-0.6059360630233671,female,other,-0.5342537287288046,no,no,yes,no,1.8102548937976952,0.10386217298170781,1.4788597941880177,0.9950161819475675,-1.0104291372918257,low,other
-0.605768103848168,male,other,0.9068089410731056,yes,yes,yes,no,1.8102548937976952,0.10386217298170781,1.4788597941880177,0.9950161819475675,1.2253237197764415,high,other
-0.605600144672969,male,other,1.333152475275098,yes,no,yes,no,0.14574765037398213,0.10386217298170781,1.8271208604890243,0.9950161819475675,1.2253237197764415,high,other
-0.6054321854977699,male,other,-0.8318895658558003,no,no,yes,no,0.14574765037398213,0.10386217298170781,1.8271208604890243,0.9950161819475675,-1.0104291372918257,low,other
-0.6052642263225708,male,hispanic,0.5896373725394771,no,no,yes,no,0.14574765037398213,0.10386217298170781,1.8271208604890243,0.9950161819475675,0.6663855055093747,low,other
-0.6050962671473717,female,other,1.0389640170140424,no,no,yes,no,0.14574765037398213,0.10386217298170781,1.8271208604890243,0.9950161819475675,1.7842619340435084,low,other
-0.6049283079721727,male,other,1.1400913680373317,no,no,yes,no,0.14574765037398213,0.10386217298170781,1.8271208604890243,0.9950161819475675,1.2253237197764415,high,other
-0.6047603487969736,female,other,0.619515678918659,no,no,yes,no,0.14574765037398213,0.10386217298170781,1.8271208604890243,0.9950161819475675,-1.0104291372918257,low,other
-0.6045923896217745,male,other,-0.9295695380131493,no,no,yes,no,1.1589259574542223,0.10386217298170781,2.0447839750322228,0.9950161819475675,0.1074472912423079,low,other
-0.6044244304465753,female,other,1.6273409335361535,no,no,yes,no,1.1589259574542223,0.10386217298170781,2.0447839750322228,0.9950161819475675,-1.0104291372918257,low,other
-0.6042564712713763,female,other,1.0171298869052068,no,yes,no,no,1.1589259574542223,0.10386217298170781,2.0447839750322228,0.9950161819475675,1.2253237197764415,low,other
-0.6040885120961772,female,other,-0.47219871726823787,no,no,yes,no,1.1589259574542223,0.10386217298170781,2.0447839750322228,0.9950161819475675,-1.0104291372918257,high,other
-0.6039205529209781,male,other,0.45748229659854034,yes,no,yes,no,1.1589259574542223,0.10386217298170781,2.0447839750322228,0.9950161819475675,1.2253237197764415,high,other
-0.603752593745779,male,other,-0.20444118652042395,no,no,yes,no,1.1589259574542223,0.10386217298170781,2.0447839750322228,0.9950161819475675,-1.0104291372918257,high,other
-0.60358463457058,male,other,0.11617819925387328,no,no,no,no,1.1589259574542223,0.10386217298170781,2.0447839750322228,0.9950161819475675,-1.0104291372918257,low,other
-0.6034166753953809,female,other,1.0355166381481022,no,no,yes,no,1.1589259574542223,0.10386217298170781,2.0447839750322228,0.9950161819475675,0.6663855055093747,low,other
-0.6032487162201818,male,other,0.8436045110740731,no,no,yes,no,1.1589259574542223,0.10386217298170781,2.0447839750322228,0.9950161819475675,1.2253237197764415,low,other
-0.6030807570449828,male,other,0.2965983328168874,yes,no,no,no,1.1589259574542223,0.10386217298170781,2.0447839750322228,0.9950161819475675,1.2253237197764415,low,other
-0.6029127978697837,male,other,0.8240687796674404,no,no,yes,no,0.6885217064791338,0.10386217298170781,0.08581594414343584,0.9950161819475675,0.6663855055093747,high,other
-0.6027448386945846,female,other,1.375671755329032,no,no,yes,no,0.6885217064791338,0.10386217298170781,0.08581594414343584,0.9950161819475675,1.2253237197764415,low,other
-0.6025768795193855,female,other,0.2345428829815921,no,no,yes,no,0.6885217064791338,0.10386217298170781,0.08581594414343584,0.9950161819475675,0.1074472912423079,high,other
-0.6024089203441865,female,other,1.537704699274422,yes,no,yes,no,0.6885217064791338,0.10386217298170781,0.08581594414343584,0.9950161819475675,2.3432001483105753,high,other
-0.6022409611689874,female,hispanic,0.08170265709555678,no,no,yes,no,0.6885217064791338,0.10386217298170781,0.08581594414343584,0.9950161819475675,-1.0104291372918257,low,other
-0.6020730019937883,male,other,1.0424113958799825,yes,no,yes,no,0.6885217064791338,0.10386217298170781,0.08581594414343584,0.9950161819475675,0.1074472912423079,high,other
-0.6019050428185893,male,other,1.097571649608669,no,no,yes,no,-0.8312455815980007,0.10386217298170781,-0.5671733994861597,0.9950161819475675,-1.0104291372918257,high,other
-0.6017370836433902,male,other,-0.7376574109391202,yes,yes,yes,no,-0.8312455815980007,0.10386217298170781,-0.5671733994861597,0.9950161819475675,0.6663855055093747,high,other
-0.6015691244681911,male,other,0.012752449528381064,no,no,yes,no,-0.8312455815980007,0.10386217298170781,-0.5671733994861597,0.9950161819475675,-0.45149092302475896,low,other
-0.601401165292992,male,other,0.9964447369601084,yes,yes,yes,no,-0.8312455815980007,0.10386217298170781,-0.5671733994861597,0.9950161819475675,1.2253237197764415,high,other
-0.601233206117793,male,other,1.6089537439185295,yes,no,yes,no,-0.8312455815980007,0.10386217298170781,-0.5671733994861597,0.9950161819475675,-0.45149092302475896,high,other
-0.6010652469425938,male,other,0.8447539296125389,no,no,yes,no,-0.8312455815980007,0.10386217298170781,-0.5671733994861597,0.9950161819475675,0.6663855055093747,high,other
-0.6008972877673947,female,other,-0.776729312127114,yes,no,no,no,-0.8312455815980007,0.10386217298170781,-0.5671733994861597,0.9950161819475675,1.7842619340435084,low,other
-0.6007293285921956,male,other,1.2998263516552473,yes,no,yes,no,-0.8312455815980007,0.10386217298170781,-0.5671733994861597,0.9950161819475675,0.6663855055093747,high,other
-0.6005613694169966,female,other,0.16329427671221336,no,no,yes,no,-0.8312455815980007,0.10386217298170781,-0.5671733994861597,0.9950161819475675,-1.0104291372918257,low,other
-0.6003934102417975,female,other,-0.21018696408856716,yes,yes,yes,no,-0.8312455815980007,0.10386217298170781,-0.5671733994861597,0.9950161819475675,1.2253237197764415,high,other
-0.6002254510665984,male,other,1.156179720578024,yes,no,yes,no,-0.8312455815980007,0.10386217298170781,-0.5671733994861597,0.9950161819475675,0.6663855055093747,high,other
-0.6000574918913993,female,other,0.5850405751350711,no,no,yes,no,-0.8312455815980007,0.10386217298170781,-0.5671733994861597,0.9950161819475675,-1.0104291372918257,low,other
-0.5998895327162003,male,other,1.8973964246114419,yes,no,yes,no,-0.46939621086123284,0.10386217298170781,-0.610706019800053,0.9950161819475675,1.7842619340435084,low,other
-0.5997215735410012,male,other,0.9711627896106039,no,no,yes,no,-0.46939621086123284,0.10386217298170781,-0.610706019800053,0.9950161819475675,-1.0104291372918257,high,other
-0.5995536143658021,female,other,-0.19294963138413754,no,no,yes,no,-0.46939621086123284,0.10386217298170781,-0.610706019800053,0.9950161819475675,0.1074472912423079,low,other
-0.599385655190603,female,other,0.8401571322081328,no,no,yes,no,-0.46939621086123284,0.10386217298170781,-0.610706019800053,0.9950161819475675,1.2253237197764415,low,other
-0.599217696015404,male,other,-0.00678328187825156,no,no,yes,no,-0.46939621086123284,0.10386217298170781,-0.610706019800053,0.9950161819475675,-0.45149092302475896,low,other
-0.5990497368402049,female,other,-1.003116542984731,no,no,yes,yes,0.14574765037398213,0.10386217298170781,-0.34951028494296127,0.9950161819475675,-0.45149092302475896,low,other
-0.5988817776650058,male,other,-0.10446325403560057,yes,no,no,yes,0.14574765037398213,0.10386217298170781,-0.34951028494296127,0.9950161819475675,-1.0104291372918257,low,other
-0.5987138184898068,female,other,1.2159367717111165,no,no,yes,yes,0.14574765037398213,0.10386217298170781,-0.34951028494296127,0.9950161819475675,0.1074472912423079,low,other
-0.5985458593146077,female,afam,0.42990238892156146,no,no,yes,yes,0.14574765037398213,0.10386217298170781,-0.34951028494296127,0.9950161819475675,-0.45149092302475896,low,other
-0.5983779001394086,female,afam,-2.1109192917123205,yes,no,no,yes,0.14574765037398213,0.10386217298170781,-0.34951028494296127,0.9950161819475675,0.6663855055093747,low,other
-0.5982099409642095,male,other,-0.9249727406087433,no,no,yes,yes,0.14574765037398213,0.10386217298170781,-0.34951028494296127,0.9950161819475675,-1.0104291372918257,high,other
-0.5980419817890105,female,afam,0.021946044337193094,no,no,no,yes,0.14574765037398213,0.10386217298170781,-0.34951028494296127,0.9950161819475675,1.2253237197764415,low,other
-0.5978740226138114,female,afam,-0.30901591640965337,no,no,yes,yes,0.14574765037398213,0.10386217298170781,-0.34951028494296127,0.9950161819475675,0.1074472912423079,low,other
-0.5977060634386122,female,afam,-0.9996691641187909,no,no,no,yes,0.14574765037398213,0.10386217298170781,-0.34951028494296127,0.9950161819475675,-1.0104291372918257,low,other
-0.5975381042634131,female,other,-0.2297231338699284,no,no,yes,no,-0.8312455815980007,0.10386217298170781,-0.30597765165533547,0.9950161819475675,-1.0104291372918257,low,other
-0.5973701450882141,male,hispanic,-0.9272711393109464,no,no,yes,no,-0.8312455815980007,0.10386217298170781,-0.30597765165533547,0.9950161819475675,-1.0104291372918257,low,other
-0.597202185913015,male,other,1.6985891014308037,yes,yes,yes,no,-0.8312455815980007,0.10386217298170781,-0.30597765165533547,0.9950161819475675,0.6663855055093747,high,other
-0.5970342267378159,male,other,1.2619034306309906,yes,yes,no,no,-1.1569100497697369,0.10386217298170781,-0.741303890472032,0.9950161819475675,1.2253237197764415,high,other
-0.5968662675626168,male,other,1.1941022032275521,yes,yes,yes,no,-1.1569100497697369,0.10386217298170781,-0.741303890472032,0.9950161819475675,1.7842619340435084,high,other
-0.5966983083874178,male,other,1.2975279529530444,no,yes,yes,no,-1.1569100497697369,0.10386217298170781,-0.741303890472032,0.9950161819475675,1.7842619340435084,high,other
-0.5965303492122187,male,afam,1.067693343229487,yes,yes,yes,no,-1.1569100497697369,0.10386217298170781,-0.741303890472032,0.9950161819475675,1.2253237197764415,high,other
-0.5963623900370196,female,other,-1.6432058959948597,no,no,yes,no,-1.1569100497697369,0.10386217298170781,-0.741303890472032,0.9950161819475675,-1.0104291372918257,low,other
-0.5961944308618206,male,afam,-1.5190954346989978,no,no,no,no,-1.1569100497697369,0.10386217298170781,-0.741303890472032,0.9950161819475675,-1.0104291372918257,low,other
-0.5960264716866215,female,hispanic,1.2481134767925013,no,no,no,no,-1.1569100497697369,0.10386217298170781,-0.741303890472032,0.9950161819475675,1.2253237197764415,low,other
-0.5958585125114224,male,other,-0.1803086577093853,yes,no,yes,no,-0.9036155592712896,0.10386217298170781,-0.5671733994861597,0.9950161819475675,1.7842619340435084,high,other
-0.5956905533362233,male,other,0.280509980276195,no,no,yes,no,-0.9036155592712896,0.10386217298170781,-0.5671733994861597,0.9950161819475675,1.7842619340435084,high,other
-0.5955225941610243,male,afam,-0.25155726397876405,no,yes,yes,no,-0.9036155592712896,0.10386217298170781,-0.5671733994861597,0.9950161819475675,-0.45149092302475896,high,other
-0.5953546349858252,female,other,1.7629433883430308,no,no,yes,no,-0.9036155592712896,0.10386217298170781,-0.5671733994861597,0.9950161819475675,1.7842619340435084,low,other
-0.5951866758106261,female,other,-0.6399778771564998,no,no,yes,no,-0.9036155592712896,0.10386217298170781,-0.5671733994861597,0.9950161819475675,-1.0104291372918257,low,other
-0.595018716635427,male,other,0.836709314967464,no,no,yes,no,-0.3608415031661379,0.10386217298170781,0.08581594414343584,0.9950161819475675,-1.0104291372918257,low,other
-0.594850757460228,female,other,0.6126209211867786,no,no,no,no,-0.3608415031661379,0.10386217298170781,0.08581594414343584,0.9950161819475675,-0.45149092302475896,high,other
-0.5946827982850289,female,other,1.643429286076846,no,yes,yes,no,-0.3608415031661379,0.10386217298170781,0.08581594414343584,0.9950161819475675,1.2253237197764415,low,other
-0.5945148391098298,female,other,-1.0192048955254236,no,no,no,no,-0.3608415031661379,0.10386217298170781,0.08581594414343584,0.9950161819475675,-1.0104291372918257,low,other
-0.5943468799346306,male,other,-0.6928397321829831,no,no,yes,no,-0.3608415031661379,0.10386217298170781,0.08581594414343584,0.9950161819475675,-1.0104291372918257,low,other
-0.5941789207594316,female,afam,0.7344329837804376,no,no,yes,yes,0.14574765037398213,0.10386217298170781,-0.6542386401139462,0.9950161819475675,-0.45149092302475896,low,other
-0.5940109615842325,male,afam,-1.7753609719357966,no,no,no,yes,0.14574765037398213,0.10386217298170781,-0.6542386401139462,0.9950161819475675,-1.0104291372918257,low,other
-0.5938430024090334,female,afam,1.5652854837008583,no,no,no,yes,0.14574765037398213,0.10386217298170781,-0.6542386401139462,0.9950161819475675,0.6663855055093747,low,other
-0.5936750432338344,male,afam,-1.0215032942276265,no,no,yes,yes,0.14574765037398213,0.10386217298170781,-0.6542386401139462,0.9950161819475675,0.1074472912423079,low,other
-0.5935070840586353,female,afam,-0.6756023994785535,no,no,yes,yes,0.14574765037398213,0.10386217298170781,-0.6542386401139462,0.9950161819475675,-0.45149092302475896,low,other
-0.5933391248834362,female,afam,-0.10791063290154077,no,no,no,no,0.0010078675706298957,0.10386217298170781,-0.741303890472032,0.9950161819475675,0.1074472912423079,low,other
-0.5931711657082371,male,other,0.11387980055167027,no,no,yes,no,0.0010078675706298957,0.10386217298170781,-0.741303890472032,0.9950161819475675,-1.0104291372918257,high,other
-0.5930032065330381,male,other,-0.5894144208322195,no,no,yes,no,0.0010078675706298957,0.10386217298170781,-0.741303890472032,0.9950161819475675,1.7842619340435084,low,other
-0.592835247357839,male,afam,-1.0283984903342356,no,no,yes,no,0.0010078675706298957,0.10386217298170781,-0.741303890472032,0.9950161819475675,0.6663855055093747,low,other
-0.5926672881826399,female,other,1.5675834440283327,no,no,yes,no,0.0010078675706298957,0.10386217298170781,-0.741303890472032,0.9950161819475675,0.6663855055093747,high,other
-0.5924993290074408,male,other,1.796268635213424,no,no,no,no,-0.32465660060110624,0.40168766929977645,-0.1318471703997627,0.9202009926976503,1.2253237197764415,low,other
-0.5923313698322418,female,other,0.25178065406075034,no,no,no,no,-0.32465660060110624,0.40168766929977645,-0.1318471703997627,0.9202009926976503,-1.0104291372918257,high,other
-0.5921634106570427,male,other,0.4448413229237881,no,yes,yes,no,-0.32465660060110624,0.40168766929977645,-0.1318471703997627,0.9202009926976503,1.2253237197764415,high,other
-0.5919954514818436,female,other,0.41726141524680926,no,no,yes,no,-0.32465660060110624,0.40168766929977645,-0.1318471703997627,0.9202009926976503,1.2253237197764415,low,other
-0.5918274923066446,female,other,-0.4446183712165304,yes,no,yes,no,-0.32465660060110624,0.40168766929977645,-0.1318471703997627,0.9202009926976503,-0.45149092302475896,low,other
-0.5916595331314455,male,other,1.280290181873886,yes,yes,yes,no,-0.7226908739029057,0.40168766929977645,-0.5671733994861597,0.9202009926976503,0.6663855055093747,high,other
-0.5914915739562464,female,other,1.3274062593322262,yes,yes,yes,no,-0.7226908739029057,0.40168766929977645,-0.5671733994861597,0.9202009926976503,1.7842619340435084,high,other
-0.5913236147810473,male,other,0.7608639112936793,yes,yes,yes,no,-0.7226908739029057,0.40168766929977645,-0.5671733994861597,0.9202009926976503,0.1074472912423079,low,other
-0.5911556556058483,male,other,0.6068747052439067,yes,yes,no,no,-0.7226908739029057,0.40168766929977645,-0.5671733994861597,0.9202009926976503,-0.45149092302475896,high,other
-0.5909876964306492,female,other,-0.7192706596962247,yes,yes,yes,no,-0.7226908739029057,0.40168766929977645,-0.5671733994861597,0.9202009926976503,-0.45149092302475896,high,other
-0.59081973725545,female,other,-0.34349102019324124,no,no,yes,no,-1.0121702669663846,0.40168766929977645,-0.34951028494296127,0.9202009926976503,-1.0104291372918257,low,other
-0.5906517780802509,male,other,0.6700795736176679,no,no,no,no,-1.0121702669663846,0.40168766929977645,-0.34951028494296127,0.9202009926976503,0.1074472912423079,high,other
-0.5904838189050519,male,other,0.16559267541441638,no,no,yes,no,-1.0121702669663846,0.40168766929977645,-0.34951028494296127,0.9202009926976503,-1.0104291372918257,low,other
-0.5903158597298528,male,hispanic,-0.12974520138510504,no,no,yes,no,-1.0121702669663846,0.40168766929977645,-0.34951028494296127,0.9202009926976503,-1.0104291372918257,low,other
-0.5901479005546537,male,other,1.3205115016003457,no,no,no,no,-1.0121702669663846,0.40168766929977645,-0.34951028494296127,0.9202009926976503,1.2253237197764415,low,other
-0.5899799413794546,male,other,1.3365998541410382,no,no,yes,no,-0.5055812859694901,0.40168766929977645,-0.1318471703997627,0.9202009926976503,0.6663855055093747,high,other
-0.5898119822042556,female,hispanic,0.3414160115730245,no,no,yes,no,-0.5055812859694901,0.40168766929977645,-0.1318471703997627,0.9202009926976503,0.6663855055093747,low,other
-0.5896440230290565,male,other,0.9079583596115713,no,no,yes,no,-0.5055812859694901,0.40168766929977645,-0.1318471703997627,0.9202009926976503,0.6663855055093747,low,other
-0.5894760638538574,male,hispanic,-1.0743651492541098,no,no,yes,no,-0.0713619375594334,0.40168766929977645,1.1741315168594286,0.9202009926976503,-1.0104291372918257,high,other
-0.5893081046786584,male,other,0.8757812161554579,no,no,no,no,-0.7226908739029057,0.40168766929977645,-0.610706019800053,0.9202009926976503,0.1074472912423079,low,other
-0.5891401455034593,female,other,-0.13663995911698543,no,no,yes,no,0.07337784524391884,0.40168766929977645,-0.48010815885837343,0.9202009926976503,0.6663855055093747,low,other
-0.5889721863282602,female,other,-0.46185614229568867,no,no,yes,no,0.07337784524391884,0.40168766929977645,-0.48010815885837343,0.9202009926976503,-1.0104291372918257,low,other
-0.5888042271530611,female,other,-0.025170471495875625,yes,no,yes,no,0.07337784524391884,0.40168766929977645,-0.48010815885837343,0.9202009926976503,-1.0104291372918257,low,other
-0.5886362679778621,female,other,-0.18950181414346873,no,no,yes,no,0.07337784524391884,0.40168766929977645,-0.48010815885837343,0.9202009926976503,-1.0104291372918257,low,other
-0.588468308802663,male,afam,0.46552647286888654,no,no,no,no,0.037192770135661544,0.40168766929977645,-0.48010815885837343,0.9202009926976503,1.2253237197764415,high,other
-0.5883003496274639,male,afam,-1.1145864689805696,yes,yes,yes,no,0.037192770135661544,0.40168766929977645,-0.48010815885837343,0.9202009926976503,1.2253237197764415,high,other
-0.5881323904522648,female,afam,0.9102567583137744,no,no,yes,no,0.037192770135661544,0.40168766929977645,-0.48010815885837343,0.9202009926976503,0.1074472912423079,low,other
-0.5879644312770658,female,afam,-0.7870718870996632,no,no,yes,no,0.037192770135661544,0.40168766929977645,-0.48010815885837343,0.9202009926976503,-1.0104291372918257,low,other
-0.5877964721018667,female,afam,-0.3365962624613608,yes,yes,yes,no,0.037192770135661544,0.40168766929977645,-0.5671733994861597,0.9202009926976503,1.2253237197764415,low,other
-0.5876285129266676,female,other,-0.40669588856700234,no,no,no,no,0.037192770135661544,0.40168766929977645,-0.5671733994861597,0.9202009926976503,1.2253237197764415,high,other
-0.5874605537514684,male,other,1.156179720578024,yes,yes,yes,no,0.037192770135661544,0.40168766929977645,-0.5671733994861597,0.9202009926976503,1.7842619340435084,high,other
-0.5872925945762694,female,other,0.5850405751350711,yes,no,no,no,0.037192770135661544,0.40168766929977645,-0.5671733994861597,0.9202009926976503,0.6663855055093747,high,other
-0.5871246354010703,male,other,2.1157394791987127,yes,no,yes,no,0.037192770135661544,0.40168766929977645,-0.5671733994861597,0.9202009926976503,2.3432001483105753,high,other
-0.5869566762258712,male,other,1.372224376463092,no,no,yes,no,-0.2522866229278173,0.40168766929977645,-0.34951028494296127,0.9202009926976503,0.1074472912423079,low,other
-0.5867887170506721,male,other,1.3400472330069784,no,no,no,no,-0.2522866229278173,0.40168766929977645,-0.34951028494296127,0.9202009926976503,-1.0104291372918257,low,other
-0.5866207578754731,female,other,0.8872732096664729,no,no,yes,no,-0.32465660060110624,0.40168766929977645,-0.2624450183677096,0.9202009926976503,0.6663855055093747,high,other
-0.586452798700274,female,other,0.7643117285343481,no,yes,yes,no,-0.32465660060110624,0.40168766929977645,-0.2624450183677096,0.9202009926976503,1.2253237197764415,high,other
-0.5862848395250749,male,other,1.1240025771219107,no,yes,yes,no,-0.32465660060110624,0.40168766929977645,-0.2624450183677096,0.9202009926976503,-0.45149092302475896,high,other
-0.5861168803498759,male,other,2.0169105268776266,yes,yes,no,no,-0.32465660060110624,0.40168766929977645,-0.741303890472032,0.9202009926976503,-1.0104291372918257,low,other
-0.5859489211746768,female,hispanic,1.5756276202986788,yes,no,no,no,-0.32465660060110624,0.40168766929977645,-0.741303890472032,0.9202009926976503,1.2253237197764415,high,other
-0.5857809619994777,female,other,2.055981989690892,yes,yes,no,no,-0.32465660060110624,0.40168766929977645,-0.741303890472032,0.9202009926976503,1.7842619340435084,high,other
-0.5856130028242786,female,other,-0.23431993127433443,no,yes,yes,no,-0.6141359936645852,0.40168766929977645,-0.1318471703997627,0.9202009926976503,-1.0104291372918257,high,other
-0.5854450436490796,female,other,1.5158710075403152,no,no,no,no,-0.6141359936645852,0.40168766929977645,-0.1318471703997627,0.9202009926976503,0.1074472912423079,high,other
-0.5852770844738805,female,other,1.3825665130609124,yes,yes,yes,no,-0.6141359936645852,0.40168766929977645,-0.1318471703997627,0.9202009926976503,1.2253237197764415,high,other
-0.5851091252986814,male,other,1.6273409335361535,yes,yes,yes,no,-0.6141359936645852,0.40168766929977645,-0.1318471703997627,0.9202009926976503,1.2253237197764415,high,other
-0.5849411661234823,female,other,0.4770184663799016,yes,no,yes,no,-0.6141359936645852,0.40168766929977645,-0.1318471703997627,0.9202009926976503,1.2253237197764415,high,other
-0.5847732069482833,male,other,0.8194719822630344,yes,no,yes,no,-0.6141359936645852,0.40168766929977645,-0.1318471703997627,0.9202009926976503,-0.45149092302475896,high,other
-0.5846052477730842,female,other,0.45403491773260013,yes,yes,yes,no,-0.6141359936645852,0.40168766929977645,-0.1318471703997627,0.9202009926976503,1.2253237197764415,high,other
-0.5844372885978851,female,afam,-1.4685315399999888,no,no,yes,yes,0.5437820962190079,0.40168766929977645,-0.6542386401139462,0.9202009926976503,-1.0104291372918257,low,other
-0.5842693294226861,female,afam,-1.6673384248058984,no,no,no,yes,0.5437820962190079,0.40168766929977645,-0.6542386401139462,0.9202009926976503,-1.0104291372918257,low,other
-0.5841013702474869,female,hispanic,-1.5570179173485257,no,no,no,yes,0.5437820962190079,0.40168766929977645,-0.6542386401139462,0.9202009926976503,-1.0104291372918257,low,other
-0.5839334110722878,male,afam,-0.29522596257116396,no,no,yes,yes,0.5437820962190079,0.40168766929977645,-0.6542386401139462,0.9202009926976503,1.2253237197764415,low,other
-0.5837654518970887,female,afam,-1.750079024586292,no,no,yes,yes,0.5437820962190079,0.40168766929977645,-0.6542386401139462,0.9202009926976503,-0.45149092302475896,low,other
-0.5835974927218897,female,afam,-1.2651278577896732,no,no,yes,yes,0.5437820962190079,0.40168766929977645,-0.6542386401139462,0.9202009926976503,-1.0104291372918257,high,other
-0.5834295335466906,male,hispanic,1.2573070716013133,yes,no,no,no,-0.7226908739029057,0.40168766929977645,-0.7848365140293584,0.9202009926976503,0.1074472912423079,low,other
-0.5832615743714915,female,other,0.2965983328168874,yes,no,no,no,-1.0121702669663846,0.40168766929977645,-0.1318471703997627,0.9202009926976503,1.2253237197764415,high,other
-0.5830936151962924,male,other,1.2124889544704476,yes,no,yes,no,-1.0121702669663846,0.40168766929977645,-0.1318471703997627,0.9202009926976503,2.3432001483105753,high,other
-0.5829256560210934,female,other,1.4779480865160586,no,no,yes,no,-1.0121702669663846,0.40168766929977645,-0.1318471703997627,0.9202009926976503,-1.0104291372918257,low,other
-0.5827576968458943,female,other,0.6022783462142294,no,no,yes,no,-1.0121702669663846,0.40168766929977645,-0.1318471703997627,0.9202009926976503,0.6663855055093747,low,other
-0.5825897376706952,male,other,1.8640703009915913,yes,yes,yes,no,-1.0121702669663846,0.40168766929977645,-0.1318471703997627,0.9202009926976503,1.2253237197764415,low,other
-0.5824217784954961,male,other,0.7252398273463543,no,no,yes,no,-1.0121702669663846,0.40168766929977645,-0.1318471703997627,0.9202009926976503,1.2253237197764415,high,other
-0.5822538193202971,female,other,0.6470960249703664,yes,yes,yes,no,-1.0121702669663846,0.40168766929977645,-0.1318471703997627,0.9202009926976503,1.2253237197764415,high,other
-0.582085860145098,female,other,0.4402449638941107,no,no,yes,no,-1.0121702669663846,0.40168766929977645,-0.1318471703997627,0.9202009926976503,-1.0104291372918257,high,other
-0.5819179009698989,male,other,0.7804000810750406,no,no,yes,no,-1.0121702669663846,0.40168766929977645,-0.1318471703997627,0.9202009926976503,0.6663855055093747,low,other
-0.5817499417946999,female,other,-0.32970106635475177,no,no,yes,no,-1.0121702669663846,0.40168766929977645,-0.1318471703997627,0.9202009926976503,0.6663855055093747,low,other
-0.5815819826195008,female,other,0.4988525964887372,no,no,yes,no,-1.0121702669663846,0.40168766929977645,-0.1318471703997627,0.9202009926976503,1.2253237197764415,high,other
-0.5814140234443017,female,other,-0.6721545822378846,no,no,yes,no,-0.5055812859694901,0.40168766929977645,-0.5671733994861597,0.9202009926976503,0.1074472912423079,high,other
-0.5812460642691026,male,other,1.2458150780902983,no,no,yes,no,-0.5055812859694901,0.40168766929977645,-0.5671733994861597,0.9202009926976503,0.6663855055093747,low,other
-0.5810781050939036,male,hispanic,-0.05389979771132028,no,no,yes,no,-0.5055812859694901,0.40168766929977645,-0.5671733994861597,0.9202009926976503,0.6663855055093747,low,other
-0.5809101459187045,female,other,0.9401350646929563,no,no,yes,no,-0.5055812859694901,0.40168766929977645,-0.5671733994861597,0.9202009926976503,1.2253237197764415,low,other
-0.5807421867435053,male,afam,-0.39405491489225014,no,no,no,no,-0.5055812859694901,0.40168766929977645,-0.5671733994861597,0.9202009926976503,-0.45149092302475896,high,other
-0.5805742275683062,female,afam,0.626410875025268,yes,no,no,no,-0.5055812859694901,0.40168766929977645,-0.5671733994861597,0.9202009926976503,-0.45149092302475896,high,other
-0.5804062683931072,female,other,0.010454050826178054,no,no,yes,no,-0.5055812859694901,0.40168766929977645,-0.5671733994861597,0.9202009926976503,1.2253237197764415,low,other
-0.5802383092179081,female,afam,-1.2318021725445512,no,no,yes,no,-0.5055812859694901,0.40168766929977645,-0.5671733994861597,0.9202009926976503,-1.0104291372918257,low,other
-0.580070350042709,female,other,-0.5342537287288046,no,no,yes,no,-0.5055812859694901,0.40168766929977645,-0.5671733994861597,0.9202009926976503,-1.0104291372918257,high,other
-0.5799023908675099,male,other,-0.4388725936483872,yes,no,yes,no,-0.0713619375594334,0.40168766929977645,-0.34951028494296127,0.9202009926976503,-1.0104291372918257,high,other
-0.5797344316923109,female,other,0.9217483134500608,no,yes,no,no,-0.0713619375594334,0.40168766929977645,-0.34951028494296127,0.9202009926976503,1.7842619340435084,low,other
-0.5795664725171118,male,other,0.8838258308005328,no,no,yes,no,-0.0713619375594334,0.40168766929977645,-0.34951028494296127,0.9202009926976503,0.1074472912423079,high,other
-0.5793985133419127,female,other,-1.0502326204430712,no,no,no,no,-0.32465660060110624,0.40168766929977645,-0.1318471703997627,0.9202009926976503,-1.0104291372918257,low,other
-0.5792305541667137,female,other,-0.785922906935926,yes,no,yes,no,-0.32465660060110624,0.40168766929977645,-0.1318471703997627,0.9202009926976503,-0.45149092302475896,high,other
-0.5790625949915146,female,afam,-1.7316922733433966,yes,no,no,no,-0.32465660060110624,0.40168766929977645,-0.1318471703997627,0.9202009926976503,1.2253237197764415,high,other
-0.5788946358163155,female,other,-0.46990031856603487,no,no,no,no,-0.5055812859694901,0.40168766929977645,-0.741303890472032,0.9202009926976503,0.6663855055093747,high,other
-0.5787266766411164,female,other,-0.3067175177074503,no,no,yes,no,-0.5055812859694901,0.40168766929977645,-0.741303890472032,0.9202009926976503,-1.0104291372918257,low,other
-0.5785587174659174,female,other,0.37589111535661235,no,no,yes,no,-0.5055812859694901,0.40168766929977645,-0.741303890472032,0.9202009926976503,1.2253237197764415,high,other
-0.5783907582907183,male,afam,-1.0605751954156204,no,no,yes,no,-0.5055812859694901,0.40168766929977645,-0.741303890472032,0.9202009926976503,-1.0104291372918257,low,other
-0.5782227991155192,female,other,0.6999578799968498,no,no,yes,no,-0.5055812859694901,0.40168766929977645,-0.741303890472032,0.9202009926976503,-1.0104291372918257,high,other
-0.5780548399403201,male,afam,-0.9835803732033699,no,no,yes,no,-0.5055812859694901,0.40168766929977645,-0.741303890472032,0.9202009926976503,-1.0104291372918257,high,other
-0.5778868807651211,male,other,0.497703616325,no,no,no,no,-0.5055812859694901,0.40168766929977645,-0.741303890472032,0.9202009926976503,1.2253237197764415,low,other
-0.577718921589922,male,other,1.8882028298026299,yes,yes,yes,no,-0.5055812859694901,0.40168766929977645,-0.741303890472032,0.9202009926976503,1.2253237197764415,low,other
-0.5775509624147229,male,other,-0.125148403980699,no,no,no,no,-0.5055812859694901,0.40168766929977645,-0.741303890472032,0.9202009926976503,0.1074472912423079,high,other
-0.5773830032395237,female,afam,-1.5673604923210749,no,no,no,yes,0.29048726063410873,0.40168766929977645,-0.7848365140293584,0.9202009926976503,-0.45149092302475896,high,other
-0.5772150440643247,female,afam,-0.26764561651945645,no,no,no,yes,0.29048726063410873,0.40168766929977645,-0.7848365140293584,0.9202009926976503,-1.0104291372918257,low,other
-0.5770470848891256,female,other,0.8321129559377867,no,no,no,no,-0.6141359936645852,0.40168766929977645,0.08581594414343584,0.9202009926976503,1.2253237197764415,low,other
-0.5768791257139265,female,afam,-1.658145268371815,no,no,yes,no,-0.6141359936645852,0.40168766929977645,0.08581594414343584,0.9202009926976503,-1.0104291372918257,low,other
-0.5767111665387274,male,other,-1.3811945811899176,no,no,no,no,-0.6141359936645852,0.40168766929977645,0.08581594414343584,0.9202009926976503,-1.0104291372918257,high,other
-0.5765432073635284,female,afam,-0.8077570370447618,no,no,no,no,-0.6141359936645852,0.40168766929977645,0.08581594414343584,0.9202009926976503,-1.0104291372918257,low,other
-0.5763752481883293,male,afam,-1.3248849089227654,no,no,yes,yes,-0.3608415031661379,0.3421225700361627,-0.741303890472032,1.7365099857412987,-1.0104291372918257,low,other
-0.5762072890131302,male,afam,-1.4156696849735055,no,no,yes,yes,-0.3608415031661379,0.3421225700361627,-0.741303890472032,1.7365099857412987,-1.0104291372918257,low,other
-0.5760393298379312,male,afam,-0.24810988511282384,no,no,yes,yes,-0.3608415031661379,0.3421225700361627,-0.741303890472032,1.7365099857412987,-0.45149092302475896,low,other
-0.5758713706627321,female,other,1.3572850040861366,yes,yes,yes,no,-0.7226908739029057,0.3421225700361627,-0.523640766198534,1.7365099857412987,1.7842619340435084,low,other
-0.575703411487533,male,other,0.43334976778750167,yes,yes,yes,no,-0.7226908739029057,0.3421225700361627,-0.523640766198534,1.7365099857412987,-1.0104291372918257,low,other
-0.5755354523123339,female,other,1.464158132677569,yes,no,yes,no,-0.7226908739029057,0.3421225700361627,-0.523640766198534,1.7365099857412987,-1.0104291372918257,high,other
-0.5753674931371349,male,other,-1.833968604530423,yes,no,yes,no,-0.7226908739029057,0.3421225700361627,-0.523640766198534,1.7365099857412987,-1.0104291372918257,low,other
-0.5751995339619358,male,other,0.93209088842261,no,no,yes,no,-0.6141359936645852,0.3421225700361627,-0.6542386401139462,1.7365099857412987,-1.0104291372918257,low,other
-0.5750315747867367,female,other,1.2078925954407702,yes,no,yes,no,-0.6141359936645852,0.3421225700361627,-0.6542386401139462,1.7365099857412987,1.2253237197764415,low,other
-0.5748636156115376,female,other,0.04148177574382572,yes,no,yes,no,-0.6141359936645852,0.3421225700361627,-0.6542386401139462,1.7365099857412987,-1.0104291372918257,low,other
-0.5746956564363386,male,other,-0.645723654724643,no,no,yes,yes,0.8332613167392598,0.3421225700361627,-0.741303890472032,1.7365099857412987,-1.0104291372918257,low,other
-0.5745276972611395,female,other,0.27476376433332317,no,no,yes,yes,0.8332613167392598,0.3421225700361627,-0.741303890472032,1.7365099857412987,-1.0104291372918257,low,other
-0.5743597380859404,male,other,-1.25938208022153,no,no,yes,yes,0.8332613167392598,0.3421225700361627,-0.741303890472032,1.7365099857412987,-1.0104291372918257,low,other
-0.5741917789107414,female,other,-0.5354031472672705,yes,yes,yes,no,-0.867430656706258,0.3421225700361627,0.08581594414343584,1.7365099857412987,1.2253237197764415,high,other
-0.5740238197355423,female,other,1.4365777866258616,yes,no,yes,no,-0.867430656706258,0.3421225700361627,0.08581594414343584,1.7365099857412987,1.2253237197764415,high,other
-0.5738558605603431,female,other,-0.2906291651667579,no,no,yes,no,-0.867430656706258,0.3421225700361627,0.08581594414343584,1.7365099857412987,0.1074472912423079,low,other
-0.573687901385144,female,other,1.3354504356025725,yes,yes,yes,no,-0.867430656706258,0.3421225700361627,0.08581594414343584,1.7365099857412987,1.7842619340435084,high,other
-0.573519942209945,female,other,0.36784693908626614,no,no,yes,no,-0.867430656706258,0.3421225700361627,0.08581594414343584,1.7365099857412987,-1.0104291372918257,high,other
-0.5733519830347459,female,other,0.8734832558279836,yes,no,yes,no,-0.867430656706258,0.3421225700361627,0.08581594414343584,1.7365099857412987,-0.45149092302475896,high,other
-0.5731840238595468,female,other,1.3274062593322262,yes,yes,yes,no,-0.867430656706258,0.3421225700361627,0.08581594414343584,1.7365099857412987,1.2253237197764415,low,other
-0.5730160646843477,male,other,1.276842803007946,yes,no,no,no,-0.867430656706258,0.3421225700361627,0.08581594414343584,1.7365099857412987,1.7842619340435084,low,other
-0.5728481055091487,male,other,-0.38830913732410693,no,no,yes,no,-0.867430656706258,0.3421225700361627,0.08581594414343584,1.7365099857412987,-1.0104291372918257,low,other
-0.5726801463339496,male,other,0.16444325687595054,no,no,yes,no,-0.867430656706258,0.3421225700361627,0.08581594414343584,1.7365099857412987,-0.45149092302475896,high,other
-0.5725121871587505,female,other,-0.8950944342295615,no,no,yes,yes,1.6293302084293113,0.3421225700361627,-0.5671733994861597,1.7365099857412987,0.1074472912423079,high,other
-0.5723442279835514,female,other,1.3423456317091815,no,no,yes,yes,1.6293302084293113,0.3421225700361627,-0.5671733994861597,1.7365099857412987,0.6663855055093747,low,other
-0.5721762688083524,female,other,1.411295839276357,no,no,no,yes,1.6293302084293113,0.3421225700361627,-0.5671733994861597,1.7365099857412987,1.2253237197764415,low,other
-0.5720083096331533,male,other,1.7721361064023855,no,no,yes,yes,1.6293302084293113,0.3421225700361627,-0.5671733994861597,1.7365099857412987,-1.0104291372918257,low,other
-0.5718403504579542,female,other,-0.00678328187825156,no,no,yes,yes,1.6293302084293113,0.3421225700361627,-0.5671733994861597,1.7365099857412987,-1.0104291372918257,low,other
-0.5716723912827552,female,other,0.488510021516188,no,no,yes,yes,1.6293302084293113,0.3421225700361627,-0.5671733994861597,1.7365099857412987,1.2253237197764415,high,other
-0.5715044321075561,female,afam,-1.7454822271818862,no,no,no,yes,1.6293302084293113,0.3421225700361627,-0.5671733994861597,1.7365099857412987,-1.0104291372918257,low,other
-0.571336472932357,male,other,0.3965762653017108,no,no,yes,yes,1.6293302084293113,0.3421225700361627,-0.5671733994861597,1.7365099857412987,0.1074472912423079,high,other
-0.5711685137571579,female,other,0.26901798676517996,yes,yes,yes,yes,1.6293302084293113,0.3421225700361627,-0.5671733994861597,1.7365099857412987,2.3432001483105753,high,other
-0.5710005545819589,female,other,-0.9088843880680509,no,no,yes,yes,1.6293302084293113,0.3421225700361627,-0.5671733994861597,1.7365099857412987,-0.45149092302475896,high,other
-0.5708325954067598,female,other,1.2607544504672534,no,no,yes,no,-0.3608415031661379,0.3421225700361627,-0.43657552557074764,1.7365099857412987,1.2253237197764415,low,other
-0.5706646362315607,male,other,0.9654170120424607,no,no,yes,no,-0.3608415031661379,0.3421225700361627,-0.43657552557074764,1.7365099857412987,-1.0104291372918257,low,other
-0.5704966770563615,male,other,0.4551838978963373,yes,no,yes,no,-0.3608415031661379,0.3421225700361627,-0.43657552557074764,1.7365099857412987,-0.45149092302475896,high,other
-0.5703287178811625,male,other,-0.7882213056381291,yes,yes,yes,no,-0.3608415031661379,0.3421225700361627,-0.43657552557074764,1.7365099857412987,-1.0104291372918257,high,other
-0.5701607587059634,female,afam,-0.9847297917418356,no,no,no,no,-0.3608415031661379,0.3421225700361627,-0.43657552557074764,1.7365099857412987,-1.0104291372918257,low,other
-0.5699927995307643,female,other,-1.5960898185365195,no,no,no,no,-0.3608415031661379,0.3421225700361627,-0.43657552557074764,1.7365099857412987,-1.0104291372918257,low,other
-0.5698248403555652,male,other,-0.3319994650569548,yes,no,yes,no,1.2312957625842855,0.3421225700361627,-0.48010815885837343,1.7365099857412987,1.7842619340435084,low,other
-0.5696568811803662,male,hispanic,-0.6813481770466967,no,no,yes,no,1.2312957625842855,0.3421225700361627,-0.48010815885837343,1.7365099857412987,-1.0104291372918257,low,other
-0.5694889220051671,male,other,0.5574606674580923,no,no,yes,no,1.2312957625842855,0.3421225700361627,-0.48010815885837343,1.7365099857412987,1.7842619340435084,high,other
-0.569320962829968,male,other,-0.8307405856920632,no,no,yes,no,1.2312957625842855,0.3421225700361627,-0.48010815885837343,1.7365099857412987,0.1074472912423079,low,other
-0.569153003654769,male,other,-1.3834929798921207,yes,no,yes,no,1.2312957625842855,0.3421225700361627,-0.48010815885837343,1.7365099857412987,-0.45149092302475896,low,other
-0.5689850444795699,male,afam,1.680202788562637,yes,no,yes,no,1.2312957625842855,0.3421225700361627,-0.48010815885837343,1.7365099857412987,1.2253237197764415,low,other
-0.5688170853043708,male,other,0.46782487157108954,yes,no,yes,no,-0.2522866229278173,0.3421225700361627,0.17288121071868745,1.7365099857412987,1.7842619340435084,high,other
-0.5686491261291717,female,other,1.3124673253299997,yes,no,yes,no,-0.2522866229278173,0.3421225700361627,0.17288121071868745,1.7365099857412987,1.2253237197764415,low,other
-0.5684811669539727,female,hispanic,-0.3929054963537843,yes,no,yes,no,-0.2522866229278173,0.3421225700361627,0.17288121071868745,1.7365099857412987,-1.0104291372918257,high,other
-0.5683132077787736,female,other,-1.7615705797225785,no,no,no,no,-0.2522866229278173,0.3421225700361627,0.17288121071868745,1.7365099857412987,-1.0104291372918257,low,other
-0.5681452486035745,male,other,1.6135505413229356,yes,yes,yes,no,-0.2522866229278173,0.3421225700361627,0.17288121071868745,1.7365099857412987,1.7842619340435084,high,other
-0.5679772894283754,female,other,2.118037439526187,no,no,yes,no,-0.2522866229278173,0.3421225700361627,0.17288121071868745,1.7365099857412987,1.2253237197764415,low,other
-0.5678093302531764,male,other,0.00011147585362883393,no,no,yes,no,-0.2522866229278173,0.3421225700361627,0.17288121071868745,1.7365099857412987,-1.0104291372918257,high,other
-0.5676413710779773,female,other,0.7206430299419482,no,no,yes,no,-0.2522866229278173,0.3421225700361627,0.17288121071868745,1.7365099857412987,0.1074472912423079,low,other
-0.5674734119027782,male,other,0.4770184663799016,no,no,yes,no,0.5075970211107499,0.3421225700361627,-0.2624450183677096,1.7365099857412987,-1.0104291372918257,low,other
-0.5673054527275792,female,other,1.1952516217660178,no,no,yes,no,0.5075970211107499,0.3421225700361627,-0.2624450183677096,1.7365099857412987,-1.0104291372918257,low,other
-0.56713749355238,female,other,1.623892677920756,no,no,yes,no,0.5075970211107499,0.3421225700361627,-0.2624450183677096,1.7365099857412987,-1.0104291372918257,low,other
-0.5669695343771809,male,other,-0.213634781329236,no,no,yes,no,0.5075970211107499,0.3421225700361627,-0.2624450183677096,1.7365099857412987,-1.0104291372918257,low,other
-0.5668015752019818,male,other,0.21845453044089966,no,no,yes,no,0.5075970211107499,0.3421225700361627,-0.2624450183677096,1.7365099857412987,-1.0104291372918257,low,other
-0.5666336160267827,male,afam,-1.0536799993090114,no,no,yes,yes,0.037192770135661544,0.3421225700361627,-0.6977712669147057,1.7365099857412987,0.1074472912423079,low,other
-0.5664656568515837,male,other,0.6539912210769755,no,no,yes,yes,0.037192770135661544,0.3421225700361627,-0.6977712669147057,1.7365099857412987,-1.0104291372918257,high,other
-0.5662976976763846,male,afam,0.8918700070708789,no,no,yes,yes,0.037192770135661544,0.3421225700361627,-0.6977712669147057,1.7365099857412987,-0.45149092302475896,low,other
-0.5661297385011855,male,afam,-1.4673825598362515,no,no,yes,yes,0.037192770135661544,0.3421225700361627,-0.6977712669147057,1.7365099857412987,-1.0104291372918257,low,other
-0.5659617793259865,male,afam,-0.5135690171584347,no,no,no,yes,0.037192770135661544,0.3421225700361627,-0.6977712669147057,1.7365099857412987,0.1074472912423079,low,other
-0.5657938201507874,male,afam,-0.009081680580454568,no,yes,yes,yes,0.037192770135661544,0.3421225700361627,-0.6977712669147057,1.7365099857412987,0.1074472912423079,high,other
-0.5656258609755883,female,other,-0.19524803008634053,no,no,no,yes,0.037192770135661544,0.3421225700361627,-0.6977712669147057,1.7365099857412987,0.6663855055093747,low,other
-0.5654579018003892,female,afam,-1.4156696849735055,no,no,no,yes,0.037192770135661544,0.3421225700361627,-0.6977712669147057,1.7365099857412987,-1.0104291372918257,high,other
-0.5652899426251902,female,other,0.7516707548595959,no,no,yes,no,1.5569600582127954,0.3421225700361627,-0.6542386401139462,1.7365099857412987,-1.0104291372918257,low,other
-0.5651219834499911,male,other,1.1952516217660178,yes,yes,yes,no,1.5569600582127954,0.3421225700361627,-0.6542386401139462,1.7365099857412987,0.6663855055093747,high,other
-0.564954024274792,male,other,1.7123794936440218,no,no,no,no,1.5569600582127954,0.3421225700361627,-0.6542386401139462,1.7365099857412987,0.1074472912423079,low,other
-0.564786065099593,female,afam,0.9861021619875592,no,no,yes,no,1.5569600582127954,0.3421225700361627,-0.6542386401139462,1.7365099857412987,0.6663855055093747,low,other
-0.5646181059243939,male,other,-0.9479562892560448,no,no,yes,no,1.5569600582127954,0.3421225700361627,-0.6542386401139462,1.7365099857412987,-1.0104291372918257,low,other
-0.5644501467491948,male,other,-1.0812603453607188,no,no,yes,no,0.21811745550404543,0.3421225700361627,-0.2624450183677096,1.7365099857412987,-1.0104291372918257,low,other
-0.5642821875739957,male,afam,-1.1387189977916081,no,no,yes,no,0.21811745550404543,0.3421225700361627,-0.2624450183677096,1.7365099857412987,-1.0104291372918257,high,other
-0.5641142283987967,female,other,-1.6029850146431286,no,no,yes,no,0.21811745550404543,0.3421225700361627,-0.2624450183677096,1.7365099857412987,-1.0104291372918257,high,other
-0.5639462692235976,male,other,0.7941900349135299,no,no,yes,no,0.21811745550404543,0.3421225700361627,-0.2624450183677096,1.7365099857412987,-1.0104291372918257,low,other
-0.5637783100483984,female,other,0.6091731039461098,no,no,yes,no,0.21811745550404543,0.3421225700361627,-0.2624450183677096,1.7365099857412987,0.1074472912423079,low,other
-0.5636103508731993,male,other,1.1056158258790152,no,no,yes,no,0.21811745550404543,0.3421225700361627,-0.2624450183677096,1.7365099857412987,0.6663855055093747,low,other
-0.5634423916980003,female,hispanic,-1.92245498187896,no,no,yes,yes,0.037192770135661544,0.3421225700361627,-0.6977712669147057,1.7365099857412987,-1.0104291372918257,low,other
-0.5632744325228012,female,hispanic,-0.8640667093119139,no,no,yes,yes,0.037192770135661544,0.3421225700361627,-0.6977712669147057,1.7365099857412987,-0.45149092302475896,low,other
-0.5631064733476021,male,other,-1.2341001328720256,no,no,yes,no,-0.3608415031661379,0.3421225700361627,-0.1318471703997627,1.7365099857412987,-1.0104291372918257,high,other
-0.562938514172403,male,other,-1.742034848315946,yes,yes,yes,no,-0.3608415031661379,0.3421225700361627,-0.1318471703997627,1.7365099857412987,-1.0104291372918257,low,other
-0.562770554997204,male,other,-1.39728293373061,no,no,yes,no,0.6523366313708759,0.3421225700361627,0.08581594414343584,1.7365099857412987,-1.0104291372918257,low,other
-0.5626025958220049,male,other,-0.4469167699187334,no,no,yes,no,0.6523366313708759,0.3421225700361627,0.08581594414343584,1.7365099857412987,-1.0104291372918257,low,other
-0.5624346366468058,female,other,-1.5489737410781796,no,no,yes,no,0.6523366313708759,0.3421225700361627,0.08581594414343584,1.7365099857412987,-1.0104291372918257,low,other
-0.5622666774716067,male,other,1.5606886862964522,no,no,yes,no,0.6523366313708759,0.3421225700361627,0.08581594414343584,1.7365099857412987,-0.45149092302475896,low,other
-0.5620987182964077,male,other,1.3055721292233906,no,no,yes,no,0.6523366313708759,0.3421225700361627,0.08581594414343584,1.7365099857412987,0.1074472912423079,low,other
-0.5619307591212086,male,other,-0.2435130877084178,no,no,yes,no,0.6523366313708759,0.3421225700361627,0.08581594414343584,1.7365099857412987,-1.0104291372918257,low,other
-0.5617627999460095,female,other,0.11617819925387328,no,no,yes,no,0.6885217064791338,0.3421225700361627,-0.6542386401139462,1.7365099857412987,-1.0104291372918257,low,other
-0.5615948407708105,male,other,1.5882685939734311,yes,yes,yes,no,0.6885217064791338,0.3421225700361627,-0.6542386401139462,1.7365099857412987,0.6663855055093747,low,other
-0.5614268815956114,female,other,-0.5101211999177659,yes,yes,no,no,0.6885217064791338,0.3421225700361627,-0.6542386401139462,1.7365099857412987,0.1074472912423079,high,other
-0.5612589224204123,male,other,0.7229414286441512,no,no,yes,no,0.6885217064791338,0.3421225700361627,-0.6542386401139462,1.7365099857412987,-1.0104291372918257,low,other
-0.5610909632452132,male,other,-0.82499480812392,no,no,no,no,0.6885217064791338,0.3421225700361627,-0.6542386401139462,1.7365099857412987,-1.0104291372918257,low,other
-0.5609230040700142,male,other,0.8447539296125389,no,no,yes,no,0.6885217064791338,0.3421225700361627,-0.6542386401139462,1.7365099857412987,-1.0104291372918257,low,other
-0.5607550448948151,male,other,-0.6055027733729119,no,no,yes,no,0.6885217064791338,0.3421225700361627,-0.6542386401139462,1.7365099857412987,-1.0104291372918257,high,other
-0.560587085719616,female,other,1.1791632692253255,no,no,yes,no,-0.3608415031661379,0.3421225700361627,-0.610706019800053,1.7365099857412987,-0.45149092302475896,high,other
-0.5604191265444168,male,other,-0.4951818275408107,no,no,yes,no,-0.3608415031661379,0.3421225700361627,-0.610706019800053,1.7365099857412987,-1.0104291372918257,low,other
-0.5602511673692178,female,other,-0.05389979771132028,no,no,no,no,-0.3608415031661379,0.3421225700361627,-0.610706019800053,1.7365099857412987,-1.0104291372918257,low,other
-0.5600832081940187,female,other,-1.700664548425749,no,no,yes,no,-0.3608415031661379,0.3421225700361627,-0.610706019800053,1.7365099857412987,-1.0104291372918257,low,other
-0.5599152490188196,male,other,-0.8744092842844631,no,no,yes,no,-0.3608415031661379,0.3421225700361627,-0.610706019800053,1.7365099857412987,-1.0104291372918257,low,other
-0.5597472898436205,male,other,-1.8144328731237904,no,no,yes,no,-0.03517703499440176,0.3421225700361627,-0.6977712669147057,1.7365099857412987,-1.0104291372918257,low,other
-0.5595793306684215,female,other,-0.8399337421261466,no,yes,yes,no,-0.03517703499440176,0.3421225700361627,-0.6977712669147057,1.7365099857412987,0.1074472912423079,low,other
-0.5594113714932224,female,other,1.5262131441381357,yes,no,yes,no,-0.03517703499440176,0.3421225700361627,-0.6977712669147057,1.7365099857412987,0.6663855055093747,high,other
-0.5592434123180233,male,afam,-1.1203322465487127,no,no,yes,no,-0.03517703499440176,0.3421225700361627,-0.6977712669147057,1.7365099857412987,-1.0104291372918257,low,other
-0.5590754531428243,female,other,-1.1237796254146528,yes,no,yes,no,-0.03517703499440176,0.3421225700361627,-0.6977712669147057,1.7365099857412987,-1.0104291372918257,low,other
-0.5589074939676252,female,other,0.27131638546738296,no,no,yes,no,-0.03517703499440176,0.3421225700361627,-0.6977712669147057,1.7365099857412987,-1.0104291372918257,low,other
-0.5587395347924261,female,other,-0.18490545511379133,no,no,yes,no,-0.03517703499440176,0.3421225700361627,-0.6977712669147057,1.7365099857412987,-0.45149092302475896,low,other
-0.558571575617227,male,afam,-1.3708520062173684,no,no,no,no,-0.03517703499440176,0.3421225700361627,-0.6977712669147057,1.7365099857412987,-1.0104291372918257,low,other
-0.558403616442028,male,other,1.3526882066817307,no,no,yes,no,-0.03517703499440176,0.3421225700361627,-0.6977712669147057,1.7365099857412987,1.2253237197764415,low,other
-0.5582356572668289,female,other,1.0665439246910213,no,no,yes,no,-0.03517703499440176,0.3421225700361627,-0.6977712669147057,1.7365099857412987,0.6663855055093747,low,other
-0.5580676980916298,male,other,-1.1398679779553453,no,no,no,no,-0.03517703499440176,0.3421225700361627,-0.6977712669147057,1.7365099857412987,-1.0104291372918257,low,other
-0.5578997389164307,male,other,-0.3228058702481428,no,no,yes,no,0.39904214087242934,0.3421225700361627,0.08581594414343584,1.7365099857412987,-1.0104291372918257,low,other
-0.5577317797412317,female,other,0.19776938049580123,no,no,yes,no,0.39904214087242934,0.3421225700361627,0.08581594414343584,1.7365099857412987,1.2253237197764415,high,other
-0.5575638205660326,female,other,0.6333060711318771,no,no,no,no,0.39904214087242934,0.3421225700361627,0.08581594414343584,1.7365099857412987,-1.0104291372918257,low,other
-0.5573958613908335,female,other,0.8206209624267716,no,no,yes,no,0.39904214087242934,0.3421225700361627,0.08581594414343584,1.7365099857412987,2.3432001483105753,low,other
-0.5572279022156345,female,other,0.024244004664667473,yes,no,yes,no,0.39904214087242934,0.3421225700361627,0.08581594414343584,1.7365099857412987,-0.45149092302475896,low,other
-0.5570599430404354,male,other,1.7123794936440218,no,no,yes,no,0.39904214087242934,0.3421225700361627,0.08581594414343584,1.7365099857412987,-1.0104291372918257,low,other
-0.5568919838652362,female,other,-1.8948746358272526,no,no,yes,no,0.39904214087242934,0.3421225700361627,0.08581594414343584,1.7365099857412987,-0.45149092302475896,high,other
-0.5567240246900371,male,other,1.1872074454956718,no,no,yes,no,0.39904214087242934,0.3421225700361627,0.08581594414343584,1.7365099857412987,1.7842619340435084,low,other
-0.556556065514838,female,other,0.3931288864357706,no,no,yes,no,0.39904214087242934,0.3421225700361627,0.08581594414343584,1.7365099857412987,1.2253237197764415,low,other
-0.556388106339639,male,other,1.2550086728991103,no,no,yes,no,0.39904214087242934,0.3421225700361627,0.08581594414343584,1.7365099857412987,1.2253237197764415,low,other
-0.5562201471644399,male,other,1.606655783591055,yes,no,yes,no,0.39904214087242934,0.3421225700361627,0.08581594414343584,1.7365099857412987,1.7842619340435084,high,other
-0.5560521879892408,female,other,-0.5790718458596703,no,no,yes,no,-0.3608415031661379,0.3421225700361627,-0.5671733994861597,1.7365099857412987,-1.0104291372918257,high,other
-0.5558842288140418,male,afam,-0.06309295414540368,yes,no,yes,no,-0.3608415031661379,0.3421225700361627,-0.5671733994861597,1.7365099857412987,1.2253237197764415,high,other
-0.5557162696388427,male,afam,-1.4558905663252366,no,no,yes,no,-0.3608415031661379,0.3421225700361627,-0.5671733994861597,1.7365099857412987,-0.45149092302475896,low,other
-0.5555483104636436,female,other,0.46552647286888654,no,no,yes,no,-0.3608415031661379,0.3421225700361627,-0.5671733994861597,1.7365099857412987,-1.0104291372918257,low,other
-0.5553803512884445,male,other,-1.0065639218506712,no,no,no,no,0.941816196977581,0.3421225700361627,0.5211421732298329,1.7365099857412987,-1.0104291372918257,low,other
-0.5552123921132455,male,other,1.2412182806858922,no,no,no,no,0.941816196977581,0.3421225700361627,0.5211421732298329,1.7365099857412987,1.2253237197764415,low,other
-0.5550444329380464,female,other,1.5675834440283327,no,no,yes,no,0.941816196977581,0.3421225700361627,0.5211421732298329,1.7365099857412987,-1.0104291372918257,low,other
-0.5548764737628473,male,other,-0.41129224759667976,no,no,yes,no,0.941816196977581,0.3421225700361627,0.5211421732298329,1.7365099857412987,-1.0104291372918257,low,other
-0.5547085145876482,male,other,-1.224906976437942,no,no,yes,no,0.941816196977581,0.3421225700361627,0.5211421732298329,1.7365099857412987,1.2253237197764415,low,other
-0.5545405554124492,female,other,0.922897293613798,no,no,yes,no,0.941816196977581,0.3421225700361627,0.5211421732298329,1.7365099857412987,-1.0104291372918257,low,other
-0.5543725962372501,female,other,0.23569186314532928,yes,no,yes,no,-0.3608415031661379,0.3421225700361627,-0.1318471703997627,1.7365099857412987,-1.0104291372918257,low,other
-0.554204637062051,male,other,0.1954709817935982,no,no,yes,no,-0.3608415031661379,0.3421225700361627,-0.1318471703997627,1.7365099857412987,-1.0104291372918257,high,other
-0.554036677886852,female,other,-0.2331705127358686,no,no,yes,no,-0.3608415031661379,0.3421225700361627,-0.1318471703997627,1.7365099857412987,0.6663855055093747,high,other
-0.5538687187116529,male,other,1.8135064062925823,no,no,yes,no,-0.3608415031661379,0.3421225700361627,-0.1318471703997627,1.7365099857412987,0.1074472912423079,high,other
-0.5537007595364538,female,other,-0.5652814536464522,no,no,yes,no,2.099734114317947,0.3421225700361627,2.48011020411862,1.7365099857412987,-1.0104291372918257,high,other
-0.5535328003612546,female,other,0.9332398685863472,no,no,yes,no,2.099734114317947,0.3421225700361627,2.48011020411862,1.7365099857412987,-0.45149092302475896,low,other
-0.5533648411860556,female,other,-1.1341222003872022,no,no,yes,no,2.099734114317947,0.3421225700361627,2.48011020411862,1.7365099857412987,-1.0104291372918257,low,other
-0.5531968820108565,male,other,0.9056599609093684,no,no,yes,no,0.47141194600249264,0.3421225700361627,0.95646840231623,1.7365099857412987,0.6663855055093747,low,other
-0.5530289228356574,female,other,-0.2687950350579223,no,no,yes,no,0.47141194600249264,0.3421225700361627,0.95646840231623,1.7365099857412987,-1.0104291372918257,high,other
-0.5528609636604583,female,other,-1.2501889237874466,no,no,yes,no,0.47141194600249264,0.3421225700361627,0.95646840231623,1.7365099857412987,-1.0104291372918257,low,other
-0.5526930044852593,female,other,0.9493286595017683,no,no,yes,no,0.47141194600249264,0.3421225700361627,0.95646840231623,1.7365099857412987,-1.0104291372918257,low,other
-0.5525250453100602,male,other,-1.0743651492541098,no,no,yes,no,0.47141194600249264,0.3421225700361627,0.95646840231623,1.7365099857412987,-1.0104291372918257,low,other
-0.5523570861348611,male,other,0.400023644167651,no,no,yes,no,0.47141194600249264,0.3421225700361627,0.8694031357409784,1.7365099857412987,1.2253237197764415,low,other
-0.552189126959662,female,other,1.1504339430098809,no,no,yes,no,0.47141194600249264,0.3421225700361627,0.8694031357409784,1.7365099857412987,-1.0104291372918257,low,other
-0.552021167784463,female,other,-1.742034848315946,no,no,yes,no,0.47141194600249264,0.3421225700361627,0.8694031357409784,1.7365099857412987,-1.0104291372918257,low,other
-0.5518532086092639,male,other,-0.8548731145031018,yes,yes,yes,no,0.47141194600249264,0.3421225700361627,0.8694031357409784,1.7365099857412987,0.6663855055093747,high,other
-0.5516852494340648,male,other,1.6687112334263505,yes,yes,yes,no,0.47141194600249264,0.3421225700361627,0.8694031357409784,1.7365099857412987,1.2253237197764415,low,other
-0.5515172902588658,male,other,0.0771062980658794,no,no,yes,no,0.47141194600249264,0.3421225700361627,0.8694031357409784,1.7365099857412987,0.6663855055093747,high,other
-0.5513493310836667,male,other,0.6149193198889816,no,no,yes,no,0.47141194600249264,0.3421225700361627,0.8694031357409784,1.7365099857412987,0.6663855055093747,low,other
-0.5511813719084676,female,other,1.1182567995537673,no,yes,yes,no,-0.6141359936645852,0.3421225700361627,-0.34951028494296127,1.7365099857412987,-0.45149092302475896,high,other
-0.5510134127332685,female,afam,0.805682028424545,no,no,yes,no,-0.6141359936645852,0.3421225700361627,-0.34951028494296127,1.7365099857412987,-1.0104291372918257,high,other
-0.5508454535580695,male,afam,-0.041258824036568054,no,no,yes,no,-0.6141359936645852,0.3421225700361627,-0.34951028494296127,1.7365099857412987,-0.45149092302475896,high,other
-0.5506774943828704,female,other,0.4310513690852987,no,no,yes,no,-0.6141359936645852,0.3421225700361627,-0.34951028494296127,1.7365099857412987,1.2253237197764415,low,other
-0.5505095352076713,female,afam,0.21960351060463684,no,no,yes,no,-0.6141359936645852,0.3421225700361627,-0.34951028494296127,1.7365099857412987,0.1074472912423079,high,other
-0.5503415760324722,female,afam,-0.7066296860214725,yes,yes,yes,no,-0.6141359936645852,0.3421225700361627,-0.34951028494296127,1.7365099857412987,1.7842619340435084,high,other
-0.5501736168572731,female,other,1.0470081932843887,no,no,yes,no,-0.6141359936645852,0.3421225700361627,-0.34951028494296127,1.7365099857412987,1.7842619340435084,low,other
-0.550005657682074,female,other,-1.6202223473475583,no,no,yes,no,-0.179916817797754,0.3421225700361627,-0.1318471703997627,1.7365099857412987,-1.0104291372918257,low,other
-0.5498376985068749,male,other,-1.0686193716859667,no,no,yes,no,-0.179916817797754,0.3421225700361627,-0.1318471703997627,1.7365099857412987,-1.0104291372918257,low,other
-0.5496697393316758,male,other,-0.5009280434836826,no,no,yes,no,-0.179916817797754,0.3421225700361627,-0.1318471703997627,1.7365099857412987,-1.0104291372918257,low,other
-0.5495017801564768,male,other,-0.774430913424911,no,no,yes,no,-0.179916817797754,0.3421225700361627,-0.1318471703997627,1.7365099857412987,-1.0104291372918257,low,other
-0.5493338209812777,female,other,-1.390387737624001,no,no,yes,no,-0.179916817797754,0.3421225700361627,-0.1318471703997627,1.7365099857412987,-1.0104291372918257,high,other
-0.5491658618060786,female,other,0.9263451108544668,no,no,yes,no,-0.179916817797754,0.3421225700361627,-0.1318471703997627,1.7365099857412987,-1.0104291372918257,low,other
-0.5489979026308796,female,other,1.54460033375576,no,no,yes,no,-0.179916817797754,0.3421225700361627,-0.1318471703997627,1.7365099857412987,0.6663855055093747,low,other
-0.5488299434556805,female,other,1.660666180406547,no,no,yes,no,1.5569600582127954,0.3421225700361627,0.3034790586866344,1.7365099857412987,0.6663855055093747,low,other
-0.5486619842804814,male,other,-0.2216789575995822,yes,yes,yes,no,1.5569600582127954,0.3421225700361627,0.3034790586866344,1.7365099857412987,-0.45149092302475896,high,other
-0.5484940251052823,female,other,1.0044889132304546,no,no,yes,no,1.5569600582127954,0.3421225700361627,0.3034790586866344,1.7365099857412987,-1.0104291372918257,low,other
-0.5483260659300833,female,other,-1.1950282316840317,no,no,yes,no,1.5569600582127954,0.3421225700361627,0.3034790586866344,1.7365099857412987,-1.0104291372918257,low,other
-0.5481581067548842,female,other,0.8148751848586284,no,no,yes,no,1.5569600582127954,0.3421225700361627,0.3034790586866344,1.7365099857412987,-1.0104291372918257,high,other
-0.5479901475796851,female,other,-0.7790277108293171,no,no,yes,no,1.5569600582127954,0.3421225700361627,0.3034790586866344,1.7365099857412987,-1.0104291372918257,low,other
-0.547822188404486,female,other,-0.39635331359445314,no,no,no,no,1.5569600582127954,0.3421225700361627,0.3034790586866344,1.7365099857412987,-1.0104291372918257,low,other
-0.547654229229287,male,afam,0.46552647286888654,no,no,yes,no,1.5569600582127954,0.3421225700361627,0.3034790586866344,1.7365099857412987,-1.0104291372918257,low,other
-0.5474862700540879,male,afam,-0.6376794784542968,no,no,yes,yes,0.037192770135661544,0.3421225700361627,-0.741303890472032,1.7365099857412987,-1.0104291372918257,low,other
-0.5473183108788888,female,afam,-1.6891729932894626,no,no,no,yes,0.037192770135661544,0.3421225700361627,-0.741303890472032,1.7365099857412987,-1.0104291372918257,low,other
-0.5471503517036898,male,afam,0.5701012027581159,no,no,no,yes,0.037192770135661544,0.3421225700361627,-0.741303890472032,1.7365099857412987,-0.45149092302475896,low,other
-0.5469823925284907,female,afam,-0.8881992381229524,no,no,yes,yes,0.037192770135661544,0.3421225700361627,-0.741303890472032,1.7365099857412987,-1.0104291372918257,low,other
-0.5468144333532915,female,afam,-1.9178581844745541,no,yes,yes,yes,0.037192770135661544,0.3421225700361627,-0.741303890472032,1.7365099857412987,-1.0104291372918257,low,other
-0.5466464741780924,female,other,-1.3490174377338042,yes,yes,no,no,-0.3608415031661379,0.3421225700361627,-0.34951028494296127,1.7365099857412987,-1.0104291372918257,low,other
-0.5464785150028934,female,other,-0.39635331359445314,no,no,yes,no,-0.3608415031661379,0.3421225700361627,-0.34951028494296127,1.7365099857412987,0.6663855055093747,high,other
-0.5463105558276943,female,other,0.6470960249703664,yes,yes,yes,no,-0.3608415031661379,0.3421225700361627,-0.34951028494296127,1.7365099857412987,0.6663855055093747,high,other
-0.5461425966524952,male,afam,-0.5687292708871211,no,no,yes,yes,0.037192770135661544,0.3421225700361627,-0.5671733994861597,1.7365099857412987,0.1074472912423079,low,other
-0.5459746374772961,female,other,0.5275819227041818,no,no,yes,yes,0.037192770135661544,0.3421225700361627,-0.5671733994861597,1.7365099857412987,1.7842619340435084,low,other
-0.5458066783020971,female,afam,-1.0582767967134175,yes,no,yes,yes,0.037192770135661544,0.3421225700361627,-0.5671733994861597,1.7365099857412987,1.7842619340435084,high,other
-0.545638719126898,male,afam,-0.15847452760054967,no,no,yes,yes,0.037192770135661544,0.3421225700361627,-0.5671733994861597,1.7365099857412987,-1.0104291372918257,low,other
-0.5454707599516989,female,other,0.7677591074002883,no,no,yes,yes,0.037192770135661544,0.3421225700361627,-0.5671733994861597,1.7365099857412987,-1.0104291372918257,low,other
-0.5453028007764998,female,hispanic,0.9952953184216425,no,no,yes,yes,0.037192770135661544,0.3421225700361627,-0.5671733994861597,1.7365099857412987,1.7842619340435084,low,other
-0.5451348416013008,female,afam,-0.16307088663022706,no,no,yes,yes,0.037192770135661544,0.3421225700361627,-0.5671733994861597,1.7365099857412987,-1.0104291372918257,high,other
-0.5449668824261017,male,other,1.074588539336096,no,no,yes,yes,0.037192770135661544,0.3421225700361627,-0.5671733994861597,1.7365099857412987,1.2253237197764415,low,other
-0.5447989232509026,male,other,1.3492408278157904,no,no,yes,yes,-0.3608415031661379,0.3421225700361627,-0.6542386401139462,1.7365099857412987,0.6663855055093747,low,other
-0.5446309640757035,female,other,0.0851504743362256,yes,no,yes,yes,-0.3608415031661379,0.3421225700361627,-0.6542386401139462,1.7365099857412987,0.6663855055093747,low,other
-0.5444630049005045,female,afam,-1.7087087246960952,no,no,no,yes,-0.3608415031661379,0.3421225700361627,-0.6542386401139462,1.7365099857412987,-0.45149092302475896,low,other
-0.5442950457253054,male,other,1.9111859400752027,no,no,yes,no,1.339850642822606,0.3421225700361627,1.391794631402627,1.7365099857412987,0.6663855055093747,low,other
-0.5441270865501063,male,other,0.37129431795220635,no,no,yes,no,1.339850642822606,0.3421225700361627,1.391794631402627,1.7365099857412987,-1.0104291372918257,low,other
-0.5439591273749073,male,other,0.533327700272325,no,no,yes,no,1.339850642822606,0.3421225700361627,1.391794631402627,1.7365099857412987,1.2253237197764415,low,other
-0.5437911681997082,female,other,0.4632280741666835,no,yes,yes,no,1.339850642822606,0.3421225700361627,1.391794631402627,1.7365099857412987,0.6663855055093747,high,other
-0.5436232090245091,female,other,-0.26994401522165945,no,no,yes,no,1.339850642822606,0.3421225700361627,1.391794631402627,1.7365099857412987,-1.0104291372918257,low,other
-0.5434552498493099,female,other,0.8562454847488253,no,no,yes,no,1.339850642822606,0.3421225700361627,1.391794631402627,1.7365099857412987,1.7842619340435084,low,other
-0.5432872906741109,female,other,-0.11480582900814978,no,no,yes,no,1.339850642822606,0.3421225700361627,1.391794631402627,1.7365099857412987,-1.0104291372918257,low,other
-0.5431193314989118,female,other,-0.2366178916018088,no,no,yes,no,1.339850642822606,0.3421225700361627,1.391794631402627,1.7365099857412987,-1.0104291372918257,low,other
-0.5429513723237127,male,other,-0.946806870717579,no,no,no,no,0.18193272548223943,0.3421225700361627,-0.741303890472032,1.7365099857412987,-1.0104291372918257,low,other
-0.5427834131485136,female,other,1.1033178655515408,no,no,no,no,0.18193272548223943,0.3421225700361627,-0.741303890472032,1.7365099857412987,0.1074472912423079,low,other
-0.5426154539733146,male,other,-0.4859886711067273,no,no,yes,no,0.18193272548223943,0.3421225700361627,-0.741303890472032,1.7365099857412987,-1.0104291372918257,low,other
-0.5424474947981155,male,other,0.5264329425404447,no,no,yes,no,0.18193272548223943,0.3421225700361627,-0.741303890472032,1.7365099857412987,-0.45149092302475896,high,other
-0.5422795356229164,male,hispanic,-1.4317580375141978,yes,yes,yes,no,0.18193272548223943,0.3421225700361627,-0.741303890472032,1.7365099857412987,-1.0104291372918257,high,other
-0.5421115764477173,female,other,1.3768207354927693,no,no,yes,no,0.18193272548223943,0.3421225700361627,-0.741303890472032,1.7365099857412987,0.6663855055093747,low,other
-0.5419436172725183,female,other,-1.162851526602647,no,no,yes,no,0.18193272548223943,0.3421225700361627,-0.741303890472032,1.7365099857412987,-1.0104291372918257,low,other
-0.5417756580973192,female,other,1.583671796569025,no,no,yes,no,0.18193272548223943,0.3421225700361627,-0.741303890472032,1.7365099857412987,0.6663855055093747,low,other
-0.5416076989221201,female,other,0.0771062980658794,no,no,no,no,-1.5187594205065047,-1.4597234578681366,2.2624470895754216,0.012081689611110202,1.7842619340435084,high,other
-0.5414397397469211,female,other,1.2492624569562385,yes,no,yes,no,-1.5187594205065047,-1.4597234578681366,2.2624470895754216,0.012081689611110202,1.2253237197764415,high,other
-0.541271780571722,male,afam,-0.40209909116259634,no,yes,yes,no,-1.5187594205065047,-1.4597234578681366,2.2624470895754216,0.012081689611110202,0.6663855055093747,low,other
-0.5411038213965229,female,other,-0.14928093279173765,no,no,yes,no,-1.5187594205065047,-1.4597234578681366,2.2624470895754216,0.012081689611110202,-1.0104291372918257,high,other
-0.5409358622213238,male,afam,-0.8146522331513707,no,no,yes,no,-0.7588757764679374,-1.4597234578681366,-0.741303890472032,0.012081689611110202,-1.0104291372918257,low,other
-0.5407679030461248,female,afam,-1.0433374243364621,no,no,yes,no,-0.7588757764679374,-1.4597234578681366,-0.741303890472032,0.012081689611110202,0.6663855055093747,low,other
-0.5405999438709257,male,other,0.5758474187009878,no,no,no,no,-0.7588757764679374,-1.4597234578681366,-0.741303890472032,0.012081689611110202,-0.45149092302475896,low,other
-0.5404319846957266,female,afam,-0.9065859893658479,no,no,no,no,-0.7588757764679374,-1.4597234578681366,-0.741303890472032,0.012081689611110202,-1.0104291372918257,low,other
-0.5402640255205275,female,other,-0.5790718458596703,no,no,yes,no,-0.7226908739029057,-1.4597234578681366,-0.523640766198534,0.012081689611110202,-1.0104291372918257,low,other
-0.5400960663453285,male,other,-0.4365741949461842,no,no,yes,no,-0.7226908739029057,-1.4597234578681366,-0.523640766198534,0.012081689611110202,-0.45149092302475896,high,other
-0.5399281071701293,male,other,-0.024021052957409805,no,no,yes,no,-0.7226908739029057,-1.4597234578681366,-0.523640766198534,0.012081689611110202,-1.0104291372918257,low,other
-0.5397601479949302,female,other,1.188356425659409,no,no,yes,no,-0.7226908739029057,-1.4597234578681366,-0.523640766198534,0.012081689611110202,-1.0104291372918257,low,other
-0.5395921888197311,female,other,-0.8066080568810245,no,no,yes,no,-0.7226908739029057,-1.4597234578681366,-0.523640766198534,0.012081689611110202,-1.0104291372918257,high,other
-0.5394242296445321,male,hispanic,0.40347146140831985,no,no,yes,yes,-0.9398004618363213,-1.4597234578681366,-0.6977712669147057,0.012081689611110202,-1.0104291372918257,low,other
-0.539256270469333,female,other,-0.8801550618526063,no,no,yes,yes,-0.9398004618363213,-1.4597234578681366,-0.6977712669147057,0.012081689611110202,-1.0104291372918257,low,other
-0.5390883112941339,female,other,-1.6926203721554027,no,no,yes,yes,-0.9398004618363213,-1.4597234578681366,-0.6977712669147057,0.012081689611110202,-1.0104291372918257,low,other
-0.5389203521189349,male,other,1.0056378933941919,no,no,yes,no,-0.7588757764679374,-1.6011907461372177,-0.0012493224318157802,-0.1852064114268365,-0.45149092302475896,low,other
-0.5387523929437358,female,other,-1.483470912376944,no,no,yes,no,-0.7588757764679374,-1.6011907461372177,-0.0012493224318157802,-0.1852064114268365,-1.0104291372918257,low,other
-0.5385844337685367,male,other,-1.8672947281502739,no,no,yes,no,-0.7588757764679374,-1.6011907461372177,-0.0012493224318157802,-0.1852064114268365,-1.0104291372918257,low,other
-0.5384164745933376,female,other,1.3032737305211874,no,no,yes,no,-0.7588757764679374,-1.6011907461372177,-0.0012493224318157802,-0.1852064114268365,-1.0104291372918257,low,other
-0.5382485154181386,male,other,0.1954709817935982,no,no,no,no,-0.7588757764679374,-1.6011907461372177,-0.0012493224318157802,-0.1852064114268365,-1.0104291372918257,low,other
-0.5380805562429395,male,afam,-1.879935701825026,no,no,yes,no,-0.7588757764679374,-1.6011907461372177,-0.0012493224318157802,-0.1852064114268365,-1.0104291372918257,low,other
-0.5379125970677404,male,other,-0.9720888180670835,yes,no,no,no,-1.2292800274430258,0.13364472261351334,-0.741303890472032,0.8215572055246599,0.6663855055093747,high,other
-0.5377446378925413,female,afam,1.2504118754947042,no,no,no,no,-1.2292800274430258,0.13364472261351334,-0.741303890472032,0.8215572055246599,-1.0104291372918257,low,other
-0.5375766787173423,female,other,-0.2791376100304715,no,no,yes,no,-1.2292800274430258,0.13364472261351334,-0.741303890472032,0.8215572055246599,0.1074472912423079,low,other
-0.5374087195421432,female,other,1.1688206942527763,yes,yes,yes,no,-1.2292800274430258,0.13364472261351334,-0.741303890472032,0.8215572055246599,0.1074472912423079,low,other
-0.5372407603669441,male,afam,-0.8881992381229524,no,no,no,no,-1.2292800274430258,0.13364472261351334,-0.741303890472032,0.8215572055246599,-0.45149092302475896,low,other
-0.537072801191745,male,other,-0.4089938488944767,no,no,yes,no,-1.2292800274430258,0.13364472261351334,-0.741303890472032,0.8215572055246599,-1.0104291372918257,low,other
-0.536904842016546,female,hispanic,-0.3837123399197009,yes,no,yes,no,-1.2292800274430258,0.13364472261351334,-0.741303890472032,0.8215572055246599,0.1074472912423079,low,other
-0.5367368828413469,male,other,0.5792947975669279,no,no,no,no,-1.2292800274430258,0.13364472261351334,-0.741303890472032,0.8215572055246599,-1.0104291372918257,low,other
-0.5365689236661477,female,afam,-1.3294817063271716,no,no,yes,no,-1.2292800274430258,0.13364472261351334,-0.741303890472032,0.8215572055246599,0.1074472912423079,high,other
-0.5364009644909487,male,other,0.9872511421512964,yes,yes,yes,no,-0.8312455815980007,-1.4597234578681366,-0.5671733994861597,0.012081689611110202,-1.0104291372918257,high,other
-0.5362330053157496,male,other,-0.8445305395305526,no,no,yes,no,-0.8312455815980007,-1.4597234578681366,-0.5671733994861597,0.012081689611110202,0.6663855055093747,low,other
-0.5360650461405505,female,other,0.3954272851379736,yes,yes,yes,no,-0.8312455815980007,-1.4597234578681366,-0.5671733994861597,0.012081689611110202,0.1074472912423079,low,other
-0.5358970869653514,female,other,0.04148177574382572,no,no,yes,no,-0.8312455815980007,-1.4597234578681366,-0.5671733994861597,0.012081689611110202,0.1074472912423079,low,other
-0.5357291277901524,male,other,-1.4915150886472903,no,no,yes,yes,-0.9398004618363213,-1.4597234578681366,-0.610706019800053,0.012081689611110202,-1.0104291372918257,low,other
-0.5355611686149533,male,other,-0.4733476974319751,no,yes,yes,yes,-0.9398004618363213,-1.4597234578681366,-0.610706019800053,0.012081689611110202,-1.0104291372918257,low,other
-0.5353932094397542,female,afam,-1.4156696849735055,no,yes,no,no,-1.2292800274430258,0.13364472261351334,-0.5671733994861597,0.8215572055246599,-1.0104291372918257,high,other
-0.5352252502645551,male,other,1.507826831269969,yes,no,yes,no,-1.2292800274430258,0.13364472261351334,-0.5671733994861597,0.8215572055246599,0.6663855055093747,high,other
-0.5350572910893561,female,hispanic,-1.1961776502224974,no,no,no,no,-1.2292800274430258,0.13364472261351334,-0.5671733994861597,0.8215572055246599,0.1074472912423079,low,other
-0.534889331914157,female,afam,0.8390077136696671,no,no,no,no,-1.2292800274430258,0.13364472261351334,-0.5671733994861597,0.8215572055246599,0.1074472912423079,low,other
-0.5347213727389579,female,other,0.2402886605497353,yes,yes,yes,no,-1.2292800274430258,0.13364472261351334,-0.5671733994861597,0.8215572055246599,0.6663855055093747,low,other
-0.5345534135637589,male,afam,-0.23776731014027463,no,no,yes,no,-1.2292800274430258,0.13364472261351334,-0.5671733994861597,0.8215572055246599,-0.45149092302475896,high,other
-0.5343854543885598,female,afam,0.19202360292765802,no,no,yes,no,-1.2292800274430258,0.13364472261351334,-0.5671733994861597,0.8215572055246599,1.2253237197764415,high,other
-0.5342174952133607,male,afam,0.4850626426502478,yes,no,yes,no,-1.2292800274430258,0.13364472261351334,-0.5671733994861597,0.8215572055246599,0.6663855055093747,high,other
-0.5340495360381616,female,afam,-0.956000465526391,no,no,yes,no,-1.2292800274430258,0.13364472261351334,-0.5671733994861597,0.8215572055246599,-1.0104291372918257,low,other
-0.5338815768629626,female,other,0.06906212179553319,no,no,yes,no,-0.8312455815980007,-1.4597234578681366,-0.5671733994861597,0.012081689611110202,-1.0104291372918257,low,other
-0.5337136176877635,male,other,0.4011730627061168,yes,no,yes,no,-0.8312455815980007,-1.4597234578681366,-0.5671733994861597,0.012081689611110202,-1.0104291372918257,low,other
-0.5335456585125644,male,other,-0.8261437882876571,no,no,yes,no,-0.8312455815980007,-1.4597234578681366,-0.5671733994861597,0.012081689611110202,-0.45149092302475896,low,other
-0.5333776993373653,male,other,1.50093163516336,no,no,no,no,-0.8312455815980007,0.13364472261351334,-0.2624450183677096,0.8215572055246599,1.2253237197764415,low,other
-0.5332097401621662,female,other,0.28165896043993216,yes,no,yes,no,-0.8312455815980007,0.13364472261351334,-0.2624450183677096,0.8215572055246599,0.6663855055093747,high,other
-0.5330417809869671,male,other,0.05412274941857795,no,no,yes,no,-0.8312455815980007,0.13364472261351334,-0.2624450183677096,0.8215572055246599,0.1074472912423079,low,other
-0.532873821811768,female,other,0.31958144308946024,no,no,no,no,-0.8312455815980007,0.13364472261351334,-0.2624450183677096,0.8215572055246599,-1.0104291372918257,low,other
-0.5327058626365689,male,other,-1.6811288170191163,no,yes,yes,no,-0.8312455815980007,0.13364472261351334,-0.2624450183677096,0.8215572055246599,-1.0104291372918257,low,other
-0.5325379034613699,female,other,-0.45381196602534246,no,no,yes,no,-0.8312455815980007,0.13364472261351334,-0.2624450183677096,0.8215572055246599,0.6663855055093747,low,other
-0.5323699442861708,male,other,-0.26189983895131325,no,no,no,no,-0.8312455815980007,0.13364472261351334,-0.2624450183677096,0.8215572055246599,-1.0104291372918257,low,other
-0.5322019851109717,male,afam,0.6321566525934113,no,no,yes,no,-0.8312455815980007,0.13364472261351334,-0.2624450183677096,0.8215572055246599,0.1074472912423079,low,other
-0.5320340259357726,female,other,-0.12399898544223319,no,no,yes,no,-0.8312455815980007,0.13364472261351334,-0.2624450183677096,0.8215572055246599,-1.0104291372918257,low,other
-0.5318660667605736,male,other,1.321660481764083,yes,yes,yes,no,-1.6634992033098568,0.13364472261351334,-0.1318471703997627,0.8215572055246599,1.2253237197764415,high,other
-0.5316981075853745,male,other,1.0929752905789916,no,no,yes,no,-1.6634992033098568,0.13364472261351334,-0.1318471703997627,0.8215572055246599,-0.45149092302475896,low,other
-0.5315301484101754,male,other,1.2446660979265611,yes,no,yes,no,-1.6634992033098568,0.13364472261351334,-0.1318471703997627,0.8215572055246599,-0.45149092302475896,high,other
-0.5313621892349764,female,other,0.3253276590323321,yes,no,yes,no,-1.6634992033098568,0.13364472261351334,-0.1318471703997627,0.8215572055246599,0.6663855055093747,high,other
-0.5311942300597773,male,hispanic,-0.1734134616027763,no,no,yes,no,-1.6634992033098568,0.13364472261351334,-0.1318471703997627,0.8215572055246599,-1.0104291372918257,high,other
-0.5310262708845782,female,afam,0.7137478338353392,yes,yes,yes,no,-1.6634992033098568,0.13364472261351334,-0.1318471703997627,0.8215572055246599,1.2253237197764415,high,other
-0.5308583117093791,female,other,-0.09526965922678854,yes,no,yes,no,-1.6634992033098568,0.13364472261351334,-0.1318471703997627,0.8215572055246599,0.1074472912423079,high,other
-0.5306903525341801,female,other,1.0194278472326812,yes,no,yes,no,-1.6634992033098568,0.13364472261351334,-0.1318471703997627,0.8215572055246599,1.2253237197764415,low,other
-0.530522393358981,male,other,0.26097381049483376,yes,yes,yes,no,-1.6634992033098568,0.13364472261351334,-0.1318471703997627,0.8215572055246599,-0.45149092302475896,low,other
-0.5303544341837819,female,other,-1.3777467639492489,no,no,yes,no,-1.6634992033098568,0.13364472261351334,-0.1318471703997627,0.8215572055246599,0.6663855055093747,low,other
-0.5301864750085828,female,other,0.16444325687595054,no,yes,yes,no,-1.6634992033098568,0.13364472261351334,-0.1318471703997627,0.8215572055246599,1.2253237197764415,high,other
-0.5300185158333838,male,other,0.19776938049580123,yes,yes,yes,no,-0.7226908739029057,-1.4597234578681366,1.391794631402627,0.012081689611110202,0.1074472912423079,high,other
-0.5298505566581846,female,other,1.4790970666797956,no,no,yes,no,-1.0845402446396735,-1.6011907461372177,-0.48010815885837343,-0.1852064114268365,-1.0104291372918257,high,other
-0.5296825974829855,female,other,1.6009095676481833,no,no,yes,no,-1.0845402446396735,-1.6011907461372177,-0.48010815885837343,-0.1852064114268365,1.7842619340435084,low,other
-0.5295146383077864,male,other,-0.24581148641062084,no,no,yes,no,-1.0845402446396735,-1.6011907461372177,-0.48010815885837343,-0.1852064114268365,-1.0104291372918257,high,other
-0.5293466791325874,female,other,0.7045546774012558,no,no,yes,no,-1.0845402446396735,-1.6011907461372177,-0.48010815885837343,-0.1852064114268365,1.2253237197764415,high,other
-0.5291787199573883,female,other,0.24488545795414132,no,no,yes,no,-1.8444238886782407,-1.7277667595903952,0.08581594414343584,1.0324530957586302,-1.0104291372918257,low,other
-0.5290107607821892,female,other,0.5804437777306651,yes,yes,yes,no,-1.8444238886782407,-1.7277667595903952,0.08581594414343584,1.0324530957586302,-0.45149092302475896,high,other
-0.5288428016069902,female,other,0.88497481096427,yes,yes,yes,no,-1.8444238886782407,-1.7277667595903952,0.08581594414343584,1.0324530957586302,1.2253237197764415,high,other
-0.5286748424317911,male,other,1.779031740883723,yes,yes,yes,no,-1.8444238886782407,-1.7277667595903952,0.08581594414343584,1.0324530957586302,0.1074472912423079,high,other
-0.528506883256592,female,other,0.22075292914310268,no,no,yes,no,-1.8444238886782407,-1.7277667595903952,0.08581594414343584,1.0324530957586302,0.1074472912423079,low,other
-0.5283389240813929,female,other,-0.46415454099789166,no,no,yes,no,-1.301649832573089,-1.4597234578681366,0.08581594414343584,0.012081689611110202,-0.45149092302475896,low,other
-0.5281709649061939,female,other,1.025174063175553,yes,no,no,no,-1.301649832573089,-1.4597234578681366,0.08581594414343584,0.012081689611110202,1.2253237197764415,high,other
-0.5280030057309948,male,other,-0.648022053426846,yes,no,yes,no,-1.301649832573089,-1.4597234578681366,0.08581594414343584,0.012081689611110202,1.7842619340435084,low,other
-0.5278350465557957,female,hispanic,-2.159184787709126,no,no,no,no,-1.301649832573089,-1.4597234578681366,0.08581594414343584,0.012081689611110202,-1.0104291372918257,low,other
-0.5276670873805966,male,other,0.18857578568698918,no,no,yes,no,-1.301649832573089,-1.4597234578681366,0.08581594414343584,0.012081689611110202,-1.0104291372918257,low,other
-0.5274991282053976,female,hispanic,0.6815711287539543,no,no,yes,no,-1.301649832573089,-1.4597234578681366,0.08581594414343584,0.012081689611110202,0.6663855055093747,low,other
-0.5273311690301985,male,afam,0.8424555309103359,no,no,yes,no,-1.301649832573089,-1.4597234578681366,0.08581594414343584,0.012081689611110202,-0.45149092302475896,low,other
-0.5271632098549994,male,other,0.5620570264877697,no,no,no,no,-0.9036155592712896,-1.6011907461372177,-0.6542386401139462,-0.1852064114268365,-1.0104291372918257,low,other
-0.5269952506798004,female,other,-0.40669588856700234,no,yes,yes,no,-1.301649832573089,-1.4597234578681366,-0.741303890472032,0.012081689611110202,1.7842619340435084,high,other
-0.5268272915046013,female,other,1.0458592131206514,no,no,yes,no,-1.301649832573089,-1.4597234578681366,-0.741303890472032,0.012081689611110202,1.2253237197764415,low,other
-0.5266593323294022,female,afam,0.5701012027581159,no,no,yes,no,-1.301649832573089,-1.4597234578681366,-0.741303890472032,0.012081689611110202,1.7842619340435084,low,other
-0.526491373154203,male,other,1.326257279168489,no,no,yes,no,-1.301649832573089,-1.4597234578681366,-0.741303890472032,0.012081689611110202,-1.0104291372918257,low,other
-0.526323413979004,female,hispanic,0.9010631635049624,no,no,yes,no,-1.8444238886782407,-1.7277667595903952,-0.1318471703997627,1.0324530957586302,0.6663855055093747,high,other
-0.5261554548038049,male,other,1.3595834027883396,yes,yes,yes,no,-1.8444238886782407,-1.7277667595903952,-0.1318471703997627,1.0324530957586302,-1.0104291372918257,high,other
-0.5259874956286058,female,other,0.5655048437284386,no,no,yes,no,-1.8444238886782407,-1.7277667595903952,-0.1318471703997627,1.0324530957586302,-1.0104291372918257,low,other
-0.5258195364534067,female,hispanic,0.36554854038406315,yes,yes,no,no,-1.8444238886782407,-1.7277667595903952,-0.1318471703997627,1.0324530957586302,1.2253237197764415,high,other
-0.5256515772782077,female,afam,-1.2226085777357392,no,no,no,no,-1.2292800274430258,0.13364472261351334,-0.34951028494296127,0.8215572055246599,-1.0104291372918257,low,other
-0.5254836181030086,female,other,0.9343892871248131,no,no,no,no,-1.2292800274430258,0.13364472261351334,-0.34951028494296127,0.8215572055246599,0.6663855055093747,high,other
-0.5253156589278095,male,other,-1.0513816006068084,no,no,yes,no,-1.2292800274430258,0.13364472261351334,-0.34951028494296127,0.8215572055246599,-1.0104291372918257,low,other
-0.5251476997526104,male,other,-0.5779224273212045,yes,no,yes,no,-1.2292800274430258,0.13364472261351334,-0.34951028494296127,0.8215572055246599,-0.45149092302475896,high,other
-0.5249797405774114,male,other,1.937617305963173,yes,no,yes,no,-1.2292800274430258,0.13364472261351334,-0.34951028494296127,0.8215572055246599,1.2253237197764415,high,other
-0.5248117814022123,female,other,-0.13319258025104522,no,no,yes,no,-1.2292800274430258,0.13364472261351334,-0.34951028494296127,0.8215572055246599,-1.0104291372918257,high,other
-0.5246438222270132,male,other,-0.738806829477586,yes,no,yes,no,-1.2292800274430258,0.13364472261351334,-0.34951028494296127,0.8215572055246599,-1.0104291372918257,low,other
-0.5244758630518142,female,other,-0.6537678309949893,no,no,yes,no,-1.2292800274430258,0.13364472261351334,-0.34951028494296127,0.8215572055246599,-1.0104291372918257,low,other
-0.5243079038766151,female,other,-1.076663547956313,no,no,yes,no,-1.2292800274430258,0.13364472261351334,-0.34951028494296127,0.8215572055246599,-1.0104291372918257,low,other
-0.524139944701416,female,other,1.592865391377837,no,no,yes,no,-0.46939621086123284,0.13364472261351334,0.042283310855810025,0.8215572055246599,1.2253237197764415,low,other
-0.5239719855262169,female,afam,-1.0261000916320326,no,no,no,no,-0.46939621086123284,0.13364472261351334,0.042283310855810025,0.8215572055246599,-1.0104291372918257,low,other
-0.5238040263510179,female,other,-0.7640883384523618,no,no,no,no,-0.46939621086123284,0.13364472261351334,0.042283310855810025,0.8215572055246599,-0.45149092302475896,low,other
-0.5236360671758188,male,other,0.3609517429796571,no,no,yes,no,-0.46939621086123284,0.13364472261351334,0.042283310855810025,0.8215572055246599,-1.0104291372918257,low,other
-0.5234681080006197,female,other,-0.7020333269917951,no,no,yes,no,0.25430253061230274,-1.4597234578681366,0.8694031357409784,0.012081689611110202,-1.0104291372918257,low,other
-0.5233001488254206,female,afam,-0.8801550618526063,no,no,yes,no,0.25430253061230274,-1.4597234578681366,0.8694031357409784,0.012081689611110202,-1.0104291372918257,low,other
-0.5231321896502215,male,other,0.07825527822961659,no,no,yes,no,0.25430253061230274,-1.4597234578681366,0.8694031357409784,0.012081689611110202,-1.0104291372918257,low,other
-0.5229642304750224,male,afam,-1.1571057490345036,no,no,yes,no,0.25430253061230274,-1.4597234578681366,0.8694031357409784,0.012081689611110202,-0.45149092302475896,low,other
-0.5227962712998233,male,afam,-1.9465875106899988,no,no,yes,no,-0.28847152549284893,-1.616082020953121,0.3034790586866344,-0.46750066456368017,-1.0104291372918257,low,other
-0.5226283121246242,male,afam,-1.5673604923210749,no,no,no,no,-0.28847152549284893,-1.616082020953121,0.3034790586866344,-0.46750066456368017,-1.0104291372918257,low,other
-0.5224603529494252,male,other,-0.8284421869898602,no,no,yes,no,-0.28847152549284893,-1.616082020953121,0.3034790586866344,-0.46750066456368017,-1.0104291372918257,low,other
-0.5222923937742261,male,other,0.7447755587529868,yes,no,yes,no,-0.28847152549284893,-1.616082020953121,0.3034790586866344,-0.46750066456368017,-0.45149092302475896,low,other
-0.522124434599027,male,other,-0.08492708425423931,no,no,no,no,-0.28847152549284893,-1.616082020953121,0.3034790586866344,-0.46750066456368017,-1.0104291372918257,low,other
-0.521956475423828,female,other,0.0885978532021658,no,no,yes,no,2.3892136799246524,0.48358950326924555,0.5211421732298329,-1.120541907379384,-1.0104291372918257,low,other
-0.5217885162486289,female,other,-0.08262912392676494,no,no,yes,no,2.3892136799246524,0.48358950326924555,0.5211421732298329,-1.120541907379384,-0.45149092302475896,low,other
-0.5216205570734298,female,other,-0.15732510906208386,no,no,no,no,2.3892136799246524,0.48358950326924555,0.5211421732298329,-1.120541907379384,0.1074472912423079,low,other
-0.5214525978982307,female,other,2.0766671396359904,no,no,no,no,2.3892136799246524,0.48358950326924555,0.5211421732298329,-1.120541907379384,0.6663855055093747,low,other
-0.5212846387230317,female,other,1.2055941967385673,no,no,yes,no,2.3892136799246524,0.48358950326924555,0.5211421732298329,-1.120541907379384,-1.0104291372918257,low,other
-0.5211166795478326,female,other,0.626410875025268,no,no,yes,no,2.3892136799246524,0.48358950326924555,0.5211421732298329,-1.120541907379384,0.6663855055093747,low,other
-0.5209487203726335,female,other,-1.3949845350284071,no,no,yes,no,2.3892136799246524,0.48358950326924555,0.5211421732298329,-1.120541907379384,-1.0104291372918257,low,other
-0.5207807611974344,female,other,1.1986990006319582,no,no,no,no,2.3892136799246524,0.48358950326924555,0.5211421732298329,-1.120541907379384,1.2253237197764415,low,other
-0.5206128020222354,female,other,-0.025170471495875625,no,no,no,no,-1.120725147204705,-1.616082020953121,0.3034790586866344,-0.46750066456368017,-1.0104291372918257,high,other
-0.5204448428470363,female,other,-0.7755803319633768,no,yes,no,no,-1.120725147204705,-1.616082020953121,0.3034790586866344,-0.46750066456368017,-1.0104291372918257,low,other
-0.5202768836718372,female,other,-0.5514914998079629,no,no,yes,no,-1.120725147204705,-1.616082020953121,0.3034790586866344,-0.46750066456368017,-1.0104291372918257,low,other
-0.5201089244966381,male,other,0.9964447369601084,no,no,yes,no,-1.120725147204705,-1.616082020953121,0.3034790586866344,-0.46750066456368017,-0.45149092302475896,low,other
-0.5199409653214391,female,other,-0.6169943285091983,no,yes,yes,no,-1.120725147204705,-1.616082020953121,0.3034790586866344,-0.46750066456368017,-0.45149092302475896,low,other
-0.51977300614624,male,afam,0.3609517429796571,no,no,yes,no,-0.14373191523272236,-1.616082020953121,1.391794631402627,-0.46750066456368017,1.2253237197764415,low,other
-0.5196050469710408,female,other,-0.06654033301134388,no,no,yes,no,-0.14373191523272236,-1.616082020953121,1.391794631402627,-0.46750066456368017,-0.45149092302475896,low,other
-0.5194370877958417,male,afam,-1.73743805091154,no,no,no,no,-0.14373191523272236,-1.616082020953121,1.391794631402627,-0.46750066456368017,-0.45149092302475896,low,other
-0.5192691286206427,male,other,0.48621162281398494,no,no,yes,no,-0.14373191523272236,-1.616082020953121,1.391794631402627,-0.46750066456368017,-1.0104291372918257,low,other
-0.5191011694454436,male,other,-0.7261658558028338,no,no,yes,no,-0.14373191523272236,-1.616082020953121,1.391794631402627,-0.46750066456368017,-1.0104291372918257,low,other
-0.5189332102702445,male,other,0.8229193611289746,no,no,no,no,-0.14373191523272236,-1.616082020953121,1.391794631402627,-0.46750066456368017,-1.0104291372918257,low,other
-0.5187652510950455,male,afam,-1.388089338921798,no,no,yes,no,-0.14373191523272236,-1.616082020953121,1.391794631402627,-0.46750066456368017,-1.0104291372918257,low,other
-0.5185972919198464,male,afam,-1.913261387070148,no,no,yes,no,-0.14373191523272236,-1.616082020953121,1.391794631402627,-0.46750066456368017,-1.0104291372918257,low,other
-0.5184293327446473,male,afam,-1.4168186651372427,no,no,yes,no,-0.14373191523272236,-1.616082020953121,1.391794631402627,-0.46750066456368017,-1.0104291372918257,low,other
-0.5182613735694482,female,other,-0.9548510469879252,no,no,yes,no,-0.14373191523272236,-1.616082020953121,1.391794631402627,-0.46750066456368017,-1.0104291372918257,low,other
-0.5180934143942492,male,hispanic,-1.2306527540060854,no,no,yes,no,-0.14373191523272236,-1.616082020953121,1.391794631402627,-0.46750066456368017,-1.0104291372918257,high,other
-0.5179254552190501,female,other,1.6135505413229356,no,no,yes,no,-0.14373191523272236,-1.616082020953121,1.391794631402627,-0.46750066456368017,1.2253237197764415,high,other
-0.517757496043851,male,other,-0.41014326743294255,no,no,no,no,-0.14373191523272236,-1.616082020953121,1.391794631402627,-0.46750066456368017,-1.0104291372918257,low,other
-0.517589536868652,female,other,0.495405217622797,no,no,yes,no,-0.32465660060110624,-1.7277667595903952,-0.5671733994861597,1.0324530957586302,-1.0104291372918257,high,other
-0.5174215776934529,female,other,-1.1479121542256916,no,no,no,no,-0.32465660060110624,-1.7277667595903952,-0.5671733994861597,1.0324530957586302,-1.0104291372918257,low,other
-0.5172536185182538,male,other,1.680202788562637,no,no,yes,no,-0.32465660060110624,-1.7277667595903952,-0.5671733994861597,1.0324530957586302,0.6663855055093747,low,other
-0.5170856593430547,female,other,1.0309198407436961,no,no,yes,no,-0.32465660060110624,-1.7277667595903952,-0.5671733994861597,1.0324530957586302,-1.0104291372918257,low,other
-0.5169177001678557,male,other,-1.4627857624318457,no,no,yes,no,-0.32465660060110624,-1.7277667595903952,-0.5671733994861597,1.0324530957586302,0.6663855055093747,high,other
-0.5167497409926566,female,other,-1.0433374243364621,no,no,yes,no,1.8102548937976952,0.48358950326924555,2.0447839750322228,-1.120541907379384,0.1074472912423079,high,other
-0.5165817818174575,female,other,-0.7100775032621414,no,no,yes,no,1.8102548937976952,0.48358950326924555,2.0447839750322228,-1.120541907379384,1.2253237197764415,high,other
-0.5164138226422584,female,other,-0.6330826810498907,no,no,yes,no,1.8102548937976952,0.48358950326924555,2.0447839750322228,-1.120541907379384,0.6663855055093747,low,other
-0.5162458634670593,female,other,-2.1545879903047203,no,no,yes,no,1.8102548937976952,0.48358950326924555,2.0447839750322228,-1.120541907379384,-1.0104291372918257,low,other
-0.5160779042918602,male,hispanic,-1.4938134873494933,no,no,yes,no,1.8102548937976952,0.48358950326924555,2.0447839750322228,-1.120541907379384,-1.0104291372918257,low,other
-0.5159099451166611,female,other,0.9780579857172129,no,no,yes,no,-0.14373191523272236,-1.7277667595903952,0.7823378691657268,1.0324530957586302,0.6663855055093747,low,other
-0.515741985941462,female,other,0.5160903675678954,no,no,yes,no,-0.14373191523272236,-1.7277667595903952,0.7823378691657268,1.0324530957586302,-0.45149092302475896,low,other
-0.515574026766263,female,other,-1.0341442679023787,no,no,no,no,-0.14373191523272236,-1.7277667595903952,0.7823378691657268,1.0324530957586302,-1.0104291372918257,low,other
-0.5154060675910639,male,other,-1.6995155682620118,no,no,yes,no,-0.14373191523272236,-1.7277667595903952,0.7823378691657268,1.0324530957586302,-1.0104291372918257,low,other
-0.5152381084158648,male,other,1.8732638958004033,yes,yes,yes,no,-0.14373191523272236,-1.7277667595903952,0.7823378691657268,1.0324530957586302,1.2253237197764415,high,other
-0.5150701492406657,female,afam,-1.2111170225994528,no,no,yes,no,-0.14373191523272236,-1.7277667595903952,0.7823378691657268,1.0324530957586302,0.1074472912423079,low,other
-0.5149021900654667,female,other,0.3310734366004753,no,no,yes,no,-0.14373191523272236,-1.7277667595903952,0.7823378691657268,1.0324530957586302,-0.45149092302475896,low,other
-0.5147342308902676,female,other,1.3883127290037842,no,no,yes,no,-0.14373191523272236,-1.7277667595903952,0.7823378691657268,1.0324530957586302,-1.0104291372918257,low,other
-0.5145662717150685,male,other,0.7321345850782346,no,yes,yes,no,-0.14373191523272236,-1.7277667595903952,0.7823378691657268,1.0324530957586302,1.2253237197764415,low,other
-0.5143983125398695,female,other,-0.3814139412174979,no,no,yes,no,-0.14373191523272236,-1.7277667595903952,0.7823378691657268,1.0324530957586302,-1.0104291372918257,low,other
-0.5142303533646704,female,other,-0.31820951121846536,no,no,yes,no,2.931987736029804,0.48358950326924555,0.95646840231623,-1.120541907379384,-0.45149092302475896,low,other
-0.5140623941894713,male,other,0.7482233759936557,no,no,yes,no,2.931987736029804,0.48358950326924555,0.95646840231623,-1.120541907379384,2.3432001483105753,low,other
-0.5138944350142722,male,other,0.5494160528130175,no,no,yes,no,2.931987736029804,0.48358950326924555,0.95646840231623,-1.120541907379384,0.6663855055093747,low,other
-0.5137264758390732,female,other,0.32992401806200944,no,no,yes,no,2.931987736029804,0.48358950326924555,0.95646840231623,-1.120541907379384,0.1074472912423079,low,other
-0.5135585166638741,female,other,-0.49633124607927653,no,no,yes,no,2.931987736029804,0.48358950326924555,0.95646840231623,-1.120541907379384,-1.0104291372918257,low,other
-0.513390557488675,male,other,0.8665880597213745,no,no,yes,no,2.931987736029804,0.48358950326924555,0.95646840231623,-1.120541907379384,1.2253237197764415,low,other
-0.5132225983134759,female,hispanic,-0.6721545822378846,no,no,no,no,2.931987736029804,0.48358950326924555,0.95646840231623,-1.120541907379384,-1.0104291372918257,low,other
-0.5130546391382769,female,other,0.4436923427600509,no,no,no,no,2.931987736029804,0.48358950326924555,0.95646840231623,-1.120541907379384,1.2253237197764415,high,other
-0.5128866799630777,male,hispanic,-0.34349102019324124,no,no,yes,no,1.8102548937976952,0.48358950326924555,0.5211421732298329,-1.120541907379384,-1.0104291372918257,low,other
-0.5127187207878786,male,other,-0.6123975311047923,no,no,yes,no,1.8102548937976952,0.48358950326924555,0.5211421732298329,-1.120541907379384,-1.0104291372918257,low,other
-0.5125507616126795,female,other,0.11617819925387328,no,no,yes,no,1.8102548937976952,0.48358950326924555,0.5211421732298329,-1.120541907379384,-1.0104291372918257,low,other
-0.5123828024374805,female,other,-1.6822777971828535,no,no,yes,no,1.8102548937976952,0.48358950326924555,0.5211421732298329,-1.120541907379384,-1.0104291372918257,low,other
-0.5122148432622814,female,other,-0.3871597187856411,no,no,yes,no,1.8102548937976952,0.48358950326924555,0.5211421732298329,-1.120541907379384,-0.45149092302475896,low,other
-0.5120468840870823,female,other,-0.813502814612905,no,no,yes,no,1.8102548937976952,0.48358950326924555,0.5211421732298329,-1.120541907379384,0.1074472912423079,low,other
-0.5118789249118832,male,other,-1.2363985315742285,no,no,yes,no,1.8102548937976952,0.48358950326924555,0.5211421732298329,-1.120541907379384,-1.0104291372918257,low,other
-0.5117109657366842,female,other,-1.6478026933992658,no,no,yes,no,1.8102548937976952,0.48358950326924555,0.5211421732298329,-1.120541907379384,-1.0104291372918257,low,other
-0.5115430065614851,female,other,0.10698460444506125,no,no,no,no,-0.39702640573116954,-1.6011907461372177,-0.6542386401139462,-0.1852064114268365,-1.0104291372918257,low,other
-0.511375047386286,female,afam,0.5586096476218295,no,no,no,no,-0.39702640573116954,-1.6011907461372177,-0.6542386401139462,-0.1852064114268365,-1.0104291372918257,low,other
-0.511207088211087,male,afam,-0.6192927272114014,no,no,no,no,-0.39702640573116954,-1.6011907461372177,-0.6542386401139462,-0.1852064114268365,-1.0104291372918257,low,other
-0.5110391290358879,male,afam,-0.829591605528326,no,no,no,no,-0.39702640573116954,-1.6011907461372177,-0.6542386401139462,-0.1852064114268365,-0.45149092302475896,low,other
-0.5108711698606888,male,other,1.197550020468221,no,no,no,no,0.5799668262408132,0.48358950326924555,-0.6977712669147057,-1.120541907379384,-1.0104291372918257,low,other
-0.5107032106854897,female,afam,-1.4202664823779114,yes,no,yes,no,0.5799668262408132,0.48358950326924555,-0.6977712669147057,-1.120541907379384,0.6663855055093747,high,other
-0.5105352515102907,female,afam,0.5275819227041818,no,yes,yes,no,0.5799668262408132,0.48358950326924555,-0.6977712669147057,-1.120541907379384,-1.0104291372918257,low,other
-0.5103672923350916,female,other,-0.7824750896952573,no,no,yes,no,0.5799668262408132,0.48358950326924555,-0.6977712669147057,-1.120541907379384,0.1074472912423079,low,other
-0.5101993331598925,male,afam,-0.4480657500824706,yes,no,yes,no,0.5799668262408132,0.48358950326924555,-0.6977712669147057,-1.120541907379384,-0.45149092302475896,low,other
-0.5100313739846934,female,other,0.5149409490294297,yes,yes,yes,no,0.5799668262408132,0.48358950326924555,-0.6977712669147057,-1.120541907379384,1.2253237197764415,high,other
-0.5098634148094944,female,other,0.8665880597213745,yes,yes,yes,no,0.5799668262408132,0.48358950326924555,-0.6977712669147057,-1.120541907379384,1.2253237197764415,low,other
-0.5096954556342953,female,afam,-0.13778937765545124,no,no,yes,no,0.5799668262408132,0.48358950326924555,-0.6977712669147057,-1.120541907379384,-1.0104291372918257,low,other
-0.5095274964590961,female,afam,-0.34349102019324124,no,no,no,no,0.5799668262408132,0.48358950326924555,-0.6977712669147057,-1.120541907379384,0.1074472912423079,low,other
-0.509359537283897,male,afam,-1.7477806258840891,no,no,yes,no,0.5799668262408132,0.48358950326924555,-0.6977712669147057,-1.120541907379384,-1.0104291372918257,low,other
-0.509191578108698,male,other,1.4790970666797956,yes,no,yes,no,1.1589259574542223,0.13364472261351334,-0.34951028494296127,0.8215572055246599,0.6663855055093747,low,other
-0.5090236189334989,female,other,-0.13089418154884222,no,no,no,no,1.1589259574542223,0.13364472261351334,-0.34951028494296127,0.8215572055246599,-0.45149092302475896,low,other
-0.5088556597582998,female,other,1.7583465909386247,no,no,yes,no,1.1589259574542223,0.13364472261351334,-0.34951028494296127,0.8215572055246599,-1.0104291372918257,low,other
-0.5086877005831008,female,other,-0.6089501522388522,no,no,yes,no,1.1589259574542223,0.13364472261351334,-0.34951028494296127,0.8215572055246599,-1.0104291372918257,low,other
-0.5085197414079017,male,other,-1.0479342217408683,no,no,yes,no,1.1589259574542223,0.13364472261351334,-0.34951028494296127,0.8215572055246599,-1.0104291372918257,high,other
-0.5083517822327026,female,afam,-0.5422983433738794,yes,no,yes,no,-0.10754684012446505,0.13364472261351334,-0.34951028494296127,0.8215572055246599,-1.0104291372918257,low,other
-0.5081838230575035,male,afam,-1.3685536075151654,no,no,yes,no,-0.10754684012446505,0.13364472261351334,-0.34951028494296127,0.8215572055246599,-1.0104291372918257,low,other
-0.5080158638823045,female,afam,-1.1789398791433392,no,no,yes,no,-0.10754684012446505,0.13364472261351334,-0.34951028494296127,0.8215572055246599,-1.0104291372918257,low,other
-0.5078479047071054,male,afam,0.4367971466534419,no,no,yes,no,-0.10754684012446505,0.13364472261351334,-0.34951028494296127,0.8215572055246599,-1.0104291372918257,low,other
-0.5076799455319063,male,other,0.6034273263779666,no,no,no,no,-0.10754684012446505,0.13364472261351334,-0.34951028494296127,0.8215572055246599,1.2253237197764415,low,other
-0.5075119863567072,female,other,-0.09297126052458553,no,no,yes,no,-0.10754684012446505,0.13364472261351334,-0.34951028494296127,0.8215572055246599,-1.0104291372918257,low,other
-0.5073440271815082,female,afam,0.04837697185043474,no,no,no,no,-0.46939621086123284,-1.616082020953121,0.08581594414343584,-0.46750066456368017,-1.0104291372918257,low,other
-0.5071760680063091,female,afam,-1.3283322877887056,no,no,yes,no,-0.46939621086123284,-1.616082020953121,0.08581594414343584,-0.46750066456368017,-1.0104291372918257,low,other
-0.50700810883111,male,other,0.6447976262681635,no,no,yes,no,-0.46939621086123284,-1.616082020953121,0.08581594414343584,-0.46750066456368017,1.2253237197764415,low,other
-0.506840149655911,female,afam,-1.1168848676827725,no,no,no,no,-0.46939621086123284,-1.616082020953121,0.08581594414343584,-0.46750066456368017,0.1074472912423079,low,other
-0.5066721904807119,male,afam,-0.40439748986479934,no,no,yes,no,-0.46939621086123284,-1.616082020953121,0.08581594414343584,-0.46750066456368017,-1.0104291372918257,low,other
-0.5065042313055128,female,other,0.8723338372895177,no,no,yes,no,-0.46939621086123284,-1.616082020953121,0.08581594414343584,-0.46750066456368017,0.6663855055093747,low,other
-0.5063362721303137,female,afam,0.2012167593617414,no,no,yes,no,-0.46939621086123284,-1.616082020953121,0.08581594414343584,-0.46750066456368017,1.2253237197764415,low,other
-0.5061683129551146,female,afam,-1.9546316869603448,no,no,no,no,-0.46939621086123284,-1.616082020953121,0.08581594414343584,-0.46750066456368017,-0.45149092302475896,low,other
-0.5060003537799155,male,afam,0.0851504743362256,no,no,yes,no,0.39904214087242934,-1.4597234578681366,2.2624470895754216,0.012081689611110202,-1.0104291372918257,low,other
-0.5058323946047164,male,other,-1.2766198513006883,no,no,yes,no,0.39904214087242934,-1.4597234578681366,2.2624470895754216,0.012081689611110202,-0.45149092302475896,high,other
-0.5056644354295173,male,other,-0.8744092842844631,yes,yes,yes,no,0.39904214087242934,-1.4597234578681366,2.2624470895754216,0.012081689611110202,1.2253237197764415,low,other
-0.5054964762543183,female,afam,-1.6133275896156778,no,no,yes,no,-0.14373191523272236,-1.616082020953121,0.5211421732298329,-0.46750066456368017,-1.0104291372918257,low,other
-0.5053285170791192,female,afam,-0.31820951121846536,no,no,yes,no,-0.14373191523272236,-1.616082020953121,0.5211421732298329,-0.46750066456368017,1.7842619340435084,low,other
-0.5051605579039201,female,other,-0.6238895246158074,no,no,yes,no,-0.14373191523272236,-1.616082020953121,0.5211421732298329,-0.46750066456368017,1.2253237197764415,low,other
-0.504992598728721,female,afam,-1.4064760901646935,no,no,no,no,-0.14373191523272236,-1.616082020953121,0.5211421732298329,-0.46750066456368017,-0.45149092302475896,low,other
-0.504824639553522,male,hispanic,-0.13089418154884222,no,no,yes,no,-0.14373191523272236,-1.616082020953121,0.5211421732298329,-0.46750066456368017,0.6663855055093747,high,other
-0.5046566803783229,male,other,0.6321566525934113,no,yes,yes,no,-0.14373191523272236,-1.616082020953121,0.5211421732298329,-0.46750066456368017,1.2253237197764415,low,other
-0.5044887212031238,male,afam,-1.082409325524456,no,no,yes,no,-0.14373191523272236,-1.616082020953121,0.5211421732298329,-0.46750066456368017,-1.0104291372918257,low,other
-0.5043207620279248,male,other,0.6516928223747726,yes,yes,yes,no,-0.14373191523272236,-1.616082020953121,0.5211421732298329,-0.46750066456368017,1.2253237197764415,high,other
-0.5041528028527257,male,afam,-0.6583646283993952,no,no,yes,no,-0.14373191523272236,-1.616082020953121,0.5211421732298329,-0.46750066456368017,0.6663855055093747,low,other
-0.5039848436775266,male,afam,-1.8132834545853247,no,no,no,no,-0.14373191523272236,-1.616082020953121,0.5211421732298329,-0.46750066456368017,-1.0104291372918257,low,other
-0.5038168845023275,female,afam,-1.221459597572002,no,no,yes,no,-0.14373191523272236,-1.616082020953121,0.5211421732298329,-0.46750066456368017,-1.0104291372918257,low,other
-0.5036489253271285,female,afam,-1.6340127395607764,no,no,no,no,-0.14373191523272236,-1.616082020953121,0.5211421732298329,-0.46750066456368017,-1.0104291372918257,low,other
-0.5034809661519294,male,other,0.20466413822768162,no,no,yes,no,-0.14373191523272236,-1.616082020953121,0.5211421732298329,-0.46750066456368017,-0.45149092302475896,low,other
-0.5033130069767303,male,afam,0.8229193611289746,no,no,yes,no,-0.2522866229278173,-1.7277667595903952,-0.741303890472032,1.0324530957586302,-0.45149092302475896,high,other
-0.5031450478015312,male,other,0.6907647235627664,no,no,yes,no,-0.2522866229278173,-1.7277667595903952,-0.741303890472032,1.0324530957586302,-0.45149092302475896,low,other
-0.5029770886263322,female,afam,-0.7422542083435262,no,no,yes,no,-0.2522866229278173,-1.7277667595903952,-0.741303890472032,1.0324530957586302,0.1074472912423079,low,other
-0.5028091294511331,male,afam,-1.2881114064369747,no,no,yes,no,-0.2522866229278173,-1.7277667595903952,-0.741303890472032,1.0324530957586302,-1.0104291372918257,high,other
-0.5026411702759339,female,other,0.889571608368676,yes,no,yes,no,-0.2522866229278173,-1.7277667595903952,-0.741303890472032,1.0324530957586302,1.2253237197764415,high,other
-0.5024732111007348,female,other,-1.1984760489247004,no,no,yes,no,-0.2522866229278173,-1.7277667595903952,-0.741303890472032,1.0324530957586302,-1.0104291372918257,low,other
-0.5023052519255358,female,other,0.2460344381178785,no,no,yes,no,0.14574765037398213,-1.4597234578681366,-0.48010815885837343,0.012081689611110202,0.1074472912423079,high,other
-0.5021372927503367,female,other,0.5482670726492803,no,no,yes,no,0.14574765037398213,-1.4597234578681366,-0.48010815885837343,0.012081689611110202,-1.0104291372918257,low,other
-0.5019693335751376,female,other,0.07136008212300757,no,no,yes,no,0.14574765037398213,-1.4597234578681366,-0.48010815885837343,0.012081689611110202,-1.0104291372918257,low,other
-0.5018013743999385,male,other,0.6402008288637575,no,no,yes,no,0.14574765037398213,-1.4597234578681366,-0.48010815885837343,0.012081689611110202,0.1074472912423079,low,other
-0.5016334152247395,male,other,-1.485769311079147,no,no,yes,no,0.14574765037398213,-1.4597234578681366,-0.48010815885837343,0.012081689611110202,-1.0104291372918257,high,other
-0.5014654560495404,male,afam,0.7355824023189035,no,yes,yes,no,0.14574765037398213,-1.4597234578681366,-0.48010815885837343,0.012081689611110202,1.2253237197764415,high,other
-0.5012974968743413,female,other,-0.6813481770466967,yes,no,yes,no,0.14574765037398213,-1.4597234578681366,-0.48010815885837343,0.012081689611110202,0.1074472912423079,low,other
-0.5011295376991423,female,hispanic,-0.15157933149394065,no,no,yes,no,0.14574765037398213,-1.4597234578681366,-0.48010815885837343,0.012081689611110202,-1.0104291372918257,low,other
-0.5009615785239432,male,other,1.5319593600810075,no,no,yes,no,0.14574765037398213,-1.4597234578681366,-0.48010815885837343,0.012081689611110202,1.2253237197764415,low,other
-0.5007936193487441,male,other,0.0024098745558318417,no,no,yes,no,0.8332613167392598,0.48358950326924555,0.042283310855810025,-1.120541907379384,0.1074472912423079,low,other
-0.500625660173545,female,other,-0.3929054963537843,no,no,yes,no,0.8332613167392598,0.48358950326924555,0.042283310855810025,-1.120541907379384,1.2253237197764415,low,other
-0.500457700998346,male,other,1.8583240850487195,no,no,yes,no,0.8332613167392598,0.48358950326924555,0.042283310855810025,-1.120541907379384,0.6663855055093747,low,other
-0.5002897418231469,female,other,-0.8927960355273585,no,no,yes,no,0.8332613167392598,0.48358950326924555,0.042283310855810025,-1.120541907379384,-1.0104291372918257,low,other
-0.5001217826479478,female,other,0.5137919688656924,yes,no,yes,no,0.8332613167392598,0.48358950326924555,0.042283310855810025,-1.120541907379384,0.1074472912423079,high,other
-0.4999538234727487,female,afam,-0.3147616939777966,no,no,yes,no,-0.9036155592712896,-1.6011907461372177,-0.43657552557074764,-0.1852064114268365,1.7842619340435084,low,other
-0.4997858642975496,female,afam,-1.263978877625936,no,no,no,no,-0.9036155592712896,-1.6011907461372177,-0.43657552557074764,-0.1852064114268365,-0.45149092302475896,low,other
-0.49961790512235055,female,afam,-1.3375258825975178,no,no,yes,no,-0.9036155592712896,-1.6011907461372177,-0.43657552557074764,-0.1852064114268365,-1.0104291372918257,low,other
-0.4994499459471515,male,afam,-0.4469167699187334,no,no,no,no,-0.9036155592712896,-1.6011907461372177,-0.43657552557074764,-0.1852064114268365,-1.0104291372918257,low,other
-0.4992819867719524,male,afam,-1.227205375140145,no,no,no,no,-0.9036155592712896,-1.6011907461372177,-0.43657552557074764,-0.1852064114268365,-1.0104291372918257,low,other
-0.49911402759675333,female,afam,-0.7698345543952336,no,no,no,no,-0.9036155592712896,-1.6011907461372177,-0.43657552557074764,-0.1852064114268365,1.2253237197764415,low,other
-0.49894606842155426,female,afam,-0.35383359516579044,yes,no,yes,no,-0.9036155592712896,-1.6011907461372177,-0.43657552557074764,-0.1852064114268365,0.1074472912423079,low,other
-0.4987781092463552,female,afam,0.404620441572057,no,no,yes,no,-0.9036155592712896,-1.6011907461372177,-0.43657552557074764,-0.1852064114268365,1.2253237197764415,high,other
-0.4986101500711561,male,afam,-0.8617683106097108,no,no,yes,no,-0.9036155592712896,-1.6011907461372177,-0.43657552557074764,-0.1852064114268365,-1.0104291372918257,high,other
-0.498442190895957,female,afam,-1.3788961824877146,no,no,yes,no,-0.9036155592712896,-1.6011907461372177,-0.43657552557074764,-0.1852064114268365,-0.45149092302475896,low,other
-0.4982742317207579,female,afam,-0.876707682986666,yes,no,no,no,-0.9036155592712896,-1.6011907461372177,-0.43657552557074764,-0.1852064114268365,-1.0104291372918257,low,other
-0.49810627254555884,female,afam,-1.69376935231914,no,no,no,no,-0.9036155592712896,-1.6011907461372177,-0.43657552557074764,-0.1852064114268365,-1.0104291372918257,low,other
-0.49793831337035976,male,afam,-0.9985197455803251,no,no,yes,no,-0.9036155592712896,-1.6011907461372177,-0.43657552557074764,-0.1852064114268365,-1.0104291372918257,low,other
-0.4977703541951607,male,afam,-0.31820951121846536,no,no,no,no,-0.9036155592712896,-1.6011907461372177,-0.43657552557074764,-0.1852064114268365,-1.0104291372918257,low,other
-0.4976023950199616,male,afam,-1.4616367822681084,no,no,yes,no,-0.8312455815980007,-1.4597234578681366,-0.0012493224318157802,0.012081689611110202,-0.45149092302475896,low,other
-0.49743443584476255,female,afam,-1.085857142765125,yes,yes,yes,no,-0.8312455815980007,-1.4597234578681366,-0.0012493224318157802,0.012081689611110202,0.1074472912423079,high,other
-0.4972664766695635,female,afam,-1.0674703915222294,no,no,yes,no,-0.8312455815980007,-1.4597234578681366,-0.0012493224318157802,0.012081689611110202,-0.45149092302475896,low,other
-0.4970985174943644,male,afam,-2.3108753758693314,no,no,no,no,-0.8312455815980007,-1.4597234578681366,-0.0012493224318157802,0.012081689611110202,-1.0104291372918257,low,other
-0.4969305583191653,male,afam,-0.2722424139238625,no,no,no,no,-0.8312455815980007,-1.4597234578681366,-0.0012493224318157802,0.012081689611110202,0.6663855055093747,low,other
-0.4967625991439662,male,afam,-2.2718034746813376,no,no,no,no,-0.8312455815980007,-1.4597234578681366,-0.0012493224318157802,0.012081689611110202,-1.0104291372918257,high,other
-0.4965946399687671,male,afam,-1.8086866571809186,no,no,no,no,-0.8312455815980007,-1.4597234578681366,-0.0012493224318157802,0.012081689611110202,-1.0104291372918257,low,other
-0.49642668079356805,female,afam,-1.2157133816291301,no,no,yes,no,-0.8312455815980007,-1.4597234578681366,-0.0012493224318157802,0.012081689611110202,1.2253237197764415,low,other
-0.496258721618369,male,afam,0.3425649917367617,no,no,yes,no,-1.301649832573089,0.13364472261351334,1.391794631402627,0.8215572055246599,1.2253237197764415,high,other
-0.4960907624431699,female,other,0.01619982839432126,no,yes,no,no,-1.301649832573089,0.13364472261351334,1.391794631402627,0.8215572055246599,-1.0104291372918257,high,other
-0.49592280326797084,male,afam,-0.4790934750001183,no,no,yes,no,-1.301649832573089,0.13364472261351334,1.391794631402627,0.8215572055246599,-1.0104291372918257,high,other
-0.49575484409277176,female,other,1.009085272260132,yes,no,yes,no,-1.301649832573089,0.13364472261351334,1.391794631402627,0.8215572055246599,1.2253237197764415,high,other
-0.4955868849175727,female,other,0.6057257250801696,no,no,yes,no,-1.301649832573089,0.13364472261351334,1.391794631402627,0.8215572055246599,0.6663855055093747,low,other
-0.4954189257423736,female,afam,-0.11020903160374378,no,no,yes,no,-1.301649832573089,0.13364472261351334,1.391794631402627,0.8215572055246599,-1.0104291372918257,high,other
-0.49525096656717454,male,other,0.3000457116828276,no,yes,yes,no,-1.301649832573089,0.13364472261351334,1.391794631402627,0.8215572055246599,-0.45149092302475896,low,other
-0.4950830073919754,male,other,0.8861237911280071,no,no,yes,no,-1.301649832573089,0.13364472261351334,1.391794631402627,0.8215572055246599,0.6663855055093747,high,other
-0.49491504821677634,female,other,0.09434363077030901,yes,no,yes,no,2.099734114317947,0.13364472261351334,-0.1318471703997627,0.8215572055246599,0.1074472912423079,low,other
-0.49474708904157727,female,afam,-1.7857035469083458,no,no,yes,no,2.099734114317947,0.13364472261351334,-0.1318471703997627,0.8215572055246599,-1.0104291372918257,low,other
-0.4945791298663782,female,other,-0.7181216795324875,yes,no,yes,no,2.099734114317947,0.13364472261351334,-0.1318471703997627,0.8215572055246599,0.1074472912423079,low,other
-0.4944111706911791,male,afam,-0.1171042277103528,no,no,yes,no,2.099734114317947,0.13364472261351334,-0.1318471703997627,0.8215572055246599,-1.0104291372918257,low,other
-0.49424321151598005,male,hispanic,-1.6719352222103043,no,no,yes,no,2.099734114317947,0.13364472261351334,-0.1318471703997627,0.8215572055246599,-1.0104291372918257,low,other
-0.494075252340781,female,other,0.11847615958134765,no,no,yes,no,2.099734114317947,0.13364472261351334,-0.1318471703997627,0.8215572055246599,1.2253237197764415,high,other
-0.4939072931655819,male,afam,-0.004485321550777182,no,no,yes,no,2.099734114317947,0.13364472261351334,-0.1318471703997627,0.8215572055246599,-0.45149092302475896,low,other
-0.49373933399038283,female,afam,-0.6181437470476642,no,no,yes,no,2.099734114317947,0.13364472261351334,-0.1318471703997627,0.8215572055246599,-1.0104291372918257,high,other
-0.49357137481518376,male,afam,-0.9065859893658479,yes,no,no,no,2.099734114317947,0.13364472261351334,-0.1318471703997627,0.8215572055246599,-0.45149092302475896,low,other
-0.49340341563998463,female,afam,-1.8178802519897306,no,no,yes,no,2.099734114317947,0.13364472261351334,-0.1318471703997627,0.8215572055246599,-1.0104291372918257,low,other
-0.49323545646478556,male,afam,-0.05275037917285446,no,no,yes,no,0.9780012720858383,0.13364472261351334,-0.741303890472032,0.8215572055246599,-1.0104291372918257,low,other
-0.4930674972895865,male,afam,1.0148314882030038,no,no,no,no,0.9780012720858383,0.13364472261351334,-0.741303890472032,0.8215572055246599,0.1074472912423079,low,other
-0.4928995381143874,female,afam,-0.8996907932592388,no,no,yes,no,0.9780012720858383,0.13364472261351334,-0.741303890472032,0.8215572055246599,-1.0104291372918257,low,other
-0.49273157893918834,male,other,1.865219719530057,yes,yes,yes,no,0.9780012720858383,0.13364472261351334,-0.741303890472032,0.8215572055246599,1.2253237197764415,low,other
-0.49256361976398927,female,afam,-0.8686630683415912,yes,no,yes,no,0.9780012720858383,0.13364472261351334,-0.741303890472032,0.8215572055246599,-1.0104291372918257,low,other
-0.4923956605887902,male,other,1.6779039514857053,no,no,no,no,0.9780012720858383,0.13364472261351334,-0.741303890472032,0.8215572055246599,-1.0104291372918257,low,other
-0.4922277014135911,male,other,0.6965105011309096,no,yes,yes,no,0.9780012720858383,0.13364472261351334,-0.741303890472032,0.8215572055246599,1.2253237197764415,high,other
-0.49205974223839205,male,afam,0.0862994544999628,no,no,yes,no,0.9780012720858383,0.13364472261351334,-0.741303890472032,0.8215572055246599,-1.0104291372918257,low,other
-0.491891783063193,female,other,1.6169979201888758,yes,yes,yes,no,0.9780012720858383,0.13364472261351334,-0.741303890472032,0.8215572055246599,1.2253237197764415,low,other
-0.49172382388799385,female,afam,0.2977473129806246,no,no,no,no,0.5799668262408132,-1.7277667595903952,0.390544325261886,1.0324530957586302,1.2253237197764415,low,other
-0.4915558647127948,male,afam,0.05067537055263775,no,no,yes,no,0.5799668262408132,-1.7277667595903952,0.390544325261886,1.0324530957586302,-1.0104291372918257,low,other
-0.4913879055375957,male,afam,-1.126078024116856,no,no,yes,no,0.5799668262408132,-1.7277667595903952,0.390544325261886,1.0324530957586302,-1.0104291372918257,low,other
-0.49121994636239663,female,afam,-1.6202223473475583,no,no,yes,no,0.5799668262408132,-1.7277667595903952,0.390544325261886,1.0324530957586302,-1.0104291372918257,high,other
-0.49105198718719756,female,afam,-1.6834267773465907,no,no,no,no,0.5799668262408132,-1.7277667595903952,0.390544325261886,1.0324530957586302,-1.0104291372918257,low,other
-0.4908840280119985,male,afam,-1.5167970359967946,no,no,no,no,0.5799668262408132,-1.7277667595903952,0.390544325261886,1.0324530957586302,-1.0104291372918257,low,other
-0.4907160688367994,female,other,0.6792727300517514,no,no,no,no,0.5799668262408132,-1.7277667595903952,0.390544325261886,1.0324530957586302,1.2253237197764415,high,other
-0.49054810966160034,female,afam,-1.30649815767987,no,no,no,no,0.5799668262408132,-1.7277667595903952,0.390544325261886,1.0324530957586302,0.6663855055093747,low,other
-0.49038015048640127,male,afam,-1.5156476174583289,no,no,no,no,0.5799668262408132,-1.7277667595903952,0.390544325261886,1.0324530957586302,-1.0104291372918257,low,other
-0.4902121913112022,female,afam,-1.307647576218336,no,no,yes,no,-0.9398004618363213,-1.4597234578681366,2.0447839750322228,0.012081689611110202,1.7842619340435084,low,other
-0.49004423213600307,female,hispanic,-0.1757118603049793,no,no,yes,no,-0.9398004618363213,-1.4597234578681366,2.0447839750322228,0.012081689611110202,-1.0104291372918257,low,other
-0.489876272960804,male,hispanic,-0.5434473235376166,no,no,yes,no,-0.9398004618363213,-1.4597234578681366,2.0447839750322228,0.012081689611110202,0.1074472912423079,high,other
-0.4897083137856049,female,afam,-1.4535921676230334,no,no,yes,no,-0.9398004618363213,-1.4597234578681366,-0.523640766198534,0.012081689611110202,-1.0104291372918257,low,other
-0.48954035461040585,female,afam,-1.4317580375141978,no,no,yes,no,-0.9398004618363213,-1.4597234578681366,-0.523640766198534,0.012081689611110202,0.1074472912423079,low,other
-0.4893723954352068,female,afam,-1.6397585171289195,no,no,yes,no,-0.9398004618363213,-1.4597234578681366,-0.523640766198534,0.012081689611110202,-1.0104291372918257,low,other
-0.4892044362600077,female,afam,-1.1030944754695544,no,no,yes,no,-0.9398004618363213,-1.4597234578681366,-0.523640766198534,0.012081689611110202,-1.0104291372918257,low,other
-0.48903647708480863,male,afam,-1.1122880702783664,no,yes,yes,yes,-0.7588757764679374,-1.7277667595903952,-0.5671733994861597,1.0324530957586302,0.1074472912423079,low,other
-0.48886851790960956,male,afam,-1.4202664823779114,yes,yes,no,yes,-0.7588757764679374,-1.7277667595903952,-0.5671733994861597,1.0324530957586302,-1.0104291372918257,low,other
-0.4887005587344105,male,afam,-0.5997569958047687,no,no,yes,yes,-0.7588757764679374,-1.7277667595903952,-0.5671733994861597,1.0324530957586302,0.6663855055093747,low,other
-0.4885325995592114,male,afam,0.6999578799968498,no,yes,yes,yes,-0.7588757764679374,-1.7277667595903952,-0.5671733994861597,1.0324530957586302,0.1074472912423079,low,other
-0.4883646403840123,male,other,-0.041258824036568054,no,no,yes,yes,-0.7588757764679374,-1.7277667595903952,-0.5671733994861597,1.0324530957586302,-1.0104291372918257,low,other
-0.4881966812088132,male,afam,-1.220310179033536,no,no,no,yes,0.5799668262408132,0.13364472261351334,-0.741303890472032,0.8215572055246599,-1.0104291372918257,low,other
-0.48802872203361414,male,afam,-0.3262536874888116,no,no,no,yes,0.5799668262408132,0.13364472261351334,-0.741303890472032,0.8215572055246599,-1.0104291372918257,low,other
-0.48786076285841506,male,afam,0.2908521168740156,no,no,no,yes,0.5799668262408132,0.13364472261351334,-0.741303890472032,0.8215572055246599,1.2253237197764415,low,other
-0.487692803683216,male,afam,0.5126425503272266,no,no,yes,yes,0.5799668262408132,0.13364472261351334,-0.741303890472032,0.8215572055246599,0.6663855055093747,low,other
-0.4875248445080169,female,afam,-0.517016396024375,no,no,no,yes,0.5799668262408132,0.13364472261351334,-0.741303890472032,0.8215572055246599,-1.0104291372918257,high,other
-0.48735688533281785,female,afam,-0.9364642957450298,no,no,no,yes,0.5799668262408132,0.13364472261351334,-0.741303890472032,0.8215572055246599,-1.0104291372918257,low,other
-0.4871889261576188,female,afam,0.5643554251899727,no,yes,yes,yes,0.5799668262408132,0.13364472261351334,-0.741303890472032,0.8215572055246599,-0.45149092302475896,high,other
-0.4870209669824197,female,afam,-0.39865171229665614,no,no,yes,no,0.32667233574236604,-1.616082020953121,-0.34951028494296127,-0.46750066456368017,1.2253237197764415,low,other
-0.48685300780722063,male,afam,0.8125767861564254,yes,no,yes,no,0.32667233574236604,-1.616082020953121,-0.34951028494296127,-0.46750066456368017,1.7842619340435084,high,other
-0.48668504863202156,female,other,0.9803559460446873,no,no,yes,no,0.32667233574236604,-1.616082020953121,-0.34951028494296127,-0.46750066456368017,0.1074472912423079,high,other
-0.4865170894568224,male,other,0.3046425090872336,no,no,yes,no,0.32667233574236604,-1.616082020953121,-0.34951028494296127,-0.46750066456368017,-1.0104291372918257,high,other
-0.48634913028162335,male,hispanic,0.2012167593617414,no,no,yes,no,0.32667233574236604,-1.616082020953121,-0.34951028494296127,-0.46750066456368017,0.6663855055093747,low,other
-0.4861811711064243,female,afam,-0.9376137142834956,no,no,yes,no,0.32667233574236604,-1.616082020953121,-0.34951028494296127,-0.46750066456368017,-1.0104291372918257,low,other
-0.4860132119312252,male,other,0.6103225224845756,no,no,yes,no,0.32667233574236604,-1.616082020953121,-0.34951028494296127,-0.46750066456368017,2.3432001483105753,high,other
-0.48584525275602614,female,afam,-0.10561223419933775,no,yes,yes,no,0.32667233574236604,-1.616082020953121,-0.34951028494296127,-0.46750066456368017,1.2253237197764415,low,other
-0.48567729358082706,female,other,-0.21018696408856716,no,no,yes,no,-0.7226908739029057,-1.4597234578681366,0.5211421732298329,0.012081689611110202,-1.0104291372918257,low,other
-0.485509334405628,male,other,0.9619691948017919,no,yes,yes,no,-0.7226908739029057,-1.4597234578681366,0.5211421732298329,0.012081689611110202,-1.0104291372918257,low,other
-0.4853413752304289,female,other,-1.082409325524456,no,no,yes,no,-0.7226908739029057,-1.4597234578681366,0.5211421732298329,0.012081689611110202,1.2253237197764415,low,other
-0.48517341605522984,male,other,0.8206209624267716,no,yes,yes,no,-0.7226908739029057,-1.4597234578681366,0.5211421732298329,0.012081689611110202,-0.45149092302475896,high,other
-0.48500545688003077,female,afam,0.18972520422545502,no,no,yes,no,-0.7226908739029057,-1.4597234578681366,0.5211421732298329,0.012081689611110202,0.1074472912423079,low,other
-0.48483749770483164,male,other,1.7767329038067914,no,no,yes,no,-0.7226908739029057,-1.4597234578681366,0.5211421732298329,0.012081689611110202,0.6663855055093747,low,other
-0.48466953852963257,male,other,-0.2664966363557193,no,no,yes,no,-0.7226908739029057,-1.4597234578681366,0.5211421732298329,0.012081689611110202,-0.45149092302475896,low,other
-0.4845015793544335,female,afam,0.09089625190436881,no,no,yes,yes,-1.0845402446396735,-1.7277667595903952,-0.48010815885837343,1.0324530957586302,0.6663855055093747,low,other
-0.4843336201792344,female,afam,0.2379902618475323,no,no,yes,yes,-1.0845402446396735,-1.7277667595903952,-0.48010815885837343,1.0324530957586302,0.6663855055093747,low,other
-0.48416566100403535,male,afam,-1.2444427078445748,no,no,yes,yes,-1.0845402446396735,-1.7277667595903952,-0.48010815885837343,1.0324530957586302,0.6663855055093747,high,other
-0.4839977018288363,female,other,-0.9353153155812926,no,no,yes,yes,-1.0845402446396735,-1.7277667595903952,-0.48010815885837343,1.0324530957586302,-1.0104291372918257,high,other
-0.4838297426536372,male,afam,0.8746322359917207,yes,yes,yes,yes,-1.0845402446396735,-1.7277667595903952,-0.48010815885837343,1.0324530957586302,0.1074472912423079,low,other
-0.48366178347843813,female,afam,-0.5262095524584584,yes,no,no,yes,-1.0845402446396735,-1.7277667595903952,-0.48010815885837343,1.0324530957586302,-1.0104291372918257,high,other
-0.48349382430323906,female,afam,-0.7893702858018663,no,no,yes,yes,-1.0845402446396735,-1.7277667595903952,-0.48010815885837343,1.0324530957586302,-0.45149092302475896,low,other
-0.48332586512804,male,afam,-0.46415454099789166,no,no,yes,yes,-1.0845402446396735,-1.7277667595903952,-0.48010815885837343,1.0324530957586302,0.1074472912423079,low,other
-0.48315790595284086,female,afam,-0.6687072033719444,no,no,yes,yes,-1.0845402446396735,-1.7277667595903952,-0.48010815885837343,1.0324530957586302,0.1074472912423079,low,other
-0.4829899467776418,female,afam,0.8987647648027594,no,no,yes,no,-0.14373191523272236,0.48358950326924555,-0.044781903824511096,-1.120541907379384,0.1074472912423079,low,other
-0.4828219876024427,male,other,1.7882244589430778,yes,no,no,no,-0.14373191523272236,0.48358950326924555,-0.044781903824511096,-1.120541907379384,-0.45149092302475896,low,other
-0.48265402842724364,female,other,-0.42967899883957517,no,no,yes,no,-0.14373191523272236,0.48358950326924555,-0.044781903824511096,-1.120541907379384,-1.0104291372918257,low,other
-0.48248606925204457,male,other,0.21845453044089966,yes,no,yes,no,-1.301649832573089,-1.4597234578681366,0.08581594414343584,0.012081689611110202,0.1074472912423079,low,other
-0.4823181100768455,female,afam,-2.216643220952651,no,no,no,no,-1.301649832573089,-1.4597234578681366,0.08581594414343584,0.012081689611110202,-1.0104291372918257,low,other
-0.4821501509016464,male,afam,-1.0226522743913637,no,no,yes,no,-1.301649832573089,-1.4597234578681366,0.08581594414343584,0.012081689611110202,-1.0104291372918257,low,other
-0.48198219172644735,female,other,-1.254785282817124,no,no,no,no,-1.301649832573089,-1.4597234578681366,0.08581594414343584,0.012081689611110202,0.6663855055093747,low,other
-0.4818142325512483,male,other,-1.2536363026533868,no,no,yes,no,-1.301649832573089,-1.4597234578681366,0.08581594414343584,0.012081689611110202,-0.45149092302475896,low,other
-0.4816462733760492,male,other,-0.5503425196442256,no,yes,yes,no,-1.301649832573089,-1.4597234578681366,0.08581594414343584,0.012081689611110202,-1.0104291372918257,high,other
-0.4814783142008501,male,other,1.8043128114837703,no,yes,yes,no,-1.301649832573089,-1.4597234578681366,0.08581594414343584,0.012081689611110202,0.6663855055093747,low,other
-0.481310355025651,female,afam,-1.44095163232301,no,no,yes,yes,-0.32465660060110624,-1.6011907461372177,-0.34951028494296127,-0.1852064114268365,1.2253237197764415,high,other
-0.48114239585045193,male,afam,-2.131604441657419,no,no,no,yes,-0.32465660060110624,-1.6011907461372177,-0.34951028494296127,-0.1852064114268365,-1.0104291372918257,low,other
-0.48097443667525286,male,afam,-1.4064760901646935,no,no,yes,yes,-0.32465660060110624,-1.6011907461372177,-0.34951028494296127,-0.1852064114268365,-1.0104291372918257,low,other
-0.4808064775000538,male,afam,-0.06194397398166649,no,no,no,yes,-0.32465660060110624,-1.6011907461372177,-0.34951028494296127,-0.1852064114268365,-1.0104291372918257,low,other
-0.4806385183248547,female,afam,-1.5558689371847885,no,no,yes,yes,-0.32465660060110624,-1.6011907461372177,-0.34951028494296127,-0.1852064114268365,-1.0104291372918257,low,other
-0.48047055914965564,female,afam,-1.6914713919916657,no,yes,yes,yes,-0.32465660060110624,-1.6011907461372177,-0.34951028494296127,-0.1852064114268365,0.6663855055093747,low,other
-0.48030259997445657,male,afam,-0.8215469908832511,no,no,yes,yes,-0.32465660060110624,-1.6011907461372177,-0.34951028494296127,-0.1852064114268365,-1.0104291372918257,high,other
-0.4801346407992575,male,other,-0.7250164372643679,no,no,yes,yes,-0.32465660060110624,-1.6011907461372177,-0.34951028494296127,-0.1852064114268365,-1.0104291372918257,low,other
-0.4799666816240584,female,afam,-1.482321493838478,yes,yes,yes,yes,-0.32465660060110624,-1.6011907461372177,-0.34951028494296127,-0.1852064114268365,-0.45149092302475896,low,other
-0.4797987224488593,female,other,0.10353722557912104,no,no,yes,yes,-0.32465660060110624,-1.6011907461372177,-0.34951028494296127,-0.1852064114268365,0.1074472912423079,low,other
-0.4796307632736602,male,afam,-0.521613193428781,no,no,yes,yes,-0.32465660060110624,-1.6011907461372177,-0.34951028494296127,-0.1852064114268365,0.1074472912423079,low,other
-0.47946280409846115,female,afam,-1.162851526602647,no,no,yes,no,-0.6141359936645852,-1.6011907461372177,0.8694031357409784,-0.1852064114268365,-1.0104291372918257,low,other
-0.4792948449232621,male,other,-1.3697025876789026,no,no,yes,no,-0.6141359936645852,-1.6011907461372177,0.8694031357409784,-0.1852064114268365,-1.0104291372918257,low,other
-0.479126885748063,female,other,-0.00678328187825156,no,no,yes,no,-0.6141359936645852,-1.6011907461372177,0.8694031357409784,-0.1852064114268365,-1.0104291372918257,high,other
-0.47895892657286393,female,afam,-1.2938571840051178,no,no,no,no,-0.6141359936645852,-1.6011907461372177,0.8694031357409784,-0.1852064114268365,-1.0104291372918257,low,other
-0.47879096739766486,female,other,-0.30212115867777295,no,no,yes,no,-0.6141359936645852,-1.6011907461372177,0.8694031357409784,-0.1852064114268365,-1.0104291372918257,low,other
-0.4786230082224658,male,hispanic,-1.8626979307458678,no,no,yes,no,-0.6141359936645852,-1.6011907461372177,0.8694031357409784,-0.1852064114268365,-1.0104291372918257,low,other
-0.4784550490472667,female,other,-1.162851526602647,no,no,yes,no,-0.6141359936645852,-1.6011907461372177,0.8694031357409784,-0.1852064114268365,1.7842619340435084,high,other
-0.47828708987206764,male,afam,-0.050451980470651456,no,no,yes,no,-0.6141359936645852,-1.6011907461372177,0.8694031357409784,-0.1852064114268365,0.6663855055093747,low,other
-0.4781191306968685,female,afam,-1.3949845350284071,no,no,yes,no,-0.6141359936645852,-1.6011907461372177,0.8694031357409784,-0.1852064114268365,-1.0104291372918257,low,other
-0.47795117152166944,female,afam,-2.2074498453312037,no,no,yes,yes,0.5799668262408132,0.13364472261351334,-0.34951028494296127,0.8215572055246599,-1.0104291372918257,low,other
-0.47778321234647037,female,afam,-1.3616584114085564,no,no,no,yes,0.5799668262408132,0.13364472261351334,-0.34951028494296127,0.8215572055246599,-0.45149092302475896,low,other
-0.4776152531712713,male,other,-0.5537898985101658,no,no,yes,no,1.1589259574542223,0.13364472261351334,-0.34951028494296127,0.8215572055246599,-1.0104291372918257,low,other
-0.4774472939960722,male,other,-1.1490615727641573,yes,no,no,no,1.1589259574542223,0.13364472261351334,-0.34951028494296127,0.8215572055246599,-1.0104291372918257,low,other
-0.47727933482087315,male,other,1.0010410959897857,no,no,yes,no,1.1589259574542223,0.13364472261351334,-0.34951028494296127,0.8215572055246599,0.1074472912423079,low,other
-0.4771113756456741,male,other,-0.8525747158008988,no,no,yes,no,1.1589259574542223,0.13364472261351334,-0.34951028494296127,0.8215572055246599,0.6663855055093747,high,other
-0.476943416470475,male,other,0.5298803214063849,no,no,yes,no,1.1589259574542223,0.13364472261351334,-0.34951028494296127,0.8215572055246599,0.1074472912423079,low,other
-0.47677545729527593,female,other,-1.5857472435639703,no,no,yes,no,1.1589259574542223,0.13364472261351334,-0.34951028494296127,0.8215572055246599,-1.0104291372918257,low,other
-0.47660749812007686,female,other,0.9872511421512964,no,no,yes,no,1.1589259574542223,0.13364472261351334,-0.34951028494296127,0.8215572055246599,-0.45149092302475896,low,other
-0.4764395389448777,female,other,-1.779957330965474,no,no,yes,no,1.1589259574542223,0.13364472261351334,-0.34951028494296127,0.8215572055246599,-1.0104291372918257,low,other
-0.47627157976967865,female,afam,-1.3030507788139298,no,no,yes,no,-1.301649832573089,-1.616082020953121,-0.610706019800053,-0.46750066456368017,1.2253237197764415,low,other
-0.4761036205944796,male,other,1.757197172400159,yes,no,yes,no,-1.301649832573089,-1.616082020953121,-0.610706019800053,-0.46750066456368017,1.7842619340435084,low,other
-0.4759356614192805,female,afam,-1.2950066025435836,no,no,no,no,-1.301649832573089,-1.616082020953121,-0.610706019800053,-0.46750066456368017,-1.0104291372918257,low,other
-0.47576770224408144,female,afam,-1.568509472484812,no,no,yes,no,-1.301649832573089,-1.616082020953121,-0.610706019800053,-0.46750066456368017,-1.0104291372918257,low,other
-0.47559974306888236,male,afam,0.04148177574382572,no,yes,yes,no,-1.301649832573089,-1.616082020953121,-0.610706019800053,-0.46750066456368017,2.3432001483105753,high,other
-0.4754317838936833,female,afam,-1.73743805091154,no,no,no,no,-1.301649832573089,-1.616082020953121,-0.610706019800053,-0.46750066456368017,1.2253237197764415,low,other
-0.4752638247184842,male,other,-0.4733476974319751,yes,yes,yes,yes,0.6161519013490705,0.48358950326924555,-0.741303890472032,-1.120541907379384,-0.45149092302475896,high,other
-0.47509586554328515,female,other,0.4563333164348031,no,no,yes,yes,0.6161519013490705,0.48358950326924555,-0.741303890472032,-1.120541907379384,1.2253237197764415,low,other
-0.4749279063680861,male,other,0.16674165557815357,no,no,yes,yes,0.6161519013490705,0.48358950326924555,-0.741303890472032,-1.120541907379384,-1.0104291372918257,low,other
-0.47475994719288694,female,other,-1.205370806656581,no,no,yes,yes,0.6161519013490705,0.48358950326924555,-0.741303890472032,-1.120541907379384,-1.0104291372918257,low,other
-0.47459198801768787,female,other,0.6447976262681635,yes,no,yes,yes,0.6161519013490705,0.48358950326924555,-0.741303890472032,-1.120541907379384,1.7842619340435084,low,other
-0.4744240288424888,male,other,-0.650320452129049,no,no,yes,yes,0.6161519013490705,0.48358950326924555,-0.741303890472032,-1.120541907379384,0.1074472912423079,high,other
-0.4742560696672897,male,other,0.24488545795414132,yes,no,no,yes,0.6161519013490705,0.48358950326924555,-0.741303890472032,-1.120541907379384,-0.45149092302475896,low,other
-0.47408811049209065,female,other,1.1343451520944599,no,yes,yes,yes,0.6161519013490705,0.48358950326924555,-0.741303890472032,-1.120541907379384,1.2253237197764415,high,other
-0.4739201513168916,female,other,-1.362807829947022,no,no,yes,no,0.43522721598068664,0.13364472261351334,-0.34951028494296127,0.8215572055246599,-1.0104291372918257,low,other
-0.4737521921416925,male,other,1.2998263516552473,no,no,yes,no,0.43522721598068664,0.13364472261351334,-0.34951028494296127,0.8215572055246599,0.1074472912423079,low,other
-0.47358423296649343,male,hispanic,-1.2708736353578165,no,yes,yes,no,0.43522721598068664,0.13364472261351334,-0.34951028494296127,0.8215572055246599,-1.0104291372918257,high,other
-0.47341627379129436,female,other,-0.5618340747805121,no,no,yes,no,0.43522721598068664,0.13364472261351334,-0.34951028494296127,0.8215572055246599,-1.0104291372918257,low,other
-0.4732483146160953,male,afam,-1.5179460161605318,no,no,yes,no,-0.9036155592712896,-1.6011907461372177,-0.34951028494296127,-0.1852064114268365,-1.0104291372918257,low,other
-0.47308035544089616,female,afam,-1.0088623205528744,no,no,yes,no,-0.9036155592712896,-1.6011907461372177,-0.34951028494296127,-0.1852064114268365,-1.0104291372918257,low,other
-0.4729123962656971,male,other,0.6758253511858111,no,no,yes,no,-0.9036155592712896,-1.6011907461372177,-0.34951028494296127,-0.1852064114268365,0.6663855055093747,low,other
-0.472744437090498,female,afam,-1.6029850146431286,yes,yes,yes,no,-0.9036155592712896,-1.6011907461372177,-0.34951028494296127,-0.1852064114268365,0.1074472912423079,low,other
-0.47257647791529894,female,afam,0.4816152637843076,no,no,no,yes,-0.9398004618363213,-1.4597234578681366,-0.1753798036873885,0.012081689611110202,0.1074472912423079,low,other
-0.47240851874009987,male,afam,0.18397942665731182,yes,no,yes,yes,-0.9398004618363213,-1.4597234578681366,-0.1753798036873885,0.012081689611110202,1.7842619340435084,high,other
-0.4722405595649008,female,other,-0.9192269630406001,no,yes,yes,yes,-0.9398004618363213,-1.4597234578681366,-0.1753798036873885,0.012081689611110202,1.2253237197764415,low,other
-0.4720726003897017,male,afam,-1.301901360275464,no,no,no,yes,-0.9398004618363213,-1.4597234578681366,-0.1753798036873885,0.012081689611110202,-1.0104291372918257,low,other
-0.47190464121450265,female,other,0.22305132784530568,no,no,yes,yes,-0.9398004618363213,-1.4597234578681366,-0.1753798036873885,0.012081689611110202,0.1074472912423079,high,other
-0.4717366820393036,female,afam,-1.1007960767673515,no,no,no,yes,-0.32465660060110624,-1.6011907461372177,-0.5671733994861597,-0.1852064114268365,-0.45149092302475896,low,other
-0.4715687228641045,male,afam,-0.8376357817986722,no,no,no,yes,-0.32465660060110624,-1.6011907461372177,-0.5671733994861597,-0.1852064114268365,0.1074472912423079,low,other
-0.4714007636889054,female,afam,-1.3214375300568253,no,no,no,yes,-0.32465660060110624,-1.6011907461372177,-0.5671733994861597,-0.1852064114268365,-1.0104291372918257,low,other
-0.4712328045137063,female,afam,-1.6845761958850567,no,no,no,yes,-0.32465660060110624,-1.6011907461372177,-0.5671733994861597,-0.1852064114268365,-1.0104291372918257,low,other
-0.47106484533850723,female,afam,-1.9385433344196525,no,no,yes,yes,-0.32465660060110624,-1.6011907461372177,-0.5671733994861597,-0.1852064114268365,-1.0104291372918257,low,other
-0.47089688616330816,female,afam,-1.2628294590874702,no,no,yes,yes,-0.32465660060110624,-1.6011907461372177,-0.5671733994861597,-0.1852064114268365,1.2253237197764415,low,other
-0.4707289269881091,female,afam,0.9183009345841207,no,no,no,yes,-0.32465660060110624,-1.6011907461372177,-0.5671733994861597,-0.1852064114268365,1.2253237197764415,low,other
-0.47056096781291,male,afam,-1.4501447887570933,no,no,yes,yes,-0.32465660060110624,-1.6011907461372177,-0.5671733994861597,-0.1852064114268365,-1.0104291372918257,low,other
-0.47039300863771094,male,hispanic,-1.5708078711870153,no,no,yes,yes,-0.32465660060110624,-1.6011907461372177,-0.5671733994861597,-0.1852064114268365,0.1074472912423079,low,other
-0.47022504946251187,female,afam,-0.9709398379033463,no,no,no,yes,-0.32465660060110624,-1.6011907461372177,-0.5671733994861597,-0.1852064114268365,-0.45149092302475896,low,other
-0.4700570902873128,male,other,1.0309198407436961,no,no,yes,no,-0.7226908739029057,-1.616082020953121,-0.1318471703997627,-0.46750066456368017,-1.0104291372918257,low,other
-0.4698891311121137,male,afam,-1.4915150886472903,no,no,no,no,-0.7226908739029057,-1.616082020953121,-0.1318471703997627,-0.46750066456368017,-1.0104291372918257,low,other
-0.46972117193691465,female,other,-0.25730304154690725,no,no,yes,no,-1.301649832573089,-1.4597234578681366,0.08581594414343584,0.012081689611110202,-0.45149092302475896,high,other
-0.4695532127617155,male,other,0.3908304877335676,no,no,yes,no,-1.301649832573089,-1.4597234578681366,0.08581594414343584,0.012081689611110202,1.2253237197764415,low,other
-0.46938525358651645,male,other,-0.31016533494811915,no,no,yes,no,-1.301649832573089,-1.4597234578681366,0.08581594414343584,0.012081689611110202,0.1074472912423079,low,other
-0.4692172944113174,female,other,0.9929969197194396,yes,no,yes,no,-1.301649832573089,-1.4597234578681366,0.08581594414343584,0.012081689611110202,1.2253237197764415,high,other
-0.4690493352361183,female,other,0.1862773869847862,yes,yes,no,no,-1.301649832573089,-1.4597234578681366,0.08581594414343584,0.012081689611110202,0.1074472912423079,low,other
-0.46888137606091923,male,other,0.04607857314823174,yes,yes,yes,no,-1.301649832573089,-1.4597234578681366,0.08581594414343584,0.012081689611110202,1.2253237197764415,low,other
-0.46871341688572016,male,other,1.2814396004123518,yes,yes,yes,yes,-0.7588757764679374,-1.7277667595903952,-0.43657552557074764,1.0324530957586302,1.2253237197764415,high,other
-0.4685454577105211,female,other,-1.1295254029827961,no,no,no,yes,-0.7588757764679374,-1.7277667595903952,-0.43657552557074764,1.0324530957586302,-1.0104291372918257,low,other
-0.468377498535322,male,other,-0.6468730732631088,no,no,no,yes,-0.7588757764679374,-1.7277667595903952,-0.43657552557074764,1.0324530957586302,-1.0104291372918257,low,other
-0.46820953936012294,female,other,2.059429368556832,yes,yes,yes,yes,-0.7588757764679374,-1.7277667595903952,-0.43657552557074764,1.0324530957586302,1.2253237197764415,low,other
-0.46804158018492387,female,other,1.0630965458250812,yes,yes,yes,yes,-0.7588757764679374,-1.7277667595903952,-0.43657552557074764,1.0324530957586302,1.2253237197764415,high,other
-0.46787362100972474,male,hispanic,-1.1111386517399007,no,no,no,yes,-0.7588757764679374,-1.7277667595903952,-0.43657552557074764,1.0324530957586302,-1.0104291372918257,low,other
-0.46770566183452567,male,other,0.015050848230584071,no,no,yes,yes,-0.7588757764679374,-1.7277667595903952,-0.43657552557074764,1.0324530957586302,-1.0104291372918257,low,other
-0.4675377026593266,female,afam,-0.6330826810498907,no,no,yes,yes,-0.7588757764679374,-1.7277667595903952,-0.43657552557074764,1.0324530957586302,1.2253237197764415,low,other
-0.4673697434841275,male,other,-2.047714861713288,no,no,yes,no,1.5569600582127954,0.48358950326924555,2.2624470895754216,-1.120541907379384,-1.0104291372918257,low,other
-0.46720178430892845,female,other,-0.335446843922895,no,no,yes,no,1.5569600582127954,0.48358950326924555,2.2624470895754216,-1.120541907379384,-0.45149092302475896,low,other
-0.4670338251337294,male,other,-0.727314835966571,no,no,yes,no,1.5569600582127954,0.48358950326924555,2.2624470895754216,-1.120541907379384,-1.0104291372918257,low,other
-0.4668658659585303,female,other,-1.959228484364751,no,no,yes,no,1.5569600582127954,0.48358950326924555,2.2624470895754216,-1.120541907379384,-1.0104291372918257,low,other
-0.46669790678333123,male,other,-0.33774524262509803,no,no,yes,no,1.5569600582127954,0.48358950326924555,2.2624470895754216,-1.120541907379384,-1.0104291372918257,low,other
-0.46652994760813216,female,afam,-1.1214812267124499,no,no,yes,no,-1.2654649300080574,-1.616082020953121,-0.6542386401139462,-0.46750066456368017,-1.0104291372918257,high,other
-0.4663619884329331,male,other,0.2988967315190904,no,no,yes,no,-1.2654649300080574,-1.616082020953121,-0.6542386401139462,-0.46750066456368017,-1.0104291372918257,low,other
-0.46619402925773396,male,other,0.9286435095566699,no,no,yes,no,-1.2654649300080574,-1.616082020953121,-0.6542386401139462,-0.46750066456368017,0.6663855055093747,high,other
-0.4660260700825349,female,afam,-1.0387410653067848,no,no,no,no,-1.2654649300080574,-1.616082020953121,-0.6542386401139462,-0.46750066456368017,-1.0104291372918257,low,other
-0.4658581109073358,female,hispanic,-1.4627857624318457,no,no,yes,no,-1.2654649300080574,-1.616082020953121,-0.6542386401139462,-0.46750066456368017,-1.0104291372918257,low,other
-0.46569015173213674,female,other,0.4459907414622539,yes,yes,yes,no,-1.2654649300080574,-1.616082020953121,-0.6542386401139462,-0.46750066456368017,2.3432001483105753,high,other
-0.46552219255693766,female,other,1.720423669914368,no,no,yes,no,-1.2654649300080574,-1.616082020953121,-0.6542386401139462,-0.46750066456368017,0.6663855055093747,low,other
-0.4653542333817386,female,other,-0.10331383549713474,no,no,yes,no,-1.2654649300080574,-1.616082020953121,-0.6542386401139462,-0.46750066456368017,-1.0104291372918257,low,other
-0.4651862742065395,female,other,1.3549866053839337,no,no,yes,no,-1.2654649300080574,-1.616082020953121,-0.6542386401139462,-0.46750066456368017,1.2253237197764415,high,other
-0.46501831503134045,female,other,-0.012529497821123396,no,no,yes,no,-0.7588757764679374,-1.6011907461372177,0.3034790586866344,-0.1852064114268365,1.2253237197764415,low,other
-0.4648503558561414,female,afam,-1.6776809997784476,no,no,yes,no,-0.7588757764679374,-1.6011907461372177,0.3034790586866344,-0.1852064114268365,0.1074472912423079,low,other
-0.4646823966809423,female,afam,0.21385773303649366,no,no,yes,no,-0.7588757764679374,-1.6011907461372177,0.3034790586866344,-0.1852064114268365,1.2253237197764415,low,other
-0.46451443750574317,female,afam,-0.36072879127239943,no,no,no,no,-0.7588757764679374,-1.6011907461372177,0.3034790586866344,-0.1852064114268365,1.2253237197764415,low,other
-0.4643464783305441,female,afam,-0.19524803008634053,no,no,yes,no,-0.7588757764679374,-1.6011907461372177,0.3034790586866344,-0.1852064114268365,-1.0104291372918257,low,other
-0.464178519155345,male,afam,-1.8086866571809186,no,no,yes,no,-0.7588757764679374,-1.6011907461372177,0.3034790586866344,-0.1852064114268365,0.6663855055093747,low,other
-0.46401055998014595,female,afam,-1.1111386517399007,no,no,no,no,-0.7588757764679374,-1.6011907461372177,0.3034790586866344,-0.1852064114268365,-1.0104291372918257,low,other
-0.4638426008049469,male,other,-0.6779003598060278,no,no,yes,no,-0.7588757764679374,-1.6011907461372177,0.3034790586866344,-0.1852064114268365,-1.0104291372918257,high,other
-0.4636746416297478,male,afam,-1.6052834133453318,no,no,no,no,-0.7588757764679374,-1.6011907461372177,0.3034790586866344,-0.1852064114268365,-1.0104291372918257,low,other
-0.46350668245454874,female,afam,-1.1904318726543544,no,no,yes,no,-0.7588757764679374,-1.6011907461372177,0.3034790586866344,-0.1852064114268365,-1.0104291372918257,low,other
-0.46333872327934966,female,afam,-1.7133055221005014,no,no,no,no,-0.7588757764679374,-1.6011907461372177,0.3034790586866344,-0.1852064114268365,-1.0104291372918257,low,other
-0.4631707641041506,male,other,0.9458808422610995,no,no,yes,no,-0.7588757764679374,-1.6011907461372177,0.3034790586866344,-0.1852064114268365,-1.0104291372918257,low,other
-0.4630028049289515,male,hispanic,-1.5880456422661735,no,no,yes,no,-0.7588757764679374,-1.6011907461372177,0.3034790586866344,-0.1852064114268365,-1.0104291372918257,low,other
-0.4628348457537524,female,afam,-0.16192190646648988,no,no,yes,no,-0.7588757764679374,-1.6011907461372177,0.3034790586866344,-0.1852064114268365,0.6663855055093747,low,other
-0.4626668865785533,male,other,0.12881873455389686,yes,no,yes,no,-0.46939621086123284,-1.4597234578681366,0.95646840231623,0.012081689611110202,1.2253237197764415,low,other
-0.46249892740335424,male,hispanic,-0.7974144620722124,yes,no,no,no,-0.46939621086123284,-1.4597234578681366,0.95646840231623,0.012081689611110202,-0.45149092302475896,high,other
-0.46233096822815517,male,other,-0.12170058674003018,yes,no,yes,no,-0.46939621086123284,-1.4597234578681366,0.95646840231623,0.012081689611110202,1.2253237197764415,high,other
-0.4621630090529561,male,other,0.5045983740568803,no,no,no,no,-0.46939621086123284,-1.4597234578681366,0.95646840231623,0.012081689611110202,0.1074472912423079,low,other
-0.461995049877757,male,other,-0.21823114035891336,no,no,yes,no,-0.46939621086123284,-1.4597234578681366,0.95646840231623,0.012081689611110202,-1.0104291372918257,low,other
-0.46182709070255795,male,other,-0.3342978637591578,no,no,yes,no,-0.39702640573116954,-1.616082020953121,0.7388052877730314,-0.46750066456368017,-1.0104291372918257,low,other
-0.4616591315273589,male,other,-0.7158232808302846,no,yes,yes,no,-0.39702640573116954,-1.616082020953121,0.7388052877730314,-0.46750066456368017,-1.0104291372918257,low,other
-0.4614911723521598,male,hispanic,-0.5296573696991272,no,no,yes,no,-0.39702640573116954,-1.616082020953121,0.7388052877730314,-0.46750066456368017,-0.45149092302475896,low,other
-0.46132321317696073,female,other,-0.5848176234278135,yes,no,yes,no,-0.4332113082962012,-1.4597234578681366,1.391794631402627,0.012081689611110202,-0.45149092302475896,high,other
-0.4611552540017616,female,other,-0.8583209317437707,no,no,yes,no,0.5799668262408132,-1.616082020953121,-0.43657552557074764,-0.46750066456368017,1.2253237197764415,low,other
-0.46098729482656253,female,other,0.5988305289735606,no,no,yes,no,0.5799668262408132,-1.616082020953121,-0.43657552557074764,-0.46750066456368017,0.1074472912423079,low,other
-0.46081933565136346,female,other,-0.5411489248354135,no,no,no,no,0.5799668262408132,-1.616082020953121,-0.43657552557074764,-0.46750066456368017,-1.0104291372918257,low,other
-0.4606513764761644,female,afam,-0.26419823765351624,no,no,yes,no,0.5799668262408132,-1.616082020953121,-0.43657552557074764,-0.46750066456368017,-1.0104291372918257,low,other
-0.4604834173009653,male,other,2.1249321972580675,yes,yes,yes,no,0.5799668262408132,-1.616082020953121,-0.43657552557074764,-0.46750066456368017,1.7842619340435084,high,other
-0.46031545812576624,male,afam,-1.525990192430878,no,no,yes,no,0.5799668262408132,-1.616082020953121,-0.43657552557074764,-0.46750066456368017,-0.45149092302475896,low,other
-0.46014749895056717,male,other,1.5687328625667984,yes,no,yes,no,0.5799668262408132,-1.616082020953121,-0.43657552557074764,-0.46750066456368017,1.2253237197764415,high,other
-0.4599795397753681,female,afam,-0.7985638806106783,no,no,yes,no,-0.46939621086123284,-1.616082020953121,0.3034790586866344,-0.46750066456368017,0.1074472912423079,low,other
-0.459811580600169,female,other,1.3354504356025725,no,no,no,no,-0.46939621086123284,-1.616082020953121,0.3034790586866344,-0.46750066456368017,-0.45149092302475896,low,other
-0.45964362142496995,female,afam,-0.12055160657629299,no,no,yes,no,-0.46939621086123284,-1.616082020953121,0.3034790586866344,-0.46750066456368017,-1.0104291372918257,low,other
-0.4594756622497708,female,other,-0.1320431617125794,no,no,yes,no,-0.46939621086123284,-1.616082020953121,0.3034790586866344,-0.46750066456368017,1.2253237197764415,low,other
-0.45930770307457175,female,afam,-1.2030728463291065,no,no,yes,no,-0.46939621086123284,-1.616082020953121,0.3034790586866344,-0.46750066456368017,-0.45149092302475896,low,other
-0.4591397438993727,male,other,0.8068310085882822,no,no,no,no,-1.0483553420746419,-1.4597234578681366,-0.48010815885837343,0.012081689611110202,-0.45149092302475896,low,other
-0.4589717847241736,female,other,-0.7882213056381291,no,yes,yes,no,-1.0483553420746419,-1.4597234578681366,-0.48010815885837343,0.012081689611110202,-0.45149092302475896,low,other
-0.45880382554897453,male,other,-0.3549830137042563,no,no,yes,no,-1.0483553420746419,-1.4597234578681366,-0.48010815885837343,0.012081689611110202,-1.0104291372918257,low,other
-0.45863586637377546,female,other,1.2320251242518088,yes,no,yes,no,-1.0483553420746419,-1.4597234578681366,-0.48010815885837343,0.012081689611110202,2.3432001483105753,high,other
-0.4584679071985764,female,other,-0.7146743006665474,no,no,yes,no,-1.0483553420746419,-1.4597234578681366,-0.48010815885837343,0.012081689611110202,-1.0104291372918257,high,other
-0.4582999480233773,female,other,1.6273409335361535,yes,no,no,no,-1.0483553420746419,-1.4597234578681366,-0.48010815885837343,0.012081689611110202,1.2253237197764415,low,other
-0.45813198884817824,male,other,0.11847615958134765,yes,no,yes,no,-1.0483553420746419,-1.4597234578681366,-0.48010815885837343,0.012081689611110202,-0.45149092302475896,high,other
-0.45796402967297917,female,other,0.533327700272325,no,no,no,no,-1.0483553420746419,-1.4597234578681366,-0.48010815885837343,0.012081689611110202,-1.0104291372918257,low,other
-0.45779607049778004,female,other,1.153881321875821,yes,no,yes,no,-1.0483553420746419,-1.4597234578681366,-0.48010815885837343,0.012081689611110202,-1.0104291372918257,low,other
-0.45762811132258097,female,afam,-0.8445305395305526,no,no,yes,no,-0.6503208962296168,-1.7277667595903952,-0.5671733994861597,1.0324530957586302,0.1074472912423079,low,other
-0.4574601521473819,female,afam,-1.576554087129887,no,no,yes,no,-0.6503208962296168,-1.7277667595903952,-0.5671733994861597,1.0324530957586302,-1.0104291372918257,low,other
-0.4572921929721828,female,other,-0.6307842823476878,yes,no,yes,no,-0.6503208962296168,-1.7277667595903952,-0.5671733994861597,1.0324530957586302,-1.0104291372918257,high,other
-0.45712423379698375,female,other,-1.0444868428749279,no,no,no,no,-0.6503208962296168,-1.7277667595903952,-0.5671733994861597,1.0324530957586302,-0.45149092302475896,low,other
-0.4569562746217847,female,afam,-1.2363985315742285,no,no,yes,no,-0.6503208962296168,-1.7277667595903952,-0.5671733994861597,1.0324530957586302,-1.0104291372918257,high,other
-0.4567883154465856,female,other,0.12537135568795668,no,no,yes,no,-0.6503208962296168,-1.7277667595903952,-0.5671733994861597,1.0324530957586302,-1.0104291372918257,high,other
-0.45662035627138653,male,other,0.1265207742264225,yes,no,no,no,-0.6503208962296168,-1.7277667595903952,-0.5671733994861597,1.0324530957586302,-1.0104291372918257,low,other
-0.45645239709618746,female,other,0.15754806076934152,no,no,yes,no,-0.6503208962296168,-1.7277667595903952,-0.5671733994861597,1.0324530957586302,1.2253237197764415,low,other
-0.4562844379209884,male,hispanic,-0.11595480917188698,yes,no,yes,no,-0.6503208962296168,-1.7277667595903952,-0.5671733994861597,1.0324530957586302,1.2253237197764415,low,other
-0.45611647874578926,male,afam,-1.0364426666045818,no,no,yes,no,-0.4332113082962012,-1.6011907461372177,-0.610706019800053,-0.1852064114268365,-0.45149092302475896,low,other
-0.4559485195705902,female,afam,-1.4317580375141978,no,no,no,no,-0.4332113082962012,-1.6011907461372177,-0.610706019800053,-0.1852064114268365,-1.0104291372918257,low,other
-0.4557805603953911,male,afam,-1.4915150886472903,no,no,yes,no,-0.4332113082962012,-1.6011907461372177,-0.610706019800053,-0.1852064114268365,-1.0104291372918257,low,other
-0.45561260122019204,male,afam,0.3931288864357706,no,no,yes,no,-0.4332113082962012,-1.6011907461372177,-0.610706019800053,-0.1852064114268365,0.1074472912423079,low,other
-0.45544464204499296,male,afam,-1.6845761958850567,no,no,yes,no,-0.4332113082962012,-1.6011907461372177,-0.610706019800053,-0.1852064114268365,-1.0104291372918257,low,other
-0.4552766828697939,male,afam,1.2044447782001013,no,no,yes,yes,-0.7226908739029057,-1.616082020953121,-0.6542386401139462,-0.46750066456368017,0.1074472912423079,low,other
-0.4551087236945948,female,afam,-0.9812824128758955,no,no,no,yes,-0.7226908739029057,-1.616082020953121,-0.6542386401139462,-0.46750066456368017,-1.0104291372918257,low,other
-0.45494076451939575,female,afam,0.09549304930877484,no,no,yes,yes,-0.7226908739029057,-1.616082020953121,-0.6542386401139462,-0.46750066456368017,0.6663855055093747,low,other
-0.4547728053441967,male,other,-0.9812824128758955,yes,no,yes,yes,-0.7226908739029057,-1.616082020953121,-0.6542386401139462,-0.46750066456368017,0.6663855055093747,low,other
-0.4546048461689976,male,other,-0.5468947024035568,no,no,yes,yes,-0.7226908739029057,-1.616082020953121,-0.6542386401139462,-0.46750066456368017,-0.45149092302475896,low,other
-0.4544368869937985,male,other,0.7137478338353392,no,no,no,yes,-0.7226908739029057,-1.616082020953121,-0.6542386401139462,-0.46750066456368017,0.1074472912423079,low,other
-0.4542689278185994,male,other,-0.5733256299167985,no,no,no,yes,-0.7226908739029057,-1.616082020953121,-0.6542386401139462,-0.46750066456368017,-1.0104291372918257,low,other
-0.4541009686434003,female,other,0.400023644167651,yes,yes,yes,yes,-0.7226908739029057,-1.616082020953121,-0.6542386401139462,-0.46750066456368017,1.2253237197764415,high,other
-0.45393300946820125,female,afam,-1.263978877625936,no,no,no,yes,-0.7226908739029057,-1.616082020953121,-0.6542386401139462,-0.46750066456368017,-1.0104291372918257,low,other
-0.4537650502930022,female,other,-0.3595798111086623,no,no,yes,yes,-0.7226908739029057,-1.616082020953121,-0.6542386401139462,-0.46750066456368017,1.2253237197764415,low,other
-0.4535970911178031,female,afam,-0.10101587516966037,no,no,yes,yes,-0.686505971337874,-1.7277667595903952,-0.6542386401139462,1.0324530957586302,-1.0104291372918257,low,other
-0.45342913194260404,male,afam,-0.7721329530974367,no,no,yes,yes,-0.686505971337874,-1.7277667595903952,-0.6542386401139462,1.0324530957586302,-1.0104291372918257,low,other
-0.45326117276740496,male,hispanic,0.4149630165446062,no,no,yes,yes,-0.686505971337874,-1.7277667595903952,-0.6542386401139462,1.0324530957586302,-1.0104291372918257,low,other
-0.4530932135922059,female,other,1.4021026828422738,yes,no,yes,yes,-0.686505971337874,-1.7277667595903952,-0.6542386401139462,1.0324530957586302,0.6663855055093747,high,other
-0.4529252544170068,male,other,1.1458371456054748,no,no,yes,yes,-0.686505971337874,-1.7277667595903952,-0.6542386401139462,1.0324530957586302,1.2253237197764415,low,other
-0.45275729524180774,male,other,0.6459466064319007,no,no,yes,yes,-0.686505971337874,-1.7277667595903952,-0.6542386401139462,1.0324530957586302,1.2253237197764415,high,other
-0.4525893360666086,male,other,0.21155933433429064,yes,yes,yes,yes,-0.686505971337874,-1.7277667595903952,-0.6542386401139462,1.0324530957586302,1.2253237197764415,low,other
-0.45242137689140954,female,afam,-0.5296573696991272,no,no,no,yes,-0.686505971337874,-1.7277667595903952,-0.6542386401139462,1.0324530957586302,0.1074472912423079,low,other
-0.45225341771621047,female,other,0.38163689292475556,no,no,no,yes,-0.686505971337874,-1.7277667595903952,-0.6542386401139462,1.0324530957586302,1.2253237197764415,high,other
-0.4520854585410114,female,other,1.7307658065121885,yes,no,yes,yes,-0.686505971337874,-1.7277667595903952,-0.6542386401139462,1.0324530957586302,1.2253237197764415,low,other
-0.4519174993658123,female,afam,-1.1617025464389097,no,no,yes,yes,-0.686505971337874,-1.7277667595903952,-0.6542386401139462,1.0324530957586302,-1.0104291372918257,low,other
-0.45174954019061325,female,afam,1.5859706336459567,no,no,yes,yes,-0.686505971337874,-1.7277667595903952,-0.6542386401139462,1.0324530957586302,1.7842619340435084,low,other
-0.4515815810154142,male,afam,-0.3952038950559873,no,no,no,yes,-0.686505971337874,-1.7277667595903952,-0.6542386401139462,1.0324530957586302,-0.45149092302475896,low,other
-0.4514136218402151,male,hispanic,-1.2628294590874702,no,no,yes,yes,-1.0845402446396735,-1.616082020953121,-0.5671733994861597,-0.46750066456368017,0.1074472912423079,low,other
-0.45124566266501603,female,other,-0.005634301714514372,no,yes,yes,yes,-1.0845402446396735,-1.616082020953121,-0.5671733994861597,-0.46750066456368017,1.2253237197764415,low,other
-0.45107770348981696,female,other,1.375671755329032,no,no,yes,yes,-1.0845402446396735,-1.616082020953121,-0.5671733994861597,-0.46750066456368017,0.6663855055093747,high,other
-0.45090974431461783,female,other,0.6850185076198946,no,no,no,yes,-1.0845402446396735,-1.616082020953121,-0.5671733994861597,-0.46750066456368017,1.2253237197764415,low,other
-0.45074178513941876,female,other,-0.6836465757488996,no,no,yes,yes,-1.0845402446396735,-1.616082020953121,-0.5671733994861597,-0.46750066456368017,-0.45149092302475896,low,other
-0.4505738259642197,male,other,-1.907515609502005,no,no,no,yes,-1.0845402446396735,-1.616082020953121,-0.5671733994861597,-0.46750066456368017,-1.0104291372918257,low,other
-0.4504058667890206,male,afam,-1.5800014659958272,no,no,yes,yes,-1.0845402446396735,-1.616082020953121,-0.5671733994861597,-0.46750066456368017,-1.0104291372918257,high,other
-0.45023790761382154,male,afam,-1.6834267773465907,no,no,yes,yes,-1.0845402446396735,-1.616082020953121,-0.5671733994861597,-0.46750066456368017,-1.0104291372918257,low,other
-0.45006994843862247,female,other,-0.22282793776331938,no,no,yes,yes,-1.0845402446396735,-1.616082020953121,-0.5671733994861597,-0.46750066456368017,1.2253237197764415,low,other
-0.4499019892634234,male,other,1.5032300338655629,yes,yes,yes,yes,-1.0845402446396735,-1.616082020953121,-0.5671733994861597,-0.46750066456368017,1.7842619340435084,high,other
-0.4497340300882243,male,other,0.9838037632853561,no,no,no,yes,-1.0845402446396735,-1.616082020953121,-0.5671733994861597,-0.46750066456368017,-1.0104291372918257,low,other
-0.44956607091302525,female,afam,-1.3639568101107593,yes,no,yes,yes,-1.0845402446396735,-1.616082020953121,-0.5671733994861597,-0.46750066456368017,0.1074472912423079,high,other
-0.4493981117378262,female,afam,0.2586754117926307,no,no,no,no,-0.8312455815980007,-1.4597234578681366,-0.1318471703997627,0.012081689611110202,0.6663855055093747,low,other
-0.44923015256262705,male,afam,-1.623670164588227,no,no,yes,no,-0.8312455815980007,-1.4597234578681366,-0.1318471703997627,0.012081689611110202,-1.0104291372918257,low,other
-0.449062193387428,female,other,-1.480023533511004,no,no,yes,no,-0.8312455815980007,-1.4597234578681366,-0.1318471703997627,0.012081689611110202,-1.0104291372918257,low,other
-0.4488942342122289,male,other,-0.41129224759667976,no,no,yes,no,-0.8312455815980007,-1.4597234578681366,-0.1318471703997627,0.012081689611110202,1.2253237197764415,high,other
-0.44872627503702983,female,afam,-0.09986645663119455,no,no,yes,no,-0.8312455815980007,-1.4597234578681366,-0.1318471703997627,0.012081689611110202,-0.45149092302475896,low,other
-0.44855831586183076,female,afam,-1.3616584114085564,no,no,yes,no,-0.8312455815980007,-1.4597234578681366,-0.1318471703997627,0.012081689611110202,-1.0104291372918257,low,other
-0.4483903566866317,female,afam,-0.4917344486748705,no,no,yes,no,-0.8312455815980007,-1.4597234578681366,-0.1318471703997627,0.012081689611110202,0.6663855055093747,low,other
-0.4482223975114326,female,other,1.0722901406338932,yes,yes,yes,no,-0.8312455815980007,-1.4597234578681366,-0.1318471703997627,0.012081689611110202,1.7842619340435084,low,other
-0.44805443833623354,male,hispanic,0.2586754117926307,no,no,yes,no,0.6161519013490705,-1.5639623815794608,1.8271208604890243,0.2025359623909809,-1.0104291372918257,low,other
-0.44788647916103447,female,other,0.185128406821049,no,no,yes,no,0.6161519013490705,-1.5639623815794608,1.8271208604890243,0.2025359623909809,-1.0104291372918257,low,other
-0.4477185199858354,male,other,0.35635538394997973,yes,yes,yes,no,-0.867430656706258,-0.9236368544236194,-0.6542386401139462,-0.586556750004666,-1.0104291372918257,high,other
-0.44755056081063627,male,other,0.3253276590323321,yes,yes,yes,no,-0.867430656706258,-0.9236368544236194,-0.6542386401139462,-0.586556750004666,0.6663855055093747,high,other
-0.4473826016354372,male,other,1.1791632692253255,no,yes,yes,no,-0.867430656706258,-0.9236368544236194,-0.6542386401139462,-0.586556750004666,0.1074472912423079,low,other
-0.4472146424602381,male,hispanic,-1.6615926472377551,no,no,no,no,-0.867430656706258,-0.9236368544236194,-0.6542386401139462,-0.586556750004666,-1.0104291372918257,low,other
-0.44704668328503905,female,other,0.5321787201085879,no,no,no,no,-0.867430656706258,-0.9236368544236194,-0.6542386401139462,-0.586556750004666,-1.0104291372918257,low,other
-0.44687872410984,male,other,0.1345649504967687,no,no,yes,no,-0.7588757764679374,-1.5639623815794608,-0.741303890472032,0.2025359623909809,1.2253237197764415,low,other
-0.4467107649346409,female,other,-0.8387847619624094,yes,no,yes,no,-0.7588757764679374,-1.5639623815794608,-0.741303890472032,0.2025359623909809,-0.45149092302475896,high,other
-0.44654280575944183,male,other,0.48391322411178195,no,no,no,no,-0.7588757764679374,-1.5639623815794608,-0.741303890472032,0.2025359623909809,-0.45149092302475896,low,other
-0.44637484658424276,male,other,-0.13893835781918842,no,no,yes,no,-0.7588757764679374,-1.5639623815794608,-0.741303890472032,0.2025359623909809,-0.45149092302475896,low,other
-0.4462068874090437,male,other,-0.29982275997556995,yes,yes,yes,no,-0.7588757764679374,-1.5639623815794608,-0.741303890472032,0.2025359623909809,2.3432001483105753,low,other
-0.4460389282338446,female,other,0.9332398685863472,no,no,yes,yes,-0.7588757764679374,-1.5639623815794608,-0.6542386401139462,0.2025359623909809,1.2253237197764415,high,other
-0.4458709690586455,male,other,0.8263671783696435,no,no,yes,yes,-0.7588757764679374,-1.5639623815794608,-0.6542386401139462,0.2025359623909809,1.2253237197764415,low,other
-0.4457030098834464,female,hispanic,0.6700795736176679,yes,no,yes,yes,-0.7588757764679374,-1.5639623815794608,-0.6542386401139462,0.2025359623909809,1.2253237197764415,high,other
-0.44553505070824734,female,other,-0.7594919794226844,yes,no,yes,yes,-0.7588757764679374,-1.5639623815794608,-0.6542386401139462,0.2025359623909809,-1.0104291372918257,low,other
-0.44536709153304826,female,other,-1.4064760901646935,no,no,no,yes,-0.7588757764679374,-1.5639623815794608,-0.6542386401139462,0.2025359623909809,-1.0104291372918257,low,other
-0.4451991323578492,female,other,0.586189993673537,no,no,no,yes,-0.7588757764679374,-1.5639623815794608,-0.6542386401139462,0.2025359623909809,1.2253237197764415,low,other
-0.4450311731826501,male,other,-0.25615406138317004,no,no,yes,yes,-0.7588757764679374,-1.5639623815794608,-0.6542386401139462,0.2025359623909809,1.2253237197764415,low,other
-0.44486321400745105,male,afam,0.5045983740568803,no,no,no,yes,-0.7588757764679374,-1.5639623815794608,-0.6542386401139462,0.2025359623909809,2.3432001483105753,low,other
-0.444695254832252,female,other,-0.9778345956352267,no,no,no,no,-0.4332113082962012,-0.9236368544236194,-0.741303890472032,-0.586556750004666,-1.0104291372918257,low,other
-0.4445272956570529,male,afam,-1.4122223061075654,no,no,no,no,-0.4332113082962012,-0.9236368544236194,-0.741303890472032,-0.586556750004666,-1.0104291372918257,low,other
-0.44435933648185383,male,other,1.1895058441978748,no,no,yes,no,-0.4332113082962012,-0.9236368544236194,-0.741303890472032,-0.586556750004666,1.2253237197764415,low,other
-0.4441913773066547,male,other,-0.8238453895854542,yes,yes,no,no,-0.4332113082962012,-0.9236368544236194,-0.741303890472032,-0.586556750004666,-1.0104291372918257,high,other
-0.4440234181314556,female,other,-0.20329220635668677,no,no,yes,no,-0.4332113082962012,-0.9236368544236194,-0.741303890472032,-0.586556750004666,1.2253237197764415,high,other
-0.44385545895625655,female,other,0.20236617790020725,yes,yes,no,no,-1.4102046265397967,-1.5639623815794608,-0.5671733994861597,0.2025359623909809,1.2253237197764415,high,other
-0.4436874997810575,female,other,-1.0077133403891372,no,no,yes,no,-1.4102046265397967,-1.5639623815794608,-0.5671733994861597,0.2025359623909809,1.2253237197764415,high,other
-0.4435195406058584,female,other,-0.5986075772663029,yes,no,yes,no,-1.4102046265397967,-1.5639623815794608,-0.5671733994861597,0.2025359623909809,1.2253237197764415,high,other
-0.44335158143065934,male,other,0.490808420218391,no,no,yes,no,-1.4102046265397967,-1.5639623815794608,-0.5671733994861597,0.2025359623909809,-1.0104291372918257,low,other
-0.44318362225546026,female,other,0.1989183606595384,no,no,yes,no,-1.4102046265397967,-1.5639623815794608,-0.5671733994861597,0.2025359623909809,-0.45149092302475896,low,other
-0.4430156630802612,female,other,0.7826984797772436,no,no,no,no,-1.4102046265397967,-1.5639623815794608,-0.5671733994861597,0.2025359623909809,-0.45149092302475896,low,other
-0.4428477039050621,male,other,-1.735139652209337,no,no,yes,no,-1.4102046265397967,-1.5639623815794608,-0.5671733994861597,0.2025359623909809,-1.0104291372918257,low,other
-0.44267974472986305,female,afam,-1.3191391313546224,no,no,yes,no,1.6293302084293113,-0.32054004686153076,0.7388052877730314,-0.42667641915566656,-1.0104291372918257,low,other
-0.4425117855546639,male,other,-0.20099380765448374,no,no,yes,no,1.6293302084293113,-0.32054004686153076,0.7388052877730314,-0.42667641915566656,-1.0104291372918257,low,other
-0.44234382637946484,female,other,1.5790749991646191,yes,yes,yes,no,1.6293302084293113,-0.32054004686153076,0.7388052877730314,-0.42667641915566656,1.2253237197764415,low,other
-0.44217586720426577,male,hispanic,-0.8422321408283495,no,no,yes,no,1.6293302084293113,-0.32054004686153076,0.7388052877730314,-0.42667641915566656,-1.0104291372918257,low,other
-0.4420079080290667,male,other,-1.513349218756126,no,no,yes,no,1.6293302084293113,-0.32054004686153076,0.7388052877730314,-0.42667641915566656,-1.0104291372918257,low,other
-0.4418399488538676,female,other,-0.26764561651945645,no,no,yes,no,1.6293302084293113,-0.32054004686153076,0.7388052877730314,-0.42667641915566656,-0.45149092302475896,low,other
-0.44167198967866855,male,other,-1.6041339948068658,no,no,yes,no,1.6293302084293113,-0.32054004686153076,0.7388052877730314,-0.42667641915566656,-1.0104291372918257,low,other
-0.4415040305034695,female,other,-0.15042991295547484,no,no,yes,no,1.6293302084293113,-0.32054004686153076,0.7388052877730314,-0.42667641915566656,0.1074472912423079,low,other
-0.4413360713282704,female,other,0.5965325686460862,yes,no,yes,yes,-0.686505971337874,-0.9236368544236194,-0.43657552557074764,-0.586556750004666,-1.0104291372918257,low,other
-0.44116811215307133,female,other,0.8447539296125389,no,no,yes,yes,-0.686505971337874,-0.9236368544236194,-0.43657552557074764,-0.586556750004666,1.2253237197764415,high,other
-0.44100015297787226,male,other,0.04607857314823174,no,no,yes,yes,-0.686505971337874,-0.9236368544236194,-0.43657552557074764,-0.586556750004666,-1.0104291372918257,low,other
-0.44083219380267313,male,other,0.4770184663799016,no,no,yes,yes,-0.686505971337874,-0.9236368544236194,-0.43657552557074764,-0.586556750004666,-1.0104291372918257,high,other
-0.44066423462747406,female,other,0.45748229659854034,no,no,yes,yes,-0.686505971337874,-0.9236368544236194,-0.43657552557074764,-0.586556750004666,1.2253237197764415,low,other
-0.440496275452275,female,other,1.1722680731187165,no,no,yes,no,0.5075970211107499,-1.4969518224258938,-0.1318471703997627,-0.02874273136089207,0.6663855055093747,low,other
-0.4403283162770759,female,other,0.8436045110740731,no,no,yes,no,0.5075970211107499,-1.4969518224258938,-0.1318471703997627,-0.02874273136089207,-1.0104291372918257,low,other
-0.44016035710187684,male,other,-1.9236039620426972,no,no,yes,no,0.5075970211107499,-1.4969518224258938,-0.1318471703997627,-0.02874273136089207,-1.0104291372918257,high,other
-0.43999239792667777,female,other,0.07021110195927037,no,no,yes,no,0.941816196977581,-1.4969518224258938,0.6082074398050845,-0.02874273136089207,-1.0104291372918257,low,other
-0.4398244387514787,female,other,-1.385790940219595,no,no,yes,no,0.941816196977581,-1.4969518224258938,0.6082074398050845,-0.02874273136089207,-1.0104291372918257,high,other
-0.4396564795762796,male,other,-0.4549609461890796,no,no,yes,no,0.941816196977581,-1.4969518224258938,0.6082074398050845,-0.02874273136089207,-1.0104291372918257,low,other
-0.43948852040108055,male,other,0.9550744370699115,no,no,yes,no,0.941816196977581,-1.4969518224258938,0.6082074398050845,-0.02874273136089207,-0.45149092302475896,low,other
-0.4393205612258815,male,afam,-1.4581889650274396,no,yes,yes,no,0.47141194600249264,-1.4969518224258938,0.3034790586866344,-0.02874273136089207,-1.0104291372918257,low,other
-0.43915260205068235,male,other,-0.45611036472754546,yes,yes,yes,no,0.47141194600249264,-1.4969518224258938,0.3034790586866344,-0.02874273136089207,-0.45149092302475896,high,other
-0.4389846428754833,male,other,0.38393529162695855,no,no,yes,no,0.47141194600249264,-1.4969518224258938,0.3034790586866344,-0.02874273136089207,0.6663855055093747,high,other
-0.4388166837002842,female,hispanic,-1.44095163232301,no,no,no,no,0.47141194600249264,-1.4969518224258938,0.3034790586866344,-0.02874273136089207,-1.0104291372918257,low,other
-0.43864872452508513,female,other,1.45726293657096,no,no,yes,no,0.47141194600249264,-1.4969518224258938,0.3034790586866344,-0.02874273136089207,1.2253237197764415,low,other
-0.43848076534988606,male,afam,-1.6374601184267166,no,no,no,no,0.47141194600249264,-1.4969518224258938,0.3034790586866344,-0.02874273136089207,-1.0104291372918257,low,other
-0.438312806174687,female,afam,-1.5018576636198395,no,no,yes,no,0.47141194600249264,-1.4969518224258938,0.3034790586866344,-0.02874273136089207,-1.0104291372918257,low,other
-0.4381448469994879,female,other,0.9746101684765441,no,no,yes,no,2.099734114317947,-0.9236368544236194,0.7388052877730314,-0.586556750004666,-1.0104291372918257,low,other
-0.43797688782428884,female,other,0.9998921158260485,no,no,no,no,2.099734114317947,-0.9236368544236194,0.7388052877730314,-0.586556750004666,-1.0104291372918257,low,other
-0.43780892864908977,male,other,0.36210116151812294,no,no,yes,no,2.099734114317947,-0.9236368544236194,0.7388052877730314,-0.586556750004666,0.6663855055093747,low,other
-0.4376409694738907,female,other,-1.3122439352480133,no,no,yes,no,2.099734114317947,-0.9236368544236194,0.7388052877730314,-0.586556750004666,-1.0104291372918257,high,other
-0.43747301029869157,male,other,0.7758032836706346,yes,no,yes,no,2.099734114317947,-0.9236368544236194,0.7388052877730314,-0.586556750004666,1.2253237197764415,low,other
-0.4373050511234925,female,other,1.4779480865160586,no,no,yes,no,2.099734114317947,-0.9236368544236194,0.7388052877730314,-0.586556750004666,1.2253237197764415,low,other
-0.4371370919482934,female,other,0.9631186133402577,no,no,yes,no,1.1589259574542223,-0.9236368544236194,0.95646840231623,-0.586556750004666,1.7842619340435084,low,other
-0.43696913277309435,female,afam,-1.268575675030342,no,no,yes,no,1.1589259574542223,-0.9236368544236194,0.95646840231623,-0.586556750004666,-1.0104291372918257,low,other
-0.4368011735978953,male,other,0.12881873455389686,no,no,yes,no,1.1589259574542223,-0.9236368544236194,0.95646840231623,-0.586556750004666,0.6663855055093747,high,other
-0.4366332144226962,female,other,0.034586579637216695,no,no,yes,no,1.1589259574542223,-0.9236368544236194,0.95646840231623,-0.586556750004666,-1.0104291372918257,high,other
-0.43646525524749713,male,other,0.22190190930683987,no,no,yes,no,1.1589259574542223,-0.9236368544236194,0.95646840231623,-0.586556750004666,1.7842619340435084,low,other
-0.43629729607229806,female,afam,-0.5331047485650674,no,no,yes,no,1.1589259574542223,-0.9236368544236194,0.95646840231623,-0.586556750004666,0.1074472912423079,low,other
-0.436129336897099,male,other,1.7905232960200095,yes,yes,yes,no,1.1589259574542223,-0.9236368544236194,0.95646840231623,-0.586556750004666,-0.45149092302475896,low,other
-0.4359613777218999,female,other,0.49195740038212815,no,no,yes,no,1.1589259574542223,-0.9236368544236194,0.95646840231623,-0.586556750004666,-0.45149092302475896,low,other
-0.4357934185467008,male,other,-1.9029188120975988,yes,no,yes,no,0.32667233574236604,-0.9236368544236194,0.3470116400793297,-0.586556750004666,-0.45149092302475896,low,other
-0.4356254593715017,male,other,-0.6997349282895922,no,no,yes,no,0.32667233574236604,-0.9236368544236194,0.3470116400793297,-0.586556750004666,-1.0104291372918257,low,other
-0.43545750019630264,female,other,-1.2260559566016793,no,no,yes,no,0.32667233574236604,-0.9236368544236194,0.3470116400793297,-0.586556750004666,-1.0104291372918257,low,other
-0.43528954102110357,female,other,-0.12170058674003018,no,yes,yes,no,0.32667233574236604,-0.9236368544236194,0.3470116400793297,-0.586556750004666,1.2253237197764415,high,other
-0.4351215818459045,male,other,0.1793826292529058,no,yes,yes,no,0.32667233574236604,-0.9236368544236194,0.3470116400793297,-0.586556750004666,-1.0104291372918257,high,other
-0.4349536226707054,female,other,1.2550086728991103,no,no,yes,no,0.32667233574236604,-0.9236368544236194,0.3470116400793297,-0.586556750004666,1.2253237197764415,low,other
-0.43478566349550635,female,other,-0.2940765440326981,yes,yes,no,no,0.32667233574236604,-0.9236368544236194,0.3470116400793297,-0.586556750004666,1.2253237197764415,low,other
-0.4346177043203073,female,other,0.9803559460446873,no,no,yes,no,2.6425081704230986,-0.9236368544236194,0.3470116400793297,-0.586556750004666,-1.0104291372918257,low,other
-0.4344497451451082,female,other,-0.5491931011057598,no,no,yes,no,2.6425081704230986,-0.9236368544236194,0.3470116400793297,-0.586556750004666,-0.45149092302475896,low,other
-0.43428178596990913,male,other,-1.8925766754997781,no,no,yes,no,2.6425081704230986,-0.9236368544236194,0.3470116400793297,-0.586556750004666,-1.0104291372918257,low,other
-0.43411382679471006,female,other,1.851429327316839,no,no,yes,no,2.6425081704230986,-0.9236368544236194,0.3470116400793297,-0.586556750004666,-0.45149092302475896,low,other
-0.4339458676195109,male,other,-0.06194397398166649,no,no,yes,no,2.6425081704230986,-0.9236368544236194,0.3470116400793297,-0.586556750004666,0.1074472912423079,low,other
-0.43377790844431185,male,other,0.922897293613798,no,no,no,no,2.6425081704230986,-0.9236368544236194,0.3470116400793297,-0.586556750004666,-1.0104291372918257,low,other
-0.4336099492691128,female,other,1.3860143303015813,no,yes,yes,no,2.6425081704230986,-0.9236368544236194,0.3470116400793297,-0.586556750004666,1.2253237197764415,low,other
-0.4334419900939137,female,other,-1.1950282316840317,no,no,yes,no,2.6425081704230986,-0.9236368544236194,0.3470116400793297,-0.586556750004666,-1.0104291372918257,low,other
-0.43327403091871464,male,afam,-1.1134370504421036,no,no,yes,no,-0.5417661885345219,-1.4969518224258938,-0.34951028494296127,-0.02874273136089207,-1.0104291372918257,low,other
-0.43310607174351556,female,afam,-0.7537457634798126,no,no,no,no,-0.5417661885345219,-1.4969518224258938,-0.34951028494296127,-0.02874273136089207,-1.0104291372918257,low,other
-0.4329381125683165,female,other,-0.6882429347785771,no,no,yes,no,-0.5417661885345219,-1.4969518224258938,-0.34951028494296127,-0.02874273136089207,-0.45149092302475896,high,other
-0.4327701533931174,female,afam,-0.4790934750001183,no,no,yes,no,-0.5417661885345219,-1.4969518224258938,-0.34951028494296127,-0.02874273136089207,0.1074472912423079,low,other
-0.43260219421791835,male,afam,-1.6466532748607998,yes,no,no,no,-0.5417661885345219,-1.4969518224258938,-0.34951028494296127,-0.02874273136089207,-1.0104291372918257,low,other
-0.4324342350427193,male,other,-0.6089501522388522,no,no,yes,no,-0.5417661885345219,-1.4969518224258938,-0.34951028494296127,-0.02874273136089207,-1.0104291372918257,low,other
-0.43226627586752014,female,afam,-1.7880015072358202,no,no,yes,no,-0.5417661885345219,-1.4969518224258938,-0.34951028494296127,-0.02874273136089207,-1.0104291372918257,low,other
-0.43209831669232107,female,afam,-1.0536799993090114,no,no,yes,no,-0.5417661885345219,-1.4969518224258938,-0.34951028494296127,-0.02874273136089207,-1.0104291372918257,low,other
-0.431930357517122,female,other,0.6988088998331126,no,no,yes,no,-0.5417661885345219,-1.4969518224258938,-0.34951028494296127,-0.02874273136089207,-1.0104291372918257,low,other
-0.4317623983419229,female,hispanic,-0.7801771293677828,yes,no,no,no,2.099734114317947,-0.9236368544236194,0.6082074398050845,-0.586556750004666,-0.45149092302475896,low,other
-0.43159443916672385,male,other,-1.9868088304164584,no,no,yes,no,2.099734114317947,-0.9236368544236194,0.6082074398050845,-0.586556750004666,-1.0104291372918257,low,other
-0.4314264799915248,male,other,-1.5639131134551347,no,no,yes,no,2.099734114317947,-0.9236368544236194,0.6082074398050845,-0.586556750004666,-1.0104291372918257,low,other
-0.4312585208163257,female,afam,-1.128376422819059,no,no,yes,no,2.099734114317947,-0.9236368544236194,0.6082074398050845,-0.586556750004666,-0.45149092302475896,low,other
-0.43109056164112664,female,other,-0.215933180031439,no,no,yes,no,2.099734114317947,-0.9236368544236194,0.6082074398050845,-0.586556750004666,-1.0104291372918257,low,other
-0.43092260246592756,female,other,-0.9249727406087433,no,no,no,no,2.099734114317947,-0.9236368544236194,0.6082074398050845,-0.586556750004666,-1.0104291372918257,low,other
-0.4307546432907285,female,other,-1.2892608249754405,no,no,yes,no,2.099734114317947,-0.9236368544236194,0.6082074398050845,-0.586556750004666,-1.0104291372918257,high,other
-0.43058668411552936,female,other,-0.36187777143613664,yes,no,yes,no,0.6885217064791338,-1.5639623815794608,0.5211421732298329,0.2025359623909809,1.7842619340435084,high,other
-0.4304187249403303,female,other,0.2621227906585709,no,no,yes,no,0.6885217064791338,-1.5639623815794608,0.5211421732298329,0.2025359623909809,0.1074472912423079,low,other
-0.4302507657651312,female,other,-0.342342040029504,no,yes,yes,no,0.6885217064791338,-1.5639623815794608,0.5211421732298329,0.2025359623909809,0.1074472912423079,high,other
-0.43008280658993214,male,other,1.149284524471415,yes,no,yes,no,0.6885217064791338,-1.5639623815794608,0.5211421732298329,0.2025359623909809,1.2253237197764415,low,other
-0.42991484741473307,male,other,1.2929311555486382,no,no,yes,no,1.4122204479526694,-1.4969518224258938,1.391794631402627,-0.02874273136089207,1.2253237197764415,low,other
-0.429746888239534,female,other,0.8148751848586284,no,no,yes,no,1.4122204479526694,-1.4969518224258938,1.391794631402627,-0.02874273136089207,-1.0104291372918257,low,other
-0.4295789290643349,female,other,-0.3745187451108889,no,no,yes,no,1.4122204479526694,-1.4969518224258938,1.391794631402627,-0.02874273136089207,-1.0104291372918257,low,other
-0.42941096988913585,female,other,0.3483107693049049,no,no,yes,no,1.4122204479526694,-1.4969518224258938,1.391794631402627,-0.02874273136089207,-1.0104291372918257,low,other
-0.4292430107139368,female,afam,-0.41014326743294255,no,no,yes,no,1.4122204479526694,-1.4969518224258938,1.391794631402627,-0.02874273136089207,0.1074472912423079,low,other
-0.4290750515387377,female,other,0.3850847101654244,no,no,yes,no,0.7247067815873918,-0.32054004686153076,1.391794631402627,-0.42667641915566656,1.2253237197764415,low,other
-0.4289070923635386,female,other,-0.2205295390611164,no,no,yes,no,0.7247067815873918,-0.32054004686153076,1.391794631402627,-0.42667641915566656,-1.0104291372918257,low,other
-0.4287391331883395,female,other,0.14260912676711493,no,yes,yes,no,0.7247067815873918,-0.32054004686153076,1.391794631402627,-0.42667641915566656,-0.45149092302475896,low,other
-0.42857117401314043,male,other,-0.1665187038708959,no,no,yes,no,0.7247067815873918,-0.32054004686153076,1.391794631402627,-0.42667641915566656,-1.0104291372918257,low,other
-0.42840321483794136,female,other,1.7388099827825347,no,no,yes,no,0.7247067815873918,-0.32054004686153076,1.391794631402627,-0.42667641915566656,-1.0104291372918257,low,other
-0.4282352556627423,male,other,-0.13778937765545124,no,no,yes,no,0.7247067815873918,-0.32054004686153076,1.391794631402627,-0.42667641915566656,0.6663855055093747,high,other
-0.4280672964875432,male,other,0.09434363077030901,no,no,yes,no,0.6523366313708759,-0.32054004686153076,1.391794631402627,-0.42667641915566656,-1.0104291372918257,low,other
-0.42789933731234414,male,other,-1.560465296214466,yes,yes,no,no,0.6523366313708759,-0.32054004686153076,1.391794631402627,-0.42667641915566656,-1.0104291372918257,low,other
-0.42773137813714507,male,other,-0.3572814124064593,no,no,yes,no,0.6523366313708759,-0.32054004686153076,1.391794631402627,-0.42667641915566656,1.2253237197764415,low,other
-0.427563418961946,female,other,0.586189993673537,no,no,yes,no,0.6523366313708759,-0.32054004686153076,1.391794631402627,-0.42667641915566656,-1.0104291372918257,low,other
-0.4273954597867469,female,other,-1.964974261932894,no,no,no,no,0.6523366313708759,-0.32054004686153076,1.391794631402627,-0.42667641915566656,-1.0104291372918257,low,other
-0.4272275006115478,male,other,0.9838037632853561,no,no,no,no,0.6523366313708759,-0.32054004686153076,1.391794631402627,-0.42667641915566656,0.1074472912423079,low,other
-0.4270595414363487,female,other,1.0998700483108719,no,no,yes,no,0.6523366313708759,-0.32054004686153076,1.391794631402627,-0.42667641915566656,-1.0104291372918257,low,other
-0.42689158226114965,male,other,-0.6261879233180104,no,no,yes,no,0.6523366313708759,-0.32054004686153076,1.391794631402627,-0.42667641915566656,-1.0104291372918257,low,other
-0.4267236230859506,female,other,0.8390077136696671,no,no,yes,no,0.6523366313708759,-0.32054004686153076,1.391794631402627,-0.42667641915566656,-0.45149092302475896,low,other
-0.4265556639107515,male,other,0.8700354385873147,no,no,yes,no,0.6523366313708759,-0.32054004686153076,1.391794631402627,-0.42667641915566656,-1.0104291372918257,low,other
-0.42638770473555243,female,other,0.25292963422448755,no,no,no,no,0.6523366313708759,-0.32054004686153076,1.391794631402627,-0.42667641915566656,-1.0104291372918257,low,other
-0.42621974556035336,male,afam,-0.344640438731707,no,no,no,no,0.07337784524391884,-0.32054004686153076,-0.2624450183677096,-0.42667641915566656,1.7842619340435084,low,other
-0.4260517863851543,male,other,0.8102783874542224,no,no,yes,no,0.07337784524391884,-0.32054004686153076,-0.2624450183677096,-0.42667641915566656,-1.0104291372918257,low,other
-0.4258838272099552,female,other,0.17593481201223696,yes,yes,yes,no,0.07337784524391884,-0.32054004686153076,-0.2624450183677096,-0.42667641915566656,1.7842619340435084,low,other
-0.42571586803475614,male,other,1.4411745840302677,yes,no,yes,no,0.07337784524391884,-0.32054004686153076,-0.2624450183677096,-0.42667641915566656,2.3432001483105753,high,other
-0.425547908859557,male,afam,-0.30327013884151016,no,no,yes,no,0.07337784524391884,-0.32054004686153076,-0.2624450183677096,-0.42667641915566656,-0.45149092302475896,low,other
-0.42537994968435794,male,other,-0.6514694322927862,no,no,no,no,0.07337784524391884,-0.32054004686153076,-0.2624450183677096,-0.42667641915566656,-1.0104291372918257,low,other
-0.42521199050915887,female,afam,-1.4317580375141978,no,no,yes,yes,-0.6141359936645852,-0.9236368544236194,-0.610706019800053,-0.586556750004666,-1.0104291372918257,low,other
-0.4250440313339598,male,afam,0.24718385665634432,no,no,yes,yes,-0.6141359936645852,-0.9236368544236194,-0.610706019800053,-0.586556750004666,0.6663855055093747,low,other
-0.4248760721587607,female,afam,-1.4915150886472903,no,no,yes,yes,-0.6141359936645852,-0.9236368544236194,-0.610706019800053,-0.586556750004666,0.1074472912423079,low,other
-0.42470811298356165,male,afam,-0.02057367409146961,no,no,yes,yes,-0.6141359936645852,-0.9236368544236194,-0.610706019800053,-0.586556750004666,0.1074472912423079,low,other
-0.4245401538083626,male,afam,0.6034273263779666,no,no,yes,yes,-0.6141359936645852,-0.9236368544236194,-0.610706019800053,-0.586556750004666,-1.0104291372918257,low,other
-0.4243721946331635,male,afam,-0.8376357817986722,no,no,no,yes,-0.6141359936645852,-0.9236368544236194,-0.610706019800053,-0.586556750004666,-1.0104291372918257,high,other
-0.42420423545796443,male,afam,0.2621227906585709,no,no,yes,yes,-0.6141359936645852,-0.9236368544236194,-0.610706019800053,-0.586556750004666,1.7842619340435084,low,other
-0.42403627628276536,female,afam,-1.1640009451411126,yes,no,no,yes,-0.6141359936645852,-0.9236368544236194,-0.610706019800053,-0.586556750004666,-1.0104291372918257,low,other
-0.42386831710756623,female,afam,-1.9431401318240584,no,no,yes,yes,-0.6141359936645852,-0.9236368544236194,-0.610706019800053,-0.586556750004666,0.1074472912423079,low,other
-0.42370035793236716,male,afam,-1.2076692053587839,no,yes,yes,yes,-0.6141359936645852,-0.9236368544236194,-0.610706019800053,-0.586556750004666,-0.45149092302475896,low,other
-0.4235323987571681,male,afam,-1.5099018398901856,no,no,no,yes,-0.6141359936645852,-0.9236368544236194,-0.610706019800053,-0.586556750004666,-1.0104291372918257,low,other
-0.423364439581969,male,afam,-0.6307842823476878,no,no,no,yes,-0.686505971337874,-0.9236368544236194,-0.5671733994861597,-0.586556750004666,-1.0104291372918257,high,other
-0.42319648040676994,female,afam,0.09664202947251202,no,yes,yes,yes,-0.686505971337874,-0.9236368544236194,-0.5671733994861597,-0.586556750004666,-0.45149092302475896,low,other
-0.42302852123157086,female,afam,0.22305132784530568,no,no,yes,yes,-0.686505971337874,-0.9236368544236194,-0.5671733994861597,-0.586556750004666,1.2253237197764415,high,other
-0.4228605620563718,female,other,-0.9640446417967372,yes,yes,yes,yes,-0.686505971337874,-0.9236368544236194,-0.5671733994861597,-0.586556750004666,0.6663855055093747,low,other
-0.4226926028811727,male,afam,-1.9086650280404707,no,no,yes,yes,-0.686505971337874,-0.9236368544236194,-0.5671733994861597,-0.586556750004666,-1.0104291372918257,low,other
-0.42252464370597365,male,other,0.10583562428132405,yes,no,yes,yes,-0.686505971337874,-0.9236368544236194,-0.5671733994861597,-0.586556750004666,0.6663855055093747,low,other
-0.4223566845307746,male,afam,-2.148842212736577,no,no,no,no,0.21811745550404543,-0.9236368544236194,0.7388052877730314,-0.586556750004666,-1.0104291372918257,low,other
-0.42218872535557544,female,other,0.4770184663799016,no,no,yes,yes,-0.03517703499440176,-1.4969518224258938,-0.34951028494296127,-0.02874273136089207,1.2253237197764415,high,other
-0.42202076618037637,female,afam,-1.796046121880895,no,no,no,yes,-0.03517703499440176,-1.4969518224258938,-0.34951028494296127,-0.02874273136089207,0.1074472912423079,low,other
-0.4218528070051773,female,other,-0.785922906935926,no,no,yes,yes,-0.03517703499440176,-1.4969518224258938,-0.34951028494296127,-0.02874273136089207,-1.0104291372918257,low,other
-0.4216848478299782,female,hispanic,0.6999578799968498,no,no,yes,yes,-0.03517703499440176,-1.4969518224258938,-0.34951028494296127,-0.02874273136089207,-1.0104291372918257,low,other
-0.42151688865477915,female,other,0.11962557811981347,no,no,yes,yes,-0.03517703499440176,-1.4969518224258938,-0.34951028494296127,-0.02874273136089207,-1.0104291372918257,low,other
-0.4213489294795801,female,afam,-1.085857142765125,no,no,no,yes,-0.03517703499440176,-1.4969518224258938,-0.34951028494296127,-0.02874273136089207,-1.0104291372918257,low,other
-0.421180970304381,male,other,-0.1814576378731225,yes,no,yes,yes,-0.03517703499440176,-1.4969518224258938,-0.34951028494296127,-0.02874273136089207,0.1074472912423079,high,other
-0.42101301112918194,female,other,1.0309198407436961,yes,no,yes,yes,-0.03517703499440176,-1.4969518224258938,-0.34951028494296127,-0.02874273136089207,-0.45149092302475896,high,other
-0.42084505195398286,male,other,-1.3639568101107593,yes,no,no,yes,-0.6141359936645852,-0.9236368544236194,-0.2624450183677096,-0.586556750004666,0.6663855055093747,high,other
-0.4206770927787838,male,other,-1.0605751954156204,no,no,no,yes,-0.6141359936645852,-0.9236368544236194,-0.2624450183677096,-0.586556750004666,-1.0104291372918257,high,other
-0.42050913360358466,female,afam,-1.439802213784544,no,no,yes,yes,-0.6141359936645852,-0.9236368544236194,-0.2624450183677096,-0.586556750004666,-1.0104291372918257,low,other
-0.4203411744283856,male,afam,-1.608730792211272,no,no,yes,yes,-0.6141359936645852,-0.9236368544236194,-0.2624450183677096,-0.586556750004666,1.2253237197764415,low,other
-0.4201732152531865,male,other,1.2584560517650505,yes,no,yes,yes,-0.6141359936645852,-0.9236368544236194,-0.2624450183677096,-0.586556750004666,1.2253237197764415,low,other
-0.42000525607798744,female,other,-0.5629830549442493,no,no,yes,yes,-0.6141359936645852,-0.9236368544236194,-0.2624450183677096,-0.586556750004666,-1.0104291372918257,low,other
-0.41983729690278837,female,other,-0.693989150721449,no,no,yes,no,-0.6503208962296168,-1.5639623815794608,2.2624470895754216,0.2025359623909809,-1.0104291372918257,high,other
-0.4196693377275893,female,other,-0.5514914998079629,no,no,yes,no,-0.6503208962296168,-1.5639623815794608,2.2624470895754216,0.2025359623909809,-1.0104291372918257,high,other
-0.4195013785523902,male,afam,-1.0019675628209939,no,no,yes,no,-0.6503208962296168,-1.5639623815794608,2.2624470895754216,0.2025359623909809,-1.0104291372918257,high,other
-0.41933341937719115,female,other,-1.263978877625936,no,no,yes,no,0.5075970211107499,-1.4969518224258938,-0.2624450183677096,-0.02874273136089207,-1.0104291372918257,low,other
-0.4191654602019921,male,hispanic,-1.569658891023278,no,no,yes,no,0.5075970211107499,-1.4969518224258938,-0.2624450183677096,-0.02874273136089207,-1.0104291372918257,low,other
-0.418997501026793,female,afam,-1.8592505518799276,no,no,yes,no,0.5075970211107499,-1.4969518224258938,-0.2624450183677096,-0.02874273136089207,-1.0104291372918257,low,other
-0.4188295418515939,female,other,-1.4145202664350396,yes,yes,yes,no,0.5075970211107499,-1.4969518224258938,-0.2624450183677096,-0.02874273136089207,-1.0104291372918257,high,other
-0.4186615826763948,male,other,-1.1433157951960142,no,no,yes,no,0.5075970211107499,-1.4969518224258938,-0.2624450183677096,-0.02874273136089207,-1.0104291372918257,high,other
-0.41849362350119573,female,other,0.1862773869847862,no,no,yes,no,0.5075970211107499,-1.4969518224258938,-0.2624450183677096,-0.02874273136089207,1.2253237197764415,low,other
-0.41832566432599666,female,afam,-1.085857142765125,no,no,yes,no,0.5075970211107499,-1.4969518224258938,-0.2624450183677096,-0.02874273136089207,-1.0104291372918257,low,other
-0.4181577051507976,female,other,-1.4202664823779114,no,no,no,no,0.5075970211107499,-1.4969518224258938,-0.2624450183677096,-0.02874273136089207,0.1074472912423079,low,other
-0.4179897459755985,male,afam,-0.12170058674003018,no,no,yes,no,-0.2522866229278173,-0.9236368544236194,0.6517400211977799,-0.586556750004666,-0.45149092302475896,low,other
-0.41782178680039944,male,other,-1.4535921676230334,no,no,no,no,-0.2522866229278173,-0.9236368544236194,0.6517400211977799,-0.586556750004666,-1.0104291372918257,low,other
-0.41765382762520037,female,other,-0.4813918737023213,no,no,yes,no,-0.2522866229278173,-0.9236368544236194,0.6517400211977799,-0.586556750004666,1.2253237197764415,low,other
-0.4174858684500013,female,hispanic,0.35520596541151395,no,no,yes,no,-0.2522866229278173,-0.9236368544236194,0.6517400211977799,-0.586556750004666,-1.0104291372918257,low,other
-0.4173179092748022,male,other,-1.1961776502224974,no,no,no,no,-0.2522866229278173,-0.9236368544236194,0.6517400211977799,-0.586556750004666,-1.0104291372918257,low,other
-0.41714995009960315,male,other,-1.5305869898352842,no,no,yes,no,-0.2522866229278173,-0.9236368544236194,0.6517400211977799,-0.586556750004666,-1.0104291372918257,high,other
-0.416981990924404,female,afam,-1.8603995320436648,no,no,yes,no,-0.2522866229278173,-0.9236368544236194,0.6517400211977799,-0.586556750004666,0.6663855055093747,low,other
-0.41681403174920495,female,afam,-0.7824750896952573,no,no,yes,no,0.14574765037398213,-1.5639623815794608,-0.7848365140293584,0.2025359623909809,-1.0104291372918257,low,other
-0.4166460725740059,male,afam,-1.6432058959948597,no,no,no,no,0.14574765037398213,-1.5639623815794608,-0.7848365140293584,0.2025359623909809,0.1074472912423079,low,other
-0.4164781133988068,female,afam,-1.1950282316840317,no,no,no,no,0.14574765037398213,-1.5639623815794608,-0.7848365140293584,0.2025359623909809,-0.45149092302475896,low,other
-0.41631015422360773,male,afam,-1.3490174377338042,no,no,no,no,0.14574765037398213,-1.5639623815794608,-0.7848365140293584,0.2025359623909809,-0.45149092302475896,low,other
-0.41614219504840866,male,other,-0.6422762758587028,no,no,yes,no,0.14574765037398213,-1.5639623815794608,-0.7848365140293584,0.2025359623909809,-1.0104291372918257,low,other
-0.4159742358732096,female,other,0.2414380790882011,yes,no,yes,no,0.14574765037398213,-1.5639623815794608,-0.7848365140293584,0.2025359623909809,1.2253237197764415,low,other
-0.4158062766980105,female,afam,-1.7994935007468353,no,no,yes,no,0.7608915116091971,-1.4969518224258938,2.2624470895754216,-0.02874273136089207,-1.0104291372918257,low,other
-0.41563831752281144,male,other,0.49195740038212815,no,no,yes,no,0.7608915116091971,-1.4969518224258938,2.2624470895754216,-0.02874273136089207,-1.0104291372918257,low,other
-0.41547035834761237,female,afam,-1.257083681519327,no,no,no,no,0.7608915116091971,-1.4969518224258938,2.2624470895754216,-0.02874273136089207,-1.0104291372918257,low,other
-0.41530239917241324,female,afam,-0.7204200782346906,no,no,yes,no,0.7608915116091971,-1.4969518224258938,2.2624470895754216,-0.02874273136089207,1.2253237197764415,low,other
-0.41513443999721417,female,afam,-1.0226522743913637,no,no,yes,no,0.7608915116091971,-1.4969518224258938,2.2624470895754216,-0.02874273136089207,1.2253237197764415,low,other
-0.4149664808220151,female,afam,-2.087935743065019,no,no,no,no,0.7608915116091971,-1.4969518224258938,2.2624470895754216,-0.02874273136089207,1.2253237197764415,low,other
-0.414798521646816,female,other,0.47472006767769853,no,no,yes,no,0.7608915116091971,-1.4969518224258938,2.2624470895754216,-0.02874273136089207,-0.45149092302475896,low,other
-0.41463056247161695,female,afam,-1.648951673563003,no,no,no,no,-0.6141359936645852,-1.5639623815794608,-0.5671733994861597,0.2025359623909809,-0.45149092302475896,low,other
-0.4144626032964179,female,afam,-1.5478247609144424,no,yes,yes,no,-0.6141359936645852,-1.5639623815794608,-0.5671733994861597,0.2025359623909809,0.6663855055093747,low,other
-0.4142946441212188,male,afam,0.40347146140831985,no,no,yes,yes,-0.03517703499440176,-1.4969518224258938,-0.523640766198534,-0.02874273136089207,0.6663855055093747,low,other
-0.41412668494601973,male,afam,-0.5698782510508582,no,no,no,yes,-0.03517703499440176,-1.4969518224258938,-0.523640766198534,-0.02874273136089207,-1.0104291372918257,low,other
-0.41395872577082066,female,afam,-0.6744529809400877,no,no,yes,yes,-0.03517703499440176,-1.4969518224258938,-0.523640766198534,-0.02874273136089207,-1.0104291372918257,high,other
-0.4137907665956216,female,afam,-0.7238674571006307,no,no,yes,no,-0.5779510910995534,-1.5639623815794608,2.2624470895754216,0.2025359623909809,-1.0104291372918257,low,other
-0.41362280742042246,female,afam,-0.7135248821280815,no,no,yes,no,-0.5779510910995534,-1.5639623815794608,2.2624470895754216,0.2025359623909809,-1.0104291372918257,low,other
-0.4134548482452234,male,afam,-1.2019234277906408,no,no,yes,no,-0.5779510910995534,-1.5639623815794608,2.2624470895754216,0.2025359623909809,-1.0104291372918257,low,other
-0.4132868890700243,female,afam,-1.2708736353578165,no,no,yes,no,-0.5779510910995534,-1.5639623815794608,2.2624470895754216,0.2025359623909809,-1.0104291372918257,low,other
-0.41311892989482524,female,afam,-0.41129224759667976,no,no,yes,no,-0.5779510910995534,-1.5639623815794608,2.2624470895754216,0.2025359623909809,1.2253237197764415,low,other
-0.41295097071962616,female,afam,-0.7468510057479322,no,no,yes,no,-0.5779510910995534,-1.5639623815794608,2.2624470895754216,0.2025359623909809,1.2253237197764415,low,other
-0.4127830115444271,female,afam,-1.266277276328139,no,no,yes,no,-0.5779510910995534,-1.5639623815794608,2.2624470895754216,0.2025359623909809,0.1074472912423079,low,other
-0.412615052369228,female,afam,-1.173194101575196,no,no,yes,no,-0.5779510910995534,-1.5639623815794608,2.2624470895754216,0.2025359623909809,-0.45149092302475896,low,other
-0.41244709319402895,male,other,0.8125767861564254,no,no,yes,no,1.7740698186894373,-0.32054004686153076,3.1330995477482158,-0.42667641915566656,-0.45149092302475896,low,other
-0.4122791340188299,male,other,-1.8420127808007694,no,no,no,no,1.7740698186894373,-0.32054004686153076,3.1330995477482158,-0.42667641915566656,-1.0104291372918257,low,other
-0.4121111748436308,female,other,0.30119469184656483,no,no,no,no,1.7740698186894373,-0.32054004686153076,3.1330995477482158,-0.42667641915566656,1.2253237197764415,low,other
-0.4119432156684317,male,other,-1.6501010921014687,yes,yes,yes,no,1.7740698186894373,-0.32054004686153076,3.1330995477482158,-0.42667641915566656,-1.0104291372918257,high,other
-0.4117752564932326,female,other,-0.6824971572104339,no,no,yes,no,0.9780012720858383,-1.4969518224258938,0.3034790586866344,-0.02874273136089207,1.2253237197764415,high,other
-0.4116072973180335,female,other,-0.3871597187856411,no,no,yes,no,0.9780012720858383,-1.4969518224258938,0.3034790586866344,-0.02874273136089207,1.7842619340435084,low,other
-0.41143933814283445,male,other,1.4733512891116525,no,no,yes,no,0.9780012720858383,-1.4969518224258938,0.3034790586866344,-0.02874273136089207,1.7842619340435084,low,other
-0.4112713789676354,male,other,-2.0097919406890314,no,no,yes,no,0.9780012720858383,-1.4969518224258938,0.3034790586866344,-0.02874273136089207,0.1074472912423079,low,other
-0.4111034197924363,female,other,0.0885978532021658,no,no,no,no,0.9780012720858383,-1.4969518224258938,0.3034790586866344,-0.02874273136089207,-0.45149092302475896,low,other
-0.41093546061723724,male,other,-0.8422321408283495,yes,no,no,no,0.29048726063410873,-0.9236368544236194,1.1741315168594286,-0.586556750004666,-1.0104291372918257,low,other
-0.41076750144203816,female,other,1.074588539336096,no,no,no,no,0.29048726063410873,-0.9236368544236194,1.1741315168594286,-0.586556750004666,0.1074472912423079,low,other
-0.4105995422668391,male,afam,-0.5457457222398197,no,no,yes,no,0.29048726063410873,-0.9236368544236194,1.1741315168594286,-0.586556750004666,1.2253237197764415,low,other
-0.41043158309164,female,afam,-1.6776809997784476,no,no,no,no,0.29048726063410873,-0.9236368544236194,1.1741315168594286,-0.586556750004666,-1.0104291372918257,low,other
-0.4102636239164409,male,other,-0.2607508587875761,no,no,yes,no,0.29048726063410873,-0.9236368544236194,1.1741315168594286,-0.586556750004666,-0.45149092302475896,low,other
-0.4100956647412418,female,other,1.597462188782243,yes,yes,yes,no,0.29048726063410873,-0.9236368544236194,1.1741315168594286,-0.586556750004666,1.7842619340435084,low,other
-0.40992770556604274,female,other,0.4632280741666835,no,no,no,no,0.29048726063410873,-0.9236368544236194,1.1741315168594286,-0.586556750004666,-0.45149092302475896,low,other
-0.40975974639084367,male,other,-1.2168628001675958,no,no,yes,no,0.941816196977581,-0.9236368544236194,1.1741315168594286,-0.586556750004666,-1.0104291372918257,low,other
-0.4095917872156446,male,other,-0.8043096581788215,no,no,yes,no,0.941816196977581,-0.9236368544236194,1.1741315168594286,-0.586556750004666,-1.0104291372918257,low,other
-0.4094238280404455,male,other,0.8079799887520194,no,no,yes,no,0.941816196977581,-0.9236368544236194,1.1741315168594286,-0.586556750004666,-1.0104291372918257,low,other
-0.40925586886524645,male,other,-1.9213060017152228,no,no,yes,no,0.941816196977581,-0.9236368544236194,1.1741315168594286,-0.586556750004666,-1.0104291372918257,low,other
-0.4090879096900474,female,other,0.5827421764328682,no,no,yes,no,0.941816196977581,-0.9236368544236194,1.1741315168594286,-0.586556750004666,-1.0104291372918257,low,other
-0.4089199505148483,female,afam,-0.91577958417466,no,no,yes,yes,-0.7588757764679374,-1.5639623815794608,-0.5671733994861597,0.2025359623909809,-1.0104291372918257,low,other
-0.40875199133964923,female,afam,-1.8649963294480707,no,no,no,yes,-0.7588757764679374,-1.5639623815794608,-0.5671733994861597,0.2025359623909809,-0.45149092302475896,low,other
-0.4085840321644501,female,afam,-0.25960144024911025,no,no,no,yes,-0.7588757764679374,-1.5639623815794608,-0.5671733994861597,0.2025359623909809,1.2253237197764415,low,other
-0.40841607298925103,female,afam,-1.59953719740246,no,no,no,yes,-0.7588757764679374,-1.5639623815794608,-0.5671733994861597,0.2025359623909809,-1.0104291372918257,low,other
-0.40824811381405196,male,hispanic,-0.9456578905538418,no,no,yes,yes,-0.7588757764679374,-1.5639623815794608,-0.5671733994861597,0.2025359623909809,-1.0104291372918257,low,other
-0.4080801546388529,female,afam,-0.8836024407185464,no,no,yes,yes,-0.7588757764679374,-1.5639623815794608,-0.5671733994861597,0.2025359623909809,-1.0104291372918257,low,other
-0.4079121954636538,female,hispanic,-1.8454601596667095,no,no,yes,no,1.303665567714349,-0.32054004686153076,1.8271208604890243,-0.42667641915566656,-0.45149092302475896,low,other
-0.40774423628845474,female,other,-0.862917290773448,no,no,yes,no,1.303665567714349,-0.32054004686153076,1.8271208604890243,-0.42667641915566656,-1.0104291372918257,low,other
-0.40757627711325567,male,other,-0.44576778975499626,no,no,yes,no,1.303665567714349,-0.32054004686153076,1.8271208604890243,-0.42667641915566656,-0.45149092302475896,low,other
-0.4074083179380566,female,other,-1.205370806656581,no,no,yes,no,-0.14373191523272236,-0.9236368544236194,0.7388052877730314,-0.586556750004666,0.6663855055093747,low,other
-0.4072403587628575,female,other,-0.8422321408283495,yes,yes,yes,no,-0.14373191523272236,-0.9236368544236194,0.7388052877730314,-0.586556750004666,1.2253237197764415,high,other
-0.40707239958765845,male,other,-0.19524803008634053,yes,no,yes,no,-0.14373191523272236,-0.9236368544236194,0.7388052877730314,-0.586556750004666,-1.0104291372918257,low,other
-0.4069044404124593,female,other,-1.6650400261036953,no,no,yes,no,-0.14373191523272236,-0.9236368544236194,0.7388052877730314,-0.586556750004666,-1.0104291372918257,high,other
-0.40673648123726025,male,other,-1.8868304595569063,no,no,yes,no,-0.14373191523272236,-0.9236368544236194,0.7388052877730314,-0.586556750004666,-1.0104291372918257,low,other
-0.4065685220620612,male,other,1.1194062180922333,no,no,yes,no,-0.14373191523272236,-0.9236368544236194,0.7388052877730314,-0.586556750004666,-0.45149092302475896,high,other
-0.4064005628868621,female,other,0.4310513690852987,yes,no,no,no,-0.6141359936645852,-0.9236368544236194,-0.34951028494296127,-0.586556750004666,1.2253237197764415,high,other
-0.40623260371166303,male,other,-0.8054586383425587,no,no,yes,no,-0.6141359936645852,-0.9236368544236194,-0.34951028494296127,-0.586556750004666,-1.0104291372918257,high,other
-0.40606464453646396,male,other,-0.08492708425423931,no,no,yes,no,-0.6141359936645852,-0.9236368544236194,-0.34951028494296127,-0.586556750004666,-1.0104291372918257,low,other
-0.4058966853612649,male,other,0.3506091680071079,no,yes,no,no,-0.6141359936645852,-0.9236368544236194,-0.34951028494296127,-0.586556750004666,-1.0104291372918257,high,other
-0.4057287261860658,female,other,0.40691884027426,no,yes,yes,no,-0.5779510910995534,0.3942418543738263,0.3034790586866344,-0.8552430383814976,-0.45149092302475896,low,other
-0.40556076701086674,female,other,0.7022562786990528,no,no,yes,no,-0.5779510910995534,0.3942418543738263,0.3034790586866344,-0.8552430383814976,0.1074472912423079,low,other
-0.40539280783566767,female,other,-0.962895661633,no,no,yes,no,-0.5779510910995534,0.3942418543738263,0.3034790586866344,-0.8552430383814976,-1.0104291372918257,low,other
-0.40522484866046854,female,other,1.0079362920963948,no,no,yes,no,-0.5779510910995534,0.3942418543738263,0.3034790586866344,-0.8552430383814976,1.7842619340435084,low,other
-0.40505688948526947,male,other,-2.279847870139048,no,no,yes,no,-0.5779510910995534,0.3942418543738263,0.3034790586866344,-0.8552430383814976,-1.0104291372918257,high,other
-0.4048889303100704,female,other,-1.3961335151921443,no,no,yes,no,-0.5779510910995534,0.3942418543738263,0.3034790586866344,-0.8552430383814976,-1.0104291372918257,low,other
-0.4047209711348713,male,other,0.2954489142784216,no,no,yes,no,-1.4825745179414729,0.3942418543738263,-0.34951028494296127,-0.8552430383814976,-1.0104291372918257,low,other
-0.40455301195967225,male,other,-0.5043754223496227,no,no,yes,no,-1.4825745179414729,0.3942418543738263,-0.34951028494296127,-0.8552430383814976,0.1074472912423079,low,other
-0.4043850527844732,female,other,-0.40669588856700234,no,no,yes,no,-1.4825745179414729,0.3942418543738263,-0.34951028494296127,-0.8552430383814976,-1.0104291372918257,low,other
-0.4042170936092741,male,other,-0.45151356732313946,no,no,yes,no,-1.4825745179414729,0.3942418543738263,-0.34951028494296127,-0.8552430383814976,1.2253237197764415,high,other
-0.40404913443407503,female,afam,0.5666538238921758,no,no,no,no,-0.46939621086123284,0.29744839055245426,-0.43657552557074764,-0.41648492961472083,0.1074472912423079,low,other
-0.40388117525887596,male,afam,-1.474277317568132,no,no,no,no,-0.46939621086123284,0.29744839055245426,-0.43657552557074764,-0.41648492961472083,-1.0104291372918257,low,other
-0.4037132160836769,female,other,0.7160462325375422,no,no,yes,no,-0.46939621086123284,0.29744839055245426,-0.43657552557074764,-0.41648492961472083,1.2253237197764415,low,other
-0.40354525690847776,male,hispanic,1.3825665130609124,no,no,no,no,-0.46939621086123284,0.29744839055245426,-0.43657552557074764,-0.41648492961472083,1.2253237197764415,low,other
-0.4033772977332787,female,other,0.9642675935039949,no,no,yes,no,-0.46939621086123284,0.29744839055245426,-0.43657552557074764,-0.41648492961472083,0.1074472912423079,high,other
-0.4032093385580796,female,afam,0.23569186314532928,no,no,no,no,-0.46939621086123284,0.29744839055245426,-0.43657552557074764,-0.41648492961472083,1.7842619340435084,low,other
-0.40304137938288054,male,other,-0.7008839084533293,no,no,yes,yes,-0.795060679032969,-2.167059544177545,-0.1318471703997627,-0.35866521228575543,-1.0104291372918257,high,other
-0.40287342020768147,female,other,0.6861679261583604,yes,no,yes,yes,-0.795060679032969,-2.167059544177545,-0.1318471703997627,-0.35866521228575543,1.2253237197764415,low,other
-0.4027054610324824,female,afam,0.7781016823728375,no,yes,no,yes,-0.795060679032969,-2.167059544177545,-0.1318471703997627,-0.35866521228575543,1.2253237197764415,low,other
-0.4025375018572833,female,afam,-0.8985418130955017,no,no,yes,yes,-0.795060679032969,-2.167059544177545,-0.1318471703997627,-0.35866521228575543,0.1074472912423079,low,other
-0.40236954268208425,female,other,0.8941679673983534,no,no,yes,yes,-0.795060679032969,-2.167059544177545,-0.1318471703997627,-0.35866521228575543,0.1074472912423079,low,other
-0.4022015835068852,female,other,0.35635538394997973,no,no,yes,yes,-0.795060679032969,-2.167059544177545,-0.1318471703997627,-0.35866521228575543,-0.45149092302475896,low,other
-0.4020336243316861,male,other,1.7307658065121885,no,no,yes,yes,-0.795060679032969,-2.167059544177545,-0.1318471703997627,-0.35866521228575543,0.6663855055093747,low,other
-0.401865665156487,female,other,0.5999799475120264,no,no,yes,no,0.18193272548223943,0.29744839055245426,-0.48010815885837343,-0.41648492961472083,0.6663855055093747,low,other
-0.4016977059812879,male,hispanic,-0.652618850831252,no,no,yes,no,0.18193272548223943,0.29744839055245426,-0.48010815885837343,-0.41648492961472083,0.1074472912423079,low,other
-0.4015297468060888,male,other,1.156179720578024,no,no,no,no,0.18193272548223943,0.29744839055245426,-0.48010815885837343,-0.41648492961472083,-0.45149092302475896,low,other
-0.40136178763088975,male,afam,-1.913261387070148,no,no,yes,no,0.18193272548223943,0.29744839055245426,-0.48010815885837343,-0.41648492961472083,-0.45149092302475896,low,other
-0.4011938284556907,male,afam,-0.9065859893658479,no,no,yes,no,0.18193272548223943,0.29744839055245426,-0.48010815885837343,-0.41648492961472083,0.6663855055093747,low,other
-0.4010258692804916,male,afam,-0.6641104059675385,no,no,yes,no,0.18193272548223943,0.29744839055245426,-0.48010815885837343,-0.41648492961472083,0.6663855055093747,low,other
-0.40085791010529254,male,other,0.2965983328168874,no,no,yes,no,-0.5779510910995534,0.3942418543738263,0.6082074398050845,-0.8552430383814976,0.6663855055093747,low,other
-0.40068995093009346,male,other,-1.2800672301666285,no,no,yes,no,-0.5779510910995534,0.3942418543738263,0.6082074398050845,-0.8552430383814976,-1.0104291372918257,low,other
-0.4005219917548944,female,other,-1.521393395026472,no,no,yes,no,-0.5779510910995534,0.3942418543738263,0.6082074398050845,-0.8552430383814976,-1.0104291372918257,low,other
-0.4003540325796953,female,afam,1.0481571734481259,yes,yes,yes,no,0.32667233574236604,0.29744839055245426,0.95646840231623,-0.41648492961472083,1.7842619340435084,high,other
-0.40018607340449625,female,afam,-0.9479562892560448,no,no,yes,no,0.32667233574236604,0.29744839055245426,0.95646840231623,-0.41648492961472083,1.2253237197764415,low,other
-0.4000181142292971,female,afam,-1.3283322877887056,no,no,yes,no,0.32667233574236604,0.29744839055245426,0.95646840231623,-0.41648492961472083,-1.0104291372918257,low,other
-0.39985015505409804,female,afam,-1.7765099520995338,no,no,yes,no,0.32667233574236604,0.29744839055245426,0.95646840231623,-0.41648492961472083,1.2253237197764415,low,other
-0.39968219587889897,female,hispanic,-1.9040682306360646,no,no,yes,no,0.32667233574236604,0.29744839055245426,0.95646840231623,-0.41648492961472083,-1.0104291372918257,low,other
-0.3995142367036999,female,afam,-0.7732819332611739,no,no,no,no,0.32667233574236604,0.29744839055245426,0.95646840231623,-0.41648492961472083,1.2253237197764415,low,other
-0.3993462775285008,male,afam,-2.095979919335365,no,no,yes,no,0.32667233574236604,0.29744839055245426,0.95646840231623,-0.41648492961472083,-1.0104291372918257,low,other
-0.39917831835330175,male,afam,-1.74088542977748,no,no,yes,no,0.32667233574236604,0.29744839055245426,0.95646840231623,-0.41648492961472083,-1.0104291372918257,low,other
-0.3990103591781027,female,afam,-1.135271618925668,no,no,yes,no,0.29048726063410873,0.3942418543738263,3.5684257768346126,-0.8552430383814976,-1.0104291372918257,low,other
-0.3988424000029036,male,other,-0.4170384635395516,no,no,yes,no,0.29048726063410873,0.3942418543738263,3.5684257768346126,-0.8552430383814976,-1.0104291372918257,low,other
-0.39867444082770453,female,other,-0.5468947024035568,no,no,yes,no,0.29048726063410873,0.3942418543738263,3.5684257768346126,-0.8552430383814976,-1.0104291372918257,high,other
-0.39850648165250546,male,afam,-1.648951673563003,no,no,yes,no,-0.9759853644013529,0.3942418543738263,0.3034790586866344,-0.8552430383814976,-1.0104291372918257,low,other
-0.39833852247730633,female,hispanic,-1.606432393509069,no,no,yes,no,-0.9759853644013529,0.3942418543738263,0.3034790586866344,-0.8552430383814976,-1.0104291372918257,low,other
-0.39817056330210726,female,other,-0.7204200782346906,no,no,yes,no,-0.9759853644013529,0.3942418543738263,0.3034790586866344,-0.8552430383814976,-0.45149092302475896,low,other
-0.3980026041269082,male,other,1.1159584008515644,no,no,yes,no,-0.9759853644013529,0.3942418543738263,0.3034790586866344,-0.8552430383814976,0.6663855055093747,low,other
-0.3978346449517091,female,other,-1.0180559153616864,no,no,yes,no,-0.9759853644013529,0.3942418543738263,0.3034790586866344,-0.8552430383814976,-0.45149092302475896,low,other
-0.39766668577651004,male,other,0.40691884027426,no,no,yes,no,-0.2522866229278173,0.29744839055245426,-0.741303890472032,-0.41648492961472083,-0.45149092302475896,low,other
-0.39749872660131097,male,other,-0.7640883384523618,no,no,yes,no,-0.2522866229278173,0.29744839055245426,-0.741303890472032,-0.41648492961472083,0.1074472912423079,low,other
-0.3973307674261119,female,afam,-1.4237138612438518,no,no,yes,no,-0.2522866229278173,0.29744839055245426,-0.741303890472032,-0.41648492961472083,-1.0104291372918257,low,other
-0.3971628082509128,female,other,-0.5250605722947211,yes,yes,yes,no,-0.2522866229278173,0.29744839055245426,-0.741303890472032,-0.41648492961472083,1.2253237197764415,low,other
-0.39699484907571375,female,afam,-1.4731283374043949,no,no,yes,no,-0.2522866229278173,0.29744839055245426,-0.741303890472032,-0.41648492961472083,0.1074472912423079,low,other
-0.3968268899005147,male,other,-0.0734355291179529,no,no,yes,no,0.07337784524391884,0.3942418543738263,-0.30597765165533547,-0.8552430383814976,-0.45149092302475896,low,other
-0.39665893072531555,female,other,-1.2076692053587839,yes,no,yes,no,0.07337784524391884,0.3942418543738263,-0.30597765165533547,-0.8552430383814976,0.1074472912423079,low,other
-0.3964909715501165,male,afam,-0.8859008394207495,no,yes,yes,no,0.07337784524391884,0.3942418543738263,-0.30597765165533547,-0.8552430383814976,0.6663855055093747,low,other
-0.3963230123749174,female,other,-1.1203322465487127,no,no,yes,no,0.07337784524391884,0.3942418543738263,-0.30597765165533547,-0.8552430383814976,-1.0104291372918257,low,other
-0.39615505319971833,male,other,0.19432200162986102,no,no,no,no,0.07337784524391884,0.3942418543738263,-0.30597765165533547,-0.8552430383814976,2.3432001483105753,low,other
-0.39598709402451926,male,other,0.9780579857172129,yes,no,yes,no,0.07337784524391884,0.3942418543738263,-0.30597765165533547,-0.8552430383814976,1.2253237197764415,high,other
-0.3958191348493202,female,other,-0.49862964478147953,no,no,no,no,0.07337784524391884,0.3942418543738263,-0.30597765165533547,-0.8552430383814976,-1.0104291372918257,low,other
-0.3956511756741211,female,other,-0.7997128607744155,no,no,yes,no,0.07337784524391884,0.3942418543738263,-0.30597765165533547,-0.8552430383814976,1.2253237197764415,low,other
-0.39548321649892204,female,other,-1.2674262564918761,no,no,yes,no,0.07337784524391884,0.3942418543738263,-0.30597765165533547,-0.8552430383814976,-0.45149092302475896,low,other
-0.39531525732372297,female,other,0.009305070662440866,no,no,yes,no,0.07337784524391884,0.3942418543738263,-0.30597765165533547,-0.8552430383814976,0.1074472912423079,low,other
-0.3951472981485239,male,other,-0.11020903160374378,no,no,yes,no,-0.179916817797754,-2.167059544177545,-0.43657552557074764,-0.35866521228575543,-1.0104291372918257,low,other
-0.39497933897332477,female,other,-1.4248628414075888,no,no,yes,no,-1.2292800274430258,0.3942418543738263,0.95646840231623,-0.8552430383814976,-1.0104291372918257,low,other
-0.3948113797981257,female,other,-0.7939670832062723,no,no,no,no,-1.2292800274430258,0.3942418543738263,0.95646840231623,-0.8552430383814976,-1.0104291372918257,low,other
-0.3946434206229266,female,other,-0.06539135284760669,yes,yes,no,no,-1.2292800274430258,0.3942418543738263,0.95646840231623,-0.8552430383814976,-1.0104291372918257,low,other
-0.39447546144772755,male,other,-0.9364642957450298,no,no,yes,no,-1.2292800274430258,0.3942418543738263,0.95646840231623,-0.8552430383814976,-1.0104291372918257,low,other
-0.3943075022725285,male,other,-0.7893702858018663,no,no,no,no,-1.2292800274430258,0.3942418543738263,0.95646840231623,-0.8552430383814976,-0.45149092302475896,low,other
-0.3941395430973294,male,other,-1.1904318726543544,no,no,yes,no,-1.2292800274430258,0.3942418543738263,0.95646840231623,-0.8552430383814976,-1.0104291372918257,low,other
-0.39397158392213033,male,other,-0.6618120072653354,no,no,no,no,0.10956274780895049,-2.167059544177545,2.6977733186618185,-0.35866521228575543,-1.0104291372918257,low,other
-0.39380362474693126,female,afam,-1.7156039208027043,no,no,no,no,0.10956274780895049,-2.167059544177545,2.6977733186618185,-0.35866521228575543,-1.0104291372918257,low,other
-0.3936356655717322,female,other,-0.05275037917285446,no,no,yes,no,0.10956274780895049,-2.167059544177545,2.6977733186618185,-0.35866521228575543,-1.0104291372918257,low,other
-0.3934677063965331,male,afam,-2.053460639281431,no,no,no,no,0.10956274780895049,-2.167059544177545,2.6977733186618185,-0.35866521228575543,-1.0104291372918257,low,other
-0.393299747221334,male,afam,-1.7454822271818862,no,no,yes,no,0.10956274780895049,-2.167059544177545,2.6977733186618185,-0.35866521228575543,-0.45149092302475896,low,other
-0.3931317880461349,male,other,-1.6179239486453552,no,no,yes,no,0.10956274780895049,-2.167059544177545,2.6977733186618185,-0.35866521228575543,1.7842619340435084,low,other
-0.39296382887093584,male,afam,-1.1180338478465097,no,no,yes,no,0.10956274780895049,-2.167059544177545,2.6977733186618185,-0.35866521228575543,-1.0104291372918257,low,other
-0.39279586969573677,male,other,-0.7330610519094428,no,no,yes,no,0.10956274780895049,-2.167059544177545,2.6977733186618185,-0.35866521228575543,-1.0104291372918257,low,other
-0.3926279105205377,female,other,0.1862773869847862,yes,no,yes,no,-1.120725147204705,0.3942418543738263,0.390544325261886,-0.8552430383814976,-1.0104291372918257,low,other
-0.3924599513453386,male,other,-1.0571278165496802,no,no,yes,no,-1.120725147204705,0.3942418543738263,0.390544325261886,-0.8552430383814976,-0.45149092302475896,high,other
-0.39229199217013955,female,other,-0.9433594918516388,no,no,no,no,-1.120725147204705,0.3942418543738263,0.390544325261886,-0.8552430383814976,-1.0104291372918257,low,other
-0.3921240329949405,male,other,-1.135271618925668,yes,yes,yes,no,-1.120725147204705,0.3942418543738263,0.390544325261886,-0.8552430383814976,-1.0104291372918257,high,other
-0.3919560738197414,female,other,0.7528197350233331,no,no,yes,no,-1.120725147204705,0.3942418543738263,0.390544325261886,-0.8552430383814976,0.6663855055093747,high,other
-0.39178811464454233,female,other,1.1056158258790152,no,no,no,no,-1.120725147204705,0.3942418543738263,0.390544325261886,-0.8552430383814976,-1.0104291372918257,low,other
-0.3916201554693432,female,other,0.12881873455389686,no,no,yes,no,-0.46939621086123284,-2.167059544177545,-0.6977712669147057,-0.35866521228575543,-1.0104291372918257,low,other
-0.39145219629414413,female,afam,-1.7948967033424292,no,no,yes,no,-0.46939621086123284,-2.167059544177545,-0.6977712669147057,-0.35866521228575543,-1.0104291372918257,low,other
-0.39128423711894506,male,afam,-1.2088186238972496,no,no,yes,no,-0.46939621086123284,-2.167059544177545,-0.6977712669147057,-0.35866521228575543,-1.0104291372918257,low,other
-0.391116277943746,female,other,-0.06424193430914087,no,no,yes,no,0.8332613167392598,-2.167059544177545,1.8271208604890243,-0.35866521228575543,-1.0104291372918257,low,other
-0.3909483187685469,female,afam,-0.5756240286190014,no,no,yes,no,0.8332613167392598,-2.167059544177545,1.8271208604890243,-0.35866521228575543,-0.45149092302475896,low,other
-0.39078035959334784,male,other,-2.1201128865211323,no,no,yes,no,-1.0483553420746419,0.3942418543738263,0.95646840231623,-0.8552430383814976,-1.0104291372918257,high,other
-0.39061240041814876,male,other,0.0276918219053363,no,no,yes,no,-1.0483553420746419,0.3942418543738263,0.95646840231623,-0.8552430383814976,-1.0104291372918257,low,other
-0.3904444412429497,female,other,-0.43197739754177816,no,no,yes,no,-1.0483553420746419,0.3942418543738263,0.95646840231623,-0.8552430383814976,-1.0104291372918257,low,other
-0.3902764820677506,female,other,0.06676372309333017,no,no,yes,no,-1.0483553420746419,0.3942418543738263,0.95646840231623,-0.8552430383814976,-1.0104291372918257,high,other
-0.39010852289255155,male,other,-0.3825629213812351,no,no,yes,yes,-0.5779510910995534,0.3942418543738263,-0.523640766198534,-0.8552430383814976,1.2253237197764415,low,other
-0.3899405637173524,female,afam,0.6402008288637575,no,no,yes,yes,-0.5779510910995534,0.3942418543738263,-0.523640766198534,-0.8552430383814976,-1.0104291372918257,low,other
-0.38977260454215334,male,afam,-0.033214647766221836,no,no,no,yes,-0.5779510910995534,0.3942418543738263,-0.523640766198534,-0.8552430383814976,0.6663855055093747,low,other
-0.38960464536695427,female,other,1.7721361064023855,yes,yes,yes,yes,-0.5779510910995534,0.3942418543738263,-0.523640766198534,-0.8552430383814976,2.3432001483105753,high,other
-0.3894366861917552,female,afam,0.5091951714612865,no,no,yes,yes,-0.5779510910995534,0.3942418543738263,-0.523640766198534,-0.8552430383814976,0.6663855055093747,high,other
-0.3892687270165561,female,afam,0.43220078762376446,yes,yes,yes,no,0.7608915116091971,0.29744839055245426,0.7823378691657268,-0.41648492961472083,0.6663855055093747,low,other
-0.38910076784135705,male,afam,-0.7215690583984278,no,no,yes,no,0.7608915116091971,0.29744839055245426,0.7823378691657268,-0.41648492961472083,-1.0104291372918257,low,other
-0.388932808666158,female,afam,-0.23431993127433443,no,no,yes,no,0.7608915116091971,0.29744839055245426,0.7823378691657268,-0.41648492961472083,1.2253237197764415,low,other
-0.3887648494909589,male,afam,-1.205370806656581,no,no,no,no,0.7608915116091971,0.29744839055245426,0.7823378691657268,-0.41648492961472083,-1.0104291372918257,low,other
-0.38859689031575984,female,afam,-1.5903440409683764,no,no,yes,no,0.7608915116091971,0.29744839055245426,0.7823378691657268,-0.41648492961472083,1.2253237197764415,low,other
-0.38842893114056076,female,other,-0.6824971572104339,no,no,yes,no,0.7608915116091971,0.29744839055245426,0.7823378691657268,-0.41648492961472083,-1.0104291372918257,low,other
-0.38826097196536163,male,afam,-1.2341001328720256,no,no,yes,no,0.7608915116091971,0.29744839055245426,0.7823378691657268,-0.41648492961472083,-1.0104291372918257,low,other
-0.38809301279016256,male,afam,0.37933849422255256,no,no,yes,no,0.7608915116091971,0.29744839055245426,0.7823378691657268,-0.41648492961472083,0.6663855055093747,low,other
-0.3879250536149635,female,other,0.6103225224845756,no,no,yes,no,0.7608915116091971,0.29744839055245426,0.7823378691657268,-0.41648492961472083,1.2253237197764415,low,other
-0.3877570944397644,female,afam,-2.2051514466290008,no,no,yes,no,0.7608915116091971,0.29744839055245426,0.7823378691657268,-0.41648492961472083,-1.0104291372918257,low,other
-0.38758913526456534,female,afam,-1.3191391313546224,no,no,no,no,-0.867430656706258,0.29744839055245426,-0.43657552557074764,-0.41648492961472083,0.1074472912423079,low,other
-0.38742117608936627,female,afam,-0.26189983895131325,no,no,yes,no,-0.867430656706258,0.29744839055245426,-0.43657552557074764,-0.41648492961472083,0.1074472912423079,low,other
-0.3872532169141672,female,hispanic,-1.4110728875690994,no,yes,yes,no,-0.867430656706258,0.29744839055245426,-0.43657552557074764,-0.41648492961472083,2.3432001483105753,low,other
-0.3870852577389681,female,afam,-1.1996250290884376,no,no,yes,no,-0.867430656706258,0.29744839055245426,-0.43657552557074764,-0.41648492961472083,-1.0104291372918257,high,other
-0.38691729856376905,female,other,-1.1122880702783664,no,no,yes,no,-0.867430656706258,0.29744839055245426,-0.43657552557074764,-0.41648492961472083,-1.0104291372918257,low,other
-0.38674933938857,female,afam,-1.3363769024337806,yes,yes,no,no,-0.867430656706258,0.29744839055245426,-0.43657552557074764,-0.41648492961472083,-1.0104291372918257,low,other
-0.38658138021337085,female,afam,-1.439802213784544,no,no,no,no,-0.867430656706258,0.29744839055245426,-0.43657552557074764,-0.41648492961472083,-1.0104291372918257,low,other
-0.3864134210381718,male,afam,-1.962675863230691,no,no,yes,no,-0.179916817797754,-2.167059544177545,0.3034790586866344,-0.35866521228575543,-1.0104291372918257,low,other
-0.3862454618629727,male,afam,-2.521174034998892,no,no,yes,yes,-1.2654649300080574,0.3942418543738263,-0.6977712669147057,-0.8552430383814976,-1.0104291372918257,high,other
-0.38607750268777363,female,other,0.6045767449164324,no,no,yes,yes,-1.2654649300080574,0.3942418543738263,-0.6977712669147057,-0.8552430383814976,0.6663855055093747,low,other
-0.38590954351257456,male,other,0.7022562786990528,no,no,yes,yes,-1.2654649300080574,0.3942418543738263,-0.6977712669147057,-0.8552430383814976,-0.45149092302475896,low,other
-0.3857415843373755,male,other,-0.559535676078309,yes,no,yes,yes,-1.2654649300080574,0.3942418543738263,-0.6977712669147057,-0.8552430383814976,0.1074472912423079,low,other
-0.3855736251621764,male,other,0.5758474187009878,no,no,yes,yes,-1.2654649300080574,0.3942418543738263,-0.6977712669147057,-0.8552430383814976,1.7842619340435084,low,other
-0.38540566598697734,female,afam,-1.5880456422661735,no,no,no,no,0.32667233574236604,-2.167059544177545,1.652990327338521,-0.35866521228575543,-1.0104291372918257,low,other
-0.38523770681177827,male,other,-0.45611036472754546,no,no,no,no,0.32667233574236604,-2.167059544177545,1.652990327338521,-0.35866521228575543,-1.0104291372918257,low,other
-0.3850697476365792,female,afam,-2.2959362226797406,no,no,yes,no,0.32667233574236604,-2.167059544177545,1.652990327338521,-0.35866521228575543,-1.0104291372918257,low,other
-0.38490178846138007,female,afam,-0.9778345956352267,no,no,yes,no,0.32667233574236604,-2.167059544177545,1.652990327338521,-0.35866521228575543,0.6663855055093747,low,other
-0.384733829286181,female,afam,-0.6238895246158074,no,no,yes,no,0.32667233574236604,-2.167059544177545,1.652990327338521,-0.35866521228575543,-1.0104291372918257,low,other
-0.3845658701109819,female,afam,-0.6893923533170428,no,no,no,no,0.32667233574236604,-2.167059544177545,1.652990327338521,-0.35866521228575543,-1.0104291372918257,low,other
-0.38439791093578285,male,other,-0.7652377569908276,no,no,yes,no,0.32667233574236604,-2.167059544177545,1.652990327338521,-0.35866521228575543,-1.0104291372918257,high,other
-0.3842299517605838,female,afam,-1.735139652209337,no,no,no,no,0.32667233574236604,-2.167059544177545,1.652990327338521,-0.35866521228575543,-1.0104291372918257,high,other
-0.3840619925853847,female,afam,-1.263978877625936,no,no,no,no,0.32667233574236604,-2.167059544177545,1.652990327338521,-0.35866521228575543,-0.45149092302475896,low,other
-0.38389403341018563,female,other,-0.8698124868800571,yes,no,yes,yes,-1.1930949523347685,0.3942418543738263,-0.5671733994861597,-0.8552430383814976,0.1074472912423079,low,other
-0.38372607423498656,female,other,-0.21018696408856716,no,no,yes,yes,-1.1930949523347685,0.3942418543738263,-0.5671733994861597,-0.8552430383814976,-1.0104291372918257,low,other
-0.3835581150597875,female,other,-1.4616367822681084,no,no,no,yes,-1.1930949523347685,0.3942418543738263,-0.5671733994861597,-0.8552430383814976,-0.45149092302475896,high,other
-0.3833901558845884,male,other,-0.46185614229568867,no,no,yes,yes,-1.1930949523347685,0.3942418543738263,-0.5671733994861597,-0.8552430383814976,0.6663855055093747,low,other
-0.38322219670938934,male,afam,-0.20903798392482997,no,no,yes,yes,-1.1930949523347685,0.3942418543738263,-0.5671733994861597,-0.8552430383814976,-0.45149092302475896,low,other
-0.3830542375341902,female,other,-1.311094955084276,no,no,yes,yes,-1.1930949523347685,0.3942418543738263,-0.5671733994861597,-0.8552430383814976,-1.0104291372918257,high,other
-0.38288627835899114,male,afam,-0.9870281904440387,no,no,yes,yes,-1.1930949523347685,0.3942418543738263,-0.5671733994861597,-0.8552430383814976,-1.0104291372918257,high,other
-0.38271831918379207,male,other,-0.3365962624613608,no,no,yes,yes,-1.1930949523347685,0.3942418543738263,-0.5671733994861597,-0.8552430383814976,-0.45149092302475896,high,other
-0.382550360008593,male,afam,-0.2802865901942087,no,no,yes,yes,-1.1930949523347685,0.3942418543738263,-0.5671733994861597,-0.8552430383814976,-0.45149092302475896,low,other
-0.3823824008333939,male,hispanic,-0.3710713662449487,no,no,yes,yes,-1.1930949523347685,0.31234002040435455,-0.741303890472032,-1.0593054514853693,-1.0104291372918257,low,other
-0.38221444165819485,male,other,1.1814612295528,no,no,yes,yes,-1.1930949523347685,0.31234002040435455,-0.741303890472032,-1.0593054514853693,-1.0104291372918257,low,other
-0.3820464824829958,male,other,0.07365848082521056,yes,yes,yes,yes,-1.1930949523347685,0.31234002040435455,-0.741303890472032,-1.0593054514853693,0.1074472912423079,high,other
-0.3818785233077967,female,hispanic,-1.0226522743913637,no,yes,no,yes,-1.1930949523347685,0.31234002040435455,-0.741303890472032,-1.0593054514853693,-1.0104291372918257,low,other
-0.38171056413259763,male,other,1.6411304489999143,yes,yes,yes,yes,-1.1930949523347685,0.31234002040435455,-0.741303890472032,-1.0593054514853693,1.2253237197764415,high,other
-0.38154260495739856,male,afam,0.2586754117926307,no,no,yes,yes,-1.1930949523347685,0.31234002040435455,-0.741303890472032,-1.0593054514853693,1.7842619340435084,low,other
-0.38137464578219943,male,afam,-1.2582331000577929,no,no,yes,yes,-1.1930949523347685,0.31234002040435455,-0.741303890472032,-1.0593054514853693,-1.0104291372918257,low,other
-0.38120668660700036,male,hispanic,0.97575958701501,no,no,yes,yes,-1.1930949523347685,0.31234002040435455,-0.741303890472032,-1.0593054514853693,1.2253237197764415,low,other
-0.3810387274318013,female,afam,0.708002056267196,no,no,yes,yes,-1.1930949523347685,0.31234002040435455,-0.741303890472032,-1.0593054514853693,-0.45149092302475896,low,other
-0.3808707682566022,male,afam,0.7240904088078884,no,no,yes,yes,-1.1930949523347685,0.31234002040435455,-0.741303890472032,-1.0593054514853693,0.6663855055093747,low,other
-0.38070280908140314,male,other,-1.576554087129887,no,no,yes,no,-1.4102046265397967,0.31234002040435455,-0.5671733994861597,-1.0593054514853693,-1.0104291372918257,high,other
-0.38053484990620406,male,other,-0.5836682048893477,yes,no,yes,no,-1.4102046265397967,0.31234002040435455,-0.5671733994861597,-1.0593054514853693,-1.0104291372918257,high,other
-0.380366890731005,female,other,-1.1858350752499482,no,no,no,no,-1.4102046265397967,0.31234002040435455,-0.5671733994861597,-1.0593054514853693,-1.0104291372918257,low,other
-0.3801989315558059,female,hispanic,-1.3697025876789026,no,no,yes,no,-1.4102046265397967,0.31234002040435455,-0.5671733994861597,-1.0593054514853693,-1.0104291372918257,low,other
-0.38003097238060685,male,other,0.7367313824826407,no,no,yes,no,-1.4102046265397967,0.31234002040435455,-0.5671733994861597,-1.0593054514853693,0.6663855055093747,high,other
-0.3798630132054078,female,hispanic,-1.1134370504421036,no,no,yes,no,-1.4102046265397967,0.31234002040435455,-0.5671733994861597,-1.0593054514853693,-0.45149092302475896,low,other
-0.37969505403020865,female,other,-0.9548510469879252,no,no,yes,no,-1.4102046265397967,0.31234002040435455,-0.5671733994861597,-1.0593054514853693,-1.0104291372918257,low,other
-0.3795270948550096,female,other,0.9895495408534993,no,no,yes,no,-1.4102046265397967,0.31234002040435455,-0.5671733994861597,-1.0593054514853693,-1.0104291372918257,high,other
-0.3793591356798105,female,hispanic,-1.1869840554136855,no,no,yes,no,-1.4102046265397967,0.31234002040435455,-0.5671733994861597,-1.0593054514853693,-1.0104291372918257,low,other
-0.3791911765046114,female,other,-0.554938878673903,no,no,yes,no,-0.2522866229278173,0.31234002040435455,0.95646840231623,-1.0593054514853693,-0.45149092302475896,low,other
-0.37902321732941235,female,hispanic,-0.2331705127358686,no,no,yes,no,-0.2522866229278173,0.31234002040435455,0.95646840231623,-1.0593054514853693,-0.45149092302475896,low,other
-0.3788552581542133,female,afam,1.5273625626766016,no,no,yes,no,-0.2522866229278173,0.31234002040435455,0.95646840231623,-1.0593054514853693,-0.45149092302475896,low,other
-0.3786872989790142,male,hispanic,-0.2687950350579223,yes,no,yes,no,-0.2522866229278173,0.31234002040435455,0.95646840231623,-1.0593054514853693,-0.45149092302475896,low,other
-0.37851933980381514,female,other,1.0941242707427288,no,no,yes,no,-0.2522866229278173,0.31234002040435455,0.95646840231623,-1.0593054514853693,-1.0104291372918257,low,other
-0.37835138062861606,female,afam,0.089746833365903,no,no,yes,no,-0.2522866229278173,0.31234002040435455,0.95646840231623,-1.0593054514853693,1.2253237197764415,low,other
-0.378183421453417,male,other,0.9114057384775116,no,no,yes,no,-0.2522866229278173,0.31234002040435455,0.95646840231623,-1.0593054514853693,1.7842619340435084,low,other
-0.37801546227821786,male,other,1.3078705279255936,no,no,yes,no,-0.2522866229278173,0.31234002040435455,0.95646840231623,-1.0593054514853693,-1.0104291372918257,low,other
-0.3778475031030188,female,other,0.2942999341146844,no,no,yes,no,-0.2522866229278173,0.31234002040435455,0.95646840231623,-1.0593054514853693,-0.45149092302475896,high,other
-0.3776795439278197,male,other,-0.19524803008634053,no,no,yes,no,-0.2522866229278173,0.31234002040435455,0.95646840231623,-1.0593054514853693,0.1074472912423079,low,other
-0.37751158475262064,male,other,0.9746101684765441,no,no,yes,no,-1.120725147204705,0.31234002040435455,-0.044781903824511096,-1.0593054514853693,-0.45149092302475896,low,other
-0.37734362557742157,male,other,-0.8158012133151079,no,no,yes,no,-1.120725147204705,0.31234002040435455,-0.044781903824511096,-1.0593054514853693,-0.45149092302475896,high,other
-0.3771756664022225,female,hispanic,-1.476575716270335,no,no,yes,no,-1.120725147204705,0.31234002040435455,-0.044781903824511096,-1.0593054514853693,-1.0104291372918257,high,other
-0.3770077072270234,female,other,0.31728348276198587,no,no,yes,no,-1.120725147204705,0.31234002040435455,-0.044781903824511096,-1.0593054514853693,-0.45149092302475896,low,other
-0.37683974805182435,female,other,0.7953394534519957,yes,no,yes,no,-1.120725147204705,0.31234002040435455,-0.044781903824511096,-1.0593054514853693,0.6663855055093747,high,other
-0.3766717888766253,male,other,-0.24925886527656102,no,no,yes,no,-1.120725147204705,0.31234002040435455,-0.044781903824511096,-1.0593054514853693,-0.45149092302475896,low,other
-0.3765038297014262,female,other,-0.03436362792995903,yes,no,yes,no,-1.120725147204705,0.31234002040435455,-0.044781903824511096,-1.0593054514853693,0.6663855055093747,high,other
-0.3763358705262271,female,other,0.9631186133402577,no,no,yes,no,-1.120725147204705,0.31234002040435455,-0.044781903824511096,-1.0593054514853693,-1.0104291372918257,low,other
-0.376167911351028,female,other,0.033437599473479504,no,no,yes,no,-1.120725147204705,0.31234002040435455,-0.044781903824511096,-1.0593054514853693,-1.0104291372918257,high,other
-0.37599995217582893,female,other,0.6379024301615545,no,no,yes,no,-1.0845402446396735,0.31234002040435455,0.95646840231623,-1.0593054514853693,-1.0104291372918257,low,other
-0.37583199300062986,female,other,-0.5066738210518258,no,no,yes,no,-1.0845402446396735,0.31234002040435455,0.95646840231623,-1.0593054514853693,-1.0104291372918257,low,other
-0.3756640338254308,male,hispanic,-1.252486884114921,no,no,no,no,-1.0845402446396735,0.31234002040435455,0.95646840231623,-1.0593054514853693,-1.0104291372918257,low,other
-0.3754960746502317,male,other,-0.14238573668512863,no,no,yes,no,-1.0845402446396735,0.31234002040435455,0.95646840231623,-1.0593054514853693,-1.0104291372918257,low,other
-0.37532811547503264,female,hispanic,-0.6158453483454611,no,no,no,no,-1.0845402446396735,0.31234002040435455,0.95646840231623,-1.0593054514853693,-1.0104291372918257,low,other
-0.37516015629983357,male,hispanic,0.15525010044186716,yes,yes,yes,no,-1.0845402446396735,0.31234002040435455,0.95646840231623,-1.0593054514853693,-1.0104291372918257,low,other
-0.3749921971246345,female,other,-1.132973220223465,no,no,yes,no,-1.0845402446396735,0.31234002040435455,0.95646840231623,-1.0593054514853693,1.2253237197764415,high,other
-0.3748242379494354,female,hispanic,0.20811195546835046,yes,no,yes,no,-1.0845402446396735,0.31234002040435455,0.95646840231623,-1.0593054514853693,1.2253237197764415,low,other
-0.3746562787742363,female,other,1.5583898492195205,yes,yes,yes,no,-1.0845402446396735,0.31234002040435455,0.95646840231623,-1.0593054514853693,0.6663855055093747,high,other
-0.3744883195990372,male,other,-1.3329290851931117,no,yes,no,no,-1.0845402446396735,0.31234002040435455,0.95646840231623,-1.0593054514853693,0.1074472912423079,low,other
-0.37432036042383815,female,other,1.0067873119326576,no,no,yes,no,-1.0845402446396735,0.31234002040435455,0.95646840231623,-1.0593054514853693,-0.45149092302475896,low,other
-0.3741524012486391,female,afam,-1.1099896715761635,no,no,yes,no,-0.9036155592712896,0.31234002040435455,0.7388052877730314,-1.0593054514853693,0.1074472912423079,low,other
-0.37398444207344,male,other,0.25522803292669055,yes,no,no,no,-0.9036155592712896,0.31234002040435455,0.7388052877730314,-1.0593054514853693,0.6663855055093747,low,other
-0.37381648289824093,female,other,-0.774430913424911,no,no,yes,no,-0.9036155592712896,0.31234002040435455,0.7388052877730314,-1.0593054514853693,-1.0104291372918257,low,other
-0.37364852372304186,male,afam,0.7482233759936557,no,yes,yes,no,-0.9036155592712896,0.31234002040435455,0.7388052877730314,-1.0593054514853693,0.6663855055093747,low,other
-0.3734805645478428,female,afam,-1.399581332432813,no,no,yes,no,-0.9036155592712896,0.31234002040435455,0.7388052877730314,-1.0593054514853693,0.6663855055093747,low,other
-0.3733126053726437,female,other,-0.7537457634798126,no,no,yes,yes,-0.9759853644013529,0.31234002040435455,-0.48010815885837343,-1.0593054514853693,0.6663855055093747,low,other
-0.37314464619744464,male,other,-1.5236917937286751,no,no,yes,yes,-0.9759853644013529,0.31234002040435455,-0.48010815885837343,-1.0593054514853693,-0.45149092302475896,low,other
-0.3729766870222455,female,hispanic,-0.23891629030401182,no,no,yes,yes,-0.9759853644013529,0.31234002040435455,-0.48010815885837343,-1.0593054514853693,0.1074472912423079,low,other
-0.37280872784704644,female,afam,0.46207909400294633,yes,no,yes,yes,-0.9759853644013529,0.31234002040435455,-0.48010815885837343,-1.0593054514853693,-0.45149092302475896,low,other
-0.37264076867184737,male,afam,-1.5501227212419166,no,no,yes,yes,-0.9759853644013529,0.31234002040435455,-0.48010815885837343,-1.0593054514853693,-1.0104291372918257,low,other
-0.3724728094966483,female,other,0.31153726681911403,yes,no,yes,no,-1.4825745179414729,0.31234002040435455,-0.43657552557074764,-1.0593054514853693,-1.0104291372918257,high,other
-0.3723048503214492,male,hispanic,-0.2664966363557193,yes,no,yes,no,-1.4825745179414729,0.31234002040435455,-0.43657552557074764,-1.0593054514853693,0.1074472912423079,high,other
-0.37213689114625015,female,other,0.02654240336687048,no,no,yes,no,-1.4825745179414729,0.31234002040435455,-0.43657552557074764,-1.0593054514853693,-0.45149092302475896,low,other
-0.3719689319710511,female,afam,-1.214564401465393,yes,no,yes,no,-1.4825745179414729,0.31234002040435455,-0.43657552557074764,-1.0593054514853693,-1.0104291372918257,high,other
-0.371800972795852,female,other,0.11962557811981347,yes,no,yes,no,-1.4825745179414729,0.31234002040435455,-0.43657552557074764,-1.0593054514853693,-1.0104291372918257,high,other
-0.37163301362065293,male,other,-0.652618850831252,no,no,no,no,-1.4825745179414729,0.31234002040435455,-0.43657552557074764,-1.0593054514853693,-1.0104291372918257,low,other
-0.37146505444545386,female,hispanic,1.0757375194998333,no,no,yes,no,-1.4825745179414729,0.31234002040435455,-0.43657552557074764,-1.0593054514853693,1.2253237197764415,low,other
-0.37129709527025473,male,hispanic,-0.862917290773448,no,no,yes,yes,-0.9036155592712896,0.31234002040435455,-0.6542386401139462,-1.0593054514853693,1.2253237197764415,high,other
-0.37112913609505566,male,other,0.6562891814044499,no,no,yes,yes,-0.9036155592712896,0.31234002040435455,-0.6542386401139462,-1.0593054514853693,-1.0104291372918257,low,other
-0.3709611769198566,male,afam,-0.26994401522165945,no,yes,no,yes,-0.9036155592712896,0.31234002040435455,-0.6542386401139462,-1.0593054514853693,0.1074472912423079,low,other
-0.3707932177446575,male,other,0.889571608368676,yes,no,yes,yes,-0.9036155592712896,0.31234002040435455,-0.6542386401139462,-1.0593054514853693,0.6663855055093747,low,other
-0.37062525856945844,female,afam,-0.6514694322927862,no,yes,yes,yes,-0.9036155592712896,0.31234002040435455,-0.6542386401139462,-1.0593054514853693,1.2253237197764415,low,other
-0.37045729939425937,female,afam,-1.1375695792531424,yes,no,yes,yes,-0.9036155592712896,0.31234002040435455,-0.6542386401139462,-1.0593054514853693,-0.45149092302475896,high,other
-0.3702893402190603,female,afam,-0.32165689008440557,no,no,yes,yes,-0.9036155592712896,0.31234002040435455,-0.6542386401139462,-1.0593054514853693,1.2253237197764415,low,other
-0.3701213810438612,male,hispanic,-1.7811067495039399,no,no,yes,yes,-0.9036155592712896,0.31234002040435455,-0.6542386401139462,-1.0593054514853693,-1.0104291372918257,low,other
-0.36995342186866215,female,other,0.04722755331196892,no,no,yes,no,-0.03517703499440176,0.31234002040435455,1.1741315168594286,-1.0593054514853693,0.6663855055093747,low,other
-0.3697854626934631,female,afam,-1.1800892976818051,no,no,yes,no,-0.03517703499440176,0.31234002040435455,1.1741315168594286,-1.0593054514853693,-1.0104291372918257,low,other
-0.36961750351826395,female,other,0.11617819925387328,no,no,yes,no,-0.03517703499440176,0.31234002040435455,1.1741315168594286,-1.0593054514853693,-0.45149092302475896,low,other
-0.3694495443430649,male,other,0.8102783874542224,yes,no,yes,no,-0.03517703499440176,0.31234002040435455,1.1741315168594286,-1.0593054514853693,-0.45149092302475896,high,other
-0.3692815851678658,male,other,-0.5239111537562554,yes,no,yes,no,-0.03517703499440176,0.31234002040435455,1.1741315168594286,-1.0593054514853693,-1.0104291372918257,low,other
-0.3691136259926667,female,other,1.9571530373698056,no,no,yes,no,-0.03517703499440176,0.31234002040435455,1.1741315168594286,-1.0593054514853693,0.6663855055093747,low,other
-0.36894566681746765,male,other,0.1311171332560999,no,no,yes,no,-0.03517703499440176,0.31234002040435455,1.1741315168594286,-1.0593054514853693,-1.0104291372918257,low,other
-0.3687777076422686,female,afam,-1.5868962237277076,no,no,yes,no,-0.7226908739029057,0.31234002040435455,0.7388052877730314,-1.0593054514853693,0.6663855055093747,low,other
-0.3686097484670695,female,hispanic,-0.9812824128758955,no,no,yes,no,-0.7226908739029057,0.31234002040435455,0.7388052877730314,-1.0593054514853693,-1.0104291372918257,low,other
-0.36844178929187044,male,afam,-0.962895661633,no,no,yes,no,-0.7226908739029057,0.31234002040435455,0.7388052877730314,-1.0593054514853693,-1.0104291372918257,low,other
-0.36827383011667136,female,afam,-0.06539135284760669,no,no,yes,no,-0.7226908739029057,0.31234002040435455,0.7388052877730314,-1.0593054514853693,-0.45149092302475896,low,other
-0.3681058709414723,male,afam,-1.9178581844745541,no,no,yes,no,-0.7226908739029057,0.31234002040435455,0.7388052877730314,-1.0593054514853693,-0.45149092302475896,high,other
-0.36793791176627316,female,afam,-0.5204637748903151,no,yes,yes,no,-0.7226908739029057,0.31234002040435455,0.7388052877730314,-1.0593054514853693,0.1074472912423079,low,other
-0.3677699525910741,female,afam,-0.2871817863008177,no,no,yes,no,-0.7226908739029057,0.31234002040435455,0.7388052877730314,-1.0593054514853693,0.6663855055093747,low,other
-0.367601993415875,male,other,-1.170895702872993,no,no,yes,no,-0.5055812859694901,0.31234002040435455,0.95646840231623,-1.0593054514853693,-1.0104291372918257,low,other
-0.36743403424067594,male,other,0.5413718765426713,no,no,yes,no,-0.5055812859694901,0.31234002040435455,0.95646840231623,-1.0593054514853693,-1.0104291372918257,high,other
-0.36726607506547687,female,other,0.9700138094468668,no,no,yes,no,-0.5055812859694901,0.31234002040435455,0.95646840231623,-1.0593054514853693,0.1074472912423079,high,other
-0.3670981158902778,male,hispanic,-1.6351617197245134,no,no,yes,no,-0.5055812859694901,0.31234002040435455,0.95646840231623,-1.0593054514853693,-1.0104291372918257,low,other
-0.3669301567150787,female,other,-1.482321493838478,no,no,no,no,-1.4463896153764413,0.31234002040435455,0.3034790586866344,-1.0593054514853693,-1.0104291372918257,low,other
-0.36676219753987965,female,other,0.40691884027426,yes,no,no,no,-1.3378347351381206,0.31234002040435455,0.8694031357409784,-1.0593054514853693,0.1074472912423079,low,other
-0.3665942383646806,male,other,1.4779480865160586,no,no,yes,no,-1.3378347351381206,0.31234002040435455,0.8694031357409784,-1.0593054514853693,1.7842619340435084,low,other
-0.3664262791894815,male,other,-0.041258824036568054,no,no,yes,no,-1.3378347351381206,0.31234002040435455,0.8694031357409784,-1.0593054514853693,-1.0104291372918257,low,other
-0.3662583200142824,male,hispanic,-0.5342537287288046,no,no,yes,no,-1.3378347351381206,0.31234002040435455,0.8694031357409784,-1.0593054514853693,-1.0104291372918257,low,other
-0.3660903608390833,female,other,-0.9881771706077759,no,no,no,no,0.18193272548223943,0.31234002040435455,0.5211421732298329,-1.0593054514853693,-1.0104291372918257,high,other
-0.36592240166388423,male,other,0.583891594971334,no,no,yes,no,0.18193272548223943,0.31234002040435455,0.5211421732298329,-1.0593054514853693,0.6663855055093747,high,other
-0.36575444248868516,female,afam,-1.1915808528180916,no,no,yes,no,0.18193272548223943,0.31234002040435455,0.5211421732298329,-1.0593054514853693,1.2253237197764415,low,other
-0.3655864833134861,male,other,-1.3145423339502162,no,no,no,no,0.18193272548223943,0.31234002040435455,0.5211421732298329,-1.0593054514853693,-1.0104291372918257,low,other
-0.365418524138287,female,afam,-1.5018576636198395,no,no,yes,no,0.18193272548223943,0.31234002040435455,0.5211421732298329,-1.0593054514853693,-1.0104291372918257,low,other
-0.36525056496308794,female,afam,-0.8709614670437942,no,no,yes,no,0.18193272548223943,0.31234002040435455,0.5211421732298329,-1.0593054514853693,0.6663855055093747,low,other
-0.36508260578788887,female,other,1.2515608556584414,yes,yes,yes,no,0.18193272548223943,0.31234002040435455,0.5211421732298329,-1.0593054514853693,1.7842619340435084,high,other
-0.3649146466126898,male,hispanic,-1.2295037738423482,no,no,yes,no,0.18193272548223943,0.31234002040435455,0.5211421732298329,-1.0593054514853693,0.1074472912423079,high,other
-0.3647466874374907,female,afam,-0.342342040029504,no,no,yes,no,0.18193272548223943,0.31234002040435455,0.5211421732298329,-1.0593054514853693,-1.0104291372918257,low,other
-0.36457872826229165,male,other,-1.1168848676827725,no,no,no,no,0.18193272548223943,0.31234002040435455,0.5211421732298329,-1.0593054514853693,-1.0104291372918257,low,other
-0.3644107690870925,male,other,1.9491088610994594,no,no,yes,yes,-0.9759853644013529,0.31234002040435455,-0.6977712669147057,-1.0593054514853693,-1.0104291372918257,low,other
-0.36424280991189345,male,other,1.7399594013210007,yes,yes,yes,yes,-0.9759853644013529,0.31234002040435455,-0.6977712669147057,-1.0593054514853693,0.6663855055093747,high,other
-0.3640748507366944,male,afam,-1.3823435613536548,no,no,no,yes,-0.9759853644013529,0.31234002040435455,-0.6977712669147057,-1.0593054514853693,-1.0104291372918257,low,other
-0.3639068915614953,male,other,2.032998879418319,no,yes,yes,yes,-0.9759853644013529,0.31234002040435455,-0.6977712669147057,-1.0593054514853693,1.7842619340435084,high,other
-0.36373893238629623,male,hispanic,-0.9422105116879016,no,no,yes,yes,-0.9759853644013529,0.31234002040435455,-0.6977712669147057,-1.0593054514853693,-0.45149092302475896,low,other
-0.36357097321109716,female,afam,0.5942341699438832,no,no,yes,yes,-0.9759853644013529,0.31234002040435455,-0.6977712669147057,-1.0593054514853693,-0.45149092302475896,low,other
-0.3634030140358981,female,other,0.12422237552421948,no,no,no,yes,-0.9759853644013529,0.31234002040435455,-0.6977712669147057,-1.0593054514853693,0.6663855055093747,high,other
-0.363235054860699,male,other,-0.5009280434836826,no,no,yes,yes,-0.9759853644013529,0.31234002040435455,-0.6977712669147057,-1.0593054514853693,0.6663855055093747,high,other
-0.36306709568549994,female,hispanic,-1.96612368047136,no,no,yes,yes,-0.9759853644013529,0.31234002040435455,-0.6977712669147057,-1.0593054514853693,-1.0104291372918257,low,other
-0.36289913651030087,male,other,-1.384641960055858,no,no,yes,no,-0.9759853644013529,0.31234002040435455,-0.1318471703997627,-1.0593054514853693,-1.0104291372918257,low,other
-0.36273117733510174,female,other,1.5331087786194735,no,no,yes,no,-0.5779510910995534,0.31234002040435455,1.1741315168594286,-1.0593054514853693,1.2253237197764415,low,other
-0.36256321815990267,female,other,-0.344640438731707,no,no,yes,no,-0.5779510910995534,0.31234002040435455,1.1741315168594286,-1.0593054514853693,-1.0104291372918257,low,other
-0.3623952589847036,male,other,-0.7514478031523382,no,no,yes,no,-0.5779510910995534,0.31234002040435455,1.1741315168594286,-1.0593054514853693,-1.0104291372918257,low,other
-0.3622272998095045,female,other,0.32187984179166323,no,no,yes,no,-0.5779510910995534,0.31234002040435455,1.1741315168594286,-1.0593054514853693,-1.0104291372918257,low,other
-0.36205934063430545,female,afam,-1.3145423339502162,no,no,yes,no,-0.5779510910995534,0.31234002040435455,1.1741315168594286,-1.0593054514853693,-1.0104291372918257,low,other
-0.3618913814591064,male,afam,-0.693989150721449,no,no,yes,no,-1.1930949523347685,0.31234002040435455,0.95646840231623,-1.0593054514853693,0.6663855055093747,low,other
-0.3617234222839073,male,afam,-1.227205375140145,no,no,yes,no,-1.1930949523347685,0.31234002040435455,0.95646840231623,-1.0593054514853693,-1.0104291372918257,low,other
-0.36155546310870823,female,afam,-0.8112044159107019,no,no,yes,no,-1.1930949523347685,0.31234002040435455,0.95646840231623,-1.0593054514853693,-1.0104291372918257,low,other
-0.36138750393350916,female,afam,-0.6296353021839506,no,no,yes,no,-1.1930949523347685,0.31234002040435455,0.95646840231623,-1.0593054514853693,-0.45149092302475896,low,other
-0.3612195447583101,male,afam,-1.1904318726543544,no,no,yes,no,-1.1930949523347685,0.31234002040435455,0.95646840231623,-1.0593054514853693,-1.0104291372918257,low,other
-0.36105158558311096,female,other,-0.9801329943374296,no,no,no,no,-1.1930949523347685,0.31234002040435455,0.95646840231623,-1.0593054514853693,-1.0104291372918257,low,other
-0.3608836264079119,male,afam,-0.953702066824188,no,no,yes,no,-1.1930949523347685,0.31234002040435455,0.95646840231623,-1.0593054514853693,-0.45149092302475896,low,other
-0.3607156672327128,male,other,0.663184377511059,no,no,yes,no,-1.1930949523347685,0.31234002040435455,0.95646840231623,-1.0593054514853693,1.2253237197764415,low,other
-0.36054770805751374,female,afam,-1.9799136343098493,no,no,yes,no,-1.1930949523347685,0.31234002040435455,0.95646840231623,-1.0593054514853693,-1.0104291372918257,low,other
-0.36037974888231467,male,afam,-1.300752380111727,no,no,yes,no,-1.1930949523347685,0.31234002040435455,0.95646840231623,-1.0593054514853693,-1.0104291372918257,low,other
-0.3602117897071156,female,hispanic,-1.74088542977748,no,no,yes,no,-1.1930949523347685,0.31234002040435455,0.95646840231623,-1.0593054514853693,-1.0104291372918257,low,other
-0.3600438305319165,female,other,-0.5181653761881122,no,no,yes,yes,-1.1930949523347685,0.31234002040435455,-0.1318471703997627,-1.0593054514853693,-1.0104291372918257,low,other
-0.35987587135671745,male,other,-1.1111386517399007,no,no,yes,yes,-1.1930949523347685,0.31234002040435455,-0.1318471703997627,-1.0593054514853693,-1.0104291372918257,low,other
-0.3597079121815184,female,other,-0.7399558096413231,yes,yes,no,yes,-1.1930949523347685,0.31234002040435455,-0.1318471703997627,-1.0593054514853693,1.2253237197764415,low,other
-0.3595399530063193,male,other,1.372224376463092,no,no,yes,yes,-1.1930949523347685,0.31234002040435455,-0.1318471703997627,-1.0593054514853693,0.1074472912423079,high,other
-0.3593719938311202,female,afam,-0.2779881914920057,no,no,yes,yes,-1.1930949523347685,0.31234002040435455,-0.1318471703997627,-1.0593054514853693,0.6663855055093747,low,other
-0.3592040346559211,male,other,-1.4237138612438518,no,no,yes,yes,-1.1930949523347685,0.31234002040435455,-0.1318471703997627,-1.0593054514853693,-1.0104291372918257,low,other
-0.35903607548072203,female,other,0.4344987479512389,no,no,no,yes,-1.1930949523347685,0.31234002040435455,-0.1318471703997627,-1.0593054514853693,-1.0104291372918257,low,other
-0.35886811630552296,female,other,0.3379686327070843,no,no,yes,yes,-1.1930949523347685,0.31234002040435455,-0.1318471703997627,-1.0593054514853693,-1.0104291372918257,high,other
-0.3587001571303239,male,afam,-1.7604215995588413,no,no,yes,yes,-1.1930949523347685,0.31234002040435455,-0.1318471703997627,-1.0593054514853693,-1.0104291372918257,low,other
-0.3585321979551248,female,other,0.4310513690852987,no,no,yes,yes,-1.1930949523347685,0.31234002040435455,-0.1318471703997627,-1.0593054514853693,1.2253237197764415,low,other
-0.35836423877992574,female,other,1.4515171590028169,no,no,yes,no,-1.6273143007448252,0.31234002040435455,-0.741303890472032,-1.0593054514853693,1.2253237197764415,high,other
-0.35819627960472666,male,other,0.07136008212300757,yes,no,yes,no,-1.6273143007448252,0.31234002040435455,-0.741303890472032,-1.0593054514853693,0.6663855055093747,high,other
-0.3580283204295276,female,other,-0.9456578905538418,no,no,no,no,-1.6273143007448252,0.31234002040435455,-0.741303890472032,-1.0593054514853693,0.6663855055093747,high,other
-0.3578603612543285,female,other,-0.6583646283993952,yes,no,yes,no,-1.6273143007448252,0.31234002040435455,-0.741303890472032,-1.0593054514853693,0.1074472912423079,high,other
-0.3576924020791294,male,other,1.242367699224358,yes,no,yes,no,-1.6273143007448252,0.31234002040435455,-0.741303890472032,-1.0593054514853693,-1.0104291372918257,high,other
-0.3575244429039303,female,other,-0.10446325403560057,no,no,no,no,-1.6273143007448252,0.31234002040435455,-0.741303890472032,-1.0593054514853693,-1.0104291372918257,low,other
-0.35735648372873124,female,other,0.31383566552131703,no,no,yes,no,-1.6273143007448252,0.31234002040435455,-0.741303890472032,-1.0593054514853693,0.1074472912423079,low,other
-0.35718852455353217,male,other,-0.1734134616027763,no,no,yes,no,-1.6273143007448252,0.31234002040435455,-0.741303890472032,-1.0593054514853693,0.6663855055093747,high,other
-0.3570205653783331,male,other,0.7666101272365511,no,yes,yes,no,-1.6273143007448252,0.31234002040435455,-0.741303890472032,-1.0593054514853693,1.2253237197764415,high,other
-0.356852606203134,female,other,-0.14238573668512863,yes,yes,yes,no,-1.4102046265397967,0.31234002040435455,-0.741303890472032,-1.0593054514853693,1.7842619340435084,high,other
-0.35668464702793495,female,hispanic,0.8102783874542224,no,no,yes,no,-1.4102046265397967,0.31234002040435455,-0.741303890472032,-1.0593054514853693,-0.45149092302475896,low,other
-0.3565166878527359,female,other,1.3182131028981428,no,no,yes,no,-1.4102046265397967,0.31234002040435455,-0.741303890472032,-1.0593054514853693,-1.0104291372918257,low,other
-0.3563487286775368,male,other,-0.3653255886768055,yes,yes,yes,no,-1.4102046265397967,0.31234002040435455,-0.741303890472032,-1.0593054514853693,-1.0104291372918257,low,other
-0.35618076950233774,female,other,0.1322665517945657,no,no,yes,no,-1.4102046265397967,0.31234002040435455,-0.741303890472032,-1.0593054514853693,-1.0104291372918257,high,other
-0.3560128103271386,female,other,0.28740473800807537,yes,no,yes,no,-1.4102046265397967,0.31234002040435455,-0.741303890472032,-1.0593054514853693,-1.0104291372918257,low,other
-0.35584485115193953,female,other,-0.5239111537562554,yes,no,yes,no,-1.4102046265397967,0.31234002040435455,-0.741303890472032,-1.0593054514853693,-1.0104291372918257,low,other
-0.35567689197674046,male,other,0.6091731039461098,no,no,yes,no,-0.14373191523272236,1.5780994448641381,-0.34951028494296127,1.2773399298345038,-0.45149092302475896,high,other
-0.3555089328015414,male,other,1.5951633517053114,no,no,yes,no,-0.14373191523272236,1.5780994448641381,-0.34951028494296127,1.2773399298345038,1.2253237197764415,high,other
-0.3553409736263423,female,other,0.5172393477316326,no,no,yes,no,-0.14373191523272236,1.5780994448641381,-0.34951028494296127,1.2773399298345038,0.6663855055093747,low,other
-0.35517301445114324,male,other,-0.11825320787408998,no,no,no,no,-0.14373191523272236,1.5780994448641381,-0.34951028494296127,1.2773399298345038,-1.0104291372918257,low,other
-0.35500505527594417,male,other,-0.00678328187825156,no,no,yes,no,-0.14373191523272236,1.5780994448641381,-0.34951028494296127,1.2773399298345038,-1.0104291372918257,low,other
-0.3548370961007451,male,other,-0.3342978637591578,no,no,yes,no,-0.14373191523272236,1.5780994448641381,-0.34951028494296127,1.2773399298345038,-1.0104291372918257,low,other
-0.354669136925546,male,other,0.10123882687691804,no,no,yes,no,0.14574765037398213,1.5780994448641381,0.08581594414343584,1.2773399298345038,-1.0104291372918257,low,other
-0.35450117775034695,male,other,0.09549304930877484,no,no,yes,no,0.14574765037398213,1.5780994448641381,0.08581594414343584,1.2773399298345038,-0.45149092302475896,low,other
-0.3543332185751478,female,other,0.5149409490294297,yes,yes,yes,no,0.14574765037398213,1.5780994448641381,0.08581594414343584,1.2773399298345038,1.7842619340435084,low,other
-0.35416525939994875,female,other,-1.340973261463458,no,no,no,no,-0.14373191523272236,1.5780994448641381,-0.34951028494296127,1.2773399298345038,-1.0104291372918257,low,other
-0.3539973002247497,female,afam,-1.8581011333414617,no,no,no,no,-0.14373191523272236,1.5780994448641381,-0.34951028494296127,1.2773399298345038,-1.0104291372918257,low,other
-0.3538293410495506,female,other,-1.0605751954156204,no,no,yes,no,-0.14373191523272236,1.5780994448641381,-0.34951028494296127,1.2773399298345038,-1.0104291372918257,high,other
-0.35366138187435153,male,other,0.2540786143882247,no,no,yes,no,-0.14373191523272236,1.5780994448641381,-0.34951028494296127,1.2773399298345038,-1.0104291372918257,low,other
-0.35349342269915246,male,other,0.2368412816837951,no,no,yes,no,0.47141194600249264,1.5780994448641381,-0.6977712669147057,1.2773399298345038,0.1074472912423079,low,other
-0.3533254635239534,male,other,-2.097129337873831,no,no,yes,no,0.47141194600249264,1.5780994448641381,-0.6977712669147057,1.2773399298345038,-1.0104291372918257,low,other
-0.3531575043487543,female,other,0.1414597082286491,yes,no,no,no,0.47141194600249264,1.5780994448641381,-0.6977712669147057,1.2773399298345038,1.2253237197764415,low,other
-0.35298954517355524,male,other,0.3379686327070843,no,no,yes,no,0.47141194600249264,1.5780994448641381,-0.6977712669147057,1.2773399298345038,-1.0104291372918257,high,other
-0.35282158599835617,female,other,0.9332398685863472,no,no,yes,no,0.47141194600249264,1.5780994448641381,-0.6977712669147057,1.2773399298345038,0.6663855055093747,low,other
-0.35265362682315704,female,other,-0.32165689008440557,no,no,yes,no,0.07337784524391884,1.5780994448641381,-0.2624450183677096,1.2773399298345038,0.1074472912423079,high,other
-0.35248566764795797,male,other,1.3940585065719275,yes,yes,yes,no,0.07337784524391884,1.5780994448641381,-0.2624450183677096,1.2773399298345038,0.1074472912423079,high,other
-0.3523177084727589,male,hispanic,0.4965541977865342,no,no,yes,no,0.07337784524391884,1.5780994448641381,-0.2624450183677096,1.2773399298345038,0.6663855055093747,high,other
-0.3521497492975598,female,other,-1.0720667505519068,no,no,yes,no,0.07337784524391884,1.5780994448641381,-0.2624450183677096,1.2773399298345038,-1.0104291372918257,low,other
-0.35198179012236075,male,other,1.286036397816758,no,no,no,yes,0.6161519013490705,1.5780994448641381,0.08581594414343584,1.2773399298345038,0.1074472912423079,low,other
-0.3518138309471617,female,hispanic,0.013901429692118251,yes,no,yes,yes,0.6161519013490705,1.5780994448641381,0.08581594414343584,1.2773399298345038,0.6663855055093747,high,other
-0.3516458717719626,male,afam,0.8700354385873147,no,no,no,yes,0.6161519013490705,1.5780994448641381,0.08581594414343584,1.2773399298345038,0.1074472912423079,low,other
-0.35147791259676353,female,other,0.21615613173869666,yes,no,yes,yes,0.6161519013490705,1.5780994448641381,0.08581594414343584,1.2773399298345038,-0.45149092302475896,low,other
-0.35130995342156446,female,other,1.230875705713343,no,no,no,yes,0.6161519013490705,1.5780994448641381,0.08581594414343584,1.2773399298345038,0.6663855055093747,low,other
-0.3511419942463654,female,afam,-0.027468431823350004,no,no,yes,yes,0.6161519013490705,1.5780994448641381,0.08581594414343584,1.2773399298345038,-0.45149092302475896,low,other
-0.35097403507116626,male,other,-0.8261437882876571,no,no,no,yes,0.6161519013490705,1.5780994448641381,0.08581594414343584,1.2773399298345038,-0.45149092302475896,low,other
-0.3508060758959672,male,other,-0.15847452760054967,no,no,yes,yes,0.6161519013490705,1.5780994448641381,0.08581594414343584,1.2773399298345038,-1.0104291372918257,high,other
-0.3506381167207681,female,other,0.54481969378334,yes,no,yes,yes,0.6161519013490705,1.5780994448641381,0.08581594414343584,1.2773399298345038,1.2253237197764415,high,other
-0.35047015754556904,male,hispanic,0.6367534499978172,no,no,yes,yes,-0.14373191523272236,1.5780994448641381,-0.610706019800053,1.2773399298345038,-1.0104291372918257,low,other
-0.35030219837036997,female,other,-0.5147179973221719,no,no,yes,yes,-0.14373191523272236,1.5780994448641381,-0.610706019800053,1.2773399298345038,-1.0104291372918257,low,other
-0.3501342391951709,female,other,0.5390739162151968,no,no,yes,no,-0.14373191523272236,1.5780994448641381,-0.741303890472032,1.2773399298345038,0.1074472912423079,low,other
-0.3499662800199718,male,other,0.9412844832314221,no,no,yes,no,-0.14373191523272236,1.5780994448641381,-0.741303890472032,1.2773399298345038,0.6663855055093747,high,other
-0.34979832084477275,female,other,0.2942999341146844,no,no,yes,no,-0.14373191523272236,1.5780994448641381,-0.741303890472032,1.2773399298345038,-1.0104291372918257,high,other
-0.3496303616695737,male,other,0.8482013084784791,yes,no,yes,no,-0.14373191523272236,1.5780994448641381,-0.741303890472032,1.2773399298345038,0.1074472912423079,low,other
-0.3494624024943746,male,other,-1.1559563304960379,no,no,no,no,-0.14373191523272236,1.5780994448641381,-0.741303890472032,1.2773399298345038,0.1074472912423079,low,other
-0.3492944433191755,female,other,0.5413718765426713,no,no,yes,no,-0.14373191523272236,1.5780994448641381,-0.741303890472032,1.2773399298345038,-1.0104291372918257,high,other
-0.3491264841439764,male,other,1.1228535969581734,yes,no,yes,no,-0.14373191523272236,1.5780994448641381,-0.741303890472032,1.2773399298345038,1.2253237197764415,high,other
-0.34895852496877733,female,other,-0.9422105116879016,no,no,yes,no,-0.14373191523272236,1.5780994448641381,-0.34951028494296127,1.2773399298345038,1.2253237197764415,low,other
-0.34879056579357826,male,other,0.034586579637216695,yes,no,yes,no,-0.14373191523272236,1.5780994448641381,-0.34951028494296127,1.2773399298345038,1.2253237197764415,high,other
-0.3486226066183792,female,other,0.5252835240019789,yes,no,yes,no,-0.14373191523272236,1.5780994448641381,-0.34951028494296127,1.2773399298345038,-0.45149092302475896,low,other
-0.3484546474431801,female,other,1.2320251242518088,yes,yes,yes,no,-0.14373191523272236,1.5780994448641381,-0.34951028494296127,1.2773399298345038,0.1074472912423079,high,other
-0.34828668826798104,female,other,0.7309856049144975,no,no,no,no,0.9780012720858383,1.5780994448641381,-0.34951028494296127,1.2773399298345038,1.2253237197764415,low,other
-0.34811872909278196,female,hispanic,-1.8259244282600768,no,no,no,no,0.9780012720858383,1.5780994448641381,-0.34951028494296127,1.2773399298345038,-1.0104291372918257,low,other
-0.3479507699175829,female,other,-1.3283322877887056,no,no,yes,no,0.9780012720858383,1.5780994448641381,-0.34951028494296127,1.2773399298345038,-1.0104291372918257,high,other
-0.3477828107423838,male,other,0.3391176128708215,no,no,yes,no,0.9780012720858383,1.5780994448641381,-0.34951028494296127,1.2773399298345038,-1.0104291372918257,low,other
-0.34761485156718475,male,other,-0.6204417073751386,no,no,yes,no,0.47141194600249264,1.5780994448641381,-0.5671733994861597,1.2773399298345038,1.2253237197764415,low,other
-0.3474468923919856,female,other,1.715826872509962,no,no,yes,no,0.47141194600249264,1.5780994448641381,-0.5671733994861597,1.2773399298345038,-1.0104291372918257,low,other
-0.34727893321678655,male,other,1.0734391207976304,no,no,yes,no,0.47141194600249264,1.5780994448641381,-0.5671733994861597,1.2773399298345038,-0.45149092302475896,low,other
-0.3471109740415875,male,other,0.21845453044089966,yes,yes,yes,no,0.47141194600249264,1.5780994448641381,-0.5671733994861597,1.2773399298345038,-1.0104291372918257,low,other
-0.3469430148663884,female,other,-0.4411709923505902,no,no,yes,no,0.037192770135661544,1.5780994448641381,0.08581594414343584,1.2773399298345038,-1.0104291372918257,low,other
-0.3467750556911893,male,other,0.9688643909084009,no,no,yes,no,0.037192770135661544,1.5780994448641381,0.08581594414343584,1.2773399298345038,0.1074472912423079,low,other
-0.34660709651599025,female,other,-0.9594478443923312,no,no,yes,no,0.037192770135661544,1.5780994448641381,0.08581594414343584,1.2773399298345038,-1.0104291372918257,high,other
-0.3464391373407912,male,other,1.1688206942527763,no,no,yes,no,0.037192770135661544,1.5780994448641381,0.08581594414343584,1.2773399298345038,1.2253237197764415,high,other
-0.3462711781655921,female,other,1.72961726472318,no,no,no,no,0.037192770135661544,1.5780994448641381,0.08581594414343584,1.2773399298345038,-1.0104291372918257,low,other
-0.34610321899039304,male,other,0.04492915460976592,yes,yes,yes,no,0.47141194600249264,1.5780994448641381,-0.6542386401139462,1.2773399298345038,-1.0104291372918257,low,other
-0.34593525981519396,male,other,0.22994608557718607,no,no,yes,no,0.47141194600249264,1.5780994448641381,-0.6542386401139462,1.2773399298345038,1.2253237197764415,low,other
-0.34576730063999483,female,other,-1.005414941686934,no,no,yes,no,0.47141194600249264,1.5780994448641381,-0.6542386401139462,1.2773399298345038,-1.0104291372918257,low,other
-0.34559934146479576,female,other,-0.41359064629888276,yes,no,yes,no,0.47141194600249264,1.5780994448641381,-0.6542386401139462,1.2773399298345038,0.1074472912423079,high,other
-0.3454313822895967,female,other,0.7689085259387541,no,no,yes,no,0.47141194600249264,1.5780994448641381,-0.6542386401139462,1.2773399298345038,0.1074472912423079,high,other
-0.3452634231143976,male,other,-0.1826070564115883,no,no,yes,no,0.47141194600249264,1.5780994448641381,-0.6542386401139462,1.2773399298345038,0.6663855055093747,high,other
-0.34509546393919854,male,other,-0.73421003207318,no,no,yes,no,0.47141194600249264,1.5780994448641381,-0.6542386401139462,1.2773399298345038,-1.0104291372918257,low,other
-0.34492750476399947,female,other,0.30349309054876783,no,no,yes,no,0.47141194600249264,1.5780994448641381,-0.6542386401139462,1.2773399298345038,0.6663855055093747,low,other
-0.3447595455888004,female,other,0.08744887303842862,no,no,yes,no,0.47141194600249264,1.5780994448641381,-0.6542386401139462,1.2773399298345038,-1.0104291372918257,low,other
-0.3445915864136013,male,other,0.46207909400294633,no,no,yes,no,1.4484055230609274,1.5780994448641381,-0.5671733994861597,1.2773399298345038,-1.0104291372918257,low,other
-0.34442362723840225,male,hispanic,-0.13778937765545124,no,no,yes,no,1.4484055230609274,1.5780994448641381,-0.5671733994861597,1.2773399298345038,1.2253237197764415,low,other
-0.3442556680632032,male,other,0.6367534499978172,no,no,yes,no,1.4484055230609274,1.5780994448641381,-0.5671733994861597,1.2773399298345038,1.2253237197764415,low,other
-0.34408770888800405,male,other,-0.6687072033719444,no,no,yes,no,1.4484055230609274,1.5780994448641381,-0.5671733994861597,1.2773399298345038,0.1074472912423079,low,other
-0.343919749712805,female,other,-0.19984438911601793,no,no,yes,no,1.4484055230609274,1.5780994448641381,-0.5671733994861597,1.2773399298345038,-0.45149092302475896,low,other
-0.3437517905376059,female,other,-1.964974261932894,no,no,yes,no,1.4484055230609274,1.5780994448641381,-0.5671733994861597,1.2773399298345038,-1.0104291372918257,low,other
-0.34358383136240683,female,other,-0.7732819332611739,no,no,yes,no,1.4484055230609274,1.5780994448641381,-0.5671733994861597,1.2773399298345038,-1.0104291372918257,low,other
-0.34341587218720776,male,other,1.5917159728393713,no,no,yes,no,1.4484055230609274,1.5780994448641381,-0.5671733994861597,1.2773399298345038,-1.0104291372918257,low,other
-0.3432479130120087,male,other,-0.3756681636493547,no,no,yes,no,1.4484055230609274,1.5780994448641381,-0.5671733994861597,1.2773399298345038,-1.0104291372918257,high,other
-0.3430799538368096,female,other,1.7330646435891202,yes,no,yes,no,0.32667233574236604,1.5780994448641381,-0.1318471703997627,1.2773399298345038,1.7842619340435084,low,other
-0.34291199466161054,female,other,0.3804879127610184,no,no,yes,no,0.32667233574236604,1.5780994448641381,-0.1318471703997627,1.2773399298345038,-0.45149092302475896,low,other
-0.34274403548641147,male,other,0.8953173859368192,no,no,no,no,0.32667233574236604,1.5780994448641381,-0.1318471703997627,1.2773399298345038,0.6663855055093747,low,other
-0.3425760763112124,female,other,-1.1341222003872022,no,no,yes,no,0.32667233574236604,1.5780994448641381,-0.1318471703997627,1.2773399298345038,-1.0104291372918257,low,other
-0.34240811713601327,male,other,-1.135271618925668,no,no,yes,no,0.32667233574236604,1.5780994448641381,-0.1318471703997627,1.2773399298345038,-1.0104291372918257,low,other
-0.3422401579608142,female,other,-0.08492708425423931,no,no,yes,no,-0.46939621086123284,1.5780994448641381,-0.34951028494296127,1.2773399298345038,-0.45149092302475896,low,other
-0.3420721987856151,female,hispanic,-1.4524431874592965,no,no,yes,no,-0.46939621086123284,1.5780994448641381,-0.34951028494296127,1.2773399298345038,-1.0104291372918257,low,other
-0.34190423961041605,male,other,1.3354504356025725,yes,yes,yes,no,-0.46939621086123284,1.5780994448641381,-0.34951028494296127,1.2773399298345038,0.6663855055093747,low,other
-0.341736280435217,male,other,-0.433126816080244,no,no,yes,no,-0.46939621086123284,1.5780994448641381,-0.34951028494296127,1.2773399298345038,-1.0104291372918257,low,other
-0.3415683212600179,male,other,1.7123794936440218,no,no,yes,no,-0.46939621086123284,1.5780994448641381,-0.34951028494296127,1.2773399298345038,1.2253237197764415,low,other
-0.34140036208481883,female,other,1.0458592131206514,no,no,yes,no,-0.46939621086123284,1.5780994448641381,-0.34951028494296127,1.2773399298345038,-1.0104291372918257,high,other
-0.34123240290961976,male,other,-1.1961776502224974,no,no,yes,no,-0.46939621086123284,1.5780994448641381,-0.34951028494296127,1.2773399298345038,-1.0104291372918257,low,other
-0.3410644437344207,male,afam,-1.2708736353578165,no,yes,yes,no,-0.4332113082962012,1.5780994448641381,-0.5671733994861597,1.2773399298345038,0.1074472912423079,low,other
-0.3408964845592216,male,other,1.9904791609896562,no,no,yes,no,-0.4332113082962012,1.5780994448641381,-0.5671733994861597,1.2773399298345038,1.2253237197764415,high,other
-0.3407285253840225,male,other,0.43794656519190767,no,no,yes,no,0.21811745550404543,1.5780994448641381,-0.0883145371121369,1.2773399298345038,0.6663855055093747,low,other
-0.3405605662088234,female,other,0.42185821265121526,no,no,yes,no,0.21811745550404543,1.5780994448641381,-0.0883145371121369,1.2773399298345038,1.2253237197764415,high,other
-0.34039260703362434,female,other,0.6356040314593514,no,no,yes,no,0.21811745550404543,1.5780994448641381,-0.0883145371121369,1.2773399298345038,0.1074472912423079,high,other
-0.34022464785842527,male,other,-0.4480657500824706,no,no,yes,no,0.21811745550404543,1.5780994448641381,-0.0883145371121369,1.2773399298345038,0.6663855055093747,high,other
-0.3400566886832262,female,other,0.7436265785892496,no,no,yes,no,-0.14373191523272236,1.5780994448641381,-0.6542386401139462,1.2773399298345038,-0.45149092302475896,high,other
-0.3398887295080271,male,other,1.6721586122922907,yes,yes,yes,no,-0.14373191523272236,1.5780994448641381,-0.6542386401139462,1.2773399298345038,1.2253237197764415,high,other
-0.33972077033282805,female,other,1.1389419494988657,no,no,yes,no,-0.14373191523272236,1.5780994448641381,-0.6542386401139462,1.2773399298345038,-0.45149092302475896,high,other
-0.339552811157629,female,other,1.3423456317091815,yes,no,yes,no,-0.14373191523272236,1.5780994448641381,-0.6542386401139462,1.2773399298345038,1.2253237197764415,high,other
-0.3393848519824299,male,other,1.5905674310503628,no,no,yes,no,-0.14373191523272236,1.5780994448641381,-0.6542386401139462,1.2773399298345038,1.2253237197764415,low,other
-0.33921689280723083,male,other,-1.1927302713565573,no,no,yes,no,0.037192770135661544,1.5780994448641381,0.3034790586866344,1.2773399298345038,-1.0104291372918257,high,other
-0.3390489336320317,female,other,-0.9433594918516388,no,no,yes,no,0.037192770135661544,1.5780994448641381,0.3034790586866344,1.2773399298345038,0.6663855055093747,low,other
-0.33888097445683263,male,other,-1.4938134873494933,no,yes,yes,no,0.037192770135661544,1.5780994448641381,0.3034790586866344,1.2773399298345038,-1.0104291372918257,high,other
-0.33871301528163356,female,other,0.2368412816837951,no,no,no,no,0.037192770135661544,1.5780994448641381,0.3034790586866344,1.2773399298345038,-1.0104291372918257,low,other
-0.3385450561064345,female,other,0.8700354385873147,no,no,yes,no,0.037192770135661544,1.5780994448641381,0.3034790586866344,1.2773399298345038,-1.0104291372918257,high,other
-0.3383770969312354,female,other,1.7284678461847143,no,no,yes,no,0.037192770135661544,1.5780994448641381,0.3034790586866344,1.2773399298345038,0.6663855055093747,low,other
-0.33820913775603634,female,other,0.7838474599409807,no,no,yes,no,-0.21610172036278566,1.5780994448641381,0.95646840231623,1.2773399298345038,-1.0104291372918257,low,other
-0.33804117858083726,female,other,-0.022872072793672617,no,no,yes,no,-0.21610172036278566,1.5780994448641381,0.95646840231623,1.2773399298345038,-1.0104291372918257,low,other
-0.3378732194056382,male,other,1.1734170532824537,yes,no,yes,no,-0.21610172036278566,1.5780994448641381,0.95646840231623,1.2773399298345038,0.6663855055093747,low,other
-0.3377052602304391,female,other,-0.428530018675838,yes,yes,yes,no,-0.21610172036278566,1.5780994448641381,0.95646840231623,1.2773399298345038,-1.0104291372918257,low,other
-0.33753730105524005,female,other,-0.3411930598657668,no,no,yes,no,-0.21610172036278566,1.5780994448641381,0.95646840231623,1.2773399298345038,-1.0104291372918257,high,other
-0.3373693418800409,female,other,-0.07803232652235892,no,no,yes,no,-0.21610172036278566,1.5780994448641381,0.95646840231623,1.2773399298345038,-1.0104291372918257,low,other
-0.33720138270484185,male,other,0.04837697185043474,no,no,no,no,0.8694463918475177,1.5780994448641381,-0.39304291823058707,1.2773399298345038,0.1074472912423079,low,other
-0.3370334235296428,female,other,1.680202788562637,no,no,yes,no,0.8694463918475177,1.5780994448641381,-0.39304291823058707,1.2773399298345038,0.6663855055093747,low,other
-0.3368654643544437,male,hispanic,0.2931505155762186,no,no,yes,no,0.8694463918475177,1.5780994448641381,-0.39304291823058707,1.2773399298345038,-1.0104291372918257,high,other
-0.3366975051792446,female,other,0.09434363077030901,no,no,no,no,0.8694463918475177,1.5780994448641381,-0.39304291823058707,1.2773399298345038,-1.0104291372918257,low,other
-0.33652954600404555,female,other,0.36554854038406315,no,no,no,no,0.8694463918475177,1.5780994448641381,-0.39304291823058707,1.2773399298345038,-0.45149092302475896,low,other
-0.3363615868288465,male,other,-0.2366178916018088,no,no,yes,no,1.4484055230609274,1.5780994448641381,-0.5671733994861597,1.2773399298345038,-1.0104291372918257,low,other
-0.3361936276536474,male,other,1.055052369554735,no,no,yes,no,1.4484055230609274,1.5780994448641381,-0.5671733994861597,1.2773399298345038,-0.45149092302475896,high,other
-0.33602566847844834,female,hispanic,-1.218011780331333,no,yes,yes,no,1.4484055230609274,1.5780994448641381,-0.5671733994861597,1.2773399298345038,-0.45149092302475896,high,other
-0.33585770930324926,female,other,1.369925977760889,no,no,yes,no,1.4484055230609274,1.5780994448641381,-0.5671733994861597,1.2773399298345038,0.1074472912423079,low,other
-0.33568975012805014,female,other,0.9780579857172129,yes,no,yes,no,1.4484055230609274,1.5780994448641381,-0.5671733994861597,1.2773399298345038,-1.0104291372918257,low,other
-0.33552179095285106,male,other,-1.0502326204430712,no,no,no,no,1.4484055230609274,1.5780994448641381,-0.5671733994861597,1.2773399298345038,-1.0104291372918257,low,other
-0.335353831777652,male,other,0.034586579637216695,no,no,yes,no,-0.32465660060110624,1.5780994448641381,-0.5671733994861597,1.2773399298345038,1.2253237197764415,low,other
-0.3351858726024529,male,other,0.404620441572057,no,no,yes,no,-0.32465660060110624,1.5780994448641381,-0.5671733994861597,1.2773399298345038,-1.0104291372918257,high,other
-0.33501791342725384,female,other,1.06999174193169,no,no,no,no,-0.32465660060110624,1.5780994448641381,-0.5671733994861597,1.2773399298345038,-1.0104291372918257,low,other
-0.33484995425205477,male,other,0.9527760383677085,yes,no,yes,no,-0.32465660060110624,1.5780994448641381,-0.5671733994861597,1.2773399298345038,0.1074472912423079,high,other
-0.3346819950768557,female,afam,0.5884879540010114,no,no,yes,yes,-0.14373191523272236,1.5780994448641381,-0.741303890472032,1.2773399298345038,1.2253237197764415,low,other
-0.3345140359016566,female,afam,-1.3467194774063298,no,no,no,yes,-0.14373191523272236,1.5780994448641381,-0.741303890472032,1.2773399298345038,-1.0104291372918257,high,other
-0.33434607672645755,female,afam,-1.8741894858821542,no,no,yes,yes,-0.14373191523272236,1.5780994448641381,-0.741303890472032,1.2773399298345038,-1.0104291372918257,low,other
-0.3341781175512585,male,afam,-0.6767513796422907,no,no,yes,yes,-0.14373191523272236,1.5780994448641381,-0.741303890472032,1.2773399298345038,-0.45149092302475896,low,other
-0.33401015837605935,female,afam,-0.8077570370447618,no,no,yes,yes,0.037192770135661544,1.5780994448641381,-0.6977712669147057,1.2773399298345038,-0.45149092302475896,low,other
-0.3338421992008603,female,afam,-0.9835803732033699,no,no,yes,yes,0.037192770135661544,1.5780994448641381,-0.6977712669147057,1.2773399298345038,-1.0104291372918257,high,other
-0.3336742400256612,female,afam,0.2425870592519383,no,no,yes,yes,0.037192770135661544,1.5780994448641381,-0.6977712669147057,1.2773399298345038,1.2253237197764415,low,other
-0.33350628085046213,female,other,-0.26189983895131325,no,no,yes,yes,0.037192770135661544,1.5780994448641381,-0.6977712669147057,1.2773399298345038,-1.0104291372918257,high,other
-0.33333832167526306,female,other,0.10123882687691804,no,no,yes,yes,0.037192770135661544,1.5780994448641381,-0.6977712669147057,1.2773399298345038,1.2253237197764415,low,other
-0.333170362500064,female,afam,-0.6629614258038012,no,no,yes,yes,-0.14373191523272236,1.5780994448641381,-0.5671733994861597,1.2773399298345038,0.1074472912423079,low,other
-0.3330024033248649,male,afam,-0.2274247351677254,yes,no,no,yes,-0.14373191523272236,1.5780994448641381,-0.5671733994861597,1.2773399298345038,1.7842619340435084,low,other
-0.33283444414966584,female,afam,-0.2308721140336656,no,no,no,yes,-0.14373191523272236,1.5780994448641381,-0.5671733994861597,1.2773399298345038,0.6663855055093747,low,other
-0.33266648497446677,female,other,-0.31131431511185637,yes,yes,yes,no,2.135919189426205,1.5780994448641381,0.08581594414343584,1.2773399298345038,-0.45149092302475896,high,other
-0.3324985257992677,female,other,0.7574165324277391,no,no,yes,no,2.135919189426205,1.5780994448641381,0.08581594414343584,1.2773399298345038,1.2253237197764415,low,other
-0.33233056662406857,male,other,-0.3044191190052473,no,no,yes,no,2.135919189426205,1.5780994448641381,0.08581594414343584,1.2773399298345038,2.3432001483105753,low,other
-0.3321626074488695,male,other,1.6825007488901114,yes,no,yes,no,2.135919189426205,1.5780994448641381,0.08581594414343584,1.2773399298345038,1.2253237197764415,low,other
-0.3319946482736704,female,other,-0.05389979771132028,no,no,yes,no,2.135919189426205,1.5780994448641381,0.08581594414343584,1.2773399298345038,0.1074472912423079,low,other
-0.33182668909847135,female,other,0.40691884027426,no,no,yes,no,2.135919189426205,1.5780994448641381,0.08581594414343584,1.2773399298345038,-1.0104291372918257,low,other
-0.3316587299232723,male,afam,-0.7376574109391202,no,no,yes,yes,0.037192770135661544,1.5780994448641381,-0.6977712669147057,1.2773399298345038,0.6663855055093747,low,other
-0.3314907707480732,male,afam,0.7091514748056618,no,no,yes,no,2.2082889945562685,1.5780994448641381,1.391794631402627,1.2773399298345038,-1.0104291372918257,low,other
-0.33132281157287413,male,other,0.9608202146380547,yes,no,yes,no,2.2082889945562685,1.5780994448641381,1.391794631402627,1.2773399298345038,1.2253237197764415,low,other
-0.33115485239767506,female,other,1.2159367717111165,yes,yes,yes,no,2.2082889945562685,1.5780994448641381,1.391794631402627,1.2773399298345038,-1.0104291372918257,high,other
-0.330986893222476,female,other,-0.2331705127358686,yes,no,yes,no,2.2082889945562685,1.5780994448641381,1.391794631402627,1.2773399298345038,1.2253237197764415,high,other
-0.3308189340472769,female,other,0.9205993332863236,no,no,yes,no,1.303665567714349,1.5780994448641381,1.8271208604890243,1.2773399298345038,-0.45149092302475896,low,other
-0.33065097487207784,female,other,-1.3708520062173684,no,no,yes,no,1.303665567714349,1.5780994448641381,1.8271208604890243,1.2773399298345038,-1.0104291372918257,low,other
-0.3304830156968787,female,other,-0.08952388165864533,no,no,no,no,1.303665567714349,1.5780994448641381,1.8271208604890243,1.2773399298345038,-1.0104291372918257,high,other
-0.33031505652167964,male,other,1.6859481277560515,no,no,yes,yes,0.14574765037398213,1.5780994448641381,0.08581594414343584,1.2773399298345038,-1.0104291372918257,high,other
-0.33014709734648057,male,other,1.4158926366807632,yes,yes,yes,yes,0.14574765037398213,1.5780994448641381,0.08581594414343584,1.2773399298345038,1.2253237197764415,high,other
-0.3299791381712815,male,other,-0.012529497821123396,no,no,no,yes,0.14574765037398213,1.5780994448641381,0.08581594414343584,1.2773399298345038,-1.0104291372918257,low,other
-0.3298111789960824,female,other,-0.6296353021839506,no,no,yes,yes,0.14574765037398213,1.5780994448641381,0.08581594414343584,1.2773399298345038,-0.45149092302475896,high,other
-0.32964321982088335,male,other,1.7882244589430778,yes,yes,no,yes,0.14574765037398213,1.5780994448641381,0.08581594414343584,1.2773399298345038,0.6663855055093747,low,other
-0.3294752606456843,female,other,-1.1387189977916081,no,no,no,no,1.4122204479526694,1.5780994448641381,-0.1318471703997627,1.2773399298345038,-1.0104291372918257,low,other
-0.3293073014704852,male,other,0.93209088842261,no,no,no,no,-0.14373191523272236,1.5780994448641381,-0.6977712669147057,1.2773399298345038,1.7842619340435084,low,other
-0.32913934229528613,male,other,1.5170195493293237,yes,yes,yes,no,-0.14373191523272236,1.5780994448641381,-0.6977712669147057,1.2773399298345038,0.6663855055093747,high,other
-0.32897138312008706,male,other,-0.26419823765351624,yes,no,yes,no,-0.14373191523272236,1.5780994448641381,-0.6977712669147057,1.2773399298345038,1.2253237197764415,high,other
-0.32880342394488793,female,afam,-2.0281786919319265,no,no,no,no,-0.14373191523272236,1.5780994448641381,-0.6977712669147057,1.2773399298345038,-1.0104291372918257,high,other
-0.32863546476968886,female,afam,0.0276918219053363,yes,yes,yes,no,-0.14373191523272236,1.5780994448641381,-0.6977712669147057,1.2773399298345038,0.1074472912423079,high,other
-0.3284675055944898,female,afam,0.1322665517945657,no,no,no,no,-0.14373191523272236,1.5780994448641381,-0.6542386401139462,1.2773399298345038,-0.45149092302475896,low,other
-0.3282995464192907,female,afam,0.05297333088011213,no,no,yes,no,-0.14373191523272236,1.5780994448641381,-0.6542386401139462,1.2773399298345038,-0.45149092302475896,low,other
-0.32813158724409164,male,afam,-0.26189983895131325,no,no,yes,no,-0.14373191523272236,1.5780994448641381,-0.6542386401139462,1.2773399298345038,0.1074472912423079,low,other
-0.32796362806889257,female,afam,-0.31246373365032215,yes,no,yes,no,-0.14373191523272236,1.5780994448641381,-0.6542386401139462,1.2773399298345038,-1.0104291372918257,low,other
-0.3277956688936935,female,afam,-0.8583209317437707,no,no,yes,no,-0.14373191523272236,1.5780994448641381,-0.6542386401139462,1.2773399298345038,-1.0104291372918257,high,other
-0.3276277097184944,male,afam,-0.1194026264125558,no,no,yes,no,-0.14373191523272236,1.5780994448641381,-0.6542386401139462,1.2773399298345038,-0.45149092302475896,high,other
-0.32745975054329535,female,afam,-0.641126857320237,no,no,yes,no,-0.14373191523272236,1.5780994448641381,-0.6542386401139462,1.2773399298345038,-0.45149092302475896,low,other
-0.3272917913680963,male,other,-0.03436362792995903,yes,no,yes,no,0.29048726063410873,1.5780994448641381,-0.2624450183677096,1.2773399298345038,1.2253237197764415,high,other
-0.32712383219289715,female,other,0.805682028424545,yes,no,yes,no,0.29048726063410873,1.5780994448641381,-0.2624450183677096,1.2773399298345038,-0.45149092302475896,high,other
-0.3269558730176981,female,other,0.11502878071540745,no,no,yes,no,0.29048726063410873,1.5780994448641381,-0.2624450183677096,1.2773399298345038,-0.45149092302475896,low,other
-0.326787913842499,female,other,-1.7270954759389907,no,no,no,no,-0.3608415031661379,1.5780994448641381,-0.5671733994861597,1.2773399298345038,-1.0104291372918257,low,other
-0.3266199546672999,male,other,0.6470960249703664,yes,no,yes,no,-0.3608415031661379,1.5780994448641381,-0.5671733994861597,1.2773399298345038,1.7842619340435084,high,other
-0.32645199549210085,female,other,0.3356702340048813,no,no,yes,no,-0.3608415031661379,1.5780994448641381,-0.5671733994861597,1.2773399298345038,0.6663855055093747,high,other
-0.3262840363169018,male,other,0.27706216303552617,yes,yes,yes,no,-0.3608415031661379,1.5780994448641381,-0.5671733994861597,1.2773399298345038,1.2253237197764415,high,other
-0.3261160771417027,male,other,0.10583562428132405,yes,no,yes,no,1.0141860021076436,1.5780994448641381,0.95646840231623,1.2773399298345038,2.3432001483105753,low,other
-0.32594811796650364,male,other,0.6367534499978172,no,no,yes,no,1.0141860021076436,1.5780994448641381,0.95646840231623,1.2773399298345038,-1.0104291372918257,low,other
-0.32578015879130456,female,other,1.282588580576089,yes,yes,no,no,1.0141860021076436,1.5780994448641381,0.95646840231623,1.2773399298345038,1.2253237197764415,low,other
-0.3256121996161055,male,other,0.0024098745558318417,yes,no,yes,no,1.0141860021076436,1.5780994448641381,0.95646840231623,1.2773399298345038,1.2253237197764415,high,other
-0.32544424044090636,female,other,0.43564816648970467,yes,no,yes,no,1.0141860021076436,1.5780994448641381,0.95646840231623,1.2773399298345038,0.6663855055093747,high,other
-0.3252762812657073,female,other,-0.32395528878660856,no,no,yes,no,1.0141860021076436,1.5780994448641381,0.95646840231623,1.2773399298345038,1.2253237197764415,high,other
-0.3251083220905082,male,other,0.5632064450262355,no,no,yes,no,1.0141860021076436,1.5780994448641381,0.95646840231623,1.2773399298345038,1.2253237197764415,low,other
-0.32494036291530914,female,other,0.38163689292475556,no,yes,yes,no,1.0141860021076436,1.5780994448641381,0.95646840231623,1.2773399298345038,0.6663855055093747,high,other
-0.32477240374011007,female,other,0.9148531173434518,no,no,yes,no,1.0141860021076436,1.5780994448641381,0.95646840231623,1.2773399298345038,1.2253237197764415,high,other
-0.324604444564911,female,other,0.5907863527032143,no,no,yes,no,-0.14373191523272236,1.5780994448641381,-0.1318471703997627,1.2773399298345038,1.2253237197764415,low,other
-0.3244364853897119,male,other,0.6091731039461098,no,no,yes,no,-0.14373191523272236,1.5780994448641381,-0.1318471703997627,1.2773399298345038,1.2253237197764415,low,other
-0.32426852621451285,female,other,0.07250950066147338,no,yes,yes,no,-0.14373191523272236,1.5780994448641381,-0.1318471703997627,1.2773399298345038,1.7842619340435084,high,other
-0.3241005670393138,male,other,0.5091951714612865,yes,no,yes,no,-0.14373191523272236,1.5780994448641381,-0.1318471703997627,1.2773399298345038,-0.45149092302475896,high,other
-0.3239326078641147,male,other,-0.4411709923505902,no,no,yes,no,-0.14373191523272236,1.5780994448641381,-0.1318471703997627,1.2773399298345038,-0.45149092302475896,low,other
-0.3237646486889156,male,other,0.2322444842793891,yes,no,yes,no,-0.14373191523272236,1.5780994448641381,-0.1318471703997627,1.2773399298345038,-0.45149092302475896,high,other
-0.3235966895137165,female,other,-0.7571935807204814,yes,yes,yes,no,-0.14373191523272236,1.5780994448641381,-0.1318471703997627,1.2773399298345038,1.2253237197764415,high,other
-0.32342873033851743,male,other,0.22190190930683987,no,no,yes,no,-0.14373191523272236,1.5780994448641381,-0.1318471703997627,1.2773399298345038,0.1074472912423079,low,other
-0.32326077116331836,female,other,0.3965762653017108,yes,no,yes,no,-0.14373191523272236,1.5780994448641381,-0.1318471703997627,1.2773399298345038,0.6663855055093747,high,other
-0.3230928119881193,male,other,1.5365561574854136,no,no,yes,no,-0.14373191523272236,1.5780994448641381,-0.1318471703997627,1.2773399298345038,0.6663855055093747,low,other
-0.3229248528129202,male,other,-0.31246373365032215,no,no,yes,yes,-0.7588757764679374,1.5780994448641381,-0.5671733994861597,1.2773399298345038,0.1074472912423079,high,other
-0.32275689363772114,male,other,1.156179720578024,no,no,yes,yes,-0.7588757764679374,1.5780994448641381,-0.5671733994861597,1.2773399298345038,1.2253237197764415,low,other
-0.32258893446252207,male,other,1.3676275790586858,yes,no,yes,yes,-0.7588757764679374,1.5780994448641381,-0.5671733994861597,1.2773399298345038,-0.45149092302475896,low,other
-0.322420975287323,male,other,0.7367313824826407,yes,no,yes,yes,-0.7588757764679374,1.5780994448641381,-0.5671733994861597,1.2773399298345038,1.2253237197764415,high,other
-0.3222530161121239,male,other,0.8125767861564254,yes,yes,yes,yes,-0.7588757764679374,1.5780994448641381,-0.5671733994861597,1.2773399298345038,0.6663855055093747,high,other
-0.3220850569369248,female,other,1.2952295542508414,yes,yes,yes,yes,-0.7588757764679374,1.5780994448641381,-0.5671733994861597,1.2773399298345038,1.2253237197764415,high,other
-0.3219170977617257,male,other,0.3862336903291616,no,no,yes,yes,-0.7588757764679374,1.5780994448641381,-0.5671733994861597,1.2773399298345038,0.6663855055093747,low,other
-0.32174913858652665,male,other,1.5227657652721955,yes,yes,yes,yes,-0.7588757764679374,1.5780994448641381,-0.5671733994861597,1.2773399298345038,0.1074472912423079,high,other
-0.3215811794113276,male,other,1.3768207354927693,yes,yes,yes,yes,-0.7226908739029057,0.48358950326924555,-0.741303890472032,0.593695162555842,1.2253237197764415,high,other
-0.3214132202361285,female,other,0.1954709817935982,yes,no,yes,yes,-0.7226908739029057,0.48358950326924555,-0.741303890472032,0.593695162555842,0.6663855055093747,high,other
-0.32124526106092943,female,other,0.5563112489196265,yes,no,yes,yes,-0.7226908739029057,0.48358950326924555,-0.741303890472032,0.593695162555842,-1.0104291372918257,high,other
-0.32107730188573036,male,other,0.9435824435588964,no,no,yes,yes,-0.7226908739029057,0.48358950326924555,-0.741303890472032,0.593695162555842,1.7842619340435084,high,other
-0.3209093427105313,female,other,-0.31246373365032215,no,no,yes,yes,-0.7226908739029057,0.48358950326924555,-0.741303890472032,0.593695162555842,-1.0104291372918257,low,other
-0.3207413835353322,male,other,-0.43772317510992137,no,no,yes,yes,-0.7226908739029057,0.48358950326924555,-0.741303890472032,0.593695162555842,1.2253237197764415,low,other
-0.32057342436013314,male,other,-0.6847955559126369,yes,no,no,yes,1.52077532819099,0.9750026373020506,-0.741303890472032,0.9168136611006993,-1.0104291372918257,high,other
-0.320405465184934,female,other,-0.7100775032621414,no,no,yes,yes,1.52077532819099,0.9750026373020506,-0.741303890472032,0.9168136611006993,-1.0104291372918257,low,other
-0.32023750600973494,female,other,0.2586754117926307,no,no,no,yes,1.52077532819099,0.9750026373020506,-0.741303890472032,0.9168136611006993,-1.0104291372918257,low,other
-0.32006954683453587,male,other,-1.4053271100009563,no,no,yes,yes,1.52077532819099,0.9750026373020506,-0.741303890472032,0.9168136611006993,-1.0104291372918257,high,other
-0.3199015876593368,male,other,-1.685725176048794,no,no,yes,yes,1.52077532819099,0.9750026373020506,-0.741303890472032,0.9168136611006993,-1.0104291372918257,low,other
-0.3197336284841377,female,other,0.4896594400546538,no,no,yes,no,2.3168438747945888,1.972718405003576,-0.1318471703997627,1.0358404273555812,1.2253237197764415,low,other
-0.31956566930893865,male,other,0.3471617891411677,no,no,yes,no,2.3168438747945888,1.972718405003576,-0.1318471703997627,1.0358404273555812,0.1074472912423079,low,other
-0.3193977101337396,male,hispanic,-0.1734134616027763,no,no,yes,no,2.3168438747945888,1.972718405003576,-0.1318471703997627,1.0358404273555812,1.7842619340435084,low,other
-0.3192297509585405,male,other,-0.4549609461890796,no,no,yes,no,2.3168438747945888,1.972718405003576,-0.1318471703997627,1.0358404273555812,-1.0104291372918257,high,other
-0.31906179178334143,male,other,0.8436045110740731,no,no,yes,no,2.3168438747945888,1.972718405003576,-0.1318471703997627,1.0358404273555812,0.1074472912423079,low,other
-0.31889383260814236,female,other,-0.8203980107195139,no,no,yes,yes,-0.7226908739029057,0.48358950326924555,-0.741303890472032,0.593695162555842,-1.0104291372918257,low,other
-0.31872587343294323,female,other,-1.1617025464389097,no,no,yes,yes,-0.7226908739029057,0.48358950326924555,-0.741303890472032,0.593695162555842,1.7842619340435084,low,other
-0.31855791425774416,male,other,1.2722460056035398,no,no,yes,yes,-0.7226908739029057,0.48358950326924555,-0.741303890472032,0.593695162555842,1.2253237197764415,low,other
-0.3183899550825451,female,other,-0.3756681636493547,no,no,yes,no,1.2674808376925435,1.972718405003576,-0.1318471703997627,1.0358404273555812,-1.0104291372918257,high,other
-0.318221995907346,female,other,1.1768648705231226,yes,no,yes,no,1.2674808376925435,1.972718405003576,-0.1318471703997627,1.0358404273555812,1.2253237197764415,high,other
-0.31805403673214694,female,other,1.1734170532824537,yes,yes,yes,no,1.2674808376925435,1.972718405003576,-0.1318471703997627,1.0358404273555812,1.2253237197764415,high,other
-0.31788607755694787,female,other,1.8629208824531254,yes,no,yes,no,1.2674808376925435,1.972718405003576,-0.1318471703997627,1.0358404273555812,1.2253237197764415,high,other
-0.3177181183817488,male,hispanic,-0.01942425555300379,no,no,yes,no,1.2674808376925435,1.972718405003576,-0.1318471703997627,1.0358404273555812,-1.0104291372918257,high,other
-0.3175501592065497,male,other,0.7321345850782346,yes,yes,yes,no,1.2674808376925435,1.972718405003576,-0.1318471703997627,1.0358404273555812,1.2253237197764415,high,other
-0.31738220003135065,female,other,1.9571530373698056,yes,yes,no,no,1.2674808376925435,1.972718405003576,-0.1318471703997627,1.0358404273555812,1.2253237197764415,low,other
-0.3172142408561516,female,other,-0.28948018500302075,no,no,yes,no,1.2674808376925435,1.972718405003576,-0.1318471703997627,1.0358404273555812,1.2253237197764415,high,other
-0.31704628168095245,female,other,0.2287971054134489,no,no,yes,yes,0.07337784524391884,0.48358950326924555,-0.48010815885837343,0.593695162555842,-1.0104291372918257,low,other
-0.3168783225057534,male,other,-0.4446183712165304,no,no,yes,yes,0.07337784524391884,0.48358950326924555,-0.48010815885837343,0.593695162555842,-1.0104291372918257,low,other
-0.3167103633305543,female,other,1.1240025771219107,yes,yes,yes,yes,0.07337784524391884,0.48358950326924555,-0.48010815885837343,0.593695162555842,1.2253237197764415,high,other
-0.31654240415535523,male,other,0.404620441572057,no,no,yes,yes,0.07337784524391884,0.48358950326924555,-0.48010815885837343,0.593695162555842,-1.0104291372918257,high,other
-0.31637444498015616,female,other,0.4161119967083434,no,no,yes,yes,0.07337784524391884,0.48358950326924555,-0.48010815885837343,0.593695162555842,0.6663855055093747,high,other
-0.3162064858049571,male,other,0.3103882866553768,no,no,yes,yes,0.07337784524391884,0.48358950326924555,-0.48010815885837343,0.593695162555842,0.1074472912423079,low,other
-0.316038526629758,male,other,1.280290181873886,yes,no,yes,yes,0.07337784524391884,0.48358950326924555,-0.48010815885837343,0.593695162555842,-1.0104291372918257,high,other
-0.31587056745455894,male,other,0.5746980001625219,no,no,no,yes,0.07337784524391884,0.48358950326924555,-0.48010815885837343,0.593695162555842,0.6663855055093747,low,other
-0.31570260827935986,female,other,1.4021026828422738,no,no,yes,yes,0.07337784524391884,0.48358950326924555,-0.48010815885837343,0.593695162555842,-1.0104291372918257,high,other
-0.3155346491041608,female,other,-0.9789840141736924,no,no,yes,yes,0.07337784524391884,0.48358950326924555,-0.48010815885837343,0.593695162555842,0.1074472912423079,low,other
-0.31536668992896166,male,other,0.40347146140831985,yes,no,yes,no,2.2444740696645256,1.972718405003576,0.08581594414343584,1.0358404273555812,-1.0104291372918257,high,other
-0.3151987307537626,female,other,0.7654607086980854,no,no,yes,no,2.2444740696645256,1.972718405003576,0.08581594414343584,1.0358404273555812,1.2253237197764415,high,other
-0.3150307715785635,female,other,0.6827205472924202,no,no,yes,no,2.2444740696645256,1.972718405003576,0.08581594414343584,1.0358404273555812,0.6663855055093747,low,other
-0.31486281240336444,male,other,-0.36647456884054264,yes,yes,yes,no,2.2444740696645256,1.972718405003576,0.08581594414343584,1.0358404273555812,-0.45149092302475896,low,other
-0.31469485322816537,male,other,0.0368849783394197,no,yes,yes,no,2.2444740696645256,1.972718405003576,0.08581594414343584,1.0358404273555812,1.2253237197764415,high,other
-0.3145268940529663,male,other,0.6585875801066529,no,no,yes,no,2.2444740696645256,1.972718405003576,0.08581594414343584,1.0358404273555812,-0.45149092302475896,high,other
-0.3143589348777672,male,other,0.20926093563208764,no,no,yes,yes,-0.46939621086123284,0.48358950326924555,-0.48010815885837343,0.593695162555842,0.6663855055093747,high,other
-0.31419097570256815,male,afam,-0.435425214782447,no,no,yes,yes,-0.46939621086123284,0.48358950326924555,-0.48010815885837343,0.593695162555842,1.2253237197764415,low,other
-0.3140230165273691,female,other,0.2954489142784216,no,no,yes,yes,-0.46939621086123284,0.48358950326924555,-0.48010815885837343,0.593695162555842,2.3432001483105753,low,other
-0.31385505735217,male,other,0.04837697185043474,no,no,yes,yes,-0.46939621086123284,0.48358950326924555,-0.48010815885837343,0.593695162555842,0.6663855055093747,low,other
-0.31368709817697094,female,afam,-0.6445746745609058,no,no,yes,yes,-0.46939621086123284,0.48358950326924555,-0.48010815885837343,0.593695162555842,-0.45149092302475896,low,other
-0.3135191390017718,female,other,1.6480260834812521,no,no,yes,yes,1.52077532819099,0.9750026373020506,-0.741303890472032,0.9168136611006993,1.7842619340435084,low,other
-0.31335117982657273,female,other,1.233174104415546,no,no,no,yes,1.52077532819099,0.9750026373020506,-0.741303890472032,0.9168136611006993,-1.0104291372918257,low,other
-0.31318322065137366,male,other,1.4687544917072464,no,no,yes,yes,1.52077532819099,0.9750026373020506,-0.741303890472032,0.9168136611006993,1.2253237197764415,low,other
-0.3130152614761746,female,other,0.3942778665995078,no,no,no,no,3.655686822589791,1.972718405003576,-0.1318471703997627,1.0358404273555812,-0.45149092302475896,high,other
-0.3128473023009755,male,other,-0.18950181414346873,yes,yes,yes,no,3.655686822589791,1.972718405003576,-0.1318471703997627,1.0358404273555812,1.2253237197764415,high,other
-0.31267934312577644,male,other,0.5160903675678954,no,no,yes,no,3.655686822589791,1.972718405003576,-0.1318471703997627,1.0358404273555812,1.2253237197764415,high,other
-0.31251138395057737,male,other,0.9148531173434518,yes,no,yes,no,3.655686822589791,1.972718405003576,-0.1318471703997627,1.0358404273555812,-1.0104291372918257,high,other
-0.3123434247753783,male,other,-0.14238573668512863,no,no,yes,no,3.655686822589791,1.972718405003576,-0.1318471703997627,1.0358404273555812,0.1074472912423079,low,other
-0.3121754656001792,male,other,-1.569658891023278,no,no,yes,no,3.655686822589791,1.972718405003576,-0.1318471703997627,1.0358404273555812,0.6663855055093747,low,other
-0.31200750642498015,female,other,-0.430828417378041,no,no,yes,no,3.655686822589791,1.972718405003576,-0.1318471703997627,1.0358404273555812,-0.45149092302475896,low,other
-0.311839547249781,female,other,-1.4041781298372191,no,no,no,no,3.655686822589791,1.972718405003576,-0.1318471703997627,1.0358404273555812,0.1074472912423079,high,other
-0.31167158807458195,male,other,0.01619982839432126,no,no,yes,no,3.655686822589791,1.972718405003576,-0.1318471703997627,1.0358404273555812,-1.0104291372918257,high,other
-0.3115036288993829,female,other,0.18283000811884598,no,no,yes,no,0.037192770135661544,1.972718405003576,0.08581594414343584,1.0358404273555812,-1.0104291372918257,low,other
-0.3113356697241838,male,other,-0.1768612788434451,no,yes,yes,no,0.037192770135661544,1.972718405003576,0.08581594414343584,1.0358404273555812,-1.0104291372918257,low,other
-0.31116771054898473,female,other,1.8284462170442661,no,no,yes,no,0.037192770135661544,1.972718405003576,0.08581594414343584,1.0358404273555812,1.2253237197764415,low,other
-0.31099975137378566,male,other,0.34371441027522753,no,no,yes,no,0.037192770135661544,1.972718405003576,0.08581594414343584,1.0358404273555812,1.2253237197764415,high,other
-0.3108317921985866,male,other,-0.5687292708871211,no,yes,yes,no,-0.10754684012446505,0.48358950326924555,-0.1318471703997627,0.593695162555842,-1.0104291372918257,low,other
-0.3106638330233875,female,other,0.9205993332863236,no,no,yes,no,-0.10754684012446505,0.48358950326924555,-0.1318471703997627,0.593695162555842,-1.0104291372918257,low,other
-0.31049587384818844,male,other,1.6445778278658545,yes,yes,yes,no,-0.10754684012446505,0.48358950326924555,-0.1318471703997627,0.593695162555842,1.7842619340435084,high,other
-0.31032791467298937,female,other,-0.30327013884151016,no,no,yes,no,-0.8312455815980007,0.48358950326924555,0.3034790586866344,0.593695162555842,-1.0104291372918257,low,other
-0.31015995549779024,female,other,2.055981989690892,yes,yes,yes,no,-0.8312455815980007,0.48358950326924555,0.3034790586866344,0.593695162555842,1.2253237197764415,low,other
-0.30999199632259117,male,other,0.5873389738372742,no,no,yes,no,-0.8312455815980007,0.48358950326924555,0.3034790586866344,0.593695162555842,0.6663855055093747,high,other
-0.3098240371473921,male,other,1.2239809479814625,yes,no,yes,no,-0.8312455815980007,0.48358950326924555,0.3034790586866344,0.593695162555842,1.2253237197764415,low,other
-0.309656077972193,male,other,-0.2607508587875761,yes,no,yes,no,-0.8312455815980007,0.48358950326924555,0.3034790586866344,0.593695162555842,0.6663855055093747,high,other
-0.30948811879699395,female,other,-0.7089280847236755,no,yes,yes,no,-0.8312455815980007,0.48358950326924555,0.3034790586866344,0.593695162555842,-1.0104291372918257,low,other
-0.3093201596217949,male,other,-1.6409074972926567,no,no,yes,no,-0.8312455815980007,0.48358950326924555,0.3034790586866344,0.593695162555842,-1.0104291372918257,low,other
-0.3091522004465958,female,other,0.54481969378334,no,no,yes,no,-0.8312455815980007,0.48358950326924555,0.3034790586866344,0.593695162555842,1.2253237197764415,low,other
-0.30898424127139673,male,other,-1.6891729932894626,no,no,yes,no,-0.8312455815980007,0.48358950326924555,0.3034790586866344,0.593695162555842,-1.0104291372918257,high,other
-0.30881628209619766,male,other,-0.7457015872094663,no,no,yes,no,-0.8312455815980007,0.48358950326924555,0.3034790586866344,0.593695162555842,-1.0104291372918257,low,other
-0.3086483229209986,female,other,-0.2687950350579223,no,no,yes,no,-0.8312455815980007,0.48358950326924555,0.3034790586866344,0.593695162555842,1.7842619340435084,low,other
-0.30848036374579946,male,other,0.47472006767769853,no,no,yes,no,-0.9759853644013529,0.48358950326924555,-0.1318471703997627,0.593695162555842,-1.0104291372918257,low,other
-0.3083124045706004,male,other,1.4342793879236586,no,no,yes,no,-0.9759853644013529,0.48358950326924555,-0.1318471703997627,0.593695162555842,1.7842619340435084,low,other
-0.3081444453954013,male,other,0.4482891401644569,no,no,yes,no,-0.9759853644013529,0.48358950326924555,-0.1318471703997627,0.593695162555842,1.7842619340435084,high,other
-0.30797648622020224,female,other,1.0033394946919887,yes,yes,yes,no,-0.9759853644013529,0.48358950326924555,-0.1318471703997627,0.593695162555842,0.6663855055093747,high,other
-0.30780852704500317,female,other,0.5229851252997758,yes,yes,yes,no,-0.9759853644013529,0.48358950326924555,-0.1318471703997627,0.593695162555842,1.2253237197764415,high,other
-0.3076405678698041,female,other,1.2481134767925013,no,no,yes,no,2.3168438747945888,1.972718405003576,-0.34951028494296127,1.0358404273555812,1.7842619340435084,high,other
-0.307472608694605,male,other,0.45173651903039713,yes,no,yes,no,2.3168438747945888,1.972718405003576,-0.34951028494296127,1.0358404273555812,0.6663855055093747,high,other
-0.30730464951940595,female,other,0.4827642439480448,no,no,yes,no,2.3168438747945888,1.972718405003576,-0.34951028494296127,1.0358404273555812,0.1074472912423079,high,other
-0.3071366903442069,female,other,-1.1203322465487127,no,no,yes,no,2.3168438747945888,1.972718405003576,-0.1318471703997627,1.0358404273555812,-1.0104291372918257,low,other
-0.3069687311690078,male,other,0.47242166897549553,no,no,yes,no,2.3168438747945888,1.972718405003576,-0.1318471703997627,1.0358404273555812,-1.0104291372918257,low,other
-0.3068007719938087,female,other,0.8171735835608314,no,yes,yes,no,2.3168438747945888,1.972718405003576,-0.1318471703997627,1.0358404273555812,1.2253237197764415,high,other
-0.3066328128186096,male,other,1.0780359182020363,no,no,yes,no,2.3168438747945888,1.972718405003576,-0.1318471703997627,1.0358404273555812,-1.0104291372918257,low,other
-0.30646485364341053,male,afam,-0.5158669774859092,no,no,yes,no,2.3168438747945888,1.972718405003576,-0.1318471703997627,1.0358404273555812,0.1074472912423079,low,other
-0.30629689446821146,female,hispanic,-0.6928397321829831,no,no,yes,no,2.2444740696645256,1.972718405003576,-0.1318471703997627,1.0358404273555812,-1.0104291372918257,low,other
-0.3061289352930124,female,other,1.5652854837008583,no,no,yes,no,2.2444740696645256,1.972718405003576,-0.1318471703997627,1.0358404273555812,1.2253237197764415,low,other
-0.3059609761178133,male,other,-0.2929275638689609,no,no,yes,no,2.2444740696645256,1.972718405003576,-0.1318471703997627,1.0358404273555812,-0.45149092302475896,high,other
-0.30579301694261424,male,other,0.1265207742264225,no,no,yes,no,2.2444740696645256,1.972718405003576,-0.1318471703997627,1.0358404273555812,1.2253237197764415,low,other
-0.30562505776741516,male,other,1.5066774127315032,no,no,yes,no,2.2444740696645256,1.972718405003576,-0.1318471703997627,1.0358404273555812,0.6663855055093747,high,other
-0.3054570985922161,female,other,-0.6652598245060043,no,no,yes,no,2.2444740696645256,1.972718405003576,-0.5671733994861597,1.0358404273555812,-1.0104291372918257,low,other
-0.305289139417017,female,other,-1.0594262152518832,no,no,yes,no,1.2674808376925435,1.972718405003576,0.3034790586866344,1.0358404273555812,-1.0104291372918257,high,other
-0.3051211802418179,female,other,0.617217280216456,no,no,yes,no,1.2674808376925435,1.972718405003576,0.3034790586866344,1.0358404273555812,-0.45149092302475896,low,other
-0.3049532210666188,female,afam,-0.6687072033719444,yes,no,yes,no,1.2674808376925435,1.972718405003576,0.3034790586866344,1.0358404273555812,0.6663855055093747,high,other
-0.30478526189141975,female,other,0.25178065406075034,no,no,yes,no,2.2444740696645256,1.972718405003576,0.08581594414343584,1.0358404273555812,0.6663855055093747,high,other
-0.3046173027162207,female,other,1.0826327156064424,no,no,yes,no,2.2444740696645256,1.972718405003576,0.08581594414343584,1.0358404273555812,1.2253237197764415,low,other
-0.3044493435410216,female,other,0.710300454969399,no,no,yes,no,2.3168438747945888,1.972718405003576,0.7388052877730314,1.0358404273555812,0.1074472912423079,high,other
-0.3042813843658225,female,other,-0.11250743030594677,no,no,yes,no,2.3168438747945888,1.972718405003576,0.7388052877730314,1.0358404273555812,-0.45149092302475896,high,other
-0.30411342519062345,male,other,1.6353851098064998,no,no,yes,no,2.3168438747945888,1.972718405003576,0.7388052877730314,1.0358404273555812,0.1074472912423079,low,other
-0.3039454660154244,female,other,-0.8192490305557768,no,no,no,no,2.3168438747945888,1.972718405003576,0.7388052877730314,1.0358404273555812,-1.0104291372918257,low,other
-0.3037775068402253,male,other,-1.4501447887570933,no,no,yes,no,2.3168438747945888,1.972718405003576,0.7388052877730314,1.0358404273555812,-1.0104291372918257,low,other
-0.30360954766502624,male,other,0.5471180924855431,no,no,yes,no,0.0010078675706298957,0.48358950326924555,-0.48010815885837343,0.593695162555842,0.1074472912423079,high,other
-0.3034415884898271,male,other,-0.6514694322927862,no,no,yes,no,0.0010078675706298957,0.48358950326924555,-0.48010815885837343,0.593695162555842,0.6663855055093747,low,other
-0.30327362931462803,female,other,0.5195377464338357,no,no,yes,no,0.0010078675706298957,0.48358950326924555,-0.48010815885837343,0.593695162555842,-1.0104291372918257,low,other
-0.30310567013942896,female,other,0.40347146140831985,no,yes,yes,no,0.0010078675706298957,0.48358950326924555,-0.48010815885837343,0.593695162555842,1.2253237197764415,low,other
-0.3029377109642299,male,other,-0.7686851358567678,no,no,no,no,0.0010078675706298957,0.48358950326924555,-0.48010815885837343,0.593695162555842,0.1074472912423079,low,other
-0.3027697517890308,female,other,1.3584339842498738,no,no,yes,no,0.0010078675706298957,0.48358950326924555,-0.48010815885837343,0.593695162555842,1.2253237197764415,low,other
-0.30260179261383174,female,other,0.5080461912975492,no,no,yes,no,0.0010078675706298957,0.48358950326924555,-0.48010815885837343,0.593695162555842,1.2253237197764415,low,other
-0.30243383343863267,female,other,0.04607857314823174,no,no,yes,no,0.0010078675706298957,0.48358950326924555,-0.48010815885837343,0.593695162555842,0.6663855055093747,low,other
-0.3022658742634336,male,other,-0.9479562892560448,no,no,yes,no,0.0010078675706298957,0.48358950326924555,-0.48010815885837343,0.593695162555842,-1.0104291372918257,low,other
-0.3020979150882345,male,other,-0.08147970538829911,no,yes,yes,no,0.0010078675706298957,0.48358950326924555,-0.48010815885837343,0.593695162555842,-0.45149092302475896,low,other
-0.30192995591303545,male,other,-1.4892166899450872,no,no,yes,no,0.0010078675706298957,0.48358950326924555,-0.48010815885837343,0.593695162555842,-1.0104291372918257,high,other
-0.3017619967378363,female,other,0.43794656519190767,no,no,yes,no,0.0010078675706298957,0.48358950326924555,-0.48010815885837343,0.593695162555842,1.2253237197764415,low,other
-0.30159403756263725,female,other,0.400023644167651,no,no,yes,no,0.0010078675706298957,0.48358950326924555,-0.48010815885837343,0.593695162555842,-1.0104291372918257,high,other
-0.3014260783874382,male,other,-1.3340785037315774,no,no,yes,no,-0.10754684012446505,0.48358950326924555,-0.1318471703997627,0.593695162555842,-1.0104291372918257,low,other
-0.3012581192122391,female,other,-0.6629614258038012,no,no,yes,no,-0.10754684012446505,0.48358950326924555,-0.1318471703997627,0.593695162555842,2.3432001483105753,low,other
-0.30109016003704003,male,other,1.507826831269969,yes,no,yes,no,-0.10754684012446505,0.48358950326924555,-0.1318471703997627,0.593695162555842,1.2253237197764415,low,other
-0.30092220086184096,female,other,-1.4731283374043949,no,no,yes,no,-0.10754684012446505,0.48358950326924555,-0.1318471703997627,0.593695162555842,1.2253237197764415,low,other
-0.3007542416866419,male,other,0.6976594812946467,yes,yes,yes,no,2.3168438747945888,1.972718405003576,0.7388052877730314,1.0358404273555812,0.1074472912423079,high,other
-0.3005862825114428,female,other,-1.1812382778455421,no,no,yes,no,2.3168438747945888,1.972718405003576,0.7388052877730314,1.0358404273555812,-1.0104291372918257,low,other
-0.30041832333624374,male,other,0.6539912210769755,no,no,yes,no,2.3168438747945888,1.972718405003576,0.7388052877730314,1.0358404273555812,-1.0104291372918257,high,other
-0.30025036416104467,female,other,-0.49977862494521674,no,no,yes,no,2.3168438747945888,1.972718405003576,0.7388052877730314,1.0358404273555812,0.6663855055093747,low,other
-0.30008240498584554,female,other,0.1357139306605059,no,no,yes,no,2.3168438747945888,1.972718405003576,0.7388052877730314,1.0358404273555812,-1.0104291372918257,low,other
-0.29991444581064647,male,other,0.490808420218391,no,no,yes,no,2.3168438747945888,1.972718405003576,0.7388052877730314,1.0358404273555812,0.1074472912423079,low,other
-0.2997464866354474,female,other,-1.0617241755793576,yes,yes,yes,no,2.3168438747945888,1.972718405003576,0.7388052877730314,1.0358404273555812,0.1074472912423079,low,other
-0.2995785274602483,female,other,-1.6305649223201075,no,no,yes,no,2.3168438747945888,1.972718405003576,0.7388052877730314,1.0358404273555812,-1.0104291372918257,high,other
-0.29941056828504925,male,other,-1.3559126338404133,no,no,yes,no,2.3168438747945888,1.972718405003576,0.7388052877730314,1.0358404273555812,-1.0104291372918257,low,other
-0.2992426091098502,male,other,0.927494091018204,no,no,yes,no,2.3168438747945888,1.972718405003576,0.7388052877730314,1.0358404273555812,0.1074472912423079,low,other
-0.2990746499346511,female,other,1.6893955066219917,no,no,yes,no,2.3168438747945888,1.972718405003576,0.7388052877730314,1.0358404273555812,2.3432001483105753,low,other
-0.29890669075945203,male,other,-0.31246373365032215,no,no,yes,no,0.6161519013490705,1.972718405003576,-0.34951028494296127,1.0358404273555812,-1.0104291372918257,low,other
-0.29873873158425296,male,other,-0.3595798111086623,no,no,yes,no,0.6161519013490705,1.972718405003576,-0.34951028494296127,1.0358404273555812,-1.0104291372918257,low,other
-0.2985707724090539,female,other,0.15639908060560434,no,no,yes,no,0.6161519013490705,1.972718405003576,-0.34951028494296127,1.0358404273555812,-1.0104291372918257,low,other
-0.29840281323385476,male,other,0.6551402012407127,no,no,yes,no,0.6161519013490705,1.972718405003576,-0.34951028494296127,1.0358404273555812,-1.0104291372918257,low,other
-0.2982348540586557,male,other,-0.42163482256922896,no,no,yes,no,0.6161519013490705,1.972718405003576,-0.34951028494296127,1.0358404273555812,0.1074472912423079,low,other
-0.2980668948834566,male,other,0.5620570264877697,no,no,yes,no,0.6161519013490705,1.972718405003576,-0.34951028494296127,1.0358404273555812,-1.0104291372918257,high,other
-0.29789893570825754,male,other,0.5712506212965818,no,no,no,no,3.040542616268125,0.9750026373020506,0.08581594414343584,0.9168136611006993,1.2253237197764415,high,other
-0.29773097653305847,female,other,1.2550086728991103,no,yes,yes,no,3.040542616268125,0.9750026373020506,0.08581594414343584,0.9168136611006993,0.6663855055093747,low,other
-0.2975630173578594,female,other,-0.8847518592570123,no,no,yes,no,3.040542616268125,0.9750026373020506,0.08581594414343584,0.9168136611006993,-1.0104291372918257,high,other
-0.2973950581826603,male,other,1.7123794936440218,no,no,yes,no,3.040542616268125,0.9750026373020506,0.08581594414343584,0.9168136611006993,1.2253237197764415,low,other
-0.29722709900746125,female,other,-0.7801771293677828,no,yes,yes,no,3.040542616268125,0.9750026373020506,0.08581594414343584,0.9168136611006993,-1.0104291372918257,low,other
-0.2970591398322622,female,other,1.3469424291135874,yes,yes,yes,no,3.040542616268125,0.9750026373020506,0.08581594414343584,0.9168136611006993,-0.45149092302475896,low,other
-0.2968911806570631,male,other,0.3483107693049049,no,no,yes,no,0.8694463918475177,0.9750026373020506,0.3034790586866344,0.9168136611006993,-1.0104291372918257,high,other
-0.296723221481864,male,hispanic,1.634235691268034,yes,yes,yes,no,0.8694463918475177,0.9750026373020506,0.3034790586866344,0.9168136611006993,1.7842619340435084,low,other
-0.2965552623066649,male,other,1.50093163516336,no,no,yes,no,0.8694463918475177,0.9750026373020506,0.3034790586866344,0.9168136611006993,0.1074472912423079,high,other
-0.29638730313146583,female,other,0.4344987479512389,no,no,yes,no,0.8694463918475177,0.9750026373020506,0.3034790586866344,0.9168136611006993,-1.0104291372918257,low,other
-0.29621934395626676,male,other,0.22994608557718607,no,no,no,no,0.8694463918475177,0.9750026373020506,0.3034790586866344,0.9168136611006993,1.2253237197764415,low,other
-0.2960513847810677,female,other,-0.4492151686209364,no,no,yes,no,1.7017000135593738,0.9750026373020506,0.3034790586866344,0.9168136611006993,1.2253237197764415,low,other
-0.2958834256058686,male,other,1.06999174193169,no,no,yes,no,1.7017000135593738,0.9750026373020506,0.3034790586866344,0.9168136611006993,1.2253237197764415,low,other
-0.29571546643066954,male,other,0.9424334633951592,no,no,yes,no,0.29048726063410873,0.48358950326924555,0.7388052877730314,0.593695162555842,-1.0104291372918257,low,other
-0.29554750725547047,female,other,-0.6847955559126369,no,no,yes,no,0.29048726063410873,0.48358950326924555,0.7388052877730314,0.593695162555842,1.2253237197764415,low,other
-0.2953795480802714,female,other,-0.43772317510992137,no,no,yes,no,0.29048726063410873,0.48358950326924555,0.7388052877730314,0.593695162555842,-0.45149092302475896,low,other
-0.2952115889050723,female,other,0.7321345850782346,no,no,yes,no,0.29048726063410873,0.48358950326924555,0.7388052877730314,0.593695162555842,-1.0104291372918257,low,other
-0.29504362972987325,male,other,1.5158710075403152,no,no,yes,no,0.29048726063410873,0.48358950326924555,0.7388052877730314,0.593695162555842,1.2253237197764415,low,other
-0.2948756705546741,female,other,0.8447539296125389,no,no,yes,no,0.29048726063410873,0.48358950326924555,0.7388052877730314,0.593695162555842,-1.0104291372918257,low,other
-0.29470771137947505,male,other,0.500002015027203,yes,no,yes,no,0.29048726063410873,0.48358950326924555,0.7388052877730314,0.593695162555842,-0.45149092302475896,low,other
-0.294539752204276,male,other,0.8194719822630344,no,no,yes,no,3.0043575411598664,1.972718405003576,4.00375200592101,1.0358404273555812,1.2253237197764415,high,other
-0.2943717930290769,male,other,1.0286214420414932,no,no,yes,no,3.0043575411598664,1.972718405003576,4.00375200592101,1.0358404273555812,1.2253237197764415,high,other
-0.2942038338538778,male,other,0.75052133632113,no,no,yes,no,3.0043575411598664,1.972718405003576,4.00375200592101,1.0358404273555812,-1.0104291372918257,high,other
-0.29403587467867875,female,other,1.0217262459348841,no,no,yes,no,3.0043575411598664,1.972718405003576,4.00375200592101,1.0358404273555812,-0.45149092302475896,low,other
-0.2938679155034797,female,other,-0.6169943285091983,no,no,yes,no,3.0043575411598664,1.972718405003576,4.00375200592101,1.0358404273555812,-0.45149092302475896,low,other
-0.2936999563282806,female,other,-1.4191170638394457,no,no,yes,no,3.0043575411598664,1.972718405003576,4.00375200592101,1.0358404273555812,-1.0104291372918257,low,other
-0.29353199715308154,female,other,-1.1444647753597514,no,no,yes,no,3.0043575411598664,1.972718405003576,4.00375200592101,1.0358404273555812,-1.0104291372918257,low,other
-0.29336403797788246,male,other,-0.2779881914920057,no,no,yes,no,0.07337784524391884,0.48358950326924555,-0.1318471703997627,0.593695162555842,-1.0104291372918257,low,other
-0.29319607880268334,female,other,0.8470518899400132,no,no,yes,no,0.07337784524391884,0.48358950326924555,-0.1318471703997627,0.593695162555842,0.6663855055093747,low,other
-0.29302811962748426,female,other,-0.08837490149490813,no,no,no,no,0.07337784524391884,0.48358950326924555,-0.1318471703997627,0.593695162555842,1.2253237197764415,high,other
-0.2928601604522852,female,other,1.5262131441381357,no,no,no,no,0.07337784524391884,0.48358950326924555,-0.1318471703997627,0.593695162555842,-1.0104291372918257,low,other
-0.2926922012770861,male,afam,0.9205993332863236,no,yes,yes,no,0.07337784524391884,0.48358950326924555,-0.1318471703997627,0.593695162555842,-1.0104291372918257,high,other
-0.29252424210188704,male,other,1.0171298869052068,no,no,yes,no,-0.03517703499440176,0.9750026373020506,0.3034790586866344,0.9168136611006993,0.6663855055093747,high,other
-0.29235628292668797,female,other,-1.2157133816291301,no,no,yes,no,-0.03517703499440176,0.9750026373020506,0.3034790586866344,0.9168136611006993,-1.0104291372918257,low,other
-0.2921883237514889,female,other,1.1952516217660178,no,no,yes,no,-0.03517703499440176,0.9750026373020506,0.3034790586866344,0.9168136611006993,1.2253237197764415,low,other
-0.2920203645762898,male,other,0.3586533442774541,no,yes,no,no,0.9056314669557757,0.9750026373020506,1.1741315168594286,0.9168136611006993,-1.0104291372918257,low,other
-0.29185240540109075,male,other,0.9769085671787471,no,no,yes,no,0.9056314669557757,0.9750026373020506,1.1741315168594286,0.9168136611006993,-1.0104291372918257,low,other
-0.2916844462258917,female,other,0.4827642439480448,no,no,yes,no,0.9056314669557757,0.9750026373020506,1.1741315168594286,0.9168136611006993,-1.0104291372918257,low,other
-0.29151648705069255,male,other,0.05871954682298396,no,no,yes,no,0.9056314669557757,0.9750026373020506,1.1741315168594286,0.9168136611006993,1.2253237197764415,high,other
-0.2913485278754935,female,other,-0.554938878673903,no,no,no,no,0.9056314669557757,0.9750026373020506,1.1741315168594286,0.9168136611006993,-1.0104291372918257,low,other
-0.2911805687002944,female,other,-0.06539135284760669,no,no,yes,no,0.9056314669557757,0.9750026373020506,1.1741315168594286,0.9168136611006993,-1.0104291372918257,low,other
-0.29101260952509533,female,other,0.8493502886422163,no,no,yes,no,0.47141194600249264,0.48358950326924555,4.439078235007407,0.593695162555842,-1.0104291372918257,low,other
-0.29084465034989626,male,other,0.7022562786990528,no,no,yes,no,0.47141194600249264,0.48358950326924555,4.439078235007407,0.593695162555842,1.2253237197764415,low,other
-0.2906766911746972,male,other,-0.01597687668706359,no,no,no,no,0.47141194600249264,0.48358950326924555,4.439078235007407,0.593695162555842,-1.0104291372918257,low,other
-0.2905087319994981,female,other,-0.5342537287288046,no,no,yes,no,0.47141194600249264,0.48358950326924555,4.439078235007407,0.593695162555842,-1.0104291372918257,low,other
-0.29034077282429904,male,other,0.6746759326473454,no,no,yes,no,0.47141194600249264,0.48358950326924555,4.439078235007407,0.593695162555842,0.1074472912423079,low,other
-0.29017281364909997,female,other,-0.73421003207318,no,no,yes,no,2.6063234404012934,0.9750026373020506,0.5211421732298329,0.9168136611006993,-1.0104291372918257,low,other
-0.2900048544739009,female,other,1.369925977760889,no,no,yes,no,2.6063234404012934,0.9750026373020506,0.5211421732298329,0.9168136611006993,1.2253237197764415,high,other
-0.28983689529870177,female,other,0.5884879540010114,no,no,yes,no,2.6063234404012934,0.9750026373020506,0.5211421732298329,0.9168136611006993,-1.0104291372918257,low,other
-0.2896689361235027,male,other,1.183759628255003,no,no,yes,no,0.47141194600249264,0.48358950326924555,0.7388052877730314,0.593695162555842,1.2253237197764415,low,other
-0.2895009769483036,male,other,1.6146999598614014,no,no,yes,no,0.47141194600249264,0.48358950326924555,0.7388052877730314,0.593695162555842,1.2253237197764415,low,other
-0.28933301777310455,male,other,-0.9674920206626774,no,no,yes,no,0.47141194600249264,0.48358950326924555,0.7388052877730314,0.593695162555842,-1.0104291372918257,high,other
-0.2891650585979055,female,other,1.9042911823433224,no,no,yes,no,0.47141194600249264,0.48358950326924555,0.7388052877730314,0.593695162555842,-1.0104291372918257,low,other
-0.2889970994227064,male,other,1.0860800944723825,no,no,no,no,0.47141194600249264,0.48358950326924555,0.7388052877730314,0.593695162555842,0.1074472912423079,low,other
-0.28882914024750733,female,hispanic,-0.22512633646552238,no,no,yes,no,0.47141194600249264,0.48358950326924555,0.7388052877730314,0.593695162555842,-1.0104291372918257,low,other
-0.28866118107230826,female,other,1.1653728770121075,no,no,yes,no,0.47141194600249264,0.48358950326924555,0.7388052877730314,0.593695162555842,1.2253237197764415,low,other
-0.2884932218971092,female,other,0.4390955453556449,no,no,yes,no,0.47141194600249264,0.48358950326924555,0.7388052877730314,0.593695162555842,2.3432001483105753,high,other
-0.2883252627219101,female,other,-0.03781100679589922,yes,no,yes,no,0.47141194600249264,0.48358950326924555,0.7388052877730314,0.593695162555842,-1.0104291372918257,low,other
-0.288157303546711,male,other,1.1285993745263165,no,no,yes,no,0.47141194600249264,0.48358950326924555,0.7388052877730314,0.593695162555842,0.1074472912423079,low,other
-0.2879893443715119,male,other,-1.3030507788139298,no,no,yes,no,1.5569600582127954,1.972718405003576,-0.741303890472032,1.0358404273555812,-1.0104291372918257,low,other
-0.28782138519631284,female,other,-0.512419598619969,no,no,yes,no,1.5569600582127954,1.972718405003576,-0.741303890472032,1.0358404273555812,-1.0104291372918257,low,other
-0.28765342602111377,male,other,-1.709858143234561,no,no,yes,no,1.5569600582127954,1.972718405003576,-0.741303890472032,1.0358404273555812,-1.0104291372918257,high,other
-0.2874854668459147,female,hispanic,-0.7043317256939982,no,no,no,no,1.5569600582127954,1.972718405003576,-0.741303890472032,1.0358404273555812,-1.0104291372918257,low,other
-0.2873175076707156,female,other,0.9941463382579053,no,yes,yes,no,1.5569600582127954,1.972718405003576,-0.741303890472032,1.0358404273555812,-1.0104291372918257,high,other
-0.28714954849551655,female,other,2.1249321972580675,no,no,yes,no,-0.32465660060110624,0.48358950326924555,0.5211421732298329,0.593695162555842,-1.0104291372918257,low,other
-0.2869815893203175,male,other,1.1826106480912657,no,no,yes,no,-0.32465660060110624,0.48358950326924555,0.5211421732298329,0.593695162555842,1.2253237197764415,low,other
-0.2868136301451184,male,other,-0.01597687668706359,no,no,yes,no,-0.32465660060110624,0.48358950326924555,0.5211421732298329,0.593695162555842,-1.0104291372918257,high,other
-0.28664567096991933,male,other,0.8608422821532313,no,no,yes,no,-0.32465660060110624,0.48358950326924555,0.5211421732298329,0.593695162555842,-1.0104291372918257,low,other
-0.2864777117947202,male,other,0.48046584524584174,no,no,no,no,-0.32465660060110624,0.48358950326924555,0.5211421732298329,0.593695162555842,-1.0104291372918257,low,other
-0.28630975261952113,male,other,0.5321787201085879,no,no,yes,no,-0.32465660060110624,0.48358950326924555,0.5211421732298329,0.593695162555842,-1.0104291372918257,low,other
-0.28614179344432206,female,other,0.043780174446028726,no,no,yes,no,-0.32465660060110624,0.48358950326924555,0.5211421732298329,0.593695162555842,1.2253237197764415,low,other
-0.285973834269123,male,other,1.9640486718511432,no,no,yes,no,-0.32465660060110624,0.48358950326924555,0.5211421732298329,0.593695162555842,1.2253237197764415,low,other
-0.2858058750939239,female,other,0.1311171332560999,yes,yes,yes,no,0.07337784524391884,0.48358950326924555,-0.0012493224318157802,0.593695162555842,1.2253237197764415,low,other
-0.28563791591872484,male,other,0.14490752546931793,no,no,yes,no,0.07337784524391884,0.48358950326924555,-0.0012493224318157802,0.593695162555842,-1.0104291372918257,low,other
-0.28546995674352577,male,other,0.37589111535661235,no,no,yes,no,0.07337784524391884,0.48358950326924555,-0.0012493224318157802,0.593695162555842,0.6663855055093747,low,other
-0.2853019975683267,male,other,-1.2111170225994528,no,no,yes,no,0.07337784524391884,0.48358950326924555,-0.0012493224318157802,0.593695162555842,-1.0104291372918257,low,other
-0.2851340383931276,male,other,0.7229414286441512,no,no,yes,no,0.07337784524391884,0.48358950326924555,-0.0012493224318157802,0.593695162555842,1.7842619340435084,low,other
-0.28496607921792855,male,hispanic,0.11043198331100144,no,no,yes,yes,1.52077532819099,0.9750026373020506,-0.6542386401139462,0.9168136611006993,0.1074472912423079,low,other
-0.2847981200427294,female,hispanic,1.2584560517650505,no,no,yes,yes,1.52077532819099,0.9750026373020506,-0.6542386401139462,0.9168136611006993,-1.0104291372918257,low,other
-0.28463016086753035,female,other,-0.16536928533243006,no,no,yes,yes,1.52077532819099,0.9750026373020506,-0.6542386401139462,0.9168136611006993,1.2253237197764415,low,other
-0.2844622016923313,male,afam,-1.7259464957752535,no,no,yes,yes,1.52077532819099,0.9750026373020506,-0.6542386401139462,0.9168136611006993,-1.0104291372918257,high,other
-0.2842942425171322,male,hispanic,0.09089625190436881,no,no,yes,yes,1.52077532819099,0.9750026373020506,-0.6542386401139462,0.9168136611006993,1.2253237197764415,low,other
-0.28412628334193313,female,afam,-0.46415454099789166,no,no,yes,yes,1.52077532819099,0.9750026373020506,-0.6542386401139462,0.9168136611006993,1.2253237197764415,high,other
-0.28395832416673406,male,other,0.9941463382579053,no,no,yes,no,1.0141860021076436,0.9750026373020506,0.21641379211138276,0.9168136611006993,-1.0104291372918257,low,other
-0.283790364991535,male,other,1.188356425659409,no,yes,yes,no,1.0141860021076436,0.9750026373020506,0.21641379211138276,0.9168136611006993,-1.0104291372918257,high,other
-0.2836224058163359,female,other,1.9709434295830237,yes,no,yes,no,1.0141860021076436,0.9750026373020506,0.21641379211138276,0.9168136611006993,1.2253237197764415,high,other
-0.28345444664113684,female,other,-1.2927082038413806,no,no,yes,no,1.0141860021076436,0.9750026373020506,0.21641379211138276,0.9168136611006993,-1.0104291372918257,low,other
-0.28328648746593776,female,afam,-0.9054370092021107,no,no,yes,yes,1.52077532819099,0.9750026373020506,-0.5671733994861597,0.9168136611006993,-0.45149092302475896,low,other
-0.28311852829073864,female,hispanic,-0.7571935807204814,no,no,yes,yes,1.52077532819099,0.9750026373020506,-0.5671733994861597,0.9168136611006993,-1.0104291372918257,low,other
-0.28295056911553956,female,afam,-1.1605531279004437,no,no,yes,yes,1.52077532819099,0.9750026373020506,-0.5671733994861597,0.9168136611006993,-0.45149092302475896,low,other
-0.2827826099403405,male,afam,-1.1525089516300975,no,no,yes,yes,1.52077532819099,0.9750026373020506,-0.5671733994861597,0.9168136611006993,-0.45149092302475896,low,other
-0.2826146507651414,male,afam,-1.2754704327622224,no,no,yes,yes,1.52077532819099,0.9750026373020506,-0.5671733994861597,0.9168136611006993,-1.0104291372918257,low,other
-0.28244669158994234,female,afam,-1.7282448944774564,no,no,no,yes,1.52077532819099,0.9750026373020506,-0.5671733994861597,0.9168136611006993,-1.0104291372918257,high,other
-0.28227873241474327,female,afam,-1.7834051482061428,no,no,yes,yes,1.52077532819099,0.9750026373020506,-0.5671733994861597,0.9168136611006993,-1.0104291372918257,low,other
-0.2821107732395442,female,afam,-1.1789398791433392,no,no,yes,yes,1.52077532819099,0.9750026373020506,-0.5671733994861597,0.9168136611006993,-1.0104291372918257,low,other
-0.2819428140643451,female,afam,-0.09986645663119455,no,no,yes,yes,1.52077532819099,0.9750026373020506,-0.5671733994861597,0.9168136611006993,-1.0104291372918257,low,other
-0.28177485488914605,female,afam,-1.037591646768319,no,no,yes,yes,1.52077532819099,0.9750026373020506,-0.5671733994861597,0.9168136611006993,0.1074472912423079,low,other
-0.281606895713947,female,afam,-1.3375258825975178,no,no,yes,yes,1.52077532819099,0.9750026373020506,-0.5671733994861597,0.9168136611006993,-1.0104291372918257,low,other
-0.28143893653874785,female,afam,-1.3984319138943473,no,no,yes,yes,2.2444740696645256,1.972718405003576,-0.5671733994861597,1.0358404273555812,-0.45149092302475896,low,other
-0.2812709773635488,female,afam,-1.5949408383727826,no,no,yes,yes,2.2444740696645256,1.972718405003576,-0.5671733994861597,1.0358404273555812,1.2253237197764415,high,other
-0.2811030181883497,female,afam,0.06561430455486436,no,no,yes,yes,2.2444740696645256,1.972718405003576,-0.5671733994861597,1.0358404273555812,-1.0104291372918257,low,other
-0.28093505901315063,female,afam,-1.6914713919916657,no,no,yes,yes,2.2444740696645256,1.972718405003576,-0.5671733994861597,1.0358404273555812,-1.0104291372918257,low,other
-0.28076709983795156,female,other,-1.8385654019348292,no,no,yes,yes,2.2444740696645256,1.972718405003576,-0.5671733994861597,1.0358404273555812,-1.0104291372918257,high,other
-0.2805991406627525,male,other,1.6503240438087263,yes,yes,yes,no,0.8332613167392598,1.972718405003576,-0.6977712669147057,1.0358404273555812,1.7842619340435084,low,other
-0.2804311814875534,male,afam,-0.3894581174878441,yes,yes,yes,no,0.8332613167392598,1.972718405003576,-0.6977712669147057,1.0358404273555812,-0.45149092302475896,high,other
-0.28026322231235434,female,other,-0.8962434143932987,yes,no,yes,no,0.8332613167392598,1.972718405003576,-0.6977712669147057,1.0358404273555812,0.1074472912423079,high,other
-0.28009526313715527,female,other,0.7240904088078884,no,no,yes,no,0.8332613167392598,1.972718405003576,-0.6977712669147057,1.0358404273555812,-1.0104291372918257,low,other
-0.2799273039619562,male,other,1.5480477126217,yes,yes,yes,no,0.8332613167392598,1.972718405003576,-0.6977712669147057,1.0358404273555812,1.2253237197764415,high,other
-0.27975934478675707,male,other,1.6273409335361535,yes,no,yes,no,0.8332613167392598,1.972718405003576,-0.6977712669147057,1.0358404273555812,1.2253237197764415,low,other
-0.279591385611558,female,other,-0.9778345956352267,yes,no,yes,no,0.8332613167392598,1.972718405003576,-0.6977712669147057,1.0358404273555812,-1.0104291372918257,low,other
-0.2794234264363589,female,other,-1.218011780331333,no,no,yes,yes,1.4122204479526694,1.972718405003576,-0.1753798036873885,1.0358404273555812,-1.0104291372918257,low,other
-0.27925546726115985,male,other,1.1171078193900301,yes,yes,yes,yes,1.4122204479526694,1.972718405003576,-0.1753798036873885,1.0358404273555812,1.2253237197764415,high,other
-0.2790875080859608,female,other,-0.5629830549442493,no,yes,yes,yes,1.4122204479526694,1.972718405003576,-0.1753798036873885,1.0358404273555812,-0.45149092302475896,low,other
-0.2789195489107617,female,afam,1.3147657240322026,no,no,yes,yes,1.4122204479526694,1.972718405003576,-0.1753798036873885,1.0358404273555812,-0.45149092302475896,low,other
-0.27875158973556263,male,other,0.9803559460446873,no,no,yes,yes,1.4122204479526694,1.972718405003576,-0.1753798036873885,1.0358404273555812,1.2253237197764415,high,other
-0.27858363056036356,male,other,-0.0734355291179529,no,no,yes,yes,1.4122204479526694,1.972718405003576,-0.1753798036873885,1.0358404273555812,-0.45149092302475896,high,other
-0.2784156713851645,female,afam,-0.951403668121985,no,no,yes,yes,1.4122204479526694,1.972718405003576,-0.1753798036873885,1.0358404273555812,-0.45149092302475896,low,other
-0.2782477122099654,female,other,-0.6779003598060278,no,no,yes,no,1.9549945040578212,1.972718405003576,-0.34951028494296127,1.0358404273555812,0.1074472912423079,low,other
-0.27807975303476634,female,other,-0.18375603657532552,yes,no,yes,no,1.9549945040578212,1.972718405003576,-0.34951028494296127,1.0358404273555812,-1.0104291372918257,low,other
-0.2779117938595672,male,other,0.278211581573992,no,no,yes,no,1.9549945040578212,1.972718405003576,-0.34951028494296127,1.0358404273555812,-0.45149092302475896,low,other
-0.27774383468436814,female,other,0.5137919688656924,no,yes,yes,no,1.9549945040578212,1.972718405003576,-0.34951028494296127,1.0358404273555812,0.1074472912423079,high,other
-0.27757587550916907,male,other,0.8286651386971178,no,no,yes,no,1.9549945040578212,1.972718405003576,-0.34951028494296127,1.0358404273555812,-0.45149092302475896,high,other
-0.27740791633397,male,other,-0.18605443527752852,yes,no,yes,no,1.9549945040578212,1.972718405003576,-0.34951028494296127,1.0358404273555812,1.2253237197764415,high,other
-0.2772399571587709,female,other,0.38738267049289876,no,no,yes,no,1.9549945040578212,1.972718405003576,-0.34951028494296127,1.0358404273555812,-1.0104291372918257,low,other
-0.27707199798357185,female,afam,-0.9008402117977047,no,no,yes,yes,0.037192770135661544,0.9750026373020506,-0.5671733994861597,0.9168136611006993,-1.0104291372918257,low,other
-0.2769040388083728,female,other,-0.1171042277103528,no,no,yes,yes,0.037192770135661544,0.9750026373020506,-0.5671733994861597,0.9168136611006993,-1.0104291372918257,high,other
-0.2767360796331737,female,other,-0.23431993127433443,no,no,yes,yes,0.037192770135661544,0.9750026373020506,-0.5671733994861597,0.9168136611006993,-1.0104291372918257,low,other
-0.27656812045797463,female,afam,-1.5788520474573613,no,no,no,yes,0.037192770135661544,0.9750026373020506,-0.6977712669147057,0.9168136611006993,-1.0104291372918257,low,other
-0.27640016128277556,female,other,0.2644211893607739,no,no,yes,yes,0.037192770135661544,0.9750026373020506,-0.6977712669147057,0.9168136611006993,0.1074472912423079,high,other
-0.27623220210757643,female,other,1.833042137699215,yes,yes,yes,no,0.9780012720858383,0.9750026373020506,0.5211421732298329,0.9168136611006993,1.7842619340435084,high,other
-0.27606424293237736,female,other,0.8068310085882822,no,no,no,no,0.9780012720858383,0.9750026373020506,0.5211421732298329,0.9168136611006993,-0.45149092302475896,low,other
-0.2758962837571783,female,other,0.47012327027329254,no,no,yes,no,0.9780012720858383,0.9750026373020506,0.5211421732298329,0.9168136611006993,-1.0104291372918257,low,other
-0.2757283245819792,female,other,-1.3030507788139298,no,no,no,no,0.9780012720858383,0.9750026373020506,0.5211421732298329,0.9168136611006993,-1.0104291372918257,low,other
-0.27556036540678014,female,other,0.7022562786990528,no,yes,yes,no,0.9780012720858383,0.9750026373020506,0.5211421732298329,0.9168136611006993,0.6663855055093747,low,other
-0.27539240623158107,female,other,0.10583562428132405,yes,no,yes,no,0.29048726063410873,0.9750026373020506,-0.0883145371121369,0.9168136611006993,1.2253237197764415,high,other
-0.275224447056382,male,other,-1.2800672301666285,no,no,yes,no,0.29048726063410873,0.9750026373020506,-0.0883145371121369,0.9168136611006993,-1.0104291372918257,low,other
-0.2750564878811829,female,hispanic,-0.38830913732410693,no,no,yes,no,0.29048726063410873,0.9750026373020506,-0.0883145371121369,0.9168136611006993,-1.0104291372918257,high,other
-0.27488852870598385,male,other,1.2090415756045074,no,no,no,no,0.29048726063410873,0.9750026373020506,-0.0883145371121369,0.9168136611006993,-1.0104291372918257,low,other
-0.2747205695307848,male,hispanic,1.5997601491097175,no,no,yes,no,0.29048726063410873,0.9750026373020506,-0.0883145371121369,0.9168136611006993,1.2253237197764415,low,other
-0.27455261035558565,female,other,0.7528197350233331,no,no,yes,no,0.29048726063410873,0.9750026373020506,-0.0883145371121369,0.9168136611006993,0.6663855055093747,high,other
-0.2743846511803866,female,other,1.4411745840302677,no,no,yes,no,0.29048726063410873,0.9750026373020506,-0.0883145371121369,0.9168136611006993,-1.0104291372918257,low,other
-0.2742166920051875,female,other,-0.13778937765545124,yes,no,yes,no,0.29048726063410873,0.9750026373020506,-0.0883145371121369,0.9168136611006993,-1.0104291372918257,low,other
-0.27404873282998843,female,other,0.5057477925953462,yes,yes,yes,no,1.5931451333210533,1.972718405003576,-0.43657552557074764,1.0358404273555812,1.2253237197764415,low,other
-0.27388077365478936,female,other,0.15410068190340134,no,no,yes,no,1.5931451333210533,1.972718405003576,-0.43657552557074764,1.0358404273555812,-1.0104291372918257,low,other
-0.2737128144795903,female,other,1.4227878327873722,yes,yes,yes,no,1.5931451333210533,1.972718405003576,-0.43657552557074764,1.0358404273555812,2.3432001483105753,high,other
-0.2735448553043912,male,other,-0.7238674571006307,no,no,yes,no,1.5931451333210533,1.972718405003576,-0.43657552557074764,1.0358404273555812,-1.0104291372918257,low,other
-0.27337689612919214,male,other,0.26901798676517996,yes,yes,yes,no,1.5931451333210533,1.972718405003576,-0.43657552557074764,1.0358404273555812,0.6663855055093747,high,other
-0.27320893695399306,female,other,-0.4653035211616289,no,no,yes,no,1.5931451333210533,1.972718405003576,-0.43657552557074764,1.0358404273555812,-0.45149092302475896,low,other
-0.273040977778794,female,other,0.7413281798870467,yes,yes,yes,no,1.5931451333210533,1.972718405003576,-0.43657552557074764,1.0358404273555812,0.6663855055093747,low,other
-0.27287301860359486,female,other,1.6078043253800638,no,no,yes,no,1.5931451333210533,1.972718405003576,-0.43657552557074764,1.0358404273555812,-0.45149092302475896,low,other
-0.2727050594283958,female,hispanic,-1.1697467227092557,no,no,no,no,1.5931451333210533,1.972718405003576,-0.43657552557074764,1.0358404273555812,-1.0104291372918257,low,other
-0.2725371002531967,male,hispanic,-0.45725934489128267,no,no,yes,no,1.5931451333210533,1.972718405003576,-0.43657552557074764,1.0358404273555812,-1.0104291372918257,high,other
-0.27236914107799765,male,other,-1.8017918994490383,no,no,yes,no,1.5931451333210533,1.972718405003576,-0.43657552557074764,1.0358404273555812,-1.0104291372918257,low,other
-0.2722011819027986,male,afam,-0.9479562892560448,no,no,yes,no,1.52077532819099,0.9750026373020506,-0.6977712669147057,0.9168136611006993,-0.45149092302475896,low,other
-0.2720332227275995,male,afam,-1.4731283374043949,no,no,yes,no,1.52077532819099,0.9750026373020506,-0.6977712669147057,0.9168136611006993,-0.45149092302475896,low,other
-0.2718652635524004,male,other,0.28280794060366937,yes,yes,yes,no,1.52077532819099,0.9750026373020506,-0.6977712669147057,0.9168136611006993,2.3432001483105753,low,other
-0.27169730437720135,female,other,0.4793168650821046,yes,yes,yes,no,1.52077532819099,0.9750026373020506,-0.6977712669147057,0.9168136611006993,1.7842619340435084,high,other
-0.2715293452020023,male,other,-1.5030066437835767,no,no,yes,no,1.52077532819099,0.9750026373020506,-0.6977712669147057,0.9168136611006993,-0.45149092302475896,low,other
-0.2713613860268032,male,hispanic,0.11732717941761046,no,no,no,no,1.52077532819099,0.9750026373020506,-0.6977712669147057,0.9168136611006993,0.6663855055093747,low,other
-0.2711934268516041,male,other,1.16077651798243,no,no,yes,no,1.52077532819099,0.9750026373020506,-0.6977712669147057,0.9168136611006993,-1.0104291372918257,low,other
-0.271025467676405,female,other,1.0240246446370873,no,no,yes,yes,-0.46939621086123284,0.48358950326924555,-0.6542386401139462,0.593695162555842,-1.0104291372918257,low,other
-0.27085750850120593,male,other,1.1033178655515408,no,no,yes,yes,-0.46939621086123284,0.48358950326924555,-0.6542386401139462,0.593695162555842,1.7842619340435084,low,other
-0.27068954932600686,male,other,1.1251519956603764,no,no,yes,yes,-0.46939621086123284,0.48358950326924555,-0.6542386401139462,0.593695162555842,-1.0104291372918257,low,other
-0.2705215901508078,male,other,0.21500671320023085,no,no,yes,yes,-0.46939621086123284,0.48358950326924555,-0.6542386401139462,0.593695162555842,-1.0104291372918257,high,other
-0.2703536309756087,female,afam,-1.338674862761255,yes,yes,yes,yes,-0.46939621086123284,0.48358950326924555,-0.6542386401139462,0.593695162555842,-1.0104291372918257,low,other
-0.27018567180040964,male,hispanic,-1.1846856567114825,no,no,yes,yes,-0.46939621086123284,0.48358950326924555,-0.6542386401139462,0.593695162555842,-0.45149092302475896,low,other
-0.27001771262521057,male,afam,-1.3225865102205625,no,no,yes,yes,-0.46939621086123284,0.48358950326924555,-0.5671733994861597,0.593695162555842,-1.0104291372918257,low,other
-0.2698497534500115,female,other,0.12192397682201649,no,no,yes,yes,-0.46939621086123284,0.48358950326924555,-0.5671733994861597,0.593695162555842,-1.0104291372918257,low,other
-0.2696817942748124,female,other,0.0851504743362256,no,no,yes,no,1.3760353728444115,0.9750026373020506,0.08581594414343584,0.9168136611006993,-1.0104291372918257,low,other
-0.2695138350996133,male,other,1.852578745855305,yes,no,yes,no,1.3760353728444115,0.9750026373020506,0.08581594414343584,0.9168136611006993,1.7842619340435084,high,other
-0.2693458759244142,female,other,0.3425649917367617,no,no,yes,no,1.3760353728444115,0.9750026373020506,0.08581594414343584,0.9168136611006993,-1.0104291372918257,low,other
-0.26917791674921515,male,other,0.8504997071806821,no,no,no,no,1.3760353728444115,0.9750026373020506,0.08581594414343584,0.9168136611006993,0.6663855055093747,low,other
-0.2690099575740161,female,other,-0.6468730732631088,no,no,yes,no,1.3760353728444115,0.9750026373020506,0.08581594414343584,0.9168136611006993,-1.0104291372918257,low,other
-0.268841998398817,male,other,0.024244004664667473,no,no,yes,no,0.47141194600249264,1.972718405003576,0.08581594414343584,1.0358404273555812,-1.0104291372918257,high,other
-0.26867403922361793,male,other,-0.34578941889544423,no,no,yes,no,0.47141194600249264,1.972718405003576,0.08581594414343584,1.0358404273555812,-1.0104291372918257,low,other
-0.26850608004841886,female,other,1.2021463794978984,yes,no,yes,no,0.47141194600249264,1.972718405003576,0.08581594414343584,1.0358404273555812,-1.0104291372918257,low,other
-0.2683381208732198,male,hispanic,0.46552647286888654,no,no,yes,no,0.47141194600249264,1.972718405003576,0.08581594414343584,1.0358404273555812,-1.0104291372918257,low,other
-0.2681701616980207,male,hispanic,0.46207909400294633,no,no,yes,no,0.47141194600249264,1.972718405003576,0.08581594414343584,1.0358404273555812,-0.45149092302475896,high,other
-0.26800220252282164,female,other,0.6470960249703664,no,no,yes,no,0.47141194600249264,1.972718405003576,0.08581594414343584,1.0358404273555812,-0.45149092302475896,low,other
-0.2678342433476225,male,other,0.922897293613798,no,no,yes,no,1.2674808376925435,1.972718405003576,-0.34951028494296127,1.0358404273555812,1.2253237197764415,low,other
-0.26766628417242344,male,other,-1.4030287112987532,no,no,yes,no,1.2674808376925435,1.972718405003576,-0.34951028494296127,1.0358404273555812,-1.0104291372918257,low,other
-0.26749832499722437,male,other,0.08744887303842862,no,no,yes,no,1.2674808376925435,1.972718405003576,-0.34951028494296127,1.0358404273555812,-0.45149092302475896,high,other
-0.2673303658220253,female,other,-1.3742993850833085,no,no,yes,yes,0.7608915116091971,0.5803829670906177,-0.34951028494296127,0.34539150213292424,-1.0104291372918257,low,other
-0.2671624066468262,male,other,-0.9318679367153524,no,no,yes,yes,0.7608915116091971,0.5803829670906177,-0.34951028494296127,0.34539150213292424,-0.45149092302475896,low,other
-0.26699444747162715,male,other,-1.8891288582591095,no,no,yes,yes,0.7608915116091971,0.5803829670906177,-0.34951028494296127,0.34539150213292424,-1.0104291372918257,low,other
-0.2668264882964281,male,other,2.0582808267678234,no,yes,yes,no,-0.2522866229278173,0.5803829670906177,-0.5671733994861597,0.34539150213292424,1.2253237197764415,high,other
-0.266658529121229,female,other,0.7447755587529868,yes,yes,yes,no,-0.2522866229278173,0.5803829670906177,-0.5671733994861597,0.34539150213292424,1.2253237197764415,high,other
-0.26649056994602993,female,other,1.6273409335361535,yes,yes,yes,no,-0.2522866229278173,0.5803829670906177,-0.5671733994861597,0.34539150213292424,1.2253237197764415,high,other
-0.26632261077083086,male,other,1.3526882066817307,no,no,yes,no,-0.2522866229278173,0.5803829670906177,-0.5671733994861597,0.34539150213292424,1.7842619340435084,low,other
-0.26615465159563173,male,other,1.50093163516336,yes,yes,yes,no,-0.2522866229278173,0.5803829670906177,-0.5671733994861597,0.34539150213292424,1.2253237197764415,high,other
-0.26598669242043266,female,other,-0.025170471495875625,no,no,no,no,-0.2522866229278173,0.5803829670906177,-0.5671733994861597,0.34539150213292424,-1.0104291372918257,high,other
-0.2658187332452336,male,hispanic,-1.1536583701685634,no,no,no,no,-0.2522866229278173,0.5803829670906177,-0.5671733994861597,0.34539150213292424,-1.0104291372918257,low,other
-0.2656507740700345,male,other,0.6424992275659605,no,no,no,no,-0.2522866229278173,0.5803829670906177,-0.5671733994861597,0.34539150213292424,1.2253237197764415,low,other
-0.26548281489483544,male,other,0.41955981394901226,yes,yes,yes,no,-0.2522866229278173,0.5803829670906177,-0.5671733994861597,0.34539150213292424,1.7842619340435084,high,other
-0.26531485571963637,male,other,0.37014533778846914,yes,no,yes,no,-0.2522866229278173,0.5803829670906177,-0.5671733994861597,0.34539150213292424,0.6663855055093747,high,other
-0.2651468965444373,female,other,2.049087231959011,yes,yes,yes,no,-0.2522866229278173,0.5803829670906177,-0.5671733994861597,0.34539150213292424,1.7842619340435084,high,other
-0.2649789373692382,male,other,1.3205115016003457,yes,yes,yes,no,0.14574765037398213,0.5803829670906177,-0.43657552557074764,0.34539150213292424,1.2253237197764415,high,other
-0.26481097819403915,male,other,0.5643554251899727,yes,no,yes,no,0.14574765037398213,0.5803829670906177,-0.43657552557074764,0.34539150213292424,1.7842619340435084,high,other
-0.2646430190188401,female,afam,-1.6880235747509968,no,no,no,yes,-0.10754684012446505,0.5803829670906177,0.7388052877730314,0.34539150213292424,-1.0104291372918257,low,other
-0.26447505984364095,female,afam,-2.1155160891167264,no,no,no,yes,-0.10754684012446505,0.5803829670906177,0.7388052877730314,0.34539150213292424,-1.0104291372918257,low,other
-0.2643071006684419,female,afam,-1.0536799993090114,no,no,yes,yes,-0.10754684012446505,0.5803829670906177,0.7388052877730314,0.34539150213292424,1.2253237197764415,low,other
-0.2641391414932428,male,other,-0.4480657500824706,no,no,yes,yes,-0.10754684012446505,0.5803829670906177,0.7388052877730314,0.34539150213292424,-1.0104291372918257,high,other
-0.26397118231804373,female,other,0.925195692316001,yes,no,yes,yes,-0.10754684012446505,0.5803829670906177,0.7388052877730314,0.34539150213292424,0.1074472912423079,low,other
-0.26380322314284466,male,hispanic,-0.9709398379033463,no,no,yes,no,-0.7588757764679374,0.5803829670906177,-0.5671733994861597,0.34539150213292424,-1.0104291372918257,low,other
-0.2636352639676456,male,other,1.3446440304113845,no,no,no,no,0.14574765037398213,0.5803829670906177,-0.1318471703997627,0.34539150213292424,1.7842619340435084,low,other
-0.2634673047924465,female,other,0.801085231020139,no,no,yes,no,-0.7588757764679374,0.5803829670906177,-0.6542386401139462,0.34539150213292424,1.2253237197764415,high,other
-0.26329934561724744,male,other,1.7813297012111975,no,no,yes,no,-0.7588757764679374,0.5803829670906177,-0.6542386401139462,0.34539150213292424,1.2253237197764415,low,other
-0.26313138644204837,male,other,1.5331087786194735,no,no,yes,no,-0.7588757764679374,0.5803829670906177,-0.6542386401139462,0.34539150213292424,1.2253237197764415,low,other
-0.2629634272668493,male,other,0.4551838978963373,no,no,yes,no,-0.7588757764679374,0.5803829670906177,-0.6542386401139462,0.34539150213292424,1.2253237197764415,low,other
-0.26279546809165016,male,other,1.283737999114555,no,no,yes,no,-0.7588757764679374,0.5803829670906177,-0.6542386401139462,0.34539150213292424,-1.0104291372918257,low,other
-0.2626275089164511,female,hispanic,0.7459249772914527,yes,no,yes,no,0.14574765037398213,0.5803829670906177,0.08581594414343584,0.34539150213292424,1.7842619340435084,high,other
-0.262459549741252,female,other,0.8160246033970943,no,no,yes,no,0.14574765037398213,0.5803829670906177,0.08581594414343584,0.34539150213292424,-1.0104291372918257,high,other
-0.26229159056605295,female,afam,0.9470302607995653,yes,yes,yes,yes,-0.5417661885345219,0.5803829670906177,-0.6977712669147057,0.34539150213292424,1.7842619340435084,high,other
-0.2621236313908539,female,other,0.5045983740568803,no,no,yes,yes,-0.5417661885345219,0.5803829670906177,-0.6977712669147057,0.34539150213292424,1.2253237197764415,high,other
-0.2619556722156548,male,other,1.3768207354927693,yes,yes,yes,yes,-0.5417661885345219,0.5803829670906177,-0.6977712669147057,0.34539150213292424,-0.45149092302475896,high,other
-0.2617877130404557,female,other,-0.42623161997363496,no,no,no,yes,-0.5417661885345219,0.5803829670906177,-0.6977712669147057,0.34539150213292424,-1.0104291372918257,low,other
-0.26161975386525665,female,other,0.40691884027426,yes,no,yes,yes,-0.5417661885345219,0.5803829670906177,-0.6977712669147057,0.34539150213292424,0.6663855055093747,high,other
-0.2614517946900576,male,other,1.856026124721245,yes,yes,yes,yes,-0.5417661885345219,0.5803829670906177,-0.6977712669147057,0.34539150213292424,-1.0104291372918257,high,other
-0.2612838355148585,male,afam,0.36325014168186015,no,no,yes,yes,-0.5417661885345219,0.5803829670906177,-0.6977712669147057,0.34539150213292424,-0.45149092302475896,low,other
-0.26111587633965944,female,other,0.6011289276757635,yes,yes,yes,no,0.10956274780895049,0.5803829670906177,-0.741303890472032,0.34539150213292424,0.1074472912423079,low,other
-0.2609479171644603,male,other,1.1734170532824537,yes,no,yes,no,0.10956274780895049,0.5803829670906177,-0.741303890472032,0.34539150213292424,-0.45149092302475896,high,other
-0.26077995798926124,male,other,0.6735269524836082,no,no,yes,no,0.10956274780895049,0.5803829670906177,-0.741303890472032,0.34539150213292424,0.1074472912423079,low,other
-0.26061199881406216,female,other,0.7953394534519957,no,yes,yes,no,0.10956274780895049,0.5803829670906177,-0.741303890472032,0.34539150213292424,-1.0104291372918257,low,other
-0.2604440396388631,male,other,-1.2559347013555897,no,no,yes,no,0.10956274780895049,0.5803829670906177,-0.741303890472032,0.34539150213292424,0.6663855055093747,low,other
-0.260276080463664,female,hispanic,-0.5135690171584347,no,no,yes,no,0.10956274780895049,0.5803829670906177,-0.741303890472032,0.34539150213292424,1.2253237197764415,low,other
-0.26010812128846494,male,other,0.7217920101056854,no,no,yes,no,0.10956274780895049,0.5803829670906177,-0.741303890472032,0.34539150213292424,1.7842619340435084,low,other
-0.25994016211326587,male,other,1.0596491669591408,yes,yes,yes,no,-0.7588757764679374,0.5803829670906177,-0.43657552557074764,0.34539150213292424,1.2253237197764415,high,other
-0.2597722029380668,male,afam,0.5482670726492803,no,yes,yes,no,-0.7588757764679374,0.5803829670906177,-0.43657552557074764,0.34539150213292424,-1.0104291372918257,high,other
-0.2596042437628677,female,other,1.9042911823433224,no,no,no,no,-0.7588757764679374,0.5803829670906177,-0.43657552557074764,0.34539150213292424,1.2253237197764415,low,other
-0.25943628458766865,female,afam,-1.6305649223201075,no,no,yes,no,0.14574765037398213,0.5803829670906177,-0.523640766198534,0.34539150213292424,-1.0104291372918257,low,other
-0.2592683254124695,male,hispanic,-0.022872072793672617,no,no,no,no,0.14574765037398213,0.5803829670906177,-0.523640766198534,0.34539150213292424,-0.45149092302475896,low,other
-0.25910036623727045,male,other,0.11387980055167027,no,no,yes,no,0.39904214087242934,0.5803829670906177,-0.6542386401139462,0.34539150213292424,-0.45149092302475896,low,other
-0.2589324070620714,male,other,0.8332619361015239,yes,no,yes,no,0.39904214087242934,0.5803829670906177,-0.6542386401139462,0.34539150213292424,1.2253237197764415,low,other
-0.2587644478868723,male,other,0.5137919688656924,no,no,yes,no,0.39904214087242934,0.5803829670906177,-0.6542386401139462,0.34539150213292424,1.2253237197764415,low,other
-0.25859648871167323,male,afam,-1.1571057490345036,no,yes,yes,no,0.39904214087242934,0.5803829670906177,-0.6542386401139462,0.34539150213292424,0.1074472912423079,low,other
-0.25842852953647416,female,other,-0.4492151686209364,no,no,yes,no,0.39904214087242934,0.5803829670906177,-0.6542386401139462,0.34539150213292424,-1.0104291372918257,low,other
-0.2582605703612751,female,other,-1.513349218756126,no,no,yes,no,0.037192770135661544,0.5803829670906177,0.5211421732298329,0.34539150213292424,-1.0104291372918257,low,other
-0.258092611186076,male,other,0.6539912210769755,yes,no,yes,no,0.037192770135661544,0.5803829670906177,0.5211421732298329,0.34539150213292424,1.2253237197764415,low,other
-0.25792465201087694,female,other,-2.139648617927765,no,no,yes,no,0.037192770135661544,0.5803829670906177,0.5211421732298329,0.34539150213292424,-0.45149092302475896,low,other
-0.25775669283567787,female,other,-0.6882429347785771,no,no,yes,no,0.037192770135661544,0.5803829670906177,0.5211421732298329,0.34539150213292424,1.2253237197764415,low,other
-0.25758873366047874,female,hispanic,-0.08262912392676494,no,no,yes,no,-0.2522866229278173,0.5803829670906177,0.08581594414343584,0.34539150213292424,1.2253237197764415,low,other
-0.25742077448527967,female,hispanic,1.3929090880334618,yes,yes,no,no,-0.2522866229278173,0.5803829670906177,0.08581594414343584,0.34539150213292424,1.2253237197764415,low,other
-0.2572528153100806,female,other,-0.39635331359445314,no,yes,yes,no,-0.2522866229278173,0.5803829670906177,0.08581594414343584,0.34539150213292424,-0.45149092302475896,high,other
-0.2570848561348815,male,other,-0.09412067906305134,no,no,yes,no,-0.2522866229278173,0.5803829670906177,0.08581594414343584,0.34539150213292424,-1.0104291372918257,low,other
-0.25691689695968245,female,other,1.3837159315993783,no,no,yes,no,-0.2522866229278173,0.5803829670906177,0.08581594414343584,0.34539150213292424,1.2253237197764415,low,other
-0.2567489377844834,female,other,-0.8261437882876571,yes,yes,yes,no,0.39904214087242934,0.5803829670906177,-0.1753798036873885,0.34539150213292424,-1.0104291372918257,low,other
-0.2565809786092843,female,other,1.0814832970679764,no,no,yes,no,0.39904214087242934,0.5803829670906177,-0.1753798036873885,0.34539150213292424,0.6663855055093747,high,other
-0.25641301943408523,male,other,0.397725245465448,no,no,yes,no,0.39904214087242934,0.5803829670906177,-0.1753798036873885,0.34539150213292424,-1.0104291372918257,low,other
-0.25624506025888616,female,other,1.4342793879236586,no,no,yes,no,1.1951106874760276,0.5803829670906177,-0.0012493224318157802,0.34539150213292424,0.6663855055093747,low,other
-0.2560771010836871,female,other,0.6516928223747726,no,no,no,no,1.1951106874760276,0.5803829670906177,-0.0012493224318157802,0.34539150213292424,0.6663855055093747,high,other
-0.25590914190848796,female,other,0.49195740038212815,no,no,yes,no,1.1951106874760276,0.5803829670906177,-0.0012493224318157802,0.34539150213292424,-1.0104291372918257,low,other
-0.2557411827332889,male,afam,0.672377972319871,no,no,no,no,0.14574765037398213,0.5803829670906177,-0.6977712669147057,0.34539150213292424,1.2253237197764415,high,other
-0.2555732235580898,female,other,0.803383629722342,yes,yes,yes,no,0.14574765037398213,0.5803829670906177,-0.6977712669147057,0.34539150213292424,1.2253237197764415,high,other
-0.25540526438289074,female,other,0.626410875025268,yes,no,yes,no,0.14574765037398213,0.5803829670906177,-0.6977712669147057,0.34539150213292424,1.2253237197764415,low,other
-0.25523730520769167,female,other,0.1311171332560999,yes,yes,no,no,0.14574765037398213,0.5803829670906177,-0.6977712669147057,0.34539150213292424,0.6663855055093747,high,other
-0.2550693460324926,female,other,0.8918700070708789,yes,yes,yes,no,0.14574765037398213,0.5803829670906177,-0.6977712669147057,0.34539150213292424,1.2253237197764415,high,other
-0.2549013868572935,male,other,-0.11020903160374378,no,no,yes,no,-0.2522866229278173,0.5803829670906177,-0.43657552557074764,0.34539150213292424,-1.0104291372918257,low,other
-0.25473342768209445,male,other,0.495405217622797,no,no,yes,no,-0.2522866229278173,0.5803829670906177,-0.43657552557074764,0.34539150213292424,-0.45149092302475896,low,other
-0.2545654685068954,male,other,-1.1858350752499482,no,no,no,no,-0.2522866229278173,0.5803829670906177,-0.43657552557074764,0.34539150213292424,-1.0104291372918257,high,other
-0.2543975093316963,female,other,-1.1099896715761635,yes,no,yes,no,-0.2522866229278173,0.5803829670906177,-0.43657552557074764,0.34539150213292424,0.6663855055093747,low,other
-0.2542295501564972,male,other,0.16789063574189075,yes,yes,yes,no,-0.2522866229278173,0.5803829670906177,-0.43657552557074764,0.34539150213292424,1.2253237197764415,high,other
-0.2540615909812981,male,other,1.8813080720707496,no,yes,yes,no,2.3530289499028467,0.5803829670906177,-0.044781903824511096,0.34539150213292424,1.2253237197764415,high,other
-0.25389363180609903,male,other,0.9619691948017919,no,no,yes,no,2.3530289499028467,0.5803829670906177,-0.044781903824511096,0.34539150213292424,1.2253237197764415,high,other
-0.25372567263089996,male,other,-0.2940765440326981,yes,no,yes,no,0.8694463918475177,0.5803829670906177,0.3034790586866344,0.34539150213292424,-1.0104291372918257,high,other
-0.2535577134557009,female,other,0.059868526986721154,no,no,yes,no,0.8694463918475177,0.5803829670906177,0.3034790586866344,0.34539150213292424,-1.0104291372918257,low,other
-0.2533897542805018,male,other,0.7849968784794465,no,no,yes,no,0.8694463918475177,0.5803829670906177,0.3034790586866344,0.34539150213292424,1.2253237197764415,low,other
-0.25322179510530274,male,other,2.049087231959011,yes,yes,no,no,0.8694463918475177,0.5803829670906177,0.3034790586866344,0.34539150213292424,1.2253237197764415,low,other
-0.25305383593010367,female,other,-0.5319557684013302,no,no,yes,no,0.8694463918475177,0.5803829670906177,0.3034790586866344,0.34539150213292424,-0.45149092302475896,low,other
-0.2528858767549046,male,afam,-1.4260122599460547,no,no,no,no,0.8694463918475177,0.5803829670906177,0.3034790586866344,0.34539150213292424,-1.0104291372918257,high,other
-0.2527179175797055,female,afam,-0.91577958417466,no,no,yes,no,0.8694463918475177,0.5803829670906177,0.3034790586866344,0.34539150213292424,-1.0104291372918257,low,other
-0.2525499584045064,male,other,0.9711627896106039,no,no,yes,no,0.8694463918475177,0.5803829670906177,0.3034790586866344,0.34539150213292424,-1.0104291372918257,low,other
-0.2523819992293073,female,other,0.21960351060463684,no,no,yes,no,0.8694463918475177,0.5803829670906177,0.3034790586866344,0.34539150213292424,-0.45149092302475896,low,other
-0.25221404005410825,male,other,-0.3365962624613608,no,no,yes,no,0.8694463918475177,0.5803829670906177,0.3034790586866344,0.34539150213292424,-1.0104291372918257,low,other
-0.2520460808789092,male,other,-1.1111386517399007,no,no,yes,no,0.8694463918475177,0.5803829670906177,0.3034790586866344,0.34539150213292424,-1.0104291372918257,low,other
-0.2518781217037101,male,other,0.35405698524777673,no,no,yes,no,1.303665567714349,0.5803829670906177,0.08581594414343584,0.34539150213292424,0.1074472912423079,low,other
-0.25171016252851103,male,other,-0.14468413538733163,no,no,yes,no,1.303665567714349,0.5803829670906177,0.08581594414343584,0.34539150213292424,1.2253237197764415,low,other
-0.25154220335331196,female,hispanic,1.0401129971777796,no,no,yes,yes,0.14574765037398213,0.5803829670906177,-0.34951028494296127,0.34539150213292424,-0.45149092302475896,low,other
-0.2513742441781129,male,other,0.27361478416958596,yes,yes,yes,yes,0.14574765037398213,0.5803829670906177,-0.34951028494296127,0.34539150213292424,-1.0104291372918257,low,other
-0.2512062850029138,male,other,1.489439641652345,no,no,no,yes,0.14574765037398213,0.5803829670906177,-0.34951028494296127,0.34539150213292424,-1.0104291372918257,low,other
-0.25103832582771474,male,other,1.4204894340851693,no,no,no,yes,0.14574765037398213,0.5803829670906177,-0.34951028494296127,0.34539150213292424,-0.45149092302475896,low,other
-0.2508703666525156,male,other,1.2733954241420058,no,no,yes,yes,0.14574765037398213,0.5803829670906177,-0.34951028494296127,0.34539150213292424,1.7842619340435084,high,other
-0.25070240747731654,female,other,-1.4754267361065978,no,no,yes,no,0.6523366313708759,0.5803829670906177,0.95646840231623,0.34539150213292424,-1.0104291372918257,low,other
-0.25053444830211746,male,other,1.3182131028981428,no,yes,yes,no,0.6523366313708759,0.5803829670906177,0.95646840231623,0.34539150213292424,1.2253237197764415,low,other
-0.2503664891269184,male,other,-0.9169285643383971,no,no,yes,no,0.6523366313708759,0.5803829670906177,0.95646840231623,0.34539150213292424,-1.0104291372918257,low,other
-0.2501985299517193,male,other,1.5193183864062554,yes,no,yes,no,0.21811745550404543,0.5803829670906177,1.1741315168594286,0.34539150213292424,1.2253237197764415,low,other
-0.25003057077652024,female,other,-0.13549097895324824,no,no,yes,no,0.21811745550404543,0.5803829670906177,1.1741315168594286,0.34539150213292424,-0.45149092302475896,low,other
-0.24986261160132117,female,other,-0.42048584240549175,no,no,yes,no,0.21811745550404543,0.5803829670906177,1.1741315168594286,0.34539150213292424,0.6663855055093747,low,other
-0.2496946524261221,female,other,-0.3779665623515577,no,no,yes,no,-0.10754684012446505,0.5803829670906177,-0.34951028494296127,0.34539150213292424,-1.0104291372918257,low,other
-0.249526693250923,male,other,1.6664123963494188,no,no,yes,no,-0.10754684012446505,0.5803829670906177,-0.34951028494296127,0.34539150213292424,1.7842619340435084,low,other
-0.24935873407572393,male,other,1.756047753861693,no,no,yes,no,-0.10754684012446505,0.5803829670906177,-0.34951028494296127,0.34539150213292424,-1.0104291372918257,low,other
-0.24919077490052485,female,other,1.4940364390567509,no,no,yes,no,-0.2522866229278173,0.5803829670906177,1.1741315168594286,0.34539150213292424,-1.0104291372918257,low,other
-0.24902281572532578,male,other,-1.1306748215212619,no,no,yes,no,-0.2522866229278173,0.5803829670906177,1.1741315168594286,0.34539150213292424,-1.0104291372918257,low,other
-0.2488548565501267,female,other,0.497703616325,no,no,no,no,-0.2522866229278173,0.5803829670906177,1.1741315168594286,0.34539150213292424,-1.0104291372918257,low,other
-0.2486868973749276,female,other,0.7815490612387778,no,no,yes,no,-0.2522866229278173,0.5803829670906177,1.1741315168594286,0.34539150213292424,0.1074472912423079,low,other
-0.24851893819972853,male,other,-0.1757118603049793,no,no,yes,no,0.29048726063410873,0.5803829670906177,0.08581594414343584,0.34539150213292424,-1.0104291372918257,high,other
-0.24835097902452946,female,other,-0.6744529809400877,no,no,yes,no,0.29048726063410873,0.5803829670906177,0.08581594414343584,0.34539150213292424,-0.45149092302475896,low,other
-0.2481830198493304,female,other,-0.7870718870996632,no,no,yes,no,0.29048726063410873,0.5803829670906177,0.08581594414343584,0.34539150213292424,-1.0104291372918257,low,other
-0.24801506067413132,male,other,0.28510633930587237,no,yes,yes,no,1.122740882345965,0.5803829670906177,0.08581594414343584,0.34539150213292424,0.1074472912423079,high,other
-0.24784710149893222,female,other,-1.0571278165496802,no,no,yes,no,1.122740882345965,0.5803829670906177,0.08581594414343584,0.34539150213292424,-0.45149092302475896,low,other
-0.24767914232373314,female,other,-1.291558785302915,no,no,yes,no,1.122740882345965,0.5803829670906177,0.08581594414343584,0.34539150213292424,-1.0104291372918257,low,other
-0.24751118314853407,female,other,-0.2216789575995822,no,no,yes,no,1.122740882345965,0.5803829670906177,0.08581594414343584,0.34539150213292424,1.7842619340435084,low,other
-0.247343223973335,male,other,-0.6307842823476878,no,no,yes,no,0.25430253061230274,0.5803829670906177,-0.1318471703997627,0.34539150213292424,-0.45149092302475896,low,other
-0.24717526479813592,female,other,0.21041035417055345,no,no,yes,no,0.25430253061230274,0.5803829670906177,-0.1318471703997627,0.34539150213292424,0.6663855055093747,low,other
-0.24700730562293682,female,other,-0.2848833875986147,no,no,yes,no,0.25430253061230274,0.5803829670906177,-0.1318471703997627,0.34539150213292424,-1.0104291372918257,low,other
-0.24683934644773775,female,other,0.024244004664667473,no,no,yes,no,0.25430253061230274,0.5803829670906177,-0.1318471703997627,0.34539150213292424,0.1074472912423079,low,other
-0.24667138727253868,female,other,-1.173194101575196,no,no,yes,no,0.25430253061230274,0.5803829670906177,-0.1318471703997627,0.34539150213292424,-1.0104291372918257,low,other
-0.2465034280973396,male,afam,-0.048153581768448445,no,no,yes,no,0.14574765037398213,0.5803829670906177,0.08581594414343584,0.34539150213292424,-0.45149092302475896,high,other
-0.24633546892214053,male,other,0.40347146140831985,no,no,yes,no,0.14574765037398213,0.5803829670906177,0.08581594414343584,0.34539150213292424,1.2253237197764415,low,other
-0.24616750974694143,male,hispanic,-0.6813481770466967,no,no,no,no,0.14574765037398213,0.5803829670906177,0.08581594414343584,0.34539150213292424,-1.0104291372918257,low,other
-0.24599955057174236,female,other,0.6126209211867786,no,no,yes,yes,0.14574765037398213,0.5803829670906177,-0.523640766198534,0.34539150213292424,1.2253237197764415,low,other
-0.2458315913965433,male,other,-0.01597687668706359,no,no,yes,yes,0.14574765037398213,0.5803829670906177,-0.523640766198534,0.34539150213292424,0.6663855055093747,low,other
-0.2456636322213442,female,afam,-0.30556853754371316,no,no,no,yes,0.14574765037398213,0.5803829670906177,-0.523640766198534,0.34539150213292424,1.2253237197764415,low,other
-0.24549567304614514,female,afam,-1.0433374243364621,no,no,yes,yes,0.14574765037398213,0.5803829670906177,-0.523640766198534,0.34539150213292424,-1.0104291372918257,low,other
-0.24532771387094604,female,other,0.1380123293627089,no,no,yes,yes,0.14574765037398213,0.5803829670906177,-0.523640766198534,0.34539150213292424,-0.45149092302475896,low,other
-0.24515975469574697,female,afam,-1.1950282316840317,no,no,yes,yes,0.14574765037398213,0.5803829670906177,-0.43657552557074764,0.34539150213292424,0.1074472912423079,low,other
-0.2449917955205479,female,afam,-1.8328196243666859,no,no,no,yes,0.14574765037398213,0.5803829670906177,-0.43657552557074764,0.34539150213292424,-1.0104291372918257,low,other
-0.24482383634534882,male,other,1.8215505825629286,yes,no,yes,yes,0.7608915116091971,0.5803829670906177,-0.523640766198534,0.34539150213292424,0.6663855055093747,low,other
-0.24465587717014975,female,other,0.2965983328168874,no,no,yes,yes,0.7608915116091971,0.5803829670906177,-0.523640766198534,0.34539150213292424,-1.0104291372918257,low,other
-0.24448791799495065,male,other,0.631007672429674,yes,no,yes,yes,0.7608915116091971,0.5803829670906177,-0.523640766198534,0.34539150213292424,1.2253237197764415,low,other
-0.24431995881975158,female,afam,-1.5328853885374871,no,no,yes,yes,0.14574765037398213,0.5803829670906177,-0.741303890472032,0.34539150213292424,-1.0104291372918257,low,other
-0.2441519996445525,male,afam,0.05527172958231514,no,no,yes,yes,0.14574765037398213,0.5803829670906177,-0.741303890472032,0.34539150213292424,0.6663855055093747,low,other
-0.24398404046935343,male,afam,-1.4179680836757085,no,no,yes,yes,0.14574765037398213,0.5803829670906177,-0.741303890472032,0.34539150213292424,-1.0104291372918257,high,other
-0.24381608129415436,female,afam,-1.6006866159409257,no,no,yes,yes,0.14574765037398213,0.5803829670906177,-0.741303890472032,0.34539150213292424,-0.45149092302475896,low,other
-0.24364812211895526,male,other,-0.8330389843942662,yes,yes,no,yes,0.14574765037398213,0.5803829670906177,-0.6542386401139462,0.34539150213292424,-1.0104291372918257,low,other
-0.24348016294375618,female,hispanic,-1.5960898185365195,no,no,no,yes,0.14574765037398213,0.5803829670906177,-0.6542386401139462,0.34539150213292424,-1.0104291372918257,low,other
-0.2433122037685571,male,other,-0.18605443527752852,yes,yes,yes,yes,0.14574765037398213,0.5803829670906177,-0.6542386401139462,0.34539150213292424,-1.0104291372918257,low,other
-0.24314424459335804,female,other,-0.6399778771564998,no,no,no,yes,0.14574765037398213,0.5803829670906177,-0.6542386401139462,0.34539150213292424,1.2253237197764415,low,other
-0.24297628541815897,female,other,-1.392686136326204,no,no,yes,yes,0.14574765037398213,0.5803829670906177,-0.6542386401139462,0.34539150213292424,0.6663855055093747,low,other
-0.24280832624295987,male,hispanic,-1.1800892976818051,no,no,no,yes,0.14574765037398213,0.5803829670906177,-0.6542386401139462,0.34539150213292424,1.2253237197764415,low,other
-0.2426403670677608,female,afam,0.2287971054134489,no,no,yes,yes,0.14574765037398213,0.5803829670906177,-0.6542386401139462,0.34539150213292424,0.6663855055093747,low,other
-0.24247240789256172,female,afam,-1.8052392783149784,no,no,yes,yes,0.14574765037398213,0.5803829670906177,-0.6542386401139462,0.34539150213292424,-0.45149092302475896,high,other
-0.24230444871736265,male,afam,-0.7560441621820156,no,no,yes,yes,0.14574765037398213,0.5803829670906177,-0.6542386401139462,0.34539150213292424,-1.0104291372918257,low,other
-0.24213648954216357,female,afam,-0.41129224759667976,no,no,yes,yes,0.14574765037398213,0.5803829670906177,-0.6977712669147057,0.34539150213292424,0.1074472912423079,low,other
-0.24196853036696447,female,afam,-0.5848176234278135,no,no,yes,yes,0.14574765037398213,0.5803829670906177,-0.6977712669147057,0.34539150213292424,-1.0104291372918257,low,other
-0.2418005711917654,male,afam,1.3595834027883396,no,no,yes,yes,0.14574765037398213,0.5803829670906177,-0.6977712669147057,0.34539150213292424,0.6663855055093747,high,other
-0.24163261201656633,male,afam,-1.1915808528180916,no,yes,yes,yes,0.14574765037398213,0.5803829670906177,-0.6977712669147057,0.34539150213292424,0.6663855055093747,low,other
-0.24146465284136726,female,afam,-1.5880456422661735,no,yes,yes,yes,0.14574765037398213,0.5803829670906177,-0.6977712669147057,0.34539150213292424,-1.0104291372918257,low,other
-0.24129669366616818,female,afam,-0.5733256299167985,no,no,no,yes,0.14574765037398213,0.5803829670906177,-0.6977712669147057,0.34539150213292424,-1.0104291372918257,low,other
-0.24112873449096908,female,afam,-0.16536928533243006,no,no,yes,yes,0.14574765037398213,0.5803829670906177,-0.6977712669147057,0.34539150213292424,1.2253237197764415,low,other
-0.24096077531577,male,afam,-0.9433594918516388,no,no,yes,yes,0.14574765037398213,0.5803829670906177,-0.6977712669147057,0.34539150213292424,-1.0104291372918257,low,other
-0.24079281614057094,female,hispanic,-1.5983882172387227,no,no,no,yes,0.14574765037398213,0.5803829670906177,-0.34951028494296127,0.34539150213292424,-1.0104291372918257,high,other
-0.24062485696537186,female,afam,-0.9778345956352267,no,no,yes,yes,0.14574765037398213,0.5803829670906177,-0.34951028494296127,0.34539150213292424,-1.0104291372918257,low,other
-0.2404568977901728,female,afam,-1.3742993850833085,no,no,no,yes,0.14574765037398213,0.5803829670906177,-0.34951028494296127,0.34539150213292424,-1.0104291372918257,high,other
-0.2402889386149737,female,afam,-1.660443667074018,no,no,no,yes,0.14574765037398213,0.5803829670906177,-0.34951028494296127,0.34539150213292424,-1.0104291372918257,low,other
-0.24012097943977462,male,other,0.9838037632853561,no,no,yes,yes,0.14574765037398213,0.5803829670906177,-0.0012493224318157802,0.34539150213292424,0.6663855055093747,low,other
-0.23995302026457555,female,hispanic,-1.7328412535071338,no,no,yes,yes,0.14574765037398213,0.5803829670906177,-0.0012493224318157802,0.34539150213292424,-1.0104291372918257,low,other
-0.23978506108937647,female,other,1.0194278472326812,yes,yes,yes,yes,0.14574765037398213,0.5803829670906177,-0.0012493224318157802,0.34539150213292424,1.2253237197764415,high,other
-0.2396171019141774,female,other,0.45403491773260013,no,no,yes,yes,0.14574765037398213,0.5803829670906177,-0.0012493224318157802,0.34539150213292424,1.2253237197764415,high,other
-0.2394491427389783,male,hispanic,-0.9858787719055728,no,no,yes,yes,0.14574765037398213,0.5803829670906177,-0.43657552557074764,0.34539150213292424,1.2253237197764415,high,other
-0.23928118356377923,male,afam,-1.74088542977748,no,no,yes,yes,0.14574765037398213,0.5803829670906177,-0.43657552557074764,0.34539150213292424,-1.0104291372918257,low,other
-0.23911322438858015,female,afam,-1.8408638006370321,no,no,no,yes,0.14574765037398213,0.5803829670906177,-0.43657552557074764,0.34539150213292424,-1.0104291372918257,low,other
-0.23894526521338108,female,afam,-0.5606850946167748,no,no,no,yes,0.14574765037398213,0.5803829670906177,-0.43657552557074764,0.34539150213292424,-0.45149092302475896,low,other
-0.238777306038182,male,afam,-1.7041119272916891,no,no,no,yes,0.14574765037398213,0.5803829670906177,-0.43657552557074764,0.34539150213292424,-1.0104291372918257,low,other
-0.2386093468629829,male,afam,-2.2878920464093944,no,no,no,yes,0.14574765037398213,0.5803829670906177,-0.43657552557074764,0.34539150213292424,-1.0104291372918257,low,other
-0.23844138768778383,female,afam,-0.32395528878660856,no,no,no,yes,0.14574765037398213,0.5803829670906177,-0.43657552557074764,0.34539150213292424,0.6663855055093747,low,other
-0.23827342851258476,female,other,-0.91577958417466,no,no,yes,no,0.7608915116091971,0.5803829670906177,-0.1318471703997627,0.34539150213292424,0.1074472912423079,high,other
-0.2381054693373857,female,other,0.4184103954105464,no,no,yes,no,0.7608915116091971,0.5803829670906177,-0.1318471703997627,0.34539150213292424,-1.0104291372918257,low,other
-0.23793751016218662,female,afam,0.3506091680071079,no,no,no,no,0.7608915116091971,0.5803829670906177,-0.1318471703997627,0.34539150213292424,1.2253237197764415,low,other
-0.23776955098698752,female,other,1.7755834852683257,yes,yes,yes,no,0.14574765037398213,0.5803829670906177,-0.741303890472032,0.34539150213292424,-1.0104291372918257,high,other
-0.23760159181178844,female,other,0.012752449528381064,yes,yes,no,no,0.14574765037398213,0.5803829670906177,-0.741303890472032,0.34539150213292424,1.2253237197764415,high,other
-0.23743363263658937,female,other,0.9435824435588964,no,no,yes,no,1.1951106874760276,0.5803829670906177,-0.1318471703997627,0.34539150213292424,1.2253237197764415,low,other
-0.2372656734613903,male,other,0.21615613173869666,no,no,yes,no,1.1951106874760276,0.5803829670906177,-0.1318471703997627,0.34539150213292424,1.2253237197764415,high,other
-0.23709771428619122,male,hispanic,0.25292963422448755,no,no,no,no,1.1951106874760276,0.5803829670906177,-0.1318471703997627,0.34539150213292424,-1.0104291372918257,low,other
-0.23692975511099212,female,other,-1.1617025464389097,no,no,yes,no,1.1951106874760276,0.5803829670906177,-0.1318471703997627,0.34539150213292424,-1.0104291372918257,low,other
-0.23676179593579305,male,other,0.8539470860466223,no,no,yes,no,0.14574765037398213,0.5803829670906177,0.3034790586866344,0.34539150213292424,-1.0104291372918257,high,other
-0.23659383676059398,male,other,0.84130611237187,yes,yes,yes,no,0.14574765037398213,0.5803829670906177,0.3034790586866344,0.34539150213292424,1.2253237197764415,high,other
-0.2364258775853949,female,other,0.5390739162151968,no,no,yes,no,1.8826246989277577,0.5803829670906177,0.95646840231623,0.34539150213292424,-1.0104291372918257,low,other
-0.23625791841019583,male,hispanic,-1.3214375300568253,no,no,yes,no,1.8826246989277577,0.5803829670906177,0.95646840231623,0.34539150213292424,-1.0104291372918257,low,other
-0.23608995923499673,male,other,0.38393529162695855,no,no,yes,no,1.8826246989277577,0.5803829670906177,0.95646840231623,0.34539150213292424,-1.0104291372918257,low,other
-0.23592200005979766,male,other,0.14950388449899532,no,no,yes,no,1.8826246989277577,0.5803829670906177,0.95646840231623,0.34539150213292424,-1.0104291372918257,low,other
-0.2357540408845986,female,other,-1.3421226800019237,no,no,yes,no,1.2674808376925435,0.5803829670906177,-0.1318471703997627,0.34539150213292424,-1.0104291372918257,high,other
-0.23558608170939951,female,other,-0.7847734883974603,no,no,no,no,1.2674808376925435,0.5803829670906177,-0.1318471703997627,0.34539150213292424,0.1074472912423079,low,other
-0.23541812253420044,female,other,-0.8640667093119139,no,no,yes,no,1.2674808376925435,0.5803829670906177,-0.1318471703997627,0.34539150213292424,-1.0104291372918257,low,other
-0.23525016335900137,male,other,-1.0364426666045818,no,no,yes,no,1.2674808376925435,0.5803829670906177,-0.1318471703997627,0.34539150213292424,-1.0104291372918257,high,other
-0.23508220418380227,male,other,-0.01597687668706359,no,no,yes,no,1.2674808376925435,0.5803829670906177,-0.1318471703997627,0.34539150213292424,0.1074472912423079,high,other
-0.2349142450086032,male,other,-0.867514088177854,no,no,yes,no,1.2674808376925435,0.5803829670906177,-0.1318471703997627,0.34539150213292424,-1.0104291372918257,low,other
-0.23474628583340412,male,other,-0.5319557684013302,yes,no,yes,no,1.2674808376925435,0.5803829670906177,-0.1318471703997627,0.34539150213292424,0.1074472912423079,low,other
-0.23457832665820505,male,other,0.4264545716808926,no,no,yes,no,1.2674808376925435,0.5803829670906177,-0.1318471703997627,0.34539150213292424,0.6663855055093747,high,other
-0.23441036748300598,female,other,-0.47219871726823787,no,no,yes,no,1.303665567714349,0.5803829670906177,-0.741303890472032,0.34539150213292424,-1.0104291372918257,low,other
-0.23424240830780688,female,other,-0.8307405856920632,yes,no,yes,no,1.303665567714349,0.5803829670906177,-0.741303890472032,0.34539150213292424,-1.0104291372918257,low,other
-0.2340744491326078,male,hispanic,-0.8387847619624094,yes,no,yes,no,1.303665567714349,0.5803829670906177,-0.741303890472032,0.34539150213292424,-1.0104291372918257,low,other
-0.23390648995740873,male,other,-1.434056436216401,no,no,yes,no,1.303665567714349,0.5803829670906177,-0.741303890472032,0.34539150213292424,-1.0104291372918257,low,other
-0.23373853078220966,female,other,-0.2929275638689609,no,yes,yes,no,1.303665567714349,0.5803829670906177,-0.741303890472032,0.34539150213292424,-0.45149092302475896,low,other
-0.23357057160701059,female,other,0.9861021619875592,no,no,yes,no,1.303665567714349,0.5803829670906177,-0.741303890472032,0.34539150213292424,-1.0104291372918257,low,other
-0.23340261243181148,female,other,1.0780359182020363,yes,no,yes,no,0.14574765037398213,0.5803829670906177,0.08581594414343584,0.34539150213292424,1.7842619340435084,low,other
-0.2332346532566124,female,other,0.6930626838902407,no,no,yes,no,0.14574765037398213,0.5803829670906177,0.08581594414343584,0.34539150213292424,0.6663855055093747,high,other
-0.23306669408141334,female,other,0.5402228963789341,yes,no,yes,no,0.14574765037398213,0.5803829670906177,0.08581594414343584,0.34539150213292424,-1.0104291372918257,high,other
-0.23289873490621427,male,other,0.3379686327070843,no,no,yes,no,0.14574765037398213,0.5803829670906177,0.08581594414343584,0.34539150213292424,1.2253237197764415,high,other
-0.2327307757310152,male,afam,0.14950388449899532,yes,yes,yes,no,0.14574765037398213,0.5803829670906177,0.08581594414343584,0.34539150213292424,0.6663855055093747,high,other
-0.2325628165558161,female,other,-0.18950181414346873,no,no,yes,no,-1.2654649300080574,0.7516331600275024,-0.48010815885837343,0.029076985968073333,-1.0104291372918257,low,other
-0.23239485738061702,female,other,0.21270875287275645,yes,yes,yes,no,-1.2654649300080574,0.7516331600275024,-0.48010815885837343,0.029076985968073333,0.1074472912423079,high,other
-0.23222689820541795,male,other,1.9491088610994594,no,no,yes,no,-1.2654649300080574,0.7516331600275024,-0.48010815885837343,0.029076985968073333,1.2253237197764415,low,other
-0.23205893903021887,male,other,-0.04470620290250825,no,no,yes,no,-1.2654649300080574,0.7516331600275024,-0.48010815885837343,0.029076985968073333,-1.0104291372918257,low,other
-0.2318909798550198,female,other,0.3333718353026783,yes,no,yes,no,-1.1569100497697369,0.7516331600275024,0.08581594414343584,0.029076985968073333,-1.0104291372918257,high,other
-0.2317230206798207,male,other,0.5241345438382417,no,no,yes,no,-1.1569100497697369,0.7516331600275024,0.08581594414343584,0.029076985968073333,-0.45149092302475896,high,other
-0.23155506150462163,female,other,0.41381403638086905,no,no,yes,no,-1.1569100497697369,0.7516331600275024,0.08581594414343584,0.029076985968073333,-0.45149092302475896,low,other
-0.23138710232942256,male,other,1.289483776682698,no,no,yes,no,-1.1569100497697369,0.7516331600275024,0.08581594414343584,0.029076985968073333,1.2253237197764415,low,other
-0.23121914315422348,female,other,-0.4710492987297721,no,no,yes,no,-1.1569100497697369,0.7516331600275024,0.08581594414343584,0.029076985968073333,-0.45149092302475896,high,other
-0.2310511839790244,female,other,-0.9927739680121819,no,no,yes,no,-1.1569100497697369,0.7516331600275024,0.08581594414343584,0.029076985968073333,-1.0104291372918257,low,other
-0.2308832248038253,male,afam,0.9205993332863236,no,no,yes,yes,0.14574765037398213,0.1932098218771284,-0.48010815885837343,-0.9708822974754397,-0.45149092302475896,low,other
-0.23071526562862624,male,other,-0.28373440743487754,no,no,yes,yes,0.14574765037398213,0.1932098218771284,-0.48010815885837343,-0.9708822974754397,-1.0104291372918257,low,other
-0.23054730645342716,male,other,-1.9707200395010374,no,no,yes,yes,0.14574765037398213,0.1932098218771284,-0.48010815885837343,-0.9708822974754397,0.1074472912423079,low,other
-0.2303793472782281,female,other,0.187426805523252,no,no,yes,yes,0.14574765037398213,0.1932098218771284,-0.48010815885837343,-0.9708822974754397,-1.0104291372918257,low,other
-0.23021138810302902,female,other,-0.8123538344491678,no,no,yes,yes,0.14574765037398213,0.1932098218771284,-0.48010815885837343,-0.9708822974754397,-1.0104291372918257,low,other
-0.23004342892782992,male,other,1.3503898079795276,yes,no,yes,no,-1.4102046265397967,-0.1567356688505975,-0.34951028494296127,-0.13419067647787716,1.7842619340435084,high,other
-0.22987546975263085,male,hispanic,1.412445257814823,yes,no,yes,no,-1.4102046265397967,-0.1567356688505975,-0.34951028494296127,-0.13419067647787716,0.1074472912423079,high,other
-0.22970751057743177,male,other,0.6045767449164324,yes,no,yes,no,-1.4102046265397967,-0.1567356688505975,-0.34951028494296127,-0.13419067647787716,0.1074472912423079,high,other
-0.2295395514022327,female,other,1.36303078165428,no,no,yes,no,-1.4102046265397967,-0.1567356688505975,-0.34951028494296127,-0.13419067647787716,1.2253237197764415,high,other
-0.22937159222703363,female,other,0.43794656519190767,yes,yes,yes,no,-1.4102046265397967,-0.1567356688505975,-0.34951028494296127,-0.13419067647787716,0.6663855055093747,high,other
-0.22920363305183453,male,other,0.9240467121522639,no,no,yes,yes,-1.0483553420746419,0.7516331600275024,-0.34951028494296127,0.029076985968073333,1.2253237197764415,high,other
-0.22903567387663545,female,other,0.31383566552131703,no,no,yes,yes,-1.0483553420746419,0.7516331600275024,-0.34951028494296127,0.029076985968073333,-1.0104291372918257,low,other
-0.22886771470143638,male,other,-0.06079455544320067,no,no,yes,yes,-1.0483553420746419,0.7516331600275024,-0.34951028494296127,0.029076985968073333,-1.0104291372918257,low,other
-0.2286997555262373,female,other,0.008155652123975047,yes,yes,yes,yes,-1.0483553420746419,0.7516331600275024,-0.34951028494296127,0.029076985968073333,0.6663855055093747,high,other
-0.22853179635103824,male,other,1.4411745840302677,no,no,yes,yes,-1.0483553420746419,0.7516331600275024,-0.34951028494296127,0.029076985968073333,-0.45149092302475896,high,other
-0.22836383717583913,male,other,0.712598853671602,no,no,yes,yes,-1.2654649300080574,0.7516331600275024,-0.610706019800053,0.029076985968073333,0.1074472912423079,low,other
-0.22819587800064006,female,other,0.5919357712416802,no,no,yes,yes,-1.2654649300080574,0.7516331600275024,-0.610706019800053,0.029076985968073333,-1.0104291372918257,low,other
-0.228027918825441,male,other,1.9054406008817881,no,yes,yes,yes,-1.2654649300080574,0.7516331600275024,-0.610706019800053,0.029076985968073333,1.7842619340435084,low,other
-0.22785995965024192,female,other,1.9077385612092626,no,no,yes,yes,-1.2654649300080574,0.7516331600275024,-0.610706019800053,0.029076985968073333,0.6663855055093747,low,other
-0.22769200047504284,female,hispanic,-0.8939450156910956,no,no,yes,yes,-1.1930949523347685,0.7516331600275024,0.95646840231623,0.029076985968073333,-0.45149092302475896,low,other
-0.22752404129984374,female,other,1.1826106480912657,yes,no,yes,yes,-1.1930949523347685,0.7516331600275024,0.95646840231623,0.029076985968073333,0.6663855055093747,high,other
-0.22735608212464467,male,other,1.7215730884528337,yes,no,yes,yes,-1.1930949523347685,0.7516331600275024,0.95646840231623,0.029076985968073333,1.2253237197764415,low,other
-0.2271881229494456,male,other,0.2483328368200815,no,no,yes,yes,-0.39702640573116954,1.1760346697987498,-0.6542386401139462,0.23313957463593343,-1.0104291372918257,low,other
-0.22702016377424653,female,other,0.631007672429674,yes,no,yes,yes,-0.39702640573116954,1.1760346697987498,-0.6542386401139462,0.23313957463593343,0.6663855055093747,low,other
-0.22685220459904745,male,other,0.2264987067112459,no,no,yes,yes,-0.39702640573116954,1.1760346697987498,-0.6542386401139462,0.23313957463593343,0.1074472912423079,high,other
-0.22668424542384835,male,hispanic,1.0194278472326812,no,yes,yes,yes,-0.39702640573116954,1.1760346697987498,-0.6542386401139462,0.23313957463593343,1.7842619340435084,high,other
-0.22651628624864928,female,afam,1.097571649608669,yes,no,yes,yes,-0.39702640573116954,1.1760346697987498,-0.6542386401139462,0.23313957463593343,1.7842619340435084,low,other
-0.2263483270734502,male,other,-0.5917123811596939,no,no,yes,no,-1.2654649300080574,0.7516331600275024,-0.044781903824511096,0.029076985968073333,-1.0104291372918257,low,other
-0.22618036789825113,male,other,0.5689522225943787,no,no,yes,no,-1.2654649300080574,0.7516331600275024,-0.044781903824511096,0.029076985968073333,0.1074472912423079,low,other
-0.22601240872305206,male,other,-0.9445089103901047,no,no,no,no,-1.2654649300080574,0.7516331600275024,-0.044781903824511096,0.029076985968073333,-1.0104291372918257,low,other
-0.22584444954785296,male,other,1.8778606932048092,no,no,yes,yes,-0.4332113082962012,1.1760346697987498,-0.6542386401139462,0.23313957463593343,1.2253237197764415,low,other
-0.2256764903726539,male,other,1.6503240438087263,no,yes,no,yes,-0.4332113082962012,1.1760346697987498,-0.6542386401139462,0.23313957463593343,1.7842619340435084,low,other
-0.22550853119745481,female,other,-0.8996907932592388,yes,no,no,yes,-0.4332113082962012,1.1760346697987498,-0.6542386401139462,0.23313957463593343,-1.0104291372918257,low,other
-0.22534057202225574,female,other,0.8654386411829087,no,no,yes,yes,-0.4332113082962012,1.1760346697987498,-0.6542386401139462,0.23313957463593343,1.2253237197764415,high,other
-0.22517261284705667,female,other,-1.166298905468587,no,yes,yes,no,-0.9759853644013529,-0.633257173031501,-0.48010815885837343,-0.38246466658671324,-1.0104291372918257,high,other
-0.22500465367185757,male,other,1.2963785344145786,no,no,no,no,-0.9759853644013529,-0.633257173031501,-0.48010815885837343,-0.38246466658671324,1.2253237197764415,low,other
-0.2248366944966585,female,other,1.6847995859670428,yes,yes,yes,no,-0.9759853644013529,-0.633257173031501,-0.48010815885837343,-0.38246466658671324,1.2253237197764415,low,other
-0.22466873532145942,male,other,-0.7525967833160754,no,no,yes,no,-0.9759853644013529,-0.633257173031501,-0.48010815885837343,-0.38246466658671324,-1.0104291372918257,low,other
-0.22450077614626035,female,other,-1.3375258825975178,no,no,yes,no,-0.9759853644013529,-0.633257173031501,-0.48010815885837343,-0.38246466658671324,-1.0104291372918257,high,other
-0.22433281697106128,female,other,-0.15387773019614367,no,no,yes,no,-0.9759853644013529,-0.633257173031501,-0.48010815885837343,-0.38246466658671324,-1.0104291372918257,high,other
-0.22416485779586218,female,other,-0.6618120072653354,no,no,no,no,0.6161519013490705,0.1932098218771284,1.391794631402627,-0.9708822974754397,-1.0104291372918257,low,other
-0.2239968986206631,male,other,-0.6698561835356817,no,no,yes,no,0.6161519013490705,0.1932098218771284,1.391794631402627,-0.9708822974754397,-1.0104291372918257,low,other
-0.22382893944546403,male,other,0.7872952771816496,no,no,no,no,0.6161519013490705,0.1932098218771284,1.391794631402627,-0.9708822974754397,-1.0104291372918257,low,other
-0.22366098027026496,female,other,0.1322665517945657,no,no,yes,no,0.6161519013490705,0.1932098218771284,1.391794631402627,-0.9708822974754397,-1.0104291372918257,high,other
-0.22349302109506589,male,other,0.9527760383677085,no,no,yes,no,0.6161519013490705,0.1932098218771284,1.391794631402627,-0.9708822974754397,-1.0104291372918257,low,other
-0.22332506191986679,male,other,1.1745664718209194,yes,yes,yes,no,0.6161519013490705,0.1932098218771284,1.391794631402627,-0.9708822974754397,0.1074472912423079,high,other
-0.2231571027446677,male,hispanic,1.8537272876443134,no,no,yes,no,0.6161519013490705,0.1932098218771284,1.391794631402627,-0.9708822974754397,0.6663855055093747,low,other
-0.22298914356946864,female,other,0.9654170120424607,no,no,yes,no,0.6161519013490705,0.1932098218771284,1.391794631402627,-0.9708822974754397,1.7842619340435084,low,other
-0.22282118439426957,female,other,-0.8950944342295615,no,no,no,no,-1.5911293119081806,-0.1567356688505975,0.95646840231623,-0.13419067647787716,-1.0104291372918257,low,other
-0.2226532252190705,male,hispanic,-1.1295254029827961,no,no,yes,no,-1.2654649300080574,0.7516331600275024,-0.2624450183677096,0.029076985968073333,-1.0104291372918257,low,other
-0.2224852660438714,female,afam,-1.4984102847538994,yes,yes,yes,no,-1.2654649300080574,0.7516331600275024,-0.2624450183677096,0.029076985968073333,-1.0104291372918257,high,other
-0.22231730686867232,female,other,0.3287750378982723,no,no,yes,no,-1.2654649300080574,0.7516331600275024,-0.2624450183677096,0.029076985968073333,0.1074472912423079,low,other
-0.22214934769347325,male,other,0.42530559151715547,yes,yes,yes,no,-1.2654649300080574,0.7516331600275024,-0.2624450183677096,0.029076985968073333,1.2253237197764415,high,other
-0.22198138851827418,male,other,0.8769306346939237,yes,yes,yes,no,-1.2654649300080574,0.7516331600275024,-0.2624450183677096,0.029076985968073333,1.2253237197764415,high,other
-0.2218134293430751,male,other,1.3297046580344292,no,no,yes,no,-1.4102046265397967,-0.1567356688505975,0.08581594414343584,-0.13419067647787716,1.2253237197764415,low,other
-0.221645470167876,male,other,-0.21938055889737917,no,no,yes,no,-1.4102046265397967,-0.1567356688505975,0.08581594414343584,-0.13419067647787716,1.2253237197764415,low,other
-0.22147751099267693,male,afam,-0.1734134616027763,no,no,yes,no,-1.4102046265397967,-0.1567356688505975,0.08581594414343584,-0.13419067647787716,0.1074472912423079,low,other
-0.22130955181747786,female,other,0.5988305289735606,yes,no,yes,no,-1.4102046265397967,-0.1567356688505975,0.08581594414343584,-0.13419067647787716,0.1074472912423079,high,other
-0.22114159264227878,female,other,1.3515392265179935,no,no,no,no,-0.32465660060110624,0.1932098218771284,-0.6542386401139462,-0.9708822974754397,-0.45149092302475896,low,other
-0.2209736334670797,male,other,-1.3949845350284071,no,no,yes,no,-0.32465660060110624,0.1932098218771284,-0.6542386401139462,-0.9708822974754397,-1.0104291372918257,high,other
-0.2208056742918806,female,other,0.4149630165446062,no,no,yes,no,-0.32465660060110624,0.1932098218771284,-0.6542386401139462,-0.9708822974754397,0.6663855055093747,low,other
-0.22063771511668154,female,other,1.2515608556584414,no,no,yes,no,-1.0121702669663846,0.7516331600275024,0.5211421732298329,0.029076985968073333,-1.0104291372918257,low,other
-0.22046975594148246,male,other,-0.6066517535366491,no,no,yes,no,-1.0121702669663846,0.7516331600275024,0.5211421732298329,0.029076985968073333,-1.0104291372918257,low,other
-0.2203017967662834,female,other,-0.8813040420163435,no,no,yes,no,-1.0121702669663846,0.7516331600275024,0.5211421732298329,0.029076985968073333,-1.0104291372918257,low,other
-0.22013383759108432,female,other,0.672377972319871,no,no,yes,no,-1.0121702669663846,0.7516331600275024,0.5211421732298329,0.029076985968073333,-1.0104291372918257,low,other
-0.21996587841588522,male,other,0.6930626838902407,no,no,yes,no,-1.0121702669663846,0.7516331600275024,0.5211421732298329,0.029076985968073333,-0.45149092302475896,high,other
-0.21979791924068615,female,other,0.42300719281495247,yes,no,no,no,-1.0121702669663846,0.7516331600275024,0.5211421732298329,0.029076985968073333,-1.0104291372918257,low,other
-0.21962996006548707,female,other,0.318432462925723,no,no,yes,no,-1.0121702669663846,0.7516331600275024,0.5211421732298329,0.029076985968073333,0.6663855055093747,low,other
-0.219462000890288,male,other,0.7769527022091004,no,no,yes,no,-1.0483553420746419,0.7516331600275024,-0.1318471703997627,0.029076985968073333,1.2253237197764415,high,other
-0.21929404171508893,male,other,-1.1237796254146528,no,no,yes,no,-1.0483553420746419,0.7516331600275024,-0.1318471703997627,0.029076985968073333,-0.45149092302475896,high,other
-0.21912608253988983,male,other,-0.041258824036568054,no,no,yes,no,-1.0483553420746419,0.7516331600275024,-0.1318471703997627,0.029076985968073333,-1.0104291372918257,high,other
-0.21895812336469075,female,other,0.32187984179166323,no,no,yes,no,-1.0483553420746419,0.7516331600275024,-0.1318471703997627,0.029076985968073333,1.2253237197764415,low,other
-0.21879016418949168,female,other,-1.5305869898352842,no,no,yes,no,-1.0483553420746419,0.7516331600275024,-0.1318471703997627,0.029076985968073333,-1.0104291372918257,low,other
-0.2186222050142926,female,other,0.6114715026483128,no,no,yes,no,-1.0483553420746419,0.7516331600275024,-0.1318471703997627,0.029076985968073333,-1.0104291372918257,low,other
-0.21845424583909354,male,hispanic,0.011603469364643874,no,no,yes,no,-1.0483553420746419,0.7516331600275024,-0.1318471703997627,0.029076985968073333,-0.45149092302475896,low,other
-0.21828628666389444,male,other,-0.1194026264125558,no,no,yes,no,-2.2424582051158466,-0.1567356688505975,1.6094577459458257,-0.13419067647787716,-1.0104291372918257,high,other
-0.21811832748869536,female,other,-0.7663867371545648,no,no,yes,no,-2.2424582051158466,-0.1567356688505975,1.6094577459458257,-0.13419067647787716,1.2253237197764415,low,other
-0.2179503683134963,male,other,0.32762605773453507,no,no,yes,no,-2.2424582051158466,-0.1567356688505975,1.6094577459458257,-0.13419067647787716,-1.0104291372918257,low,other
-0.21778240913829722,male,other,0.42990238892156146,yes,yes,yes,no,-2.2424582051158466,-0.1567356688505975,1.6094577459458257,-0.13419067647787716,0.6663855055093747,low,other
-0.21761444996309814,female,other,-0.3791155425152949,no,no,yes,no,-2.2424582051158466,-0.1567356688505975,1.6094577459458257,-0.13419067647787716,-1.0104291372918257,low,other
-0.21744649078789907,female,other,0.7872952771816496,yes,yes,yes,no,-0.2522866229278173,1.1760346697987498,-0.1318471703997627,0.23313957463593343,0.1074472912423079,high,other
-0.21727853161269997,female,other,0.8194719822630344,no,no,yes,no,-0.2522866229278173,1.1760346697987498,-0.1318471703997627,0.23313957463593343,1.2253237197764415,low,other
-0.2171105724375009,male,other,-0.30901591640965337,no,no,yes,no,-0.2522866229278173,1.1760346697987498,-0.1318471703997627,0.23313957463593343,-1.0104291372918257,low,other
-0.21694261326230183,male,other,1.9640486718511432,no,no,yes,no,-0.2522866229278173,1.1760346697987498,-0.1318471703997627,0.23313957463593343,0.6663855055093747,low,other
-0.21677465408710275,female,other,0.035735998175682515,no,no,yes,no,-0.2522866229278173,1.1760346697987498,-0.1318471703997627,0.23313957463593343,1.2253237197764415,low,other
-0.21660669491190368,female,other,1.0987210681471347,no,no,no,no,-0.2522866229278173,1.1760346697987498,-0.1318471703997627,0.23313957463593343,1.7842619340435084,low,other
-0.21643873573670458,male,other,1.2642018293331936,no,no,no,no,-0.2522866229278173,1.1760346697987498,-0.1318471703997627,0.23313957463593343,-1.0104291372918257,low,other
-0.2162707765615055,female,other,0.8930189872346161,yes,no,yes,no,-0.2522866229278173,1.1760346697987498,-0.1318471703997627,0.23313957463593343,-1.0104291372918257,low,other
-0.21610281738630643,male,other,0.3023441103850306,yes,yes,yes,no,-0.2522866229278173,1.1760346697987498,-0.1318471703997627,0.23313957463593343,-1.0104291372918257,low,other
-0.21593485821110736,male,other,1.1389419494988657,yes,yes,yes,no,-0.2522866229278173,1.1760346697987498,-0.1318471703997627,0.23313957463593343,0.6663855055093747,high,other
-0.2157668990359083,female,other,0.4896594400546538,no,no,no,no,-0.2522866229278173,1.1760346697987498,-0.1318471703997627,0.23313957463593343,-1.0104291372918257,low,other
-0.2155989398607092,female,other,1.0768864996635705,no,no,yes,no,-0.2522866229278173,1.1760346697987498,-0.1318471703997627,0.23313957463593343,1.2253237197764415,low,other
-0.21543098068551012,female,other,0.06561430455486436,no,no,yes,no,-1.2654649300080574,1.1760346697987498,0.95646840231623,0.23313957463593343,1.2253237197764415,high,other
-0.21526302151031104,male,other,0.19776938049580123,yes,no,yes,no,-1.2654649300080574,1.1760346697987498,0.95646840231623,0.23313957463593343,-1.0104291372918257,high,other
-0.21509506233511197,female,other,0.3862336903291616,no,no,yes,no,-1.2654649300080574,1.1760346697987498,0.95646840231623,0.23313957463593343,0.6663855055093747,low,other
-0.2149271031599129,male,other,-1.1042438940080204,yes,yes,yes,no,-1.2654649300080574,1.1760346697987498,0.95646840231623,0.23313957463593343,0.1074472912423079,low,other
-0.2147591439847138,male,other,-0.4756460961341781,yes,yes,yes,no,-1.2654649300080574,1.1760346697987498,0.95646840231623,0.23313957463593343,0.6663855055093747,high,other
-0.21459118480951472,female,other,-0.5354031472672705,no,no,yes,no,-1.2654649300080574,1.1760346697987498,0.95646840231623,0.23313957463593343,-1.0104291372918257,low,other
-0.21442322563431565,female,other,-0.9663430404989403,no,no,yes,no,-1.2654649300080574,1.1760346697987498,0.95646840231623,0.23313957463593343,-1.0104291372918257,low,other
-0.21425526645911658,female,other,-0.14008777635765424,no,no,yes,no,-1.6634992033098568,0.17087237709927797,5.396795855965592,-0.10697457139386429,-0.45149092302475896,low,other
-0.2140873072839175,male,other,0.4551838978963373,yes,yes,yes,no,-1.6634992033098568,0.17087237709927797,5.396795855965592,-0.10697457139386429,1.2253237197764415,high,other
-0.2139193481087184,male,other,0.5586096476218295,yes,no,yes,no,-1.6634992033098568,0.17087237709927797,5.396795855965592,-0.10697457139386429,0.1074472912423079,low,other
-0.21375138893351933,male,other,-1.1904318726543544,no,no,no,no,-1.6634992033098568,0.17087237709927797,5.396795855965592,-0.10697457139386429,-1.0104291372918257,low,other
-0.21358342975832026,male,other,0.21270875287275645,no,no,yes,no,-0.5055812859694901,0.1932098218771284,2.6977733186618185,-0.9708822974754397,-1.0104291372918257,low,other
-0.2134154705831212,male,other,1.323958880466286,no,no,yes,no,-0.5055812859694901,0.1932098218771284,2.6977733186618185,-0.9708822974754397,-1.0104291372918257,low,other
-0.2132475114079221,female,other,-1.266277276328139,no,no,yes,no,-0.5055812859694901,0.1932098218771284,2.6977733186618185,-0.9708822974754397,-1.0104291372918257,high,other
-0.213079552232723,male,other,-0.4089938488944767,no,no,yes,no,-0.5055812859694901,0.1932098218771284,2.6977733186618185,-0.9708822974754397,-1.0104291372918257,high,other
-0.21291159305752394,female,other,0.47012327027329254,no,no,yes,no,-0.5055812859694901,0.1932098218771284,2.6977733186618185,-0.9708822974754397,-0.45149092302475896,low,other
-0.21274363388232487,male,afam,-0.7962654819084753,no,no,yes,no,-0.5055812859694901,0.1932098218771284,2.6977733186618185,-0.9708822974754397,-1.0104291372918257,low,other
-0.2125756747071258,female,other,-0.21823114035891336,no,no,yes,no,-0.7226908739029057,1.1760346697987498,0.3470116400793297,0.23313957463593343,0.6663855055093747,low,other
-0.21240771553192672,male,other,0.5896373725394771,no,no,no,no,-0.7226908739029057,1.1760346697987498,0.3470116400793297,0.23313957463593343,1.2253237197764415,low,other
-0.21223975635672762,female,other,-0.10906005144000658,no,yes,yes,no,-0.7226908739029057,1.1760346697987498,0.3470116400793297,0.23313957463593343,0.6663855055093747,low,other
-0.21207179718152855,female,other,0.9872511421512964,no,no,yes,no,-0.5055812859694901,0.7516331600275024,1.391794631402627,0.029076985968073333,1.2253237197764415,low,other
-0.21190383800632948,female,other,0.05757012828451814,no,no,yes,no,-0.5055812859694901,0.7516331600275024,1.391794631402627,0.029076985968073333,1.2253237197764415,low,other
-0.2117358788311304,male,other,-0.41014326743294255,no,yes,yes,no,-0.5055812859694901,0.7516331600275024,1.391794631402627,0.029076985968073333,1.2253237197764415,high,other
-0.21156791965593133,male,other,-0.38601073862190394,yes,yes,yes,no,-0.5055812859694901,0.7516331600275024,1.391794631402627,0.029076985968073333,0.1074472912423079,low,other
-0.21139996048073223,male,other,1.4434729827324706,yes,yes,yes,no,-0.5055812859694901,0.7516331600275024,1.391794631402627,0.029076985968073333,0.1074472912423079,low,other
-0.21123200130553316,female,other,0.04837697185043474,yes,no,yes,no,-0.5055812859694901,0.7516331600275024,1.391794631402627,0.029076985968073333,1.2253237197764415,high,other
-0.21106404213033408,male,other,-1.132973220223465,no,no,yes,no,-0.5055812859694901,0.7516331600275024,1.391794631402627,0.029076985968073333,-1.0104291372918257,high,other
-0.210896082955135,female,other,1.5560918888920463,no,no,yes,no,-0.5055812859694901,0.7516331600275024,1.391794631402627,0.029076985968073333,1.2253237197764415,high,other
-0.21072812377993594,female,other,-1.5466753423759765,no,no,yes,no,-0.5055812859694901,0.7516331600275024,1.391794631402627,0.029076985968073333,-1.0104291372918257,high,other
-0.21056016460473684,female,other,1.634235691268034,yes,yes,yes,no,-1.4825745179414729,-0.633257173031501,0.95646840231623,-0.38246466658671324,1.7842619340435084,high,other
-0.21039220542953777,male,other,-0.25845246008537304,no,no,yes,no,-1.4825745179414729,-0.633257173031501,0.95646840231623,-0.38246466658671324,1.2253237197764415,low,other
-0.2102242462543387,female,other,-0.40784486873073955,yes,no,yes,no,-1.4825745179414729,-0.633257173031501,0.95646840231623,-0.38246466658671324,0.6663855055093747,high,other
-0.21005628707913962,male,other,-0.9720888180670835,no,no,yes,no,-1.4825745179414729,-0.633257173031501,0.95646840231623,-0.38246466658671324,0.1074472912423079,low,other
-0.20988832790394055,male,other,-0.5273589709969242,no,no,yes,no,-1.4825745179414729,-0.633257173031501,0.95646840231623,-0.38246466658671324,-1.0104291372918257,low,other
-0.20972036872874145,male,other,-0.7261658558028338,no,no,yes,no,-1.4825745179414729,-0.633257173031501,0.95646840231623,-0.38246466658671324,-0.45149092302475896,low,other
-0.20955240955354237,female,other,1.2504118754947042,no,no,no,no,-1.4825745179414729,-0.633257173031501,0.95646840231623,-0.38246466658671324,0.6663855055093747,low,other
-0.2093844503783433,male,other,-0.9192269630406001,no,no,yes,no,-0.9036155592712896,1.1760346697987498,-0.1318471703997627,0.23313957463593343,-0.45149092302475896,low,other
-0.20921649120314423,male,other,-0.6560662296971922,no,no,yes,no,-0.9036155592712896,1.1760346697987498,-0.1318471703997627,0.23313957463593343,-1.0104291372918257,low,other
-0.20904853202794516,female,other,0.06446532439112716,no,no,yes,no,-0.9036155592712896,1.1760346697987498,-0.1318471703997627,0.23313957463593343,0.6663855055093747,low,other
-0.20888057285274605,male,other,-1.4317580375141978,no,no,yes,no,-0.9036155592712896,1.1760346697987498,-0.1318471703997627,0.23313957463593343,-1.0104291372918257,low,other
-0.20871261367754698,female,other,-0.433126816080244,no,no,no,no,-0.9036155592712896,1.1760346697987498,-0.1318471703997627,0.23313957463593343,-1.0104291372918257,low,other
-0.2085446545023479,female,other,-1.300752380111727,no,no,no,no,-0.9036155592712896,1.1760346697987498,-0.1318471703997627,0.23313957463593343,-1.0104291372918257,low,other
-0.20837669532714884,female,other,0.031139200771276496,no,no,no,no,-0.6141359936645852,1.1760346697987498,0.3470116400793297,0.23313957463593343,-1.0104291372918257,low,other
-0.20820873615194976,female,other,0.8390077136696671,no,no,no,no,-0.6141359936645852,1.1760346697987498,0.3470116400793297,0.23313957463593343,-1.0104291372918257,low,other
-0.20804077697675066,female,other,-0.122850005278496,no,yes,yes,no,-0.6141359936645852,1.1760346697987498,0.3470116400793297,0.23313957463593343,0.6663855055093747,low,other
-0.2078728178015516,male,other,-1.3421226800019237,no,no,yes,no,-0.6141359936645852,1.1760346697987498,0.3470116400793297,0.23313957463593343,-1.0104291372918257,high,other
-0.20770485862635252,female,other,0.836709314967464,no,no,yes,no,-0.6141359936645852,1.1760346697987498,0.3470116400793297,0.23313957463593343,1.7842619340435084,high,other
-0.20753689945115344,male,other,-0.3791155425152949,no,no,yes,no,-0.6141359936645852,1.1760346697987498,0.3470116400793297,0.23313957463593343,0.1074472912423079,low,other
-0.20736894027595437,male,other,-1.9442891119877956,no,no,yes,no,-0.6141359936645852,1.1760346697987498,0.3470116400793297,0.23313957463593343,-1.0104291372918257,high,other
-0.20720098110075527,male,other,0.6344550512956143,no,no,no,no,-0.6141359936645852,1.1760346697987498,0.3470116400793297,0.23313957463593343,1.2253237197764415,high,other
-0.2070330219255562,male,other,0.20696253692988462,no,no,yes,no,-0.6141359936645852,1.1760346697987498,0.3470116400793297,0.23313957463593343,0.6663855055093747,low,other
-0.20686506275035713,male,other,-0.15157933149394065,no,no,yes,no,-0.6141359936645852,1.1760346697987498,0.3470116400793297,0.23313957463593343,0.1074472912423079,low,other
-0.20669710357515805,male,other,0.5172393477316326,no,yes,yes,no,-0.6141359936645852,1.1760346697987498,0.3470116400793297,0.23313957463593343,1.7842619340435084,high,other
-0.20652914439995898,female,other,1.779031740883723,no,no,no,no,-1.0483553420746419,0.17087237709927797,1.8271208604890243,-0.10697457139386429,2.3432001483105753,low,other
-0.20636118522475988,female,other,-0.1194026264125558,yes,yes,yes,no,-1.0483553420746419,0.17087237709927797,1.8271208604890243,-0.10697457139386429,0.6663855055093747,low,other
-0.2061932260495608,male,other,0.6654827762132619,no,no,yes,no,-1.0483553420746419,0.17087237709927797,1.8271208604890243,-0.10697457139386429,0.1074472912423079,low,other
-0.20602526687436173,male,other,0.9619691948017919,no,no,no,no,-1.0483553420746419,0.17087237709927797,1.8271208604890243,-0.10697457139386429,-0.45149092302475896,high,other
-0.20585730769916266,male,other,-1.085857142765125,no,no,yes,no,-1.0483553420746419,0.17087237709927797,1.8271208604890243,-0.10697457139386429,-1.0104291372918257,high,other
-0.2056893485239636,female,other,0.05067537055263775,no,no,yes,no,0.18193272548223943,0.7516331600275024,-0.1318471703997627,0.029076985968073333,-0.45149092302475896,low,other
-0.2055213893487645,female,other,-1.1030944754695544,no,no,yes,no,0.18193272548223943,0.7516331600275024,-0.1318471703997627,0.029076985968073333,-1.0104291372918257,low,other
-0.20535343017356542,female,other,-0.3871597187856411,no,no,yes,no,0.18193272548223943,0.7516331600275024,-0.1318471703997627,0.029076985968073333,-0.45149092302475896,high,other
-0.20518547099836634,female,other,0.6850185076198946,no,yes,yes,no,0.18193272548223943,0.7516331600275024,-0.1318471703997627,0.029076985968073333,1.2253237197764415,low,other
-0.20501751182316727,female,other,0.45748229659854034,no,no,yes,no,0.18193272548223943,0.7516331600275024,-0.1318471703997627,0.029076985968073333,1.2253237197764415,low,other
-0.2048495526479682,male,other,1.692843762237389,no,no,yes,no,0.18193272548223943,0.7516331600275024,-0.1318471703997627,0.029076985968073333,0.6663855055093747,high,other
-0.2046815934727691,male,other,0.5505654713514833,yes,no,yes,no,0.18193272548223943,0.7516331600275024,-0.1318471703997627,0.029076985968073333,1.2253237197764415,high,other
-0.20451363429757002,female,other,0.6057257250801696,no,no,no,no,0.18193272548223943,0.7516331600275024,-0.1318471703997627,0.029076985968073333,0.1074472912423079,low,other
-0.20434567512237095,female,other,-1.1042438940080204,no,no,yes,no,0.18193272548223943,0.7516331600275024,-0.1318471703997627,0.029076985968073333,-1.0104291372918257,low,other
-0.20417771594717188,female,other,-0.05275037917285446,no,no,yes,no,0.18193272548223943,0.7516331600275024,-0.1318471703997627,0.029076985968073333,-1.0104291372918257,low,other
-0.2040097567719728,male,other,-1.8615489505821305,no,no,yes,no,0.18193272548223943,0.7516331600275024,-0.1318471703997627,0.029076985968073333,-1.0104291372918257,high,other
-0.2038417975967737,female,other,1.2113399743067104,no,no,yes,no,-1.4463896153764413,0.17087237709927797,-0.741303890472032,-0.10697457139386429,0.6663855055093747,high,other
-0.20367383842157463,male,afam,-1.612178171077212,no,no,yes,no,-1.4463896153764413,0.17087237709927797,-0.741303890472032,-0.10697457139386429,-1.0104291372918257,high,other
-0.20350587924637556,female,other,1.2159367717111165,yes,yes,yes,no,-1.4463896153764413,0.17087237709927797,-0.741303890472032,-0.10697457139386429,1.2253237197764415,low,other
-0.2033379200711765,female,other,0.9562234172336487,yes,no,yes,no,-1.4463896153764413,0.17087237709927797,-0.741303890472032,-0.10697457139386429,1.2253237197764415,low,other
-0.20316996089597741,female,other,1.5285119812150674,yes,yes,yes,no,-1.4463896153764413,0.17087237709927797,-0.741303890472032,-0.10697457139386429,-1.0104291372918257,low,other
-0.2030020017207783,male,other,1.9640486718511432,yes,yes,yes,no,-1.4463896153764413,0.17087237709927797,-0.741303890472032,-0.10697457139386429,1.2253237197764415,high,other
-0.20283404254557924,female,other,0.6815711287539543,no,no,yes,no,-0.7588757764679374,1.1760346697987498,0.7388052877730314,0.23313957463593343,0.1074472912423079,low,other
-0.20266608337038017,male,other,0.012752449528381064,no,no,yes,no,-0.7588757764679374,1.1760346697987498,0.7388052877730314,0.23313957463593343,-0.45149092302475896,high,other
-0.2024981241951811,female,other,-0.6928397321829831,no,no,yes,no,-0.7588757764679374,1.1760346697987498,0.7388052877730314,0.23313957463593343,1.2253237197764415,high,other
-0.20233016501998202,female,other,0.7413281798870467,no,no,no,no,-0.7588757764679374,1.1760346697987498,0.7388052877730314,0.23313957463593343,-1.0104291372918257,low,other
-0.20216220584478292,female,other,0.7849968784794465,no,no,yes,no,-0.7588757764679374,1.1760346697987498,0.7388052877730314,0.23313957463593343,-1.0104291372918257,low,other
-0.20199424666958385,female,other,0.4793168650821046,no,no,yes,no,-0.14373191523272236,1.1760346697987498,0.95646840231623,0.23313957463593343,-1.0104291372918257,low,other
-0.20182628749438478,female,other,1.0343672196096365,no,yes,yes,no,-0.14373191523272236,1.1760346697987498,0.95646840231623,0.23313957463593343,1.2253237197764415,high,other
-0.2016583283191857,male,other,0.5517144515152205,no,no,yes,no,-0.14373191523272236,1.1760346697987498,0.95646840231623,0.23313957463593343,1.2253237197764415,low,other
-0.20149036914398663,male,hispanic,0.5482670726492803,no,no,yes,no,-0.14373191523272236,1.1760346697987498,0.95646840231623,0.23313957463593343,-1.0104291372918257,high,other
-0.20132240996878753,female,other,-0.8215469908832511,yes,no,no,no,-0.14373191523272236,1.1760346697987498,0.95646840231623,0.23313957463593343,0.1074472912423079,high,other
-0.20115445079358846,male,other,0.14260912676711493,no,yes,yes,no,-0.8312455815980007,0.7516331600275024,-0.1318471703997627,0.029076985968073333,0.6663855055093747,low,other
-0.20098649161838938,male,other,0.6815711287539543,no,no,yes,no,-0.8312455815980007,0.7516331600275024,-0.1318471703997627,0.029076985968073333,-1.0104291372918257,low,other
-0.2008185324431903,female,other,0.47472006767769853,no,yes,yes,no,-0.8312455815980007,0.7516331600275024,-0.1318471703997627,0.029076985968073333,1.2253237197764415,low,other
-0.20065057326799124,male,other,0.5011509951909402,no,no,yes,no,-0.8312455815980007,0.7516331600275024,-0.1318471703997627,0.029076985968073333,0.6663855055093747,low,other
-0.20048261409279217,male,other,1.5227657652721955,yes,yes,yes,no,1.122740882345965,0.7516331600275024,1.6094577459458257,0.029076985968073333,1.2253237197764415,high,other
-0.20031465491759307,male,other,-1.388089338921798,no,no,yes,no,1.122740882345965,0.7516331600275024,1.6094577459458257,0.029076985968073333,-1.0104291372918257,low,other
-0.200146695742394,male,other,1.1458371456054748,no,no,yes,no,0.8332613167392598,0.1932098218771284,2.0447839750322228,-0.9708822974754397,-0.45149092302475896,low,other
-0.19997873656719492,female,other,0.46207909400294633,no,no,yes,no,0.8332613167392598,0.1932098218771284,2.0447839750322228,-0.9708822974754397,-0.45149092302475896,high,other
-0.19981077739199585,male,other,0.06216692568892416,no,no,yes,no,0.8332613167392598,0.1932098218771284,2.0447839750322228,-0.9708822974754397,-1.0104291372918257,low,other
-0.19964281821679677,female,other,0.32992401806200944,no,no,yes,no,0.8332613167392598,0.1932098218771284,2.0447839750322228,-0.9708822974754397,-1.0104291372918257,low,other
-0.19947485904159767,male,other,0.9815053645831532,no,no,no,no,0.8332613167392598,0.1932098218771284,2.0447839750322228,-0.9708822974754397,-1.0104291372918257,low,other
-0.1993068998663986,female,other,0.27936056173772916,no,no,yes,no,0.9780012720858383,0.7516331600275024,1.8271208604890243,0.029076985968073333,0.1074472912423079,low,other
-0.19913894069119953,male,other,0.6953610825924438,no,no,yes,no,0.9780012720858383,0.7516331600275024,1.8271208604890243,0.029076985968073333,1.2253237197764415,low,other
-0.19897098151600046,female,hispanic,-0.6583646283993952,no,no,yes,no,0.25430253061230274,0.7516331600275024,0.95646840231623,0.029076985968073333,-1.0104291372918257,low,other
-0.19880302234080138,female,other,-0.21938055889737917,no,no,yes,no,0.25430253061230274,0.7516331600275024,0.95646840231623,0.029076985968073333,-1.0104291372918257,low,other
-0.19863506316560228,male,other,0.2368412816837951,no,no,no,no,-1.1930949523347685,0.17087237709927797,3.7860888913778115,-0.10697457139386429,0.1074472912423079,low,other
-0.1984671039904032,male,other,-1.0042655231484683,no,no,yes,no,-1.1930949523347685,0.17087237709927797,3.7860888913778115,-0.10697457139386429,-1.0104291372918257,high,other
-0.19829914481520414,male,other,-0.13549097895324824,no,no,yes,no,-1.1930949523347685,0.17087237709927797,3.7860888913778115,-0.10697457139386429,0.1074472912423079,low,other
-0.19813118564000506,male,other,0.18972520422545502,no,yes,yes,no,-1.1930949523347685,0.17087237709927797,3.7860888913778115,-0.10697457139386429,-0.45149092302475896,low,other
-0.197963226464806,female,other,-0.08492708425423931,no,no,yes,no,-1.554944409343149,1.1760346697987498,1.1741315168594286,0.23313957463593343,-1.0104291372918257,high,other
-0.1977952672896069,female,other,-0.7755803319633768,no,no,yes,no,-1.554944409343149,1.1760346697987498,1.1741315168594286,0.23313957463593343,-1.0104291372918257,low,other
-0.19762730811440782,male,other,-0.2205295390611164,no,no,yes,no,-1.554944409343149,1.1760346697987498,1.1741315168594286,0.23313957463593343,1.2253237197764415,high,other
-0.19745934893920875,male,other,1.4411745840302677,yes,yes,no,no,-1.554944409343149,1.1760346697987498,1.1741315168594286,0.23313957463593343,0.6663855055093747,low,other
-0.19729138976400967,male,other,1.5790749991646191,no,yes,yes,no,-1.554944409343149,1.1760346697987498,1.1741315168594286,0.23313957463593343,1.2253237197764415,low,other
-0.1971234305888106,male,other,-1.6834267773465907,no,no,yes,no,-1.554944409343149,1.1760346697987498,1.1741315168594286,0.23313957463593343,-1.0104291372918257,low,other
-0.1969554714136115,male,afam,0.40347146140831985,no,no,yes,yes,-0.21610172036278566,0.1932098218771284,-0.6977712669147057,-0.9708822974754397,-0.45149092302475896,low,other
-0.19678751223841243,male,afam,-1.6225207460497613,no,no,yes,yes,-0.21610172036278566,0.1932098218771284,-0.6977712669147057,-0.9708822974754397,0.1074472912423079,high,other
-0.19661955306321335,female,other,0.3230292603301291,no,no,yes,yes,-0.9398004618363213,0.17087237709927797,-0.5671733994861597,-0.10697457139386429,1.2253237197764415,low,other
-0.19645159388801428,female,other,-0.022872072793672617,yes,yes,yes,yes,-0.9398004618363213,0.17087237709927797,-0.5671733994861597,-0.10697457139386429,0.6663855055093747,high,other
-0.1962836347128152,female,other,1.0791848983657735,no,no,yes,yes,-0.9398004618363213,0.17087237709927797,-0.5671733994861597,-0.10697457139386429,1.2253237197764415,low,other
-0.1961156755376161,female,other,1.643429286076846,no,no,yes,yes,-0.9398004618363213,0.17087237709927797,-0.5671733994861597,-0.10697457139386429,1.7842619340435084,low,other
-0.19594771636241703,male,other,1.4262352116533124,no,no,yes,yes,-0.9398004618363213,0.17087237709927797,-0.5671733994861597,-0.10697457139386429,1.2253237197764415,low,other
-0.19577975718721796,male,other,0.9952953184216425,no,no,yes,yes,-0.9398004618363213,0.17087237709927797,-0.5671733994861597,-0.10697457139386429,0.1074472912423079,low,other
-0.1956117980120189,male,afam,-0.13778937765545124,no,no,yes,yes,-0.9398004618363213,0.17087237709927797,-0.5671733994861597,-0.10697457139386429,0.6663855055093747,low,other
-0.19544383883681982,female,other,0.6562891814044499,no,no,yes,no,0.037192770135661544,1.1760346697987498,1.1741315168594286,0.23313957463593343,-0.45149092302475896,low,other
-0.19527587966162072,female,other,0.11043198331100144,no,no,yes,no,0.037192770135661544,1.1760346697987498,1.1741315168594286,0.23313957463593343,-1.0104291372918257,low,other
-0.19510792048642164,male,other,-0.3285520861910146,no,no,yes,no,0.037192770135661544,1.1760346697987498,1.1741315168594286,0.23313957463593343,-1.0104291372918257,low,other
-0.19493996131122257,male,hispanic,0.42530559151715547,no,no,yes,yes,-0.5417661885345219,0.1932098218771284,-0.5671733994861597,-0.9708822974754397,-1.0104291372918257,low,other
-0.1947720021360235,female,other,-0.3572814124064593,no,no,yes,yes,-0.5417661885345219,0.1932098218771284,-0.5671733994861597,-0.9708822974754397,-0.45149092302475896,low,other
-0.19460404296082442,male,other,1.104466845715278,yes,no,yes,yes,-0.5417661885345219,0.1932098218771284,-0.5671733994861597,-0.9708822974754397,1.2253237197764415,high,other
-0.19443608378562532,female,other,1.146986125769212,no,no,yes,yes,-0.5417661885345219,0.1932098218771284,-0.5671733994861597,-0.9708822974754397,1.7842619340435084,low,other
-0.19426812461042625,female,other,-0.4423199725143274,no,no,yes,yes,-0.5417661885345219,0.1932098218771284,-0.5671733994861597,-0.9708822974754397,-1.0104291372918257,low,other
-0.19410016543522718,female,other,0.7781016823728375,no,no,yes,no,-1.2292800274430258,1.1760346697987498,1.8271208604890243,0.23313957463593343,-1.0104291372918257,low,other
-0.1939322062600281,female,other,1.3802685527334382,no,no,yes,no,-1.2292800274430258,1.1760346697987498,1.8271208604890243,0.23313957463593343,0.1074472912423079,low,other
-0.19376424708482903,female,other,1.0217262459348841,no,no,yes,no,-1.2292800274430258,1.1760346697987498,1.8271208604890243,0.23313957463593343,1.2253237197764415,high,other
-0.19359628790962993,male,other,1.3940585065719275,no,no,yes,no,-1.2292800274430258,1.1760346697987498,1.8271208604890243,0.23313957463593343,1.2253237197764415,low,other
-0.19342832873443086,female,other,0.2988967315190904,no,no,yes,no,-1.2292800274430258,1.1760346697987498,1.8271208604890243,0.23313957463593343,1.2253237197764415,high,other
-0.1932603695592318,female,other,0.8171735835608314,no,no,yes,no,-1.2292800274430258,1.1760346697987498,1.8271208604890243,0.23313957463593343,1.2253237197764415,low,other
-0.19309241038403271,female,hispanic,-1.1076912728739605,no,yes,yes,no,-1.4463896153764413,-0.1567356688505975,1.391794631402627,-0.13419067647787716,-0.45149092302475896,low,other
-0.19292445120883364,female,other,1.3400472330069784,no,no,no,no,-1.4463896153764413,-0.1567356688505975,1.391794631402627,-0.13419067647787716,-0.45149092302475896,low,other
-0.19275649203363454,female,other,1.1423897667395346,no,no,no,no,-1.4463896153764413,-0.1567356688505975,1.391794631402627,-0.13419067647787716,1.2253237197764415,high,other
-0.19258853285843547,male,other,-0.7066296860214725,yes,no,yes,no,-1.4463896153764413,-0.1567356688505975,1.391794631402627,-0.13419067647787716,-1.0104291372918257,low,other
-0.1924205736832364,male,hispanic,-0.6813481770466967,no,no,yes,no,-1.4463896153764413,-0.1567356688505975,1.391794631402627,-0.13419067647787716,-1.0104291372918257,low,other
-0.19225261450803732,female,other,0.6183666987549218,yes,no,yes,no,-0.4332113082962012,0.1932098218771284,-0.2624450183677096,-0.9708822974754397,-0.45149092302475896,high,other
-0.19208465533283825,male,other,0.38968106919510176,no,no,no,no,-0.4332113082962012,0.1932098218771284,-0.2624450183677096,-0.9708822974754397,0.1074472912423079,low,other
-0.19191669615763915,male,other,1.9651972136401519,no,no,yes,no,-0.5055812859694901,1.1760346697987498,1.391794631402627,0.23313957463593343,0.6663855055093747,high,other
-0.19174873698244008,male,other,-0.5112706184562318,no,no,yes,no,-0.5055812859694901,1.1760346697987498,1.391794631402627,0.23313957463593343,-1.0104291372918257,low,other
-0.191580777807241,female,other,1.0803343169042394,no,no,yes,no,-0.5055812859694901,1.1760346697987498,1.391794631402627,0.23313957463593343,1.7842619340435084,high,other
-0.19141281863204193,female,hispanic,0.5896373725394771,no,no,yes,no,-0.5055812859694901,1.1760346697987498,1.391794631402627,0.23313957463593343,1.2253237197764415,low,other
-0.19124485945684286,female,other,-0.42048584240549175,no,no,no,no,-0.5055812859694901,1.1760346697987498,1.391794631402627,0.23313957463593343,1.2253237197764415,low,other
-0.19107690028164376,female,other,0.3506091680071079,no,no,yes,no,-0.39702640573116954,1.1760346697987498,-0.48010815885837343,0.23313957463593343,0.6663855055093747,low,other
-0.19090894110644469,female,other,-0.34693883743391,yes,yes,yes,no,-0.39702640573116954,1.1760346697987498,-0.48010815885837343,0.23313957463593343,1.2253237197764415,low,other
-0.1907409819312456,female,other,1.025174063175553,no,no,yes,no,-0.39702640573116954,1.1760346697987498,-0.48010815885837343,0.23313957463593343,1.2253237197764415,high,other
-0.19057302275604654,male,other,1.5216163467337298,no,no,yes,no,-0.39702640573116954,1.1760346697987498,-0.48010815885837343,0.23313957463593343,-1.0104291372918257,low,other
-0.19040506358084747,male,other,1.0527539708525318,no,no,yes,no,-0.39702640573116954,1.1760346697987498,-0.48010815885837343,0.23313957463593343,1.2253237197764415,high,other
-0.19023710440564837,female,other,-0.0711371304157499,no,no,yes,no,-0.39702640573116954,1.1760346697987498,-0.48010815885837343,0.23313957463593343,-0.45149092302475896,high,other
-0.1900691452304493,female,afam,-0.6928397321829831,no,no,yes,no,-0.4332113082962012,0.1932098218771284,-0.7848365140293584,-0.9708822974754397,-1.0104291372918257,low,other
-0.18990118605525022,female,afam,-0.1791592391709195,no,no,yes,no,-0.4332113082962012,0.1932098218771284,-0.7848365140293584,-0.9708822974754397,-1.0104291372918257,low,other
-0.18973322688005115,male,other,-0.16996608273683608,yes,no,yes,no,-0.4332113082962012,0.1932098218771284,-0.7848365140293584,-0.9708822974754397,-0.45149092302475896,high,other
-0.18956526770485208,male,other,1.7457056172638725,yes,yes,yes,no,-0.4332113082962012,0.1932098218771284,-0.7848365140293584,-0.9708822974754397,0.1074472912423079,high,other
-0.18939730852965297,male,other,-1.390387737624001,yes,yes,yes,no,-0.4332113082962012,0.1932098218771284,-0.7848365140293584,-0.9708822974754397,0.6663855055093747,high,other
-0.1892293493544539,female,other,-0.7043317256939982,yes,yes,yes,no,-0.4332113082962012,0.1932098218771284,-0.7848365140293584,-0.9708822974754397,2.3432001483105753,high,other
-0.18906139017925483,male,other,0.801085231020139,no,no,yes,no,-0.4332113082962012,0.1932098218771284,-0.7848365140293584,-0.9708822974754397,0.6663855055093747,low,other
-0.18889343100405576,female,afam,-0.860618892071245,no,no,yes,no,-0.4332113082962012,0.1932098218771284,-0.7848365140293584,-0.9708822974754397,0.6663855055093747,low,other
-0.18872547182885668,female,other,0.9929969197194396,no,no,yes,no,-0.7588757764679374,0.7516331600275024,-0.7848365140293584,0.029076985968073333,0.1074472912423079,low,other
-0.18855751265365758,male,other,0.18857578568698918,no,no,yes,no,-0.7588757764679374,0.7516331600275024,-0.7848365140293584,0.029076985968073333,-1.0104291372918257,low,other
-0.1883895534784585,male,other,-0.3319994650569548,no,no,yes,no,-0.7588757764679374,0.7516331600275024,-0.7848365140293584,0.029076985968073333,-1.0104291372918257,low,other
-0.18822159430325944,female,other,-1.870742107016214,no,no,yes,no,-0.7588757764679374,0.7516331600275024,-0.7848365140293584,0.029076985968073333,-1.0104291372918257,low,other
-0.18805363512806036,male,other,-1.298453981409524,no,yes,yes,no,-0.7588757764679374,0.7516331600275024,-0.7848365140293584,0.029076985968073333,-1.0104291372918257,high,other
-0.1878856759528613,female,other,-1.2030728463291065,no,no,no,no,-0.7588757764679374,0.7516331600275024,-0.7848365140293584,0.029076985968073333,-1.0104291372918257,low,other
-0.1877177167776622,male,other,0.3747421351928752,no,no,yes,no,-0.7588757764679374,0.7516331600275024,-0.7848365140293584,0.029076985968073333,0.1074472912423079,low,other
-0.18754975760246312,male,other,1.0401129971777796,yes,no,yes,no,-0.7588757764679374,0.7516331600275024,-0.7848365140293584,0.029076985968073333,-0.45149092302475896,high,other
-0.18738179842726405,male,other,1.3354504356025725,yes,no,yes,no,-1.0483553420746419,0.7516331600275024,-0.2624450183677096,0.029076985968073333,1.2253237197764415,high,other
-0.18721383925206497,male,other,1.3067211093871278,no,no,yes,no,-1.0483553420746419,0.7516331600275024,-0.2624450183677096,0.029076985968073333,0.1074472912423079,low,other
-0.1870458800768659,female,other,-0.08377810409050213,no,no,yes,no,-1.0483553420746419,0.7516331600275024,-0.2624450183677096,0.029076985968073333,-1.0104291372918257,low,other
-0.1868779209016668,male,other,0.9803559460446873,no,no,no,no,-1.0483553420746419,0.7516331600275024,-0.2624450183677096,0.029076985968073333,-1.0104291372918257,low,other
-0.18670996172646773,male,other,1.3297046580344292,no,no,yes,no,-1.0483553420746419,0.7516331600275024,-0.2624450183677096,0.029076985968073333,1.2253237197764415,low,other
-0.18654200255126865,male,other,1.5285119812150674,yes,yes,yes,no,-1.0483553420746419,0.7516331600275024,-0.2624450183677096,0.029076985968073333,1.2253237197764415,high,other
-0.18637404337606958,male,other,-0.26419823765351624,yes,no,yes,no,-1.0483553420746419,0.7516331600275024,-0.2624450183677096,0.029076985968073333,1.2253237197764415,low,other
-0.1862060842008705,female,afam,-1.4283106586482577,no,no,yes,yes,0.36285741085062334,0.1932098218771284,-0.5671733994861597,-0.9708822974754397,-1.0104291372918257,low,other
-0.1860381250256714,female,afam,-1.300752380111727,no,no,yes,yes,0.36285741085062334,0.1932098218771284,-0.5671733994861597,-0.9708822974754397,-1.0104291372918257,low,other
-0.18587016585047234,female,afam,-0.6330826810498907,no,no,yes,yes,0.36285741085062334,0.1932098218771284,-0.5671733994861597,-0.9708822974754397,0.1074472912423079,low,other
-0.18570220667527326,male,afam,-0.9870281904440387,yes,yes,yes,yes,0.36285741085062334,0.1932098218771284,-0.5671733994861597,-0.9708822974754397,-0.45149092302475896,low,other
-0.1855342475000742,female,afam,-0.87211088558226,no,no,no,yes,0.36285741085062334,0.1932098218771284,-0.5671733994861597,-0.9708822974754397,-1.0104291372918257,low,other
-0.18536628832487512,female,other,-1.2295037738423482,no,no,yes,no,-1.735869094711533,0.17087237709927797,2.610708155876428,-0.10697457139386429,-1.0104291372918257,low,other
-0.18519832914967602,female,other,0.9183009345841207,no,no,yes,no,-1.735869094711533,0.17087237709927797,2.610708155876428,-0.10697457139386429,0.1074472912423079,low,other
-0.18503036997447694,male,other,0.9309419082588728,no,no,yes,no,-1.735869094711533,0.17087237709927797,2.610708155876428,-0.10697457139386429,0.6663855055093747,low,other
-0.18486241079927787,female,other,1.1159584008515644,no,no,no,no,-1.735869094711533,0.17087237709927797,2.610708155876428,-0.10697457139386429,0.6663855055093747,low,other
-0.1846944516240788,female,other,0.9585218159358517,no,no,yes,no,-1.735869094711533,0.17087237709927797,2.610708155876428,-0.10697457139386429,0.1074472912423079,low,other
-0.18452649244887973,male,other,-0.8364863632602064,no,no,no,no,-1.735869094711533,0.17087237709927797,2.610708155876428,-0.10697457139386429,-1.0104291372918257,low,other
-0.18435853327368062,female,other,0.5459686739470773,yes,no,yes,no,-1.735869094711533,0.17087237709927797,2.610708155876428,-0.10697457139386429,0.1074472912423079,low,other
-0.18419057409848155,male,other,1.4158926366807632,no,no,yes,no,-1.735869094711533,0.17087237709927797,2.610708155876428,-0.10697457139386429,-1.0104291372918257,low,other
-0.18402261492328248,male,other,-1.4317580375141978,no,no,yes,no,-0.9398004618363213,-0.1567356688505975,0.95646840231623,-0.13419067647787716,-1.0104291372918257,low,other
-0.1838546557480834,female,other,0.4528859375688629,no,no,yes,no,-0.9398004618363213,-0.1567356688505975,0.95646840231623,-0.13419067647787716,-1.0104291372918257,low,other
-0.18368669657288433,female,other,0.9286435095566699,no,no,yes,no,-0.9398004618363213,-0.1567356688505975,0.95646840231623,-0.13419067647787716,1.2253237197764415,low,other
-0.18351873739768523,male,other,-0.25615406138317004,no,no,yes,no,-0.9398004618363213,-0.1567356688505975,0.95646840231623,-0.13419067647787716,1.2253237197764415,low,other
-0.18335077822248616,male,other,1.70663327770115,no,no,yes,no,-0.9398004618363213,-0.1567356688505975,0.95646840231623,-0.13419067647787716,2.3432001483105753,low,other
-0.1831828190472871,female,other,-1.2007744476269036,no,no,no,no,-0.9398004618363213,-0.1567356688505975,0.95646840231623,-0.13419067647787716,0.6663855055093747,high,other
-0.18301485987208801,male,other,-0.5399999446716764,no,no,yes,no,-0.9398004618363213,-0.1567356688505975,0.95646840231623,-0.13419067647787716,-0.45149092302475896,low,other
-0.18284690069688894,female,other,-1.2019234277906408,no,no,yes,no,-0.9398004618363213,-0.1567356688505975,0.95646840231623,-0.13419067647787716,-1.0104291372918257,low,other
-0.18267894152168987,female,other,-0.25960144024911025,no,no,yes,no,-0.9398004618363213,-0.1567356688505975,0.95646840231623,-0.13419067647787716,1.2253237197764415,low,other
-0.18251098234649077,female,hispanic,-0.741105228179789,no,no,yes,no,-0.686505971337874,-0.1567356688505975,-0.34951028494296127,-0.13419067647787716,-0.45149092302475896,low,other
-0.1823430231712917,male,other,-1.7282448944774564,no,no,yes,no,-0.686505971337874,-0.1567356688505975,-0.34951028494296127,-0.13419067647787716,-0.45149092302475896,low,other
-0.18217506399609262,male,other,-0.8445305395305526,no,no,yes,no,-0.686505971337874,-0.1567356688505975,-0.34951028494296127,-0.13419067647787716,-1.0104291372918257,low,other
-0.18200710482089355,female,other,-0.73421003207318,no,no,yes,no,-0.686505971337874,-0.1567356688505975,-0.34951028494296127,-0.13419067647787716,-1.0104291372918257,low,other
-0.18183914564569448,male,other,1.0136820696645379,no,no,yes,no,-0.686505971337874,-0.1567356688505975,-0.34951028494296127,-0.13419067647787716,1.7842619340435084,low,other
-0.18167118647049538,male,other,0.09434363077030901,no,no,yes,no,-1.0121702669663846,0.7516331600275024,0.95646840231623,0.029076985968073333,1.2253237197764415,high,other
-0.1815032272952963,female,other,1.412445257814823,no,no,yes,no,-1.0121702669663846,0.7516331600275024,0.95646840231623,0.029076985968073333,0.1074472912423079,low,other
-0.18133526812009723,female,afam,-1.7615705797225785,no,no,no,yes,0.6885217064791338,0.10386217298170781,-0.741303890472032,0.9950161819475675,-1.0104291372918257,low,other
-0.18116730894489816,female,afam,-1.5673604923210749,no,no,no,yes,0.6885217064791338,0.10386217298170781,-0.741303890472032,0.9950161819475675,-0.45149092302475896,low,other
-0.18099934976969909,female,hispanic,-0.946806870717579,no,no,no,yes,0.6885217064791338,0.10386217298170781,-0.741303890472032,0.9950161819475675,-1.0104291372918257,low,other
-0.18083139059449999,female,afam,-0.607801172075115,no,no,yes,yes,0.6885217064791338,0.10386217298170781,-0.741303890472032,0.9950161819475675,0.6663855055093747,low,other
-0.1806634314193009,female,afam,-1.4156696849735055,no,yes,yes,yes,0.6885217064791338,0.10386217298170781,-0.741303890472032,0.9950161819475675,-0.45149092302475896,low,other
-0.18049547224410184,female,hispanic,-1.448995808593356,no,no,no,yes,0.6885217064791338,0.10386217298170781,-0.741303890472032,0.9950161819475675,0.6663855055093747,low,other
-0.18032751306890277,female,hispanic,-1.5616147147529318,yes,no,no,yes,0.6885217064791338,0.10386217298170781,-0.741303890472032,0.9950161819475675,-1.0104291372918257,low,other
-0.1801595538937037,male,other,-1.756974220692901,no,no,no,yes,1.122740882345965,0.40168766929977645,-0.741303890472032,0.9202009926976503,1.2253237197764415,low,other
-0.1799915947185046,female,hispanic,-1.4777251348088007,yes,no,no,yes,1.122740882345965,0.40168766929977645,-0.741303890472032,0.9202009926976503,-1.0104291372918257,low,other
-0.17982363554330552,female,hispanic,0.8746322359917207,no,no,no,yes,1.122740882345965,0.40168766929977645,-0.741303890472032,0.9202009926976503,-1.0104291372918257,low,other
-0.17965567636810645,female,hispanic,-1.268575675030342,no,no,no,yes,1.122740882345965,0.40168766929977645,-0.741303890472032,0.9202009926976503,-1.0104291372918257,low,other
-0.17948771719290738,male,hispanic,-0.1768612788434451,no,no,no,yes,0.6885217064791338,0.10386217298170781,-0.610706019800053,0.9950161819475675,0.1074472912423079,low,other
-0.1793197580177083,female,hispanic,0.26786900660144275,no,no,no,yes,0.6885217064791338,0.10386217298170781,-0.610706019800053,0.9950161819475675,-1.0104291372918257,low,other
-0.1791517988425092,female,hispanic,-0.9192269630406001,no,no,yes,yes,0.6885217064791338,0.10386217298170781,-0.610706019800053,0.9950161819475675,-1.0104291372918257,low,other
-0.17898383966731013,female,hispanic,-0.6893923533170428,no,no,yes,yes,0.6885217064791338,0.10386217298170781,-0.48010815885837343,0.9950161819475675,1.2253237197764415,low,other
-0.17881588049211106,female,other,-0.5756240286190014,no,no,yes,yes,0.6885217064791338,0.10386217298170781,-0.48010815885837343,0.9950161819475675,1.2253237197764415,low,other
-0.17864792131691198,male,hispanic,-0.2687950350579223,no,no,no,yes,0.6885217064791338,0.10386217298170781,-0.48010815885837343,0.9950161819475675,0.6663855055093747,low,other
-0.1784799621417129,female,hispanic,-1.4846198925406813,no,no,no,yes,0.6885217064791338,0.10386217298170781,-0.48010815885837343,0.9950161819475675,-1.0104291372918257,low,other
-0.1783120029665138,female,hispanic,-1.2329511527082884,no,no,no,yes,0.6885217064791338,0.10386217298170781,-0.48010815885837343,0.9950161819475675,-0.45149092302475896,low,other
-0.17814404379131474,female,afam,-0.9111827867702539,no,no,yes,no,0.21811745550404543,-1.4597234578681366,-0.43657552557074764,0.012081689611110202,0.1074472912423079,low,other
-0.17797608461611567,male,afam,1.2929311555486382,no,no,yes,no,0.21811745550404543,-1.4597234578681366,-0.43657552557074764,0.012081689611110202,1.2253237197764415,high,other
-0.1778081254409166,female,hispanic,-1.1800892976818051,no,no,no,no,0.21811745550404543,-1.4597234578681366,-0.43657552557074764,0.012081689611110202,0.6663855055093747,low,other
-0.17764016626571752,male,other,0.7849968784794465,yes,yes,yes,no,0.21811745550404543,-1.4597234578681366,-0.5671733994861597,0.012081689611110202,1.7842619340435084,high,other
-0.17747220709051842,male,other,0.9389860845292191,no,no,no,no,0.21811745550404543,-1.4597234578681366,-0.5671733994861597,0.012081689611110202,1.2253237197764415,low,other
-0.17730424791531935,male,other,1.9479594425609936,no,no,yes,no,-1.301649832573089,-1.4597234578681366,-0.610706019800053,0.012081689611110202,-1.0104291372918257,low,other
-0.17713628874012027,male,hispanic,0.45403491773260013,no,no,no,no,-1.301649832573089,-1.4597234578681366,-0.610706019800053,0.012081689611110202,0.6663855055093747,low,other
-0.1769683295649212,male,other,-0.6123975311047923,no,no,yes,no,-1.301649832573089,-1.4597234578681366,-0.610706019800053,0.012081689611110202,-1.0104291372918257,low,other
-0.17680037038972213,female,other,-0.42967899883957517,no,no,yes,no,-1.301649832573089,-1.4597234578681366,-0.610706019800053,0.012081689611110202,-1.0104291372918257,low,other
-0.17663241121452303,female,hispanic,-1.429459638811995,no,no,yes,no,-1.301649832573089,-1.4597234578681366,-0.610706019800053,0.012081689611110202,0.1074472912423079,low,other
-0.17646445203932395,female,other,1.1504339430098809,yes,yes,yes,yes,0.21811745550404543,-1.4597234578681366,-0.5671733994861597,0.012081689611110202,0.6663855055093747,low,other
-0.17629649286412488,male,afam,1.1217046167944362,no,no,yes,yes,0.21811745550404543,-1.4597234578681366,-0.5671733994861597,0.012081689611110202,-0.45149092302475896,low,other
-0.1761285336889258,female,hispanic,-0.4273810385121008,yes,no,yes,yes,0.21811745550404543,-1.4597234578681366,-0.5671733994861597,0.012081689611110202,0.6663855055093747,high,other
-0.17596057451372674,female,other,1.54460033375576,yes,no,yes,yes,0.21811745550404543,-1.4597234578681366,-0.5671733994861597,0.012081689611110202,1.2253237197764415,high,other
-0.17579261533852764,male,other,-0.41014326743294255,yes,yes,yes,no,0.21811745550404543,-1.4597234578681366,-0.610706019800053,0.012081689611110202,0.1074472912423079,high,other
-0.17562465616332856,female,other,-0.7801771293677828,yes,no,yes,no,0.21811745550404543,-1.4597234578681366,-0.610706019800053,0.012081689611110202,0.6663855055093747,low,other
-0.1754566969881295,male,other,-0.7031823071555323,no,no,yes,no,0.21811745550404543,-1.4597234578681366,-0.610706019800053,0.012081689611110202,-1.0104291372918257,low,other
-0.17528873781293042,female,other,0.05412274941857795,yes,no,yes,no,0.21811745550404543,-1.4597234578681366,-0.610706019800053,0.012081689611110202,1.2253237197764415,low,other
-0.17512077863773134,female,other,0.1380123293627089,yes,no,yes,no,0.21811745550404543,-1.4597234578681366,-0.610706019800053,0.012081689611110202,2.3432001483105753,high,other
-0.17495281946253224,female,other,0.08744887303842862,yes,no,yes,no,0.21811745550404543,-1.4597234578681366,-0.610706019800053,0.012081689611110202,1.2253237197764415,high,other
-0.17478486028733317,female,other,-1.313393353786479,yes,no,yes,no,0.21811745550404543,-1.4597234578681366,-0.610706019800053,0.012081689611110202,-1.0104291372918257,low,other
-0.1746169011121341,female,hispanic,-1.782255729667677,no,no,yes,yes,1.1589259574542223,0.31234002040435455,-0.741303890472032,-1.0593054514853693,-1.0104291372918257,low,other
-0.17444894193693503,male,hispanic,-1.434056436216401,no,no,yes,yes,1.1589259574542223,0.31234002040435455,-0.741303890472032,-1.0593054514853693,1.2253237197764415,low,other
-0.17428098276173595,male,hispanic,0.927494091018204,no,no,yes,yes,1.1589259574542223,0.31234002040435455,-0.741303890472032,-1.0593054514853693,0.6663855055093747,low,other
-0.17411302358653685,male,hispanic,0.9838037632853561,yes,no,no,yes,1.1589259574542223,0.31234002040435455,-0.741303890472032,-1.0593054514853693,0.6663855055093747,low,other
-0.17394506441133778,female,hispanic,-0.8020112594766186,no,no,yes,yes,1.1589259574542223,0.31234002040435455,-0.741303890472032,-1.0593054514853693,1.2253237197764415,low,other
-0.1737771052361387,male,hispanic,-1.131823801684999,no,no,no,yes,1.1589259574542223,0.31234002040435455,-0.741303890472032,-1.0593054514853693,-0.45149092302475896,low,other
-0.17360914606093963,male,hispanic,-0.3630271899746025,no,no,no,yes,1.1589259574542223,0.31234002040435455,-0.741303890472032,-1.0593054514853693,-1.0104291372918257,low,other
-0.17344118688574056,male,hispanic,-1.8925766754997781,no,no,yes,yes,1.1589259574542223,0.31234002040435455,-0.741303890472032,-1.0593054514853693,-1.0104291372918257,low,other
-0.17327322771054146,male,hispanic,-1.3271833076249686,no,no,yes,yes,1.1589259574542223,0.31234002040435455,-0.741303890472032,-1.0593054514853693,-1.0104291372918257,low,other
-0.1731052685353424,male,other,0.7355824023189035,no,no,yes,yes,-0.6141359936645852,0.31234002040435455,-0.6542386401139462,-1.0593054514853693,1.2253237197764415,low,other
-0.17293730936014332,female,hispanic,-1.621371765886024,no,no,no,yes,-0.6141359936645852,0.31234002040435455,-0.6542386401139462,-1.0593054514853693,-1.0104291372918257,low,other
-0.17276935018494424,female,hispanic,-0.05849615674099767,no,no,no,yes,-0.6141359936645852,0.31234002040435455,-0.6542386401139462,-1.0593054514853693,1.2253237197764415,low,other
-0.17260139100974517,female,hispanic,1.060798147122878,no,no,yes,yes,-0.6141359936645852,0.31234002040435455,-0.6542386401139462,-1.0593054514853693,-0.45149092302475896,low,other
-0.17243343183454607,female,hispanic,0.1989183606595384,no,no,yes,yes,-0.6141359936645852,0.31234002040435455,-0.6542386401139462,-1.0593054514853693,-1.0104291372918257,low,other
-0.172265472659347,male,hispanic,-1.8178802519897306,no,no,yes,yes,-0.6141359936645852,0.31234002040435455,-0.6542386401139462,-1.0593054514853693,-0.45149092302475896,low,other
-0.17209751348414792,male,hispanic,-1.0306968890364385,no,no,yes,yes,-0.6141359936645852,0.31234002040435455,-0.6542386401139462,-1.0593054514853693,-1.0104291372918257,low,other
-0.17192955430894885,male,hispanic,-1.4984102847538994,yes,no,yes,yes,-0.6141359936645852,0.31234002040435455,-0.6542386401139462,-1.0593054514853693,-1.0104291372918257,high,other
-0.17176159513374978,female,other,0.878079614857661,no,no,yes,yes,-0.6141359936645852,0.31234002040435455,-0.6542386401139462,-1.0593054514853693,0.1074472912423079,low,other
-0.17159363595855068,female,hispanic,-0.35383359516579044,no,no,no,yes,-0.6141359936645852,0.31234002040435455,-0.6542386401139462,-1.0593054514853693,0.6663855055093747,low,other
-0.1714256767833516,female,hispanic,0.5804437777306651,no,no,yes,yes,-0.6141359936645852,0.31234002040435455,-0.6542386401139462,-1.0593054514853693,1.7842619340435084,low,other
-0.17125771760815253,female,hispanic,0.12192397682201649,no,no,yes,yes,-0.6141359936645852,0.31234002040435455,-0.6542386401139462,-1.0593054514853693,0.1074472912423079,low,other
-0.17108975843295346,male,hispanic,0.26901798676517996,no,no,yes,yes,-0.6141359936645852,0.31234002040435455,-0.6542386401139462,-1.0593054514853693,-0.45149092302475896,low,other
-0.1709217992577544,female,afam,1.2779917831716832,no,no,yes,no,-1.0121702669663846,0.31234002040435455,1.1741315168594286,-1.0593054514853693,0.6663855055093747,low,other
-0.17075384008255529,male,hispanic,-1.0950502991992084,no,no,yes,no,-1.0121702669663846,0.31234002040435455,1.1741315168594286,-1.0593054514853693,-1.0104291372918257,low,other
-0.1705858809073562,male,hispanic,-1.252486884114921,no,no,yes,no,-1.0121702669663846,0.31234002040435455,1.1741315168594286,-1.0593054514853693,-0.45149092302475896,low,other
-0.17041792173215714,female,hispanic,-0.9318679367153524,no,no,yes,no,-1.0121702669663846,0.31234002040435455,1.1741315168594286,-1.0593054514853693,-1.0104291372918257,low,other
-0.17024996255695807,male,hispanic,0.4827642439480448,no,no,no,no,-1.0121702669663846,0.31234002040435455,1.1741315168594286,-1.0593054514853693,-1.0104291372918257,low,other
-0.170082003381759,male,hispanic,-1.5076034411879826,no,no,yes,no,-1.0121702669663846,0.31234002040435455,1.1741315168594286,-1.0593054514853693,1.2253237197764415,high,other
-0.1699140442065599,male,other,1.977838187314904,no,yes,yes,no,-1.0121702669663846,0.31234002040435455,1.1741315168594286,-1.0593054514853693,1.2253237197764415,high,other
-0.16974608503136082,male,hispanic,0.9918479395557024,no,no,yes,no,-1.0121702669663846,0.31234002040435455,1.1741315168594286,-1.0593054514853693,1.2253237197764415,low,other
-0.16957812585616175,male,hispanic,-1.338674862761255,no,no,yes,no,-1.0121702669663846,0.31234002040435455,1.1741315168594286,-1.0593054514853693,0.1074472912423079,low,other
-0.16941016668096268,male,hispanic,-0.3825629213812351,no,no,yes,no,-1.0121702669663846,0.31234002040435455,1.1741315168594286,-1.0593054514853693,-1.0104291372918257,low,other
-0.1692422075057636,female,other,0.4770184663799016,no,no,yes,no,-1.0121702669663846,0.31234002040435455,1.1741315168594286,-1.0593054514853693,-1.0104291372918257,low,other
-0.1690742483305645,female,hispanic,-0.8123538344491678,no,no,yes,yes,1.1589259574542223,0.31234002040435455,-0.610706019800053,-1.0593054514853693,-1.0104291372918257,low,other
-0.16890628915536543,male,hispanic,-0.43197739754177816,no,no,yes,yes,1.1589259574542223,0.31234002040435455,-0.610706019800053,-1.0593054514853693,0.1074472912423079,high,other
-0.16873832998016636,male,hispanic,-0.8881992381229524,no,no,yes,yes,1.1589259574542223,0.31234002040435455,-0.610706019800053,-1.0593054514853693,-1.0104291372918257,high,other
-0.16857037080496728,male,hispanic,0.34946018784337074,no,no,yes,yes,1.1589259574542223,0.31234002040435455,-0.610706019800053,-1.0593054514853693,0.1074472912423079,low,other
-0.1684024116297682,male,hispanic,-0.25960144024911025,no,no,yes,yes,1.1589259574542223,0.31234002040435455,-0.610706019800053,-1.0593054514853693,1.2253237197764415,low,other
-0.1682344524545691,female,hispanic,-1.574255688427684,no,no,yes,yes,1.1589259574542223,0.31234002040435455,-0.610706019800053,-1.0593054514853693,0.6663855055093747,low,other
-0.16806649327937004,male,other,-0.9180775445021343,no,no,no,yes,-0.6141359936645852,0.31234002040435455,-0.34951028494296127,-1.0593054514853693,-1.0104291372918257,low,other
-0.16789853410417097,male,afam,-0.10101587516966037,no,no,no,yes,-0.6141359936645852,0.31234002040435455,-0.34951028494296127,-1.0593054514853693,-1.0104291372918257,low,other
-0.1677305749289719,female,hispanic,-0.7709835345589708,no,no,yes,yes,-0.6141359936645852,0.31234002040435455,-0.34951028494296127,-1.0593054514853693,-1.0104291372918257,low,other
-0.16756261575377282,male,other,0.17708423055070277,no,no,yes,yes,-0.6141359936645852,0.31234002040435455,-0.34951028494296127,-1.0593054514853693,-1.0104291372918257,low,other
-0.16739465657857372,female,afam,-0.1665187038708959,yes,yes,no,yes,-0.6141359936645852,0.31234002040435455,-0.34951028494296127,-1.0593054514853693,0.1074472912423079,low,other
-0.16722669740337465,male,afam,-1.8190292321534678,no,no,no,yes,-0.6141359936645852,0.31234002040435455,-0.34951028494296127,-1.0593054514853693,-1.0104291372918257,low,other
-0.16705873822817557,male,afam,-1.513349218756126,no,no,yes,yes,-0.6141359936645852,0.31234002040435455,-0.34951028494296127,-1.0593054514853693,-1.0104291372918257,low,other
-0.1668907790529765,male,hispanic,-1.3317801050293745,no,no,yes,yes,0.5437820962190079,0.31234002040435455,0.5211421732298329,-1.0593054514853693,-0.45149092302475896,low,other
-0.16672281987777743,male,hispanic,-0.11595480917188698,no,no,no,yes,0.5437820962190079,0.31234002040435455,0.5211421732298329,-1.0593054514853693,0.6663855055093747,low,other
-0.16655486070257833,female,hispanic,-1.3720009863811056,no,no,yes,yes,0.5437820962190079,0.31234002040435455,0.5211421732298329,-1.0593054514853693,2.3432001483105753,high,other
-0.16638690152737926,male,hispanic,-0.41129224759667976,no,no,yes,yes,0.5437820962190079,0.31234002040435455,0.5211421732298329,-1.0593054514853693,1.2253237197764415,low,other
-0.16621894235218018,male,hispanic,-1.0640225742815606,no,no,yes,yes,0.5437820962190079,0.31234002040435455,0.5211421732298329,-1.0593054514853693,-1.0104291372918257,low,other
-0.1660509831769811,female,hispanic,-0.9709398379033463,no,yes,yes,yes,0.5437820962190079,0.31234002040435455,0.5211421732298329,-1.0593054514853693,-1.0104291372918257,high,other
-0.16588302400178204,female,hispanic,-1.566211512157338,no,no,no,yes,0.5437820962190079,0.31234002040435455,0.5211421732298329,-1.0593054514853693,-0.45149092302475896,low,other
-0.16571506482658296,male,hispanic,0.2483328368200815,no,no,yes,yes,-0.6141359936645852,0.31234002040435455,0.17288121071868745,-1.0593054514853693,-1.0104291372918257,high,other
-0.16554710565138386,male,hispanic,0.6011289276757635,no,no,no,yes,-0.6141359936645852,0.31234002040435455,0.17288121071868745,-1.0593054514853693,-1.0104291372918257,low,other
-0.1653791464761848,male,afam,-1.2708736353578165,no,no,yes,yes,-0.6141359936645852,0.31234002040435455,0.17288121071868745,-1.0593054514853693,-1.0104291372918257,low,other
-0.16521118730098572,female,afam,-0.6020549561322431,no,no,yes,yes,-0.6141359936645852,0.31234002040435455,0.17288121071868745,-1.0593054514853693,-0.45149092302475896,low,other
-0.16504322812578665,female,other,-0.46875090002756903,no,no,yes,yes,-0.6141359936645852,0.31234002040435455,0.17288121071868745,-1.0593054514853693,-0.45149092302475896,low,other
-0.16487526895058757,female,other,-0.9077349695295851,no,no,yes,yes,-0.6141359936645852,0.31234002040435455,0.17288121071868745,-1.0593054514853693,0.6663855055093747,high,other
-0.16470730977538847,male,hispanic,1.629638893863628,no,no,yes,yes,-0.6141359936645852,0.31234002040435455,0.17288121071868745,-1.0593054514853693,1.7842619340435084,high,other
-0.1645393506001894,female,hispanic,-0.9249727406087433,no,no,no,no,-0.6141359936645852,0.31234002040435455,-0.6977712669147057,-1.0593054514853693,-0.45149092302475896,low,other
-0.16437139142499033,female,hispanic,-0.05389979771132028,no,no,yes,no,-0.6141359936645852,0.31234002040435455,-0.6977712669147057,-1.0593054514853693,1.2253237197764415,high,other
-0.16420343224979125,male,hispanic,0.9585218159358517,yes,no,yes,no,-0.6141359936645852,0.31234002040435455,-0.6977712669147057,-1.0593054514853693,0.6663855055093747,high,other
-0.16403547307459218,male,other,-0.9019891919614419,no,no,yes,no,-0.6141359936645852,0.31234002040435455,-0.6977712669147057,-1.0593054514853693,-1.0104291372918257,low,other
-0.16386751389939308,female,hispanic,-1.131823801684999,no,no,yes,yes,-0.6141359936645852,0.31234002040435455,-0.6542386401139462,-1.0593054514853693,0.1074472912423079,low,other
-0.163699554724194,female,hispanic,-1.0444868428749279,no,no,yes,yes,-0.6141359936645852,0.31234002040435455,-0.6542386401139462,-1.0593054514853693,-1.0104291372918257,low,other
-0.16353159554899493,male,hispanic,-1.16859730417079,no,no,no,yes,-0.6141359936645852,0.31234002040435455,-0.6542386401139462,-1.0593054514853693,-0.45149092302475896,low,other
-0.16336363637379586,female,hispanic,-0.4411709923505902,no,no,yes,yes,-0.6141359936645852,0.31234002040435455,-0.6542386401139462,-1.0593054514853693,0.1074472912423079,low,other
-0.1631956771985968,female,hispanic,-1.3811945811899176,no,no,no,yes,-0.6141359936645852,0.31234002040435455,-0.6542386401139462,-1.0593054514853693,-1.0104291372918257,low,other
-0.1630277180233977,female,hispanic,-0.11020903160374378,no,no,yes,yes,-0.6141359936645852,0.31234002040435455,-0.6542386401139462,-1.0593054514853693,-1.0104291372918257,low,other
-0.16285975884819862,female,hispanic,0.5275819227041818,no,no,yes,yes,-0.6141359936645852,0.31234002040435455,-0.6542386401139462,-1.0593054514853693,2.3432001483105753,low,other
-0.16269179967299954,male,hispanic,0.3850847101654244,no,no,yes,yes,-0.6141359936645852,0.31234002040435455,-0.6542386401139462,-1.0593054514853693,0.1074472912423079,low,other
-0.16252384049780047,male,hispanic,0.24948225535854732,no,no,yes,yes,-0.6141359936645852,0.31234002040435455,-0.6542386401139462,-1.0593054514853693,-1.0104291372918257,low,other
-0.1623558813226014,male,hispanic,-1.5868962237277076,no,no,no,yes,-0.6141359936645852,0.31234002040435455,-0.6542386401139462,-1.0593054514853693,-1.0104291372918257,low,other
-0.1621879221474023,male,hispanic,-1.5673604923210749,no,no,yes,yes,-0.6141359936645852,0.31234002040435455,-0.6542386401139462,-1.0593054514853693,-1.0104291372918257,low,other
-0.16201996297220322,female,hispanic,-1.700664548425749,no,no,no,yes,-0.6141359936645852,0.31234002040435455,-0.6542386401139462,-1.0593054514853693,-1.0104291372918257,low,other
-0.16185200379700415,male,hispanic,1.0470081932843887,no,no,yes,yes,-0.6141359936645852,0.31234002040435455,-0.34951028494296127,-1.0593054514853693,-0.45149092302475896,low,other
-0.16168404462180508,male,hispanic,-0.736508430775383,no,no,no,yes,-0.6141359936645852,0.31234002040435455,-0.34951028494296127,-1.0593054514853693,-1.0104291372918257,low,other
-0.161516085446606,female,hispanic,-0.8318895658558003,no,no,yes,yes,-0.6141359936645852,0.31234002040435455,-0.34951028494296127,-1.0593054514853693,-1.0104291372918257,high,other
-0.1613481262714069,female,hispanic,0.16904005428035657,no,no,yes,yes,-0.6141359936645852,0.31234002040435455,-0.34951028494296127,-1.0593054514853693,-0.45149092302475896,low,other
-0.16118016709620783,male,hispanic,-0.2239773563017852,no,no,yes,yes,0.5437820962190079,0.31234002040435455,-0.34951028494296127,-1.0593054514853693,0.6663855055093747,low,other
-0.16101220792100876,male,hispanic,-1.6742336209125075,no,no,no,yes,0.5437820962190079,0.31234002040435455,-0.34951028494296127,-1.0593054514853693,-1.0104291372918257,low,other
-0.1608442487458097,male,hispanic,0.2897031367102784,no,no,yes,yes,0.5437820962190079,0.31234002040435455,-0.34951028494296127,-1.0593054514853693,1.2253237197764415,low,other
-0.16067628957061061,female,hispanic,-1.8454601596667095,no,no,no,yes,0.5437820962190079,0.31234002040435455,-0.34951028494296127,-1.0593054514853693,-1.0104291372918257,low,other
-0.1605083303954115,female,hispanic,-0.7974144620722124,no,no,yes,yes,0.5437820962190079,0.31234002040435455,-0.34951028494296127,-1.0593054514853693,0.6663855055093747,low,other
-0.16034037122021244,female,hispanic,-1.1559563304960379,no,no,yes,yes,0.5437820962190079,0.31234002040435455,-0.34951028494296127,-1.0593054514853693,-0.45149092302475896,low,other
-0.16017241204501337,male,hispanic,-0.03551260809369622,no,no,no,yes,0.5437820962190079,0.31234002040435455,-0.34951028494296127,-1.0593054514853693,-0.45149092302475896,low,other
-0.1600044528698143,male,hispanic,0.7286872062122944,no,no,yes,yes,0.5437820962190079,0.31234002040435455,-0.34951028494296127,-1.0593054514853693,-1.0104291372918257,low,other
-0.15983649369461522,male,hispanic,1.3618818014905427,no,no,yes,yes,0.5437820962190079,0.31234002040435455,-0.34951028494296127,-1.0593054514853693,0.1074472912423079,low,other
-0.15966853451941612,male,hispanic,-0.26534721781725346,no,no,yes,yes,0.5437820962190079,0.31234002040435455,-0.34951028494296127,-1.0593054514853693,-1.0104291372918257,low,other
-0.15950057534421705,female,hispanic,-0.8468289382327556,no,no,yes,yes,0.5437820962190079,0.31234002040435455,-0.34951028494296127,-1.0593054514853693,0.6663855055093747,low,other
-0.15933261616901798,male,hispanic,-1.0536799993090114,no,no,yes,yes,0.5437820962190079,0.31234002040435455,-0.34951028494296127,-1.0593054514853693,-1.0104291372918257,low,other
-0.1591646569938189,male,hispanic,-0.26994401522165945,no,no,yes,yes,1.8826246989277577,0.31234002040435455,-0.523640766198534,-1.0593054514853693,0.1074472912423079,low,other
-0.15899669781861983,female,hispanic,-0.16536928533243006,no,no,yes,yes,1.8826246989277577,0.31234002040435455,-0.523640766198534,-1.0593054514853693,0.6663855055093747,low,other
-0.15882873864342073,female,hispanic,-1.2134149829269272,no,no,yes,yes,1.8826246989277577,0.31234002040435455,-0.523640766198534,-1.0593054514853693,-0.45149092302475896,low,other
-0.15866077946822166,male,hispanic,-0.344640438731707,no,no,yes,yes,1.8826246989277577,0.31234002040435455,-0.523640766198534,-1.0593054514853693,1.2253237197764415,high,other
-0.15849282029302258,female,hispanic,-0.2986733414371041,no,no,yes,yes,1.8826246989277577,0.31234002040435455,-0.523640766198534,-1.0593054514853693,-1.0104291372918257,low,other
-0.1583248611178235,female,other,-0.571027669589324,yes,no,yes,yes,1.8826246989277577,0.31234002040435455,-0.523640766198534,-1.0593054514853693,1.2253237197764415,low,other
-0.15815690194262444,female,hispanic,-0.010231099118920388,no,no,yes,yes,1.8826246989277577,0.31234002040435455,-0.523640766198534,-1.0593054514853693,2.3432001483105753,low,other
-0.15798894276742534,female,hispanic,-0.12399898544223319,no,no,yes,yes,1.8826246989277577,0.31234002040435455,-0.523640766198534,-1.0593054514853693,-1.0104291372918257,low,other
-0.15782098359222627,male,hispanic,-0.26419823765351624,no,no,yes,no,-0.9036155592712896,0.31234002040435455,0.7388052877730314,-1.0593054514853693,-1.0104291372918257,low,other
-0.1576530244170272,female,hispanic,-1.5501227212419166,no,no,yes,no,-0.9036155592712896,0.31234002040435455,0.7388052877730314,-1.0593054514853693,-1.0104291372918257,low,other
-0.15748506524182812,male,hispanic,-0.8996907932592388,no,no,yes,no,-0.9036155592712896,0.31234002040435455,0.7388052877730314,-1.0593054514853693,1.7842619340435084,low,other
-0.15731710606662905,male,hispanic,-1.3823435613536548,no,no,yes,no,-0.9036155592712896,0.31234002040435455,0.7388052877730314,-1.0593054514853693,-1.0104291372918257,low,other
-0.15714914689142995,female,hispanic,-2.1476927941981114,no,no,yes,no,-0.9036155592712896,0.31234002040435455,0.7388052877730314,-1.0593054514853693,-1.0104291372918257,low,other
-0.15698118771623087,male,hispanic,-1.9983003855527448,no,no,yes,no,-0.9036155592712896,0.31234002040435455,0.7388052877730314,-1.0593054514853693,-1.0104291372918257,low,other
-0.1568132285410318,female,hispanic,-1.388089338921798,no,no,yes,no,-0.9036155592712896,0.31234002040435455,0.7388052877730314,-1.0593054514853693,-1.0104291372918257,low,other
-0.15664526936583273,female,hispanic,-1.5087528597264486,no,no,yes,no,-0.9036155592712896,0.31234002040435455,0.7388052877730314,-1.0593054514853693,-1.0104291372918257,low,other
-0.15647731019063366,female,other,1.4699039102457123,no,no,no,no,-0.9036155592712896,0.31234002040435455,0.7388052877730314,-1.0593054514853693,1.2253237197764415,low,other
-0.15630935101543456,female,hispanic,-0.6618120072653354,no,no,yes,no,-0.9036155592712896,0.31234002040435455,0.7388052877730314,-1.0593054514853693,-1.0104291372918257,low,other
-0.15614139184023548,female,hispanic,-1.920156583176757,no,no,yes,no,-0.9036155592712896,0.31234002040435455,0.7388052877730314,-1.0593054514853693,-0.45149092302475896,low,other
-0.1559734326650364,male,hispanic,-0.5744750484552643,no,no,yes,yes,-0.6141359936645852,0.31234002040435455,-0.39304291823058707,-1.0593054514853693,-1.0104291372918257,low,other
-0.15580547348983734,female,hispanic,-1.651250072265206,no,no,no,yes,-0.6141359936645852,0.31234002040435455,-0.39304291823058707,-1.0593054514853693,-1.0104291372918257,low,other
-0.15563751431463826,male,hispanic,-1.4283106586482577,no,no,yes,yes,-0.6141359936645852,0.31234002040435455,-0.39304291823058707,-1.0593054514853693,-1.0104291372918257,low,other
-0.15546955513943916,female,hispanic,-1.44095163232301,no,no,no,yes,-0.6141359936645852,0.31234002040435455,-0.39304291823058707,-1.0593054514853693,-1.0104291372918257,low,other
-0.1553015959642401,female,hispanic,-2.0155381566319033,no,no,yes,yes,-0.6141359936645852,0.31234002040435455,-0.39304291823058707,-1.0593054514853693,-1.0104291372918257,low,other
-0.15513363678904102,male,hispanic,-0.638828458618034,no,no,yes,yes,-0.6141359936645852,0.31234002040435455,-0.39304291823058707,-1.0593054514853693,-1.0104291372918257,low,other
-0.15496567761384195,male,hispanic,-0.7250164372643679,no,no,yes,no,1.8826246989277577,0.31234002040435455,-0.741303890472032,-1.0593054514853693,1.2253237197764415,low,other
-0.15479771843864287,male,hispanic,1.0814832970679764,yes,no,yes,no,1.8826246989277577,0.31234002040435455,-0.741303890472032,-1.0593054514853693,0.6663855055093747,high,other
-0.15462975926344377,female,hispanic,-1.0215032942276265,no,no,yes,no,1.8826246989277577,0.31234002040435455,-0.741303890472032,-1.0593054514853693,1.2253237197764415,low,other
-0.1544618000882447,male,hispanic,0.05757012828451814,yes,no,yes,no,1.8826246989277577,0.31234002040435455,-0.741303890472032,-1.0593054514853693,1.7842619340435084,high,other
-0.15429384091304563,male,hispanic,-0.0010375043101083555,no,no,yes,no,1.8826246989277577,0.31234002040435455,-0.741303890472032,-1.0593054514853693,1.2253237197764415,low,other
-0.15412588173784655,male,hispanic,-1.119182828010247,no,no,no,no,1.8826246989277577,0.31234002040435455,-0.741303890472032,-1.0593054514853693,-1.0104291372918257,low,other
-0.15395792256264748,female,hispanic,-0.564132473482715,no,no,yes,no,1.8826246989277577,0.31234002040435455,-0.741303890472032,-1.0593054514853693,1.7842619340435084,low,other
-0.15378996338744838,female,hispanic,0.7344329837804376,no,no,yes,no,1.8826246989277577,0.31234002040435455,-0.741303890472032,-1.0593054514853693,1.7842619340435084,low,other
-0.1536220042122493,female,hispanic,-0.15272831165767783,no,no,yes,no,1.8826246989277577,0.31234002040435455,-0.741303890472032,-1.0593054514853693,-1.0104291372918257,low,other
-0.15345404503705024,male,hispanic,1.2055941967385673,no,no,yes,no,1.8826246989277577,0.31234002040435455,-0.741303890472032,-1.0593054514853693,0.6663855055093747,low,other
-0.15328608586185116,male,hispanic,0.25292963422448755,no,no,yes,no,1.8826246989277577,0.31234002040435455,-0.741303890472032,-1.0593054514853693,1.2253237197764415,low,other
-0.1531181266866521,male,hispanic,-0.21133638262703297,no,no,yes,yes,-0.6141359936645852,0.31234002040435455,-0.741303890472032,-1.0593054514853693,-1.0104291372918257,low,other
-0.152950167511453,male,hispanic,-1.1973266303862347,no,no,yes,yes,-0.6141359936645852,0.31234002040435455,-0.741303890472032,-1.0593054514853693,0.1074472912423079,low,other
-0.15278220833625392,male,hispanic,-1.6926203721554027,no,no,yes,yes,-0.6141359936645852,0.31234002040435455,-0.741303890472032,-1.0593054514853693,-1.0104291372918257,low,other
-0.15261424916105484,female,hispanic,0.46552647286888654,no,no,yes,yes,-0.6141359936645852,0.31234002040435455,-0.741303890472032,-1.0593054514853693,0.6663855055093747,low,other
-0.15244628998585577,female,hispanic,-1.4478463900548904,no,no,no,yes,-0.6141359936645852,0.31234002040435455,-0.741303890472032,-1.0593054514853693,-1.0104291372918257,low,other
-0.1522783308106567,male,hispanic,-1.6615926472377551,no,no,yes,yes,-0.6141359936645852,0.31234002040435455,-0.741303890472032,-1.0593054514853693,-0.45149092302475896,low,other
-0.1521103716354576,male,hispanic,-0.6687072033719444,no,no,no,no,1.0141860021076436,0.31234002040435455,6.180383151352995,-1.0593054514853693,-1.0104291372918257,low,other
-0.15194241246025852,female,hispanic,-1.5777030672936243,no,no,yes,no,1.0141860021076436,0.31234002040435455,6.180383151352995,-1.0593054514853693,0.1074472912423079,low,other
-0.15177445328505945,male,hispanic,1.8204020407739199,no,no,yes,no,1.0141860021076436,0.31234002040435455,6.180383151352995,-1.0593054514853693,1.2253237197764415,low,other
-0.15160649410986038,male,hispanic,-0.30212115867777295,no,no,yes,no,1.0141860021076436,0.31234002040435455,6.180383151352995,-1.0593054514853693,0.1074472912423079,low,other
-0.1514385349346613,male,hispanic,-1.480023533511004,no,no,yes,no,1.0141860021076436,0.31234002040435455,6.180383151352995,-1.0593054514853693,-1.0104291372918257,low,other
-0.1512705757594622,female,other,0.45173651903039713,no,no,yes,no,1.0141860021076436,0.31234002040435455,6.180383151352995,-1.0593054514853693,0.1074472912423079,low,other
-0.15110261658426313,female,hispanic,0.3333718353026783,no,no,yes,no,1.0141860021076436,0.31234002040435455,6.180383151352995,-1.0593054514853693,1.2253237197764415,low,other
-0.15093465740906406,male,hispanic,-0.08722548295644232,no,no,no,no,1.0141860021076436,0.31234002040435455,6.180383151352995,-1.0593054514853693,0.6663855055093747,low,other
-0.150766698233865,male,hispanic,0.1345649504967687,no,no,yes,no,1.0141860021076436,0.31234002040435455,6.180383151352995,-1.0593054514853693,-1.0104291372918257,low,other
-0.15059873905866591,female,other,1.4813954653819987,no,no,yes,no,-1.5911293119081806,0.31234002040435455,1.1741315168594286,-1.0593054514853693,-1.0104291372918257,low,other
-0.15043077988346681,female,hispanic,-0.8215469908832511,no,no,yes,no,-1.5911293119081806,0.31234002040435455,1.1741315168594286,-1.0593054514853693,-1.0104291372918257,low,other
-0.15026282070826774,male,hispanic,0.7884442573453868,no,no,yes,yes,-0.6141359936645852,0.31234002040435455,-0.610706019800053,-1.0593054514853693,1.2253237197764415,low,other
-0.15009486153306867,female,hispanic,1.2527102741969072,no,no,yes,yes,-0.6141359936645852,0.31234002040435455,-0.610706019800053,-1.0593054514853693,-0.45149092302475896,high,other
-0.1499269023578696,male,hispanic,1.6905449251604574,no,no,yes,yes,-0.6141359936645852,0.31234002040435455,-0.610706019800053,-1.0593054514853693,0.6663855055093747,low,other
-0.14975894318267052,male,hispanic,1.2504118754947042,no,no,yes,yes,-0.6141359936645852,0.31234002040435455,-0.610706019800053,-1.0593054514853693,1.2253237197764415,low,other
-0.14959098400747142,male,hispanic,0.9849527434490933,yes,no,yes,yes,-0.6141359936645852,0.31234002040435455,-0.610706019800053,-1.0593054514853693,0.6663855055093747,low,other
-0.14942302483227235,male,hispanic,0.5850405751350711,no,no,yes,yes,-0.6141359936645852,0.31234002040435455,-0.610706019800053,-1.0593054514853693,1.2253237197764415,low,other
-0.14925506565707328,male,hispanic,1.027472461877756,yes,yes,yes,yes,-0.6141359936645852,0.31234002040435455,-0.610706019800053,-1.0593054514853693,1.2253237197764415,low,other
-0.1490871064818742,male,hispanic,0.09664202947251202,no,no,yes,yes,-0.6141359936645852,0.31234002040435455,-0.610706019800053,-1.0593054514853693,1.2253237197764415,high,other
-0.14891914730667513,female,hispanic,0.032288180935013684,no,no,yes,yes,-0.6141359936645852,0.31234002040435455,-0.610706019800053,-1.0593054514853693,-0.45149092302475896,low,other
-0.14875118813147603,female,hispanic,1.7077826962396156,no,no,yes,yes,-0.6141359936645852,0.31234002040435455,-0.610706019800053,-1.0593054514853693,1.2253237197764415,low,other
-0.14858322895627696,female,hispanic,0.6562891814044499,no,no,yes,yes,-0.6141359936645852,0.31234002040435455,-0.610706019800053,-1.0593054514853693,-1.0104291372918257,low,other
-0.14841526978107789,female,hispanic,0.15869747930780734,no,no,no,yes,-0.6141359936645852,0.31234002040435455,-0.610706019800053,-1.0593054514853693,-1.0104291372918257,low,other
-0.1482473106058788,female,hispanic,0.8941679673983534,no,no,yes,yes,-0.6141359936645852,0.31234002040435455,-0.610706019800053,-1.0593054514853693,1.2253237197764415,low,other
-0.14807935143067974,male,hispanic,-1.4248628414075888,no,no,no,yes,-0.6141359936645852,0.31234002040435455,-0.5671733994861597,-1.0593054514853693,-1.0104291372918257,high,other
-0.14791139225548067,female,afam,-0.521613193428781,no,no,yes,yes,-0.6141359936645852,0.31234002040435455,-0.5671733994861597,-1.0593054514853693,-1.0104291372918257,low,other
-0.14774343308028157,male,hispanic,0.02884080206907349,no,no,yes,yes,-0.6141359936645852,0.31234002040435455,-0.5671733994861597,-1.0593054514853693,-1.0104291372918257,low,other
-0.1475754739050825,male,hispanic,-1.6466532748607998,no,no,yes,yes,-0.6141359936645852,0.31234002040435455,-0.5671733994861597,-1.0593054514853693,-1.0104291372918257,low,other
-0.14740751472988342,female,hispanic,-0.7824750896952573,no,no,yes,yes,-0.6141359936645852,0.31234002040435455,-0.5671733994861597,-1.0593054514853693,-1.0104291372918257,low,other
-0.14723955555468435,male,hispanic,-0.5204637748903151,no,no,yes,yes,-0.6141359936645852,0.31234002040435455,-0.5671733994861597,-1.0593054514853693,-1.0104291372918257,low,other
-0.14707159637948528,male,hispanic,-0.8089064555832275,no,no,yes,yes,-0.6141359936645852,0.31234002040435455,-0.5671733994861597,-1.0593054514853693,-0.45149092302475896,low,other
-0.14690363720428617,male,hispanic,0.0771062980658794,no,no,yes,yes,1.8826246989277577,0.31234002040435455,0.17288121071868745,-1.0593054514853693,-1.0104291372918257,low,other
-0.1467356780290871,male,hispanic,-1.2007744476269036,no,no,yes,yes,1.8826246989277577,0.31234002040435455,0.17288121071868745,-1.0593054514853693,-1.0104291372918257,low,other
-0.14656771885388803,male,hispanic,-0.4480657500824706,no,no,yes,yes,1.8826246989277577,0.31234002040435455,0.17288121071868745,-1.0593054514853693,-1.0104291372918257,low,other
-0.14639975967868896,female,hispanic,-0.8962434143932987,no,yes,yes,yes,1.8826246989277577,0.31234002040435455,0.17288121071868745,-1.0593054514853693,0.1074472912423079,high,other
-0.14623180050348988,male,hispanic,-1.3949845350284071,no,no,yes,yes,1.8826246989277577,0.31234002040435455,0.17288121071868745,-1.0593054514853693,-1.0104291372918257,low,other
-0.14606384132829078,female,hispanic,-0.7985638806106783,no,no,yes,yes,1.8826246989277577,0.31234002040435455,0.17288121071868745,-1.0593054514853693,0.6663855055093747,low,other
-0.1458958821530917,female,hispanic,-1.1479121542256916,no,no,no,no,-0.9398004618363213,0.31234002040435455,0.4340769066545813,-1.0593054514853693,-1.0104291372918257,low,other
-0.14572792297789264,female,hispanic,0.25522803292669055,no,no,no,no,-0.9398004618363213,0.31234002040435455,0.4340769066545813,-1.0593054514853693,0.6663855055093747,low,other
-0.14555996380269356,female,hispanic,-1.6156255499431522,no,no,yes,no,-0.9398004618363213,0.31234002040435455,0.4340769066545813,-1.0593054514853693,-1.0104291372918257,low,other
-0.1453920046274945,male,other,1.3147657240322026,no,no,yes,no,-0.9398004618363213,0.31234002040435455,0.4340769066545813,-1.0593054514853693,-1.0104291372918257,low,other
-0.1452240454522954,male,hispanic,-0.15387773019614367,no,no,yes,no,-0.9398004618363213,0.31234002040435455,0.4340769066545813,-1.0593054514853693,-1.0104291372918257,low,other
-0.14505608627709632,male,hispanic,-1.3087965563820732,no,no,no,no,-0.9398004618363213,0.31234002040435455,0.4340769066545813,-1.0593054514853693,-1.0104291372918257,high,other
-0.14488812710189725,female,hispanic,-1.4673825598362515,no,no,yes,no,-0.6141359936645852,0.31234002040435455,0.08581594414343584,-1.0593054514853693,-1.0104291372918257,low,other
-0.14472016792669817,male,hispanic,-0.41129224759667976,yes,yes,yes,no,-0.6141359936645852,0.31234002040435455,0.08581594414343584,-1.0593054514853693,-1.0104291372918257,high,other
-0.1445522087514991,male,hispanic,-1.2559347013555897,no,no,yes,no,-0.6141359936645852,0.31234002040435455,0.08581594414343584,-1.0593054514853693,-1.0104291372918257,low,other
-0.1443842495763,male,hispanic,0.3471617891411677,no,no,yes,no,-0.6141359936645852,0.31234002040435455,0.08581594414343584,-1.0593054514853693,0.1074472912423079,low,other
-0.14421629040110093,male,hispanic,-1.6294159421563703,no,no,yes,no,-0.6141359936645852,0.31234002040435455,0.08581594414343584,-1.0593054514853693,-1.0104291372918257,low,other
-0.14404833122590185,male,other,0.6804221485902172,no,no,yes,no,-0.6141359936645852,0.31234002040435455,0.08581594414343584,-1.0593054514853693,-1.0104291372918257,low,other
-0.14388037205070278,male,hispanic,1.9249763322884208,no,no,yes,no,-0.6141359936645852,0.31234002040435455,0.08581594414343584,-1.0593054514853693,-0.45149092302475896,low,other
-0.1437124128755037,female,hispanic,-1.0513816006068084,no,no,no,no,-0.9759853644013529,0.31234002040435455,-0.741303890472032,-1.0593054514853693,-1.0104291372918257,low,other
-0.1435444537003046,male,hispanic,-1.7029629471279522,no,no,yes,no,-0.9759853644013529,0.31234002040435455,-0.741303890472032,-1.0593054514853693,1.7842619340435084,low,other
-0.14337649452510554,male,hispanic,-0.4790934750001183,no,no,yes,no,-0.9759853644013529,0.31234002040435455,-0.741303890472032,-1.0593054514853693,0.1074472912423079,high,other
-0.14320853534990646,female,other,1.5193183864062554,no,no,yes,no,-0.9759853644013529,0.31234002040435455,-0.741303890472032,-1.0593054514853693,0.1074472912423079,low,other
-0.1430405761747074,male,hispanic,-1.2042218264928437,no,no,yes,no,-0.9759853644013529,0.31234002040435455,-0.741303890472032,-1.0593054514853693,-1.0104291372918257,low,other
-0.14287261699950832,male,other,0.3391176128708215,no,no,no,no,-0.9759853644013529,0.31234002040435455,-0.741303890472032,-1.0593054514853693,-1.0104291372918257,low,other
-0.14270465782430922,male,hispanic,-0.056197758038794655,yes,no,no,no,-0.9759853644013529,0.31234002040435455,-0.741303890472032,-1.0593054514853693,-0.45149092302475896,low,other
-0.14253669864911014,female,hispanic,-1.1961776502224974,no,no,yes,no,-0.9759853644013529,0.31234002040435455,-0.741303890472032,-1.0593054514853693,-1.0104291372918257,low,other
-0.14236873947391107,female,hispanic,-1.3559126338404133,no,no,yes,no,-0.28847152549284893,0.31234002040435455,0.825870554348283,-1.0593054514853693,2.3432001483105753,high,other
-0.142200780298712,female,hispanic,-0.39175651619004714,no,no,yes,no,-0.28847152549284893,0.31234002040435455,0.825870554348283,-1.0593054514853693,-0.45149092302475896,low,other
-0.14203282112351293,female,hispanic,-1.1789398791433392,no,no,no,no,-0.28847152549284893,0.31234002040435455,0.825870554348283,-1.0593054514853693,0.6663855055093747,low,other
-0.14186486194831383,male,hispanic,0.22075292914310268,no,no,yes,no,-0.28847152549284893,0.31234002040435455,0.825870554348283,-1.0593054514853693,0.6663855055093747,low,other
-0.14169690277311475,male,hispanic,-1.4731283374043949,no,no,yes,no,-0.28847152549284893,0.31234002040435455,0.825870554348283,-1.0593054514853693,-1.0104291372918257,low,other
-0.14152894359791568,female,hispanic,-0.7594919794226844,no,no,yes,no,-0.28847152549284893,0.31234002040435455,0.825870554348283,-1.0593054514853693,-1.0104291372918257,low,other
-0.1413609844227166,male,hispanic,-1.1042438940080204,no,no,yes,no,-0.28847152549284893,0.31234002040435455,0.825870554348283,-1.0593054514853693,-1.0104291372918257,low,other
-0.14119302524751753,female,hispanic,0.4632280741666835,no,no,no,no,-0.28847152549284893,0.31234002040435455,0.825870554348283,-1.0593054514853693,1.7842619340435084,low,other
-0.14102506607231843,female,hispanic,0.005857253421772039,no,no,yes,no,-0.28847152549284893,0.31234002040435455,0.825870554348283,-1.0593054514853693,-0.45149092302475896,low,other
-0.14085710689711936,male,hispanic,-1.126078024116856,no,no,yes,no,-0.28847152549284893,0.31234002040435455,0.825870554348283,-1.0593054514853693,-1.0104291372918257,low,other
-0.1406891477219203,male,hispanic,-0.4951818275408107,no,no,yes,no,-0.28847152549284893,0.31234002040435455,0.825870554348283,-1.0593054514853693,-1.0104291372918257,low,other
-0.14052118854672122,female,hispanic,-0.29522596257116396,no,no,yes,no,-0.28847152549284893,0.31234002040435455,0.825870554348283,-1.0593054514853693,0.1074472912423079,low,other
-0.14035322937152214,male,hispanic,-1.4558905663252366,no,no,yes,no,6.261001877790778,0.31234002040435455,5.745056922266598,-1.0593054514853693,-1.0104291372918257,low,other
-0.14018527019632304,female,hispanic,-1.3800451626514518,no,no,yes,no,6.261001877790778,0.31234002040435455,5.745056922266598,-1.0593054514853693,1.2253237197764415,low,other
-0.14001731102112397,female,hispanic,-0.00678328187825156,no,no,no,no,6.261001877790778,0.31234002040435455,5.745056922266598,-1.0593054514853693,0.1074472912423079,low,other
-0.1398493518459249,male,hispanic,1.3274062593322262,yes,no,yes,no,6.261001877790778,0.31234002040435455,5.745056922266598,-1.0593054514853693,0.6663855055093747,low,other
-0.13968139267072582,female,hispanic,0.3862336903291616,no,no,yes,no,6.261001877790778,0.31234002040435455,5.745056922266598,-1.0593054514853693,0.6663855055093747,low,other
-0.13951343349552675,female,hispanic,0.2345428829815921,no,no,yes,no,6.261001877790778,0.31234002040435455,5.745056922266598,-1.0593054514853693,0.6663855055093747,high,other
-0.13934547432032765,male,hispanic,0.34601280897743053,no,no,yes,no,6.261001877790778,0.31234002040435455,5.745056922266598,-1.0593054514853693,0.1074472912423079,low,other
-0.13917751514512858,female,hispanic,0.18857578568698918,no,no,yes,no,6.261001877790778,0.31234002040435455,5.745056922266598,-1.0593054514853693,0.6663855055093747,low,other
-0.1390095559699295,male,hispanic,-0.40554647002853655,no,no,yes,no,6.261001877790778,0.31234002040435455,5.745056922266598,-1.0593054514853693,0.1074472912423079,low,other
-0.13884159679473043,female,hispanic,-1.4133712862713024,no,no,yes,no,6.261001877790778,0.31234002040435455,5.745056922266598,-1.0593054514853693,0.1074472912423079,low,other
-0.13867363761953136,female,hispanic,-0.9801329943374296,no,no,yes,no,6.261001877790778,0.31234002040435455,5.745056922266598,-1.0593054514853693,-1.0104291372918257,low,other
-0.13850567844433226,female,hispanic,0.5298803214063849,yes,no,yes,no,6.261001877790778,0.31234002040435455,5.745056922266598,-1.0593054514853693,0.6663855055093747,low,other
-0.13833771926913319,female,hispanic,-0.15617612889834667,no,no,no,no,6.261001877790778,0.31234002040435455,5.745056922266598,-1.0593054514853693,1.2253237197764415,low,other
-0.1381697600939341,female,hispanic,-1.5041560623220425,no,no,yes,no,6.261001877790778,0.31234002040435455,5.745056922266598,-1.0593054514853693,-1.0104291372918257,low,other
-0.13800180091873504,female,hispanic,-0.5365521274310076,no,no,yes,no,6.261001877790778,0.31234002040435455,5.745056922266598,-1.0593054514853693,-1.0104291372918257,low,other
-0.13783384174353597,female,hispanic,-1.8109850558831218,no,no,yes,no,-1.1569100497697369,0.31234002040435455,0.12934852553613116,-1.0593054514853693,-1.0104291372918257,low,other
-0.13766588256833687,female,hispanic,-1.0778129664947786,no,no,yes,no,-1.1569100497697369,0.31234002040435455,0.12934852553613116,-1.0593054514853693,-0.45149092302475896,low,other
-0.1374979233931378,male,hispanic,-1.9442891119877956,no,no,yes,no,-1.1569100497697369,0.31234002040435455,0.12934852553613116,-1.0593054514853693,-1.0104291372918257,low,other
-0.13732996421793872,male,hispanic,-1.2812162103303657,no,no,yes,no,-1.1569100497697369,0.31234002040435455,0.12934852553613116,-1.0593054514853693,-1.0104291372918257,low,other
-0.13716200504273965,female,hispanic,0.02654240336687048,no,yes,yes,no,-1.1569100497697369,0.31234002040435455,0.12934852553613116,-1.0593054514853693,1.2253237197764415,low,other
-0.13699404586754058,male,hispanic,-0.9410610931494358,no,no,yes,no,0.5437820962190079,0.31234002040435455,0.3034790586866344,-1.0593054514853693,-1.0104291372918257,low,other
-0.13682608669234148,male,hispanic,-1.388089338921798,no,no,no,no,0.5437820962190079,0.31234002040435455,0.3034790586866344,-1.0593054514853693,-1.0104291372918257,low,other
-0.1366581275171424,male,hispanic,0.5896373725394771,no,no,yes,no,0.5437820962190079,0.31234002040435455,0.3034790586866344,-1.0593054514853693,0.6663855055093747,low,other
-0.13649016834194333,female,hispanic,-1.4972608662154334,no,no,yes,no,0.5437820962190079,0.31234002040435455,0.3034790586866344,-1.0593054514853693,-1.0104291372918257,low,other
-0.13632220916674426,female,hispanic,-1.5030066437835767,no,no,yes,no,0.5437820962190079,0.31234002040435455,0.3034790586866344,-1.0593054514853693,-1.0104291372918257,low,other
-0.13615424999154518,female,hispanic,-0.41359064629888276,no,no,no,no,0.5437820962190079,0.31234002040435455,0.3034790586866344,-1.0593054514853693,0.1074472912423079,low,other
-0.13598629081634608,female,hispanic,-1.6592942485355522,no,no,yes,no,0.5437820962190079,0.31234002040435455,0.3034790586866344,-1.0593054514853693,-1.0104291372918257,low,other
-0.135818331641147,female,hispanic,-0.4859886711067273,no,no,yes,no,0.5437820962190079,0.31234002040435455,0.3034790586866344,-1.0593054514853693,0.6663855055093747,low,other
-0.13565037246594794,male,hispanic,-1.6834267773465907,no,no,yes,no,0.5437820962190079,0.31234002040435455,0.3034790586866344,-1.0593054514853693,-0.45149092302475896,low,other
-0.13548241329074887,female,hispanic,-1.0444868428749279,no,no,yes,no,-1.0121702669663846,0.31234002040435455,2.0447839750322228,-1.0593054514853693,-1.0104291372918257,low,other
-0.1353144541155498,male,hispanic,-1.0318458692001757,no,no,yes,no,-1.0121702669663846,0.31234002040435455,2.0447839750322228,-1.0593054514853693,-1.0104291372918257,low,other
-0.1351464949403507,male,hispanic,-1.7064103259938923,no,no,yes,no,-1.0121702669663846,0.31234002040435455,2.0447839750322228,-1.0593054514853693,-1.0104291372918257,low,other
-0.13497853576515162,male,other,0.8332619361015239,no,no,no,no,-1.0121702669663846,0.31234002040435455,2.0447839750322228,-1.0593054514853693,-1.0104291372918257,low,other
-0.13481057658995255,female,hispanic,-1.8489079769073784,no,no,yes,no,-1.0121702669663846,0.31234002040435455,2.0447839750322228,-1.0593054514853693,-1.0104291372918257,low,other
-0.13464261741475347,male,hispanic,0.9861021619875592,no,no,yes,no,-1.0483553420746419,0.31234002040435455,1.8271208604890243,-1.0593054514853693,1.2253237197764415,high,other
-0.1344746582395544,male,hispanic,0.018498227096524267,no,no,yes,no,0.7247067815873918,0.31234002040435455,0.3034790586866344,-1.0593054514853693,2.3432001483105753,low,other
-0.1343066990643553,female,hispanic,-0.25615406138317004,no,no,yes,no,0.7247067815873918,0.31234002040435455,0.3034790586866344,-1.0593054514853693,-1.0104291372918257,low,other
-0.13413873988915623,female,hispanic,-1.301901360275464,no,no,yes,no,0.7247067815873918,0.31234002040435455,0.3034790586866344,-1.0593054514853693,1.2253237197764415,low,other
-0.13397078071395715,male,hispanic,-1.2536363026533868,no,no,yes,no,0.7247067815873918,0.31234002040435455,0.3034790586866344,-1.0593054514853693,0.1074472912423079,low,other
-0.13380282153875808,female,afam,-1.8512063756095813,no,no,no,yes,0.21811745550404543,-1.4597234578681366,-0.5671733994861597,0.012081689611110202,-1.0104291372918257,low,other
-0.133634862363559,male,afam,-1.1387189977916081,no,no,no,yes,0.21811745550404543,-1.4597234578681366,-0.5671733994861597,0.012081689611110202,-0.45149092302475896,low,other
-0.1334669031883599,male,hispanic,-1.3260343274612314,no,no,no,yes,0.21811745550404543,-1.4597234578681366,-0.5671733994861597,0.012081689611110202,-0.45149092302475896,low,other
-0.13329894401316084,male,hispanic,-1.6914713919916657,no,no,no,yes,0.21811745550404543,-1.4597234578681366,-0.5671733994861597,0.012081689611110202,-1.0104291372918257,low,other
-0.13313098483796176,female,hispanic,-1.2030728463291065,no,no,no,no,1.122740882345965,0.40168766929977645,-0.1318471703997627,0.9202009926976503,0.6663855055093747,low,other
-0.1329630256627627,female,hispanic,-1.0215032942276265,no,no,no,no,1.122740882345965,0.40168766929977645,-0.1318471703997627,0.9202009926976503,-1.0104291372918257,low,other
-0.13279506648756362,female,hispanic,-0.517016396024375,no,no,no,no,1.122740882345965,0.40168766929977645,-0.1318471703997627,0.9202009926976503,-0.45149092302475896,low,other
-0.13262710731236452,female,hispanic,-0.0745845092816901,no,no,no,no,1.122740882345965,0.40168766929977645,-0.1318471703997627,0.9202009926976503,0.6663855055093747,low,other
-0.13245914813716544,male,hispanic,-1.7087087246960952,no,no,no,no,1.122740882345965,0.40168766929977645,-0.1318471703997627,0.9202009926976503,0.6663855055093747,low,other
-0.13229118896196637,female,hispanic,0.10008940833845222,no,yes,no,no,1.122740882345965,0.40168766929977645,-0.1318471703997627,0.9202009926976503,-0.45149092302475896,low,other
-0.1321232297867673,male,hispanic,1.197550020468221,no,no,yes,no,1.122740882345965,0.40168766929977645,-0.1318471703997627,0.9202009926976503,1.7842619340435084,low,other
-0.13195527061156823,male,hispanic,-0.01597687668706359,no,no,yes,no,1.122740882345965,0.40168766929977645,-0.1318471703997627,0.9202009926976503,-1.0104291372918257,low,other
-0.13178731143636913,female,hispanic,-0.03436362792995903,no,no,no,no,1.122740882345965,0.40168766929977645,-0.1318471703997627,0.9202009926976503,1.2253237197764415,high,other
-0.13161935226117005,female,hispanic,0.032288180935013684,no,no,no,no,1.122740882345965,0.40168766929977645,-0.1318471703997627,0.9202009926976503,-0.45149092302475896,low,other
-0.13145139308597098,female,other,-0.7870718870996632,no,no,no,no,1.122740882345965,0.40168766929977645,-0.1318471703997627,0.9202009926976503,0.1074472912423079,high,other
-0.1312834339107719,male,hispanic,0.2425870592519383,no,yes,yes,no,1.122740882345965,0.40168766929977645,-0.1318471703997627,0.9202009926976503,-1.0104291372918257,low,other
-0.13111547473557283,female,hispanic,0.08285207563402261,yes,no,no,no,1.122740882345965,0.40168766929977645,-0.1318471703997627,0.9202009926976503,0.1074472912423079,low,other
-0.13094751556037376,female,afam,0.8045326098860792,no,no,yes,no,0.21811745550404543,-1.4597234578681366,-0.2624450183677096,0.012081689611110202,-1.0104291372918257,low,other
-0.13077955638517466,male,other,0.9884005606897621,no,no,yes,no,0.21811745550404543,-1.4597234578681366,-0.2624450183677096,0.012081689611110202,-1.0104291372918257,low,other
-0.1306115972099756,female,other,-1.3811945811899176,yes,no,yes,no,0.21811745550404543,-1.4597234578681366,-0.2624450183677096,0.012081689611110202,1.2253237197764415,high,other
-0.13044363803477652,female,other,1.4928874588930137,no,no,yes,no,0.21811745550404543,-1.4597234578681366,-0.2624450183677096,0.012081689611110202,1.2253237197764415,low,other
-0.13027567885957744,female,afam,-1.4110728875690994,yes,yes,yes,no,0.21811745550404543,-1.4597234578681366,-0.2624450183677096,0.012081689611110202,-0.45149092302475896,low,other
-0.13010771968437837,male,hispanic,-0.11825320787408998,yes,no,yes,no,0.21811745550404543,-1.4597234578681366,-0.2624450183677096,0.012081689611110202,1.7842619340435084,low,other
-0.12993976050917927,female,hispanic,-1.1145864689805696,no,no,yes,yes,0.21811745550404543,-1.4597234578681366,-0.741303890472032,0.012081689611110202,-1.0104291372918257,low,other
-0.1297718013339802,male,hispanic,-0.5308063498628643,no,no,yes,yes,0.21811745550404543,-1.4597234578681366,-0.741303890472032,0.012081689611110202,-0.45149092302475896,low,other
-0.12960384215878112,male,other,1.8479819484508988,no,no,yes,yes,0.21811745550404543,-1.4597234578681366,-0.741303890472032,0.012081689611110202,1.2253237197764415,low,other
-0.12943588298358205,female,hispanic,1.012533089500801,no,no,yes,yes,0.21811745550404543,-1.4597234578681366,-0.741303890472032,0.012081689611110202,0.6663855055093747,low,other
-0.12926792380838298,female,other,-1.7604215995588413,yes,no,yes,yes,0.21811745550404543,-1.4597234578681366,-0.5671733994861597,0.012081689611110202,-0.45149092302475896,high,other
-0.12909996463318388,male,hispanic,-0.9318679367153524,no,no,yes,yes,0.21811745550404543,-1.4597234578681366,-0.5671733994861597,0.012081689611110202,-1.0104291372918257,low,other
-0.1289320054579848,female,other,0.8803780135598639,no,no,yes,yes,0.21811745550404543,-1.4597234578681366,-0.5671733994861597,0.012081689611110202,0.6663855055093747,low,other
-0.12876404628278573,male,other,-0.9318679367153524,yes,yes,yes,yes,0.21811745550404543,-1.4597234578681366,-0.5671733994861597,0.012081689611110202,2.3432001483105753,high,other
-0.12859608710758666,female,hispanic,-0.32395528878660856,no,no,yes,yes,0.21811745550404543,-1.4597234578681366,-0.5671733994861597,0.012081689611110202,1.7842619340435084,low,other
-0.1284281279323876,female,hispanic,-1.429459638811995,yes,no,yes,yes,0.21811745550404543,-1.4597234578681366,-0.5671733994861597,0.012081689611110202,-1.0104291372918257,high,other
-0.1282601687571885,female,hispanic,0.4505875388666599,yes,no,yes,yes,0.21811745550404543,-1.4597234578681366,-0.5671733994861597,0.012081689611110202,1.7842619340435084,high,other
-0.1280922095819894,male,hispanic,1.54460033375576,no,no,yes,yes,0.21811745550404543,-1.4597234578681366,-0.5671733994861597,0.012081689611110202,2.3432001483105753,low,other
-0.12792425040679034,female,hispanic,-0.22512633646552238,yes,no,yes,yes,0.21811745550404543,-1.4597234578681366,-0.5671733994861597,0.012081689611110202,-1.0104291372918257,low,other
-0.12775629123159127,female,hispanic,-0.10216485533339756,no,no,yes,yes,0.21811745550404543,-1.4597234578681366,-0.5671733994861597,0.012081689611110202,1.2253237197764415,high,other
-0.1275883320563922,male,hispanic,-0.26764561651945645,yes,no,yes,yes,0.21811745550404543,-1.4597234578681366,-0.5671733994861597,0.012081689611110202,1.2253237197764415,low,other
-0.1274203728811931,male,hispanic,0.17478583184849977,no,no,yes,yes,0.21811745550404543,-1.4597234578681366,-0.5671733994861597,0.012081689611110202,-1.0104291372918257,low,other
-0.12725241370599402,male,hispanic,0.10468620574285824,no,no,yes,yes,0.21811745550404543,-1.4597234578681366,-0.5671733994861597,0.012081689611110202,0.6663855055093747,low,other
-0.12708445453079495,female,hispanic,0.4528859375688629,no,yes,no,yes,0.21811745550404543,-1.4597234578681366,-0.34951028494296127,0.012081689611110202,0.1074472912423079,low,other
-0.12691649535559588,male,other,2.3524688466541503,yes,yes,yes,yes,0.21811745550404543,-1.4597234578681366,-0.34951028494296127,0.012081689611110202,1.7842619340435084,low,other
-0.1267485361803968,female,hispanic,-0.5698782510508582,yes,no,no,yes,0.21811745550404543,-1.4597234578681366,-0.34951028494296127,0.012081689611110202,-0.45149092302475896,low,other
-0.1265805770051977,male,hispanic,1.0814832970679764,no,no,no,yes,0.21811745550404543,-1.4597234578681366,-0.34951028494296127,0.012081689611110202,-1.0104291372918257,low,other
-0.12641261782999863,female,other,0.18857578568698918,no,no,yes,yes,0.21811745550404543,-1.4597234578681366,-0.34951028494296127,0.012081689611110202,1.2253237197764415,high,other
-0.12624465865479956,female,hispanic,0.1862773869847862,no,no,yes,yes,0.21811745550404543,-1.4597234578681366,-0.34951028494296127,0.012081689611110202,1.2253237197764415,low,other
-0.12607669947960048,female,hispanic,1.0309198407436961,no,no,yes,yes,0.21811745550404543,-1.4597234578681366,-0.34951028494296127,0.012081689611110202,1.2253237197764415,low,other
-0.1259087403044014,female,other,-0.08262912392676494,yes,yes,yes,yes,0.21811745550404543,-1.4597234578681366,-0.34951028494296127,0.012081689611110202,1.2253237197764415,high,other
-0.1257407811292023,female,afam,-1.2743214525984852,no,yes,yes,yes,0.21811745550404543,-1.4597234578681366,-0.34951028494296127,0.012081689611110202,0.6663855055093747,low,other
-0.12557282195400324,female,other,0.12307295698575367,no,no,no,no,0.21811745550404543,-1.4597234578681366,-0.48010815885837343,0.012081689611110202,-0.45149092302475896,low,other
-0.12540486277880417,male,hispanic,-0.5147179973221719,no,no,yes,no,0.21811745550404543,-1.4597234578681366,-0.48010815885837343,0.012081689611110202,-0.45149092302475896,low,other
-0.1252369036036051,female,hispanic,-0.9720888180670835,no,no,yes,no,0.21811745550404543,-1.4597234578681366,-0.48010815885837343,0.012081689611110202,-1.0104291372918257,low,other
-0.12506894442840602,female,hispanic,-0.20329220635668677,no,no,yes,no,0.21811745550404543,-1.4597234578681366,-0.48010815885837343,0.012081689611110202,-1.0104291372918257,low,other
-0.12490098525320693,male,afam,-0.956000465526391,no,no,yes,no,0.21811745550404543,-1.4597234578681366,-0.48010815885837343,0.012081689611110202,1.2253237197764415,low,other
-0.12473302607800785,male,hispanic,1.1596270994439644,no,no,yes,no,0.21811745550404543,-1.4597234578681366,-0.48010815885837343,0.012081689611110202,1.2253237197764415,low,other
-0.12456506690280877,male,hispanic,-0.026319451659612813,no,no,no,no,0.21811745550404543,-1.4597234578681366,-0.48010815885837343,0.012081689611110202,0.6663855055093747,low,other
-0.1243971077276097,male,hispanic,-0.1194026264125558,no,no,yes,no,0.21811745550404543,-1.4597234578681366,-0.48010815885837343,0.012081689611110202,-0.45149092302475896,high,other
-0.12422914855241061,male,hispanic,-1.0950502991992084,no,no,yes,yes,0.21811745550404543,-1.4597234578681366,-0.523640766198534,0.012081689611110202,-1.0104291372918257,low,other
-0.12406118937721154,female,other,-0.00678328187825156,no,no,no,yes,0.21811745550404543,-1.4597234578681366,-0.523640766198534,0.012081689611110202,0.1074472912423079,low,other
-0.12389323020201246,male,hispanic,0.8838258308005328,no,no,no,yes,0.21811745550404543,-1.4597234578681366,-0.523640766198534,0.012081689611110202,0.6663855055093747,low,other
-0.12372527102681338,female,hispanic,-0.07803232652235892,no,no,no,yes,0.21811745550404543,-1.4597234578681366,-0.523640766198534,0.012081689611110202,1.2253237197764415,low,other
-0.12355731185161431,female,hispanic,-1.0123096994188145,yes,no,no,yes,0.21811745550404543,-1.4597234578681366,-0.523640766198534,0.012081689611110202,-0.45149092302475896,low,other
-0.12338935267641522,female,hispanic,1.3434950502476473,no,no,no,yes,0.21811745550404543,-1.4597234578681366,-0.523640766198534,0.012081689611110202,-1.0104291372918257,low,other
-0.12322139350121615,male,hispanic,0.11617819925387328,no,no,yes,yes,0.21811745550404543,-1.4597234578681366,-0.523640766198534,0.012081689611110202,1.2253237197764415,low,other
-0.12305343432601706,male,hispanic,0.019647645634990087,no,no,yes,yes,0.21811745550404543,-1.4597234578681366,-0.523640766198534,0.012081689611110202,0.1074472912423079,low,other
-0.12288547515081799,male,other,-0.4009496726241305,no,no,yes,yes,0.21811745550404543,-1.4597234578681366,-0.523640766198534,0.012081689611110202,-0.45149092302475896,high,other
-0.12271751597561892,male,hispanic,-1.1605531279004437,no,no,yes,yes,0.21811745550404543,-1.4597234578681366,-0.523640766198534,0.012081689611110202,1.2253237197764415,low,other
-0.12254955680041983,male,hispanic,0.30923930649163966,no,yes,yes,yes,0.21811745550404543,-1.4597234578681366,-0.523640766198534,0.012081689611110202,1.2253237197764415,low,other
-0.12238159762522076,female,afam,0.7838474599409807,no,no,yes,no,0.21811745550404543,-1.4597234578681366,-0.21891243697501434,0.012081689611110202,1.2253237197764415,low,other
-0.12221363845002167,female,afam,0.5746980001625219,no,no,yes,no,0.21811745550404543,-1.4597234578681366,-0.21891243697501434,0.012081689611110202,0.1074472912423079,low,other
-0.1220456792748226,male,hispanic,-0.9238237604450061,no,no,no,no,0.21811745550404543,-1.4597234578681366,-0.21891243697501434,0.012081689611110202,-1.0104291372918257,low,other
-0.12187772009962353,male,afam,-0.9709398379033463,no,no,yes,no,0.21811745550404543,-1.4597234578681366,-0.21891243697501434,0.012081689611110202,-1.0104291372918257,low,other
-0.12170976092442444,female,hispanic,-1.35361423513821,no,no,no,yes,0.14574765037398213,0.10386217298170781,-0.741303890472032,0.9950161819475675,-1.0104291372918257,low,other
-0.12154180174922537,male,other,-1.2363985315742285,no,no,yes,yes,0.6885217064791338,0.10386217298170781,-0.6542386401139462,0.9950161819475675,-1.0104291372918257,low,other
-0.12137384257402628,female,other,1.8537272876443134,no,no,yes,yes,0.6885217064791338,0.10386217298170781,-0.6542386401139462,0.9950161819475675,1.2253237197764415,low,other
-0.12120588339882721,female,afam,-1.1617025464389097,no,no,no,yes,0.6885217064791338,0.10386217298170781,-0.6542386401139462,0.9950161819475675,0.1074472912423079,low,other
-0.12103792422362813,male,other,-1.082409325524456,no,no,no,yes,-0.21610172036278566,-1.050212867876797,-0.741303890472032,0.21956092906202535,-1.0104291372918257,low,other
-0.12086996504842905,female,afam,-0.9743872167692864,no,no,yes,yes,-0.21610172036278566,-1.050212867876797,-0.741303890472032,0.21956092906202535,-1.0104291372918257,low,other
-0.12070200587322998,female,afam,-1.2076692053587839,yes,no,no,yes,-0.21610172036278566,-1.050212867876797,-0.741303890472032,0.21956092906202535,0.1074472912423079,low,other
-0.12053404669803089,female,afam,-1.2019234277906408,no,no,yes,yes,-0.21610172036278566,-1.050212867876797,-0.741303890472032,0.21956092906202535,-1.0104291372918257,low,other
-0.12036608752283182,female,afam,-0.7376574109391202,no,no,yes,yes,-0.21610172036278566,-1.050212867876797,-0.741303890472032,0.21956092906202535,-0.45149092302475896,high,other
-0.12019812834763274,female,hispanic,0.27361478416958596,no,no,no,yes,-0.21610172036278566,-1.050212867876797,-0.741303890472032,0.21956092906202535,-1.0104291372918257,low,other
-0.12003016917243366,female,hispanic,-1.2823656288688314,no,no,no,yes,0.5799668262408132,0.10386217298170781,-0.741303890472032,0.9950161819475675,-0.45149092302475896,low,other
-0.11986220999723458,female,other,-0.6169943285091983,no,no,no,yes,0.5799668262408132,0.10386217298170781,-0.741303890472032,0.9950161819475675,-0.45149092302475896,low,other
-0.1196942508220355,female,other,-0.7399558096413231,no,no,no,yes,0.5799668262408132,0.10386217298170781,-0.741303890472032,0.9950161819475675,-1.0104291372918257,low,other
-0.11952629164683642,female,other,-0.5365521274310076,no,yes,yes,yes,-0.39702640573116954,-1.050212867876797,-0.6542386401139462,0.21956092906202535,-1.0104291372918257,low,other
-0.11935833247163735,female,hispanic,0.032288180935013684,no,no,no,yes,0.5799668262408132,0.10386217298170781,-0.6977712669147057,0.9950161819475675,-1.0104291372918257,low,other
-0.11919037329643827,male,other,-0.20673958522262695,no,no,no,yes,0.5799668262408132,0.10386217298170781,-0.6977712669147057,0.9950161819475675,1.2253237197764415,low,other
-0.11902241412123919,female,afam,-1.5754046685914211,no,no,yes,yes,0.14574765037398213,0.10386217298170781,-0.741303890472032,0.9950161819475675,0.1074472912423079,low,other
-0.1188544549460401,female,other,-1.6926203721554027,no,no,yes,yes,0.14574765037398213,0.10386217298170781,-0.741303890472032,0.9950161819475675,0.1074472912423079,low,other
-0.11868649577084103,female,hispanic,-1.1019454953058172,no,no,yes,yes,0.14574765037398213,0.10386217298170781,-0.43657552557074764,0.9950161819475675,-0.45149092302475896,low,other
-0.11851853659564196,female,hispanic,-0.3687729675427457,no,no,no,yes,0.14574765037398213,0.10386217298170781,-0.43657552557074764,0.9950161819475675,-0.45149092302475896,low,other
-0.11835057742044287,female,hispanic,0.2540786143882247,no,no,no,yes,0.14574765037398213,0.10386217298170781,-0.43657552557074764,0.9950161819475675,-1.0104291372918257,low,other
-0.1181826182452438,male,hispanic,0.3586533442774541,no,no,no,yes,0.14574765037398213,0.10386217298170781,-0.43657552557074764,0.9950161819475675,-0.45149092302475896,low,other
-0.11801465907004473,female,other,1.203295798036364,yes,no,yes,no,0.47141194600249264,0.5803829670906177,-0.6977712669147057,0.34539150213292424,1.2253237197764415,low,other
-0.11784669989484564,female,other,0.9964447369601084,no,no,yes,no,0.47141194600249264,0.5803829670906177,-0.6977712669147057,0.34539150213292424,1.7842619340435084,low,other
-0.11767874071964657,female,other,-0.12974520138510504,no,no,yes,no,0.47141194600249264,0.5803829670906177,-0.6977712669147057,0.34539150213292424,0.1074472912423079,low,other
-0.11751078154444748,female,other,-1.1042438940080204,yes,yes,yes,no,0.47141194600249264,0.5803829670906177,-0.6977712669147057,0.34539150213292424,-1.0104291372918257,low,other
-0.11734282236924841,female,other,0.5976815488098234,no,no,yes,no,0.47141194600249264,0.5803829670906177,-0.6977712669147057,0.34539150213292424,-1.0104291372918257,low,other
-0.11717486319404934,male,hispanic,-0.13893835781918842,yes,no,yes,no,-1.8444238886782407,-1.7277667595903952,-0.34951028494296127,1.0324530957586302,1.2253237197764415,high,other
-0.11700690401885025,male,hispanic,1.3802685527334382,yes,yes,yes,no,-1.8444238886782407,-1.7277667595903952,-0.34951028494296127,1.0324530957586302,1.7842619340435084,high,other
-0.11683894484365118,male,other,0.533327700272325,yes,no,yes,no,-1.8444238886782407,-1.7277667595903952,-0.34951028494296127,1.0324530957586302,0.6663855055093747,high,other
-0.11667098566845209,male,hispanic,1.941064684829113,yes,no,yes,no,-1.8444238886782407,-1.7277667595903952,-0.34951028494296127,1.0324530957586302,1.2253237197764415,high,other
-0.11650302649325302,male,other,2.1846896867658883,yes,yes,yes,no,-1.8444238886782407,-1.7277667595903952,-0.34951028494296127,1.0324530957586302,1.2253237197764415,high,other
-0.11633506731805394,male,other,0.9183009345841207,yes,no,yes,no,-0.5055812859694901,0.3421225700361627,-0.43657552557074764,1.7365099857412987,0.6663855055093747,low,other
-0.11616710814285486,female,other,1.0504555721503288,no,no,yes,no,-0.5055812859694901,0.3421225700361627,-0.43657552557074764,1.7365099857412987,0.6663855055093747,high,other
-0.11599914896765579,male,other,2.0088663506072804,yes,no,yes,no,-0.5055812859694901,0.3421225700361627,-0.43657552557074764,1.7365099857412987,1.7842619340435084,low,other
-0.1158311897924567,female,afam,0.6516928223747726,no,yes,no,no,-0.5055812859694901,0.3421225700361627,-0.43657552557074764,1.7365099857412987,-1.0104291372918257,low,other
-0.11566323061725763,female,afam,-1.076663547956313,no,no,yes,yes,-0.7588757764679374,-1.7277667595903952,-0.741303890472032,1.0324530957586302,-1.0104291372918257,low,other
-0.11549527144205855,female,afam,-1.4535921676230334,no,no,no,yes,-0.7588757764679374,-1.7277667595903952,-0.741303890472032,1.0324530957586302,-0.45149092302475896,low,other
-0.11532731226685947,male,afam,-1.873040505718417,no,no,yes,yes,-0.7588757764679374,-1.7277667595903952,-0.741303890472032,1.0324530957586302,-1.0104291372918257,low,other
-0.1151593530916604,male,hispanic,-1.6834267773465907,no,no,yes,yes,-0.7588757764679374,-1.7277667595903952,-0.741303890472032,1.0324530957586302,-1.0104291372918257,low,other
-0.1149913939164613,male,afam,0.17593481201223696,no,yes,no,yes,-0.3608415031661379,0.3421225700361627,-0.741303890472032,1.7365099857412987,-1.0104291372918257,low,other
-0.11482343474126223,female,afam,0.9550744370699115,yes,yes,no,no,-0.7226908739029057,0.40168766929977645,-0.34951028494296127,0.9202009926976503,-0.45149092302475896,low,other
-0.11465547556606316,male,other,2.0996511266580202,yes,yes,yes,no,-0.7226908739029057,0.40168766929977645,-0.34951028494296127,0.9202009926976503,1.7842619340435084,high,other
-0.11448751639086407,female,hispanic,1.2205331307407938,no,no,yes,no,-0.7226908739029057,0.40168766929977645,-0.34951028494296127,0.9202009926976503,1.2253237197764415,low,other
-0.114319557215665,male,other,-0.49633124607927653,yes,no,yes,no,-0.7226908739029057,0.40168766929977645,-0.34951028494296127,0.9202009926976503,0.6663855055093747,low,other
-0.11415159804046592,female,afam,-0.8904976368251555,no,no,yes,yes,0.037192770135661544,0.3421225700361627,-0.6977712669147057,1.7365099857412987,-0.45149092302475896,high,other
-0.11398363886526684,female,afam,-0.36187777143613664,no,no,yes,yes,0.037192770135661544,0.3421225700361627,-0.6977712669147057,1.7365099857412987,-0.45149092302475896,low,other
-0.11381567969006777,male,other,0.9435824435588964,no,no,yes,no,-0.8312455815980007,0.10386217298170781,-0.5671733994861597,0.9950161819475675,-1.0104291372918257,low,other
-0.11364772051486868,male,other,-0.056197758038794655,no,no,yes,no,-0.8312455815980007,0.10386217298170781,-0.5671733994861597,0.9950161819475675,1.7842619340435084,low,other
-0.11347976133966961,female,other,0.9263451108544668,no,no,yes,no,-0.8312455815980007,0.10386217298170781,-0.5671733994861597,0.9950161819475675,-1.0104291372918257,low,other
-0.11331180216447052,female,other,1.1194062180922333,no,no,yes,no,-0.8312455815980007,0.10386217298170781,-0.5671733994861597,0.9950161819475675,0.6663855055093747,low,other
-0.11314384298927145,female,other,2.067473544827178,no,no,yes,no,-0.8312455815980007,0.10386217298170781,-0.5671733994861597,0.9950161819475675,1.2253237197764415,low,other
-0.11297588381407238,male,other,0.30923930649163966,yes,no,yes,no,-0.8312455815980007,0.10386217298170781,-0.5671733994861597,0.9950161819475675,0.6663855055093747,high,other
-0.11280792463887329,female,other,1.183759628255003,yes,yes,yes,no,-0.8312455815980007,0.10386217298170781,-0.5671733994861597,0.9950161819475675,1.2253237197764415,high,other
-0.11263996546367422,female,other,-0.7215690583984278,no,no,no,yes,3.655686822589791,1.972718405003576,-0.741303890472032,1.0358404273555812,-1.0104291372918257,low,other
-0.11247200628847513,male,afam,-0.42967899883957517,no,no,yes,yes,3.655686822589791,1.972718405003576,-0.741303890472032,1.0358404273555812,-1.0104291372918257,high,other
-0.11230404711327606,female,afam,1.6181473387273415,no,no,yes,no,0.07337784524391884,-0.32054004686153076,-0.6977712669147057,-0.42667641915566656,1.2253237197764415,low,other
-0.11213608793807699,male,other,0.9677154107446637,no,yes,yes,no,-0.4332113082962012,0.1932098218771284,-0.6977712669147057,-0.9708822974754397,1.2253237197764415,high,other
-0.1119681287628779,female,afam,0.45403491773260013,no,yes,no,no,-0.4332113082962012,0.1932098218771284,-0.6977712669147057,-0.9708822974754397,1.7842619340435084,low,other
-0.11180016958767883,female,afam,-0.3733697649471517,no,no,yes,no,-0.4332113082962012,0.1932098218771284,-0.6977712669147057,-0.9708822974754397,-1.0104291372918257,low,other
-0.11163221041247974,female,afam,-1.5478247609144424,no,no,yes,yes,-0.5417661885345219,0.29744839055245426,-0.6542386401139462,-0.41648492961472083,-1.0104291372918257,low,other
-0.11146425123728067,female,afam,0.35980276281591994,no,no,no,yes,-0.5417661885345219,0.29744839055245426,-0.6542386401139462,-0.41648492961472083,0.1074472912423079,low,other
-0.1112962920620816,male,afam,-0.435425214782447,no,no,yes,yes,-0.5417661885345219,0.29744839055245426,-0.6542386401139462,-0.41648492961472083,1.7842619340435084,low,other
-0.11112833288688251,female,afam,-1.4386532336208069,no,no,yes,yes,-0.5417661885345219,0.29744839055245426,-0.6542386401139462,-0.41648492961472083,-1.0104291372918257,low,other
-0.11096037371168344,female,afam,-1.8282228269622798,no,no,no,yes,-0.5417661885345219,0.29744839055245426,-0.6542386401139462,-0.41648492961472083,0.6663855055093747,low,other
-0.11079241453648435,female,afam,-1.1950282316840317,no,no,yes,yes,-0.5417661885345219,0.29744839055245426,-0.6542386401139462,-0.41648492961472083,-1.0104291372918257,low,other
-0.11062445536128528,male,afam,2.1513635631460377,no,yes,yes,yes,-0.5417661885345219,0.29744839055245426,-0.6542386401139462,-0.41648492961472083,1.2253237197764415,low,other
-0.1104564961860862,female,afam,0.10123882687691804,no,no,no,yes,-0.5417661885345219,0.29744839055245426,-0.6542386401139462,-0.41648492961472083,0.1074472912423079,low,other
-0.11028853701088712,male,afam,-1.3559126338404133,no,no,no,yes,-0.5417661885345219,0.29744839055245426,-0.6542386401139462,-0.41648492961472083,0.1074472912423079,high,other
-0.11012057783568804,female,afam,0.0771062980658794,no,no,yes,yes,-0.5417661885345219,0.29744839055245426,-0.6542386401139462,-0.41648492961472083,-1.0104291372918257,low,other
-0.10995261866048896,female,other,1.321660481764083,no,no,no,no,0.21811745550404543,-0.1567356688505975,-0.39304291823058707,-0.13419067647787716,-1.0104291372918257,low,other
-0.10978465948528988,female,afam,-0.21248536279077015,no,no,no,no,0.21811745550404543,-0.1567356688505975,-0.39304291823058707,-0.13419067647787716,-1.0104291372918257,low,other
-0.10961670031009081,female,afam,-1.7259464957752535,no,no,no,yes,0.14574765037398213,0.5803829670906177,-0.6977712669147057,0.34539150213292424,0.1074472912423079,low,other
-0.10944874113489172,female,afam,-2.2212400183570575,no,no,no,yes,0.14574765037398213,0.5803829670906177,-0.6977712669147057,0.34539150213292424,0.1074472912423079,low,other
-0.10928078195969265,female,afam,0.1391613095264461,no,no,no,yes,-0.21610172036278566,0.1932098218771284,-0.6542386401139462,-0.9708822974754397,-1.0104291372918257,low,other
-0.10911282278449358,female,afam,0.5011509951909402,no,no,yes,yes,-0.21610172036278566,0.1932098218771284,-0.6542386401139462,-0.9708822974754397,0.1074472912423079,low,other
-0.10894486360929449,female,afam,-0.4928838672133363,no,no,yes,yes,-0.21610172036278566,0.1932098218771284,-0.6542386401139462,-0.9708822974754397,1.2253237197764415,low,other
-0.10877690443409542,male,afam,0.46667589140735233,no,no,no,no,0.0010078675706298957,1.972718405003576,-0.6977712669147057,1.0358404273555812,-1.0104291372918257,low,other
-0.10860894525889633,female,afam,0.8378587335059299,no,no,yes,no,-0.7226908739029057,0.40168766929977645,-0.610706019800053,0.9202009926976503,1.2253237197764415,low,other
-0.10844098608369726,female,afam,0.05642114812078095,no,no,yes,no,-0.7226908739029057,0.40168766929977645,-0.610706019800053,0.9202009926976503,-1.0104291372918257,low,other
-0.10827302690849819,male,other,1.3929090880334618,no,no,yes,no,-0.7226908739029057,0.40168766929977645,-0.610706019800053,0.9202009926976503,-0.45149092302475896,low,other
-0.1081050677332991,male,other,1.5319593600810075,no,no,yes,yes,0.5799668262408132,0.10386217298170781,-0.6977712669147057,0.9950161819475675,0.1074472912423079,low,other
-0.10793710855810003,male,other,0.8045326098860792,no,no,yes,no,0.47141194600249264,1.972718405003576,-0.6977712669147057,1.0358404273555812,0.6663855055093747,low,other
-0.10776914938290094,female,other,-0.4790934750001183,yes,no,yes,no,0.47141194600249264,1.972718405003576,-0.6977712669147057,1.0358404273555812,1.7842619340435084,high,other
-0.10760119020770187,male,other,1.276842803007946,no,no,yes,no,0.47141194600249264,1.972718405003576,-0.6977712669147057,1.0358404273555812,-0.45149092302475896,low,other
-0.1074332310325028,male,other,1.9146341956906001,no,no,yes,no,0.47141194600249264,1.972718405003576,-0.6977712669147057,1.0358404273555812,-1.0104291372918257,low,other
-0.10726527185730371,female,other,0.6562891814044499,no,no,yes,no,0.47141194600249264,1.972718405003576,-0.6977712669147057,1.0358404273555812,-1.0104291372918257,high,other
-0.10709731268210464,female,other,1.153881321875821,no,no,yes,no,0.47141194600249264,1.972718405003576,-0.6977712669147057,1.0358404273555812,-1.0104291372918257,low,other
-0.10692935350690555,female,other,1.0722901406338932,no,no,yes,no,0.47141194600249264,1.972718405003576,-0.6977712669147057,1.0358404273555812,-1.0104291372918257,high,other
-0.10676139433170648,male,other,1.9571530373698056,yes,no,no,no,-0.795060679032969,-0.48434371480047295,-0.523640766198534,0.10389199965400187,1.2253237197764415,high,other
-0.1065934351565074,male,other,1.8077610670991677,yes,yes,yes,no,-0.795060679032969,-0.48434371480047295,-0.523640766198534,0.10389199965400187,-0.45149092302475896,high,other
-0.10642547598130832,male,other,0.9826543447468903,yes,yes,yes,no,-0.795060679032969,-0.48434371480047295,-0.523640766198534,0.10389199965400187,1.2253237197764415,high,other
-0.10625751680610925,female,other,1.1343451520944599,no,no,yes,yes,-0.867430656706258,-1.616082020953121,-0.5671733994861597,-0.46750066456368017,-1.0104291372918257,low,other
-0.10608955763091016,female,other,-1.0536799993090114,no,no,yes,yes,-0.867430656706258,-1.616082020953121,-0.5671733994861597,-0.46750066456368017,-0.45149092302475896,high,other
-0.10592159845571109,male,other,1.0033394946919887,yes,yes,yes,yes,-0.867430656706258,-1.616082020953121,-0.5671733994861597,-0.46750066456368017,-1.0104291372918257,high,other
-0.10575363928051201,female,other,0.397725245465448,no,no,yes,yes,-0.867430656706258,-1.616082020953121,-0.5671733994861597,-0.46750066456368017,-1.0104291372918257,high,other
-0.10558568010531293,female,other,1.3929090880334618,yes,no,yes,yes,-0.867430656706258,-1.616082020953121,-0.5671733994861597,-0.46750066456368017,0.6663855055093747,high,other
-0.10541772093011385,female,other,1.4227878327873722,no,no,yes,yes,-0.867430656706258,-1.616082020953121,-0.5671733994861597,-0.46750066456368017,1.2253237197764415,low,other
-0.10524976175491477,male,other,0.04033279558008853,yes,yes,yes,yes,-0.867430656706258,-1.616082020953121,-0.5671733994861597,-0.46750066456368017,1.7842619340435084,low,other
-0.1050818025797157,female,other,0.8861237911280071,no,no,yes,yes,-0.867430656706258,-1.616082020953121,-0.5671733994861597,-0.46750066456368017,0.1074472912423079,low,other
-0.10491384340451662,female,other,1.4767991063523214,no,no,yes,yes,-0.867430656706258,-1.616082020953121,-0.5671733994861597,-0.46750066456368017,0.1074472912423079,high,other
-0.10474588422931753,female,other,-1.3191391313546224,no,no,yes,yes,-0.867430656706258,-1.616082020953121,-0.5671733994861597,-0.46750066456368017,-1.0104291372918257,high,other
-0.10457792505411846,male,other,-0.7732819332611739,no,no,no,yes,-0.867430656706258,-1.616082020953121,-0.5671733994861597,-0.46750066456368017,1.2253237197764415,low,other
-0.10440996587891938,male,other,1.0343672196096365,yes,no,yes,yes,-0.9759853644013529,0.31234002040435455,-0.1318471703997627,-1.0593054514853693,1.7842619340435084,high,other
-0.1042420067037203,female,other,-0.5871160221300165,yes,no,yes,yes,-0.9759853644013529,0.31234002040435455,-0.1318471703997627,-1.0593054514853693,1.2253237197764415,high,other
-0.10407404752852123,male,other,1.4687544917072464,yes,no,yes,yes,-0.9759853644013529,0.31234002040435455,-0.1318471703997627,-1.0593054514853693,1.2253237197764415,low,other
-0.10390608835332214,male,other,0.8654386411829087,no,no,yes,yes,-0.9759853644013529,0.31234002040435455,-0.1318471703997627,-1.0593054514853693,-0.45149092302475896,low,other
-0.10373812917812307,male,other,1.796268635213424,yes,yes,no,yes,0.5799668262408132,0.10386217298170781,-0.7848365140293584,0.9950161819475675,0.6663855055093747,high,other
-0.10357017000292398,female,other,2.019208487205101,yes,no,yes,yes,0.5799668262408132,0.10386217298170781,-0.7848365140293584,0.9950161819475675,1.7842619340435084,high,other
-0.10340221082772491,male,other,1.4871416813248706,yes,no,no,yes,0.5799668262408132,0.10386217298170781,-0.7848365140293584,0.9950161819475675,-0.45149092302475896,high,other
-0.10323425165252584,male,other,-1.2869624262732375,no,no,yes,no,-0.10754684012446505,-1.6011907461372177,0.95646840231623,-0.1852064114268365,-1.0104291372918257,low,other
-0.10306629247732675,female,other,0.10123882687691804,no,no,yes,no,-0.10754684012446505,-1.6011907461372177,0.95646840231623,-0.1852064114268365,-0.45149092302475896,low,other
-0.10289833330212768,female,other,-0.603204374670709,no,no,yes,no,-0.10754684012446505,-1.6011907461372177,0.95646840231623,-0.1852064114268365,-1.0104291372918257,low,other
-0.10273037412692859,male,afam,-1.0192048955254236,no,no,yes,no,-0.46939621086123284,0.48358950326924555,-0.34951028494296127,0.593695162555842,-0.45149092302475896,low,other
-0.10256241495172952,female,other,1.1263009758241136,no,no,yes,no,-0.46939621086123284,0.48358950326924555,-0.34951028494296127,0.593695162555842,0.6663855055093747,high,other
-0.10239445577653045,male,other,0.490808420218391,no,no,yes,no,-0.46939621086123284,0.48358950326924555,-0.34951028494296127,0.593695162555842,1.2253237197764415,high,other
-0.10222649660133136,female,other,1.0780359182020363,no,no,yes,no,-0.46939621086123284,0.48358950326924555,-0.34951028494296127,0.593695162555842,1.2253237197764415,low,other
-0.10205853742613229,female,other,0.14260912676711493,no,no,yes,no,-0.46939621086123284,0.48358950326924555,-0.34951028494296127,0.593695162555842,-1.0104291372918257,high,other
-0.1018905782509332,female,other,0.6965105011309096,no,no,yes,no,-0.46939621086123284,0.48358950326924555,-0.34951028494296127,0.593695162555842,-1.0104291372918257,low,other
-0.10172261907573413,male,other,0.6344550512956143,yes,no,yes,no,-0.46939621086123284,0.48358950326924555,-0.34951028494296127,0.593695162555842,-0.45149092302475896,high,other
-0.10155465990053505,female,other,1.190654824361612,no,no,yes,no,-0.46939621086123284,0.48358950326924555,-0.34951028494296127,0.593695162555842,-1.0104291372918257,low,other
-0.10138670072533597,male,afam,-0.30327013884151016,no,no,yes,no,-0.46939621086123284,0.48358950326924555,-0.34951028494296127,0.593695162555842,-1.0104291372918257,low,other
-0.1012187415501369,male,other,-0.08262912392676494,no,no,yes,no,-0.46939621086123284,0.48358950326924555,-0.34951028494296127,0.593695162555842,1.2253237197764415,high,other
-0.10105078237493781,female,other,-1.252486884114921,no,no,yes,no,1.1589259574542223,0.13364472261351334,-0.523640766198534,0.8215572055246599,-1.0104291372918257,low,other
-0.10088282319973874,female,hispanic,-0.7594919794226844,yes,yes,no,yes,-0.867430656706258,-1.616082020953121,-0.1318471703997627,-0.46750066456368017,-0.45149092302475896,low,other
-0.10071486402453966,male,other,0.7815490612387778,yes,yes,yes,yes,-0.867430656706258,-1.616082020953121,-0.1318471703997627,-0.46750066456368017,1.7842619340435084,low,other
-0.10054690484934058,female,other,0.3379686327070843,no,no,yes,yes,-0.867430656706258,-1.616082020953121,-0.1318471703997627,-0.46750066456368017,0.1074472912423079,low,other
-0.1003789456741415,female,other,0.4310513690852987,no,yes,yes,no,-0.14373191523272236,-1.6011907461372177,-0.741303890472032,-0.1852064114268365,1.2253237197764415,high,other
-0.10021098649894243,female,other,0.7735048849684315,no,yes,yes,no,-0.14373191523272236,-1.6011907461372177,-0.741303890472032,-0.1852064114268365,1.2253237197764415,low,other
-0.10004302732374334,female,other,0.5781453790284622,no,no,yes,no,-0.14373191523272236,-1.6011907461372177,-0.741303890472032,-0.1852064114268365,0.6663855055093747,low,other
-0.09987506814854427,male,other,1.4687544917072464,no,no,yes,no,-0.14373191523272236,-1.6011907461372177,-0.741303890472032,-0.1852064114268365,1.7842619340435084,low,other
-0.09970710897334518,female,other,1.9571530373698056,yes,yes,yes,no,-1.1569100497697369,-1.050212867876797,-0.2624450183677096,0.21956092906202535,1.7842619340435084,high,other
-0.09953914979814611,female,other,2.042192474227131,yes,yes,yes,no,-1.1569100497697369,-1.050212867876797,-0.2624450183677096,0.21956092906202535,1.2253237197764415,high,other
-0.09937119062294704,male,other,1.5285119812150674,yes,yes,yes,no,-1.1569100497697369,-1.050212867876797,-0.2624450183677096,0.21956092906202535,1.2253237197764415,high,other
-0.09920323144774795,female,other,1.4250862314895751,yes,no,yes,no,-1.1569100497697369,-1.050212867876797,-0.2624450183677096,0.21956092906202535,0.6663855055093747,high,other
-0.09903527227254888,female,other,2.000822174336934,yes,yes,yes,no,-1.1569100497697369,-1.050212867876797,-0.2624450183677096,0.21956092906202535,1.2253237197764415,high,other
-0.0988673130973498,male,other,0.9803559460446873,yes,yes,yes,no,-1.1569100497697369,-1.050212867876797,-0.2624450183677096,0.21956092906202535,1.7842619340435084,high,other
-0.09869935392215072,female,other,1.6055063650525894,yes,no,yes,no,-1.301649832573089,0.31234002040435455,-0.610706019800053,-1.0593054514853693,1.2253237197764415,high,other
-0.09853139474695165,female,hispanic,1.106765244417481,yes,yes,yes,no,-1.301649832573089,0.31234002040435455,-0.610706019800053,-1.0593054514853693,1.2253237197764415,high,other
-0.09836343557175256,male,other,1.2320251242518088,no,no,no,no,-0.21610172036278566,-1.050212867876797,-0.6542386401139462,0.21956092906202535,1.2253237197764415,high,other
-0.09819547639655349,male,afam,1.8882028298026299,yes,no,yes,no,-0.21610172036278566,-1.050212867876797,-0.6542386401139462,0.21956092906202535,1.2253237197764415,low,other
-0.0980275172213544,male,other,1.2687986267375997,yes,no,yes,no,-0.21610172036278566,-1.050212867876797,-0.6542386401139462,0.21956092906202535,1.2253237197764415,high,other
-0.09785955804615533,male,afam,2.191584444497769,yes,yes,yes,no,-0.21610172036278566,-1.050212867876797,-0.6542386401139462,0.21956092906202535,1.7842619340435084,high,other
-0.09769159887095626,male,other,2.168601334225196,yes,yes,yes,no,-0.21610172036278566,-1.050212867876797,-0.6542386401139462,0.21956092906202535,1.2253237197764415,high,other
-0.09752363969575717,male,other,1.3538371868454677,yes,yes,yes,no,-0.21610172036278566,-1.050212867876797,-0.6542386401139462,0.21956092906202535,1.2253237197764415,high,other
-0.0973556805205581,male,other,1.4021026828422738,no,no,yes,no,-0.21610172036278566,-1.050212867876797,-0.6542386401139462,0.21956092906202535,0.6663855055093747,low,other
-0.09718772134535901,female,other,1.6951417225648635,yes,yes,yes,no,-0.32465660060110624,0.40168766929977645,-0.6542386401139462,0.9202009926976503,0.6663855055093747,high,other
-0.09701976217015994,male,other,1.45726293657096,yes,no,yes,no,-0.32465660060110624,0.40168766929977645,-0.6542386401139462,0.9202009926976503,0.6663855055093747,high,other
-0.09685180299496086,female,other,2.1433193868756915,yes,yes,yes,no,-0.32465660060110624,0.40168766929977645,-0.6542386401139462,0.9202009926976503,1.7842619340435084,high,other
-0.09668384381976178,male,other,1.3457930105751217,yes,yes,yes,no,-0.6141359936645852,-0.9236368544236194,-0.5671733994861597,-0.586556750004666,1.2253237197764415,low,other
-0.0965158846445627,male,afam,1.4354288064621243,yes,yes,yes,no,-0.4332113082962012,0.1932098218771284,-0.6977712669147057,-0.9708822974754397,1.2253237197764415,high,other
-0.09634792546936362,male,afam,0.3057914892509708,no,no,no,no,-0.4332113082962012,0.1932098218771284,-0.6977712669147057,-0.9708822974754397,0.6663855055093747,low,other
-0.09617996629416455,male,hispanic,0.9642675935039949,yes,no,yes,no,-0.4332113082962012,0.1932098218771284,-0.6977712669147057,-0.9708822974754397,1.7842619340435084,high,other
-0.09601200711896547,male,hispanic,1.4365777866258616,yes,yes,yes,no,-0.4332113082962012,0.1932098218771284,-0.6977712669147057,-0.9708822974754397,1.7842619340435084,high,other
-0.09584404794376639,male,afam,2.0398936371501994,no,no,yes,no,-0.14373191523272236,1.5780994448641381,-0.741303890472032,1.2773399298345038,0.1074472912423079,low,other
-0.09567608876856731,male,afam,0.9435824435588964,no,no,yes,no,-0.14373191523272236,1.5780994448641381,-0.741303890472032,1.2773399298345038,1.2253237197764415,low,other
-0.09550812959336823,male,afam,1.4250862314895751,yes,no,yes,no,-0.14373191523272236,1.5780994448641381,-0.741303890472032,1.2773399298345038,1.2253237197764415,high,other
-0.09534017041816915,male,afam,0.9332398685863472,yes,no,yes,no,-0.14373191523272236,1.5780994448641381,-0.741303890472032,1.2773399298345038,1.2253237197764415,low,other
-0.09517221124297008,male,afam,0.882676412262067,no,no,yes,no,-0.14373191523272236,1.5780994448641381,-0.741303890472032,1.2773399298345038,1.2253237197764415,low,other
-0.095004252067771,female,other,2.032998879418319,yes,yes,yes,no,-1.0483553420746419,0.7516331600275024,-0.7848365140293584,0.029076985968073333,1.7842619340435084,high,other
-0.09483629289257192,female,other,0.791891636211327,yes,no,yes,no,-1.0483553420746419,0.7516331600275024,-0.7848365140293584,0.029076985968073333,1.2253237197764415,high,other
-0.09466833371737284,female,other,1.0297704222052304,yes,yes,yes,no,-1.0483553420746419,0.7516331600275024,-0.7848365140293584,0.029076985968073333,1.2253237197764415,high,other
-0.09450037454217376,male,other,2.207672797038461,yes,yes,yes,no,-1.0483553420746419,0.7516331600275024,-0.7848365140293584,0.029076985968073333,1.2253237197764415,high,other
-0.09433241536697469,male,other,0.617217280216456,yes,yes,yes,no,-1.0483553420746419,0.7516331600275024,-0.7848365140293584,0.029076985968073333,1.7842619340435084,high,other
-0.0941644561917756,female,other,1.4779480865160586,yes,yes,yes,no,-1.0483553420746419,0.7516331600275024,-0.7848365140293584,0.029076985968073333,0.6663855055093747,high,other
-0.09399649701657653,male,other,1.464158132677569,yes,yes,yes,no,-1.0483553420746419,0.7516331600275024,-0.7848365140293584,0.029076985968073333,-0.45149092302475896,high,other
-0.09382853784137744,male,other,0.9079583596115713,no,no,yes,no,1.8102548937976952,1.5780994448641381,0.17288121071868745,1.2773399298345038,-1.0104291372918257,low,other
-0.09366057866617837,female,other,0.6781237498880142,no,no,yes,no,1.8102548937976952,1.5780994448641381,0.17288121071868745,1.2773399298345038,-1.0104291372918257,low,other
-0.0934926194909793,female,other,-1.0123096994188145,no,no,yes,no,1.8102548937976952,1.5780994448641381,0.17288121071868745,1.2773399298345038,-1.0104291372918257,low,other
-0.09332466031578021,male,other,0.8390077136696671,no,no,yes,no,1.8102548937976952,1.5780994448641381,0.17288121071868745,1.2773399298345038,-1.0104291372918257,low,other
-0.09315670114058114,male,other,0.08170265709555678,yes,no,yes,no,1.8102548937976952,1.5780994448641381,0.17288121071868745,1.2773399298345038,2.3432001483105753,low,other
-0.09298874196538205,male,other,0.36439956022032594,no,no,yes,no,1.8102548937976952,1.5780994448641381,0.17288121071868745,1.2773399298345038,1.2253237197764415,high,other
-0.09282078279018298,female,other,-0.15732510906208386,no,no,yes,no,1.8102548937976952,1.5780994448641381,0.17288121071868745,1.2773399298345038,-1.0104291372918257,low,other
-0.0926528236149839,male,other,-1.69376935231914,no,no,yes,no,0.037192770135661544,1.5780994448641381,-0.5671733994861597,1.2773399298345038,-1.0104291372918257,low,other
-0.09248486443978482,female,other,1.2320251242518088,no,no,yes,no,0.037192770135661544,1.5780994448641381,-0.5671733994861597,1.2773399298345038,1.2253237197764415,high,other
-0.09231690526458575,female,other,0.1357139306605059,no,no,yes,no,0.037192770135661544,1.5780994448641381,-0.5671733994861597,1.2773399298345038,-1.0104291372918257,low,other
-0.09214894608938666,female,other,1.757197172400159,no,no,yes,no,1.4122204479526694,0.3421225700361627,1.1741315168594286,1.7365099857412987,1.2253237197764415,low,other
-0.09198098691418759,female,other,1.3423456317091815,no,no,yes,no,1.4122204479526694,0.3421225700361627,1.1741315168594286,1.7365099857412987,0.6663855055093747,high,other
-0.09181302773898851,male,other,0.11962557811981347,yes,no,yes,no,1.4122204479526694,0.3421225700361627,1.1741315168594286,1.7365099857412987,1.2253237197764415,high,other
-0.09164506856378943,female,other,1.760644551266099,no,no,yes,no,1.4122204479526694,0.3421225700361627,1.1741315168594286,1.7365099857412987,0.6663855055093747,low,other
-0.09147710938859036,male,other,1.3365998541410382,no,no,yes,no,1.4122204479526694,0.3421225700361627,1.1741315168594286,1.7365099857412987,1.2253237197764415,low,other
-0.09130915021339128,female,other,0.8229193611289746,yes,yes,yes,no,1.4122204479526694,0.3421225700361627,1.1741315168594286,1.7365099857412987,1.2253237197764415,high,other
-0.0911411910381922,female,other,0.6367534499978172,no,no,yes,no,1.4122204479526694,0.3421225700361627,1.1741315168594286,1.7365099857412987,1.2253237197764415,low,other
-0.09097323186299312,male,other,0.41151563767866606,yes,yes,yes,yes,0.14574765037398213,0.10386217298170781,-0.48010815885837343,0.9950161819475675,0.1074472912423079,high,other
-0.09080527268779404,male,other,0.4103662191402002,no,no,yes,yes,0.14574765037398213,0.10386217298170781,-0.48010815885837343,0.9950161819475675,0.6663855055093747,high,other
-0.09063731351259496,male,other,0.5735490199987847,no,no,no,yes,0.14574765037398213,0.10386217298170781,-0.48010815885837343,0.9950161819475675,0.6663855055093747,low,other
-0.09046935433739589,male,other,0.22994608557718607,no,no,yes,yes,0.14574765037398213,0.10386217298170781,-0.48010815885837343,0.9950161819475675,1.2253237197764415,high,other
-0.0903013951621968,male,other,0.8792290333961268,no,no,yes,yes,0.14574765037398213,0.10386217298170781,-0.48010815885837343,0.9950161819475675,1.2253237197764415,low,other
-0.09013343598699773,male,other,0.22075292914310268,no,no,yes,yes,0.14574765037398213,0.10386217298170781,-0.48010815885837343,0.9950161819475675,1.2253237197764415,low,other
-0.08996547681179864,male,hispanic,0.5160903675678954,no,no,yes,yes,0.14574765037398213,0.10386217298170781,-0.48010815885837343,0.9950161819475675,-0.45149092302475896,low,other
-0.08979751763659957,male,hispanic,1.6020589861866492,no,no,no,yes,0.14574765037398213,0.10386217298170781,-0.48010815885837343,0.9950161819475675,1.2253237197764415,low,other
-0.0896295584614005,male,other,1.067693343229487,no,no,yes,yes,0.14574765037398213,0.10386217298170781,-0.48010815885837343,0.9950161819475675,1.2253237197764415,low,other
-0.08946159928620141,male,other,0.9102567583137744,no,no,yes,yes,0.14574765037398213,0.10386217298170781,-0.48010815885837343,0.9950161819475675,1.2253237197764415,low,other
-0.08929364011100234,male,other,0.500002015027203,no,no,yes,no,-0.7226908739029057,0.10386217298170781,-0.5671733994861597,0.9950161819475675,-0.45149092302475896,low,other
-0.08912568093580325,female,other,-0.14583355392579744,no,no,yes,no,-0.7226908739029057,0.10386217298170781,-0.5671733994861597,0.9950161819475675,-1.0104291372918257,low,other
-0.08895772176060418,male,other,0.5666538238921758,no,no,yes,no,-0.7226908739029057,0.10386217298170781,-0.5671733994861597,0.9950161819475675,1.2253237197764415,low,other
-0.08878976258540511,female,other,1.1194062180922333,no,no,no,no,-0.7226908739029057,0.10386217298170781,-0.5671733994861597,0.9950161819475675,-1.0104291372918257,high,other
-0.08862180341020602,male,afam,0.5643554251899727,no,no,yes,no,-0.7226908739029057,0.10386217298170781,-0.5671733994861597,0.9950161819475675,1.2253237197764415,high,other
-0.08845384423500695,male,other,0.8171735835608314,no,no,yes,no,-1.120725147204705,0.29744839055245426,-0.741303890472032,-0.41648492961472083,1.2253237197764415,high,other
-0.08828588505980786,female,other,1.4319809892214557,no,no,yes,no,-1.120725147204705,0.29744839055245426,-0.741303890472032,-0.41648492961472083,1.7842619340435084,low,other
-0.08811792588460879,female,afam,-0.36417617013833964,no,no,yes,no,-1.120725147204705,0.29744839055245426,-0.741303890472032,-0.41648492961472083,0.1074472912423079,low,other
-0.08794996670940972,female,other,0.7378808010211064,no,no,yes,no,-1.120725147204705,0.29744839055245426,-0.741303890472032,-0.41648492961472083,0.1074472912423079,low,other
-0.08778200753421063,male,other,-0.13778937765545124,yes,no,yes,no,-0.179916817797754,0.3421225700361627,-0.34951028494296127,1.7365099857412987,0.6663855055093747,high,other
-0.08761404835901156,male,other,1.8387883536420868,yes,no,yes,no,-0.179916817797754,0.3421225700361627,-0.34951028494296127,1.7365099857412987,1.2253237197764415,low,other
-0.08744608918381247,male,other,1.7123794936440218,no,no,yes,no,-0.179916817797754,0.3421225700361627,-0.34951028494296127,1.7365099857412987,1.7842619340435084,low,other
-0.0872781300086134,male,other,1.765241348670505,no,no,yes,no,-0.179916817797754,0.3421225700361627,-0.34951028494296127,1.7365099857412987,-1.0104291372918257,low,other
-0.08711017083341432,male,afam,0.02999022060753931,yes,no,yes,no,-0.179916817797754,0.3421225700361627,-0.34951028494296127,1.7365099857412987,-1.0104291372918257,high,other
-0.08694221165821524,female,other,1.4239368129511094,yes,no,yes,no,-0.14373191523272236,-0.48434371480047295,-0.5671733994861597,0.10389199965400187,1.7842619340435084,high,other
-0.08677425248301616,female,other,1.933020508558767,yes,yes,yes,no,-0.14373191523272236,-0.48434371480047295,-0.5671733994861597,0.10389199965400187,1.2253237197764415,high,other
-0.08660629330781708,female,other,0.2264987067112459,no,no,yes,no,-0.14373191523272236,-0.48434371480047295,-0.5671733994861597,0.10389199965400187,0.1074472912423079,low,other
-0.086438334132618,female,other,1.1699696744165136,no,yes,yes,no,-0.14373191523272236,-0.48434371480047295,-0.5671733994861597,0.10389199965400187,1.7842619340435084,high,other
-0.08627037495741893,female,other,1.6779039514857053,no,no,yes,no,-0.14373191523272236,-0.48434371480047295,-0.5671733994861597,0.10389199965400187,1.7842619340435084,high,other
-0.08610241578221985,female,afam,-0.20673958522262695,no,no,yes,no,-0.14373191523272236,-0.48434371480047295,-0.5671733994861597,0.10389199965400187,0.6663855055093747,low,other
-0.08593445660702077,female,other,0.5091951714612865,yes,yes,yes,no,-0.14373191523272236,-0.48434371480047295,-0.5671733994861597,0.10389199965400187,1.2253237197764415,high,other
-0.08576649743182169,female,other,2.191584444497769,no,no,yes,no,-0.14373191523272236,-0.48434371480047295,-0.5671733994861597,0.10389199965400187,-1.0104291372918257,high,other
-0.08559853825662261,female,afam,1.3745223367905663,yes,yes,yes,no,-1.301649832573089,0.31234002040435455,-0.6977712669147057,-1.0593054514853693,1.2253237197764415,high,other
-0.08543057908142354,female,other,0.889571608368676,yes,yes,yes,no,-1.301649832573089,0.31234002040435455,-0.6977712669147057,-1.0593054514853693,-1.0104291372918257,low,other
-0.08526261990622445,female,other,1.3526882066817307,yes,yes,yes,no,-1.301649832573089,0.31234002040435455,-0.6977712669147057,-1.0593054514853693,1.2253237197764415,high,other
-0.08509466073102538,female,other,1.4446219628962078,yes,yes,yes,no,-1.301649832573089,0.31234002040435455,-0.6977712669147057,-1.0593054514853693,1.7842619340435084,high,other
-0.0849267015558263,female,other,0.4689742901095553,yes,no,yes,no,-1.301649832573089,0.31234002040435455,-0.6977712669147057,-1.0593054514853693,1.7842619340435084,high,other
-0.08475874238062722,female,other,0.10813402298352706,yes,no,yes,no,-1.301649832573089,0.31234002040435455,-0.6977712669147057,-1.0593054514853693,-1.0104291372918257,high,other
-0.08459078320542815,female,other,1.725020467318774,yes,yes,yes,no,-1.301649832573089,0.31234002040435455,-0.6977712669147057,-1.0593054514853693,1.2253237197764415,high,other
-0.08442282403022906,female,other,-0.1814576378731225,yes,no,yes,no,-1.301649832573089,0.31234002040435455,-0.6977712669147057,-1.0593054514853693,0.6663855055093747,high,other
-0.08425486485502999,female,other,1.371074957924626,yes,no,yes,no,-1.301649832573089,0.31234002040435455,-0.6977712669147057,-1.0593054514853693,0.6663855055093747,high,other
-0.0840869056798309,female,other,0.28165896043993216,yes,yes,no,no,-1.301649832573089,0.31234002040435455,-0.6977712669147057,-1.0593054514853693,1.2253237197764415,low,other
-0.08391894650463183,female,other,-0.7928176646678065,yes,no,yes,no,-1.301649832573089,0.31234002040435455,-0.6977712669147057,-1.0593054514853693,0.1074472912423079,high,other
-0.08375098732943276,female,other,1.6526220041362008,yes,yes,yes,no,-1.301649832573089,0.31234002040435455,-0.6977712669147057,-1.0593054514853693,0.6663855055093747,high,other
-0.08358302815423367,female,other,0.9171515160456548,yes,yes,yes,no,-1.301649832573089,0.31234002040435455,-0.6977712669147057,-1.0593054514853693,0.1074472912423079,high,other
-0.0834150689790346,male,other,0.8550965045850881,no,no,yes,yes,2.3168438747945888,1.972718405003576,-0.43657552557074764,1.0358404273555812,0.1074472912423079,high,other
-0.08324710980383553,male,other,1.1263009758241136,no,no,yes,yes,2.3168438747945888,1.972718405003576,-0.43657552557074764,1.0358404273555812,1.2253237197764415,high,other
-0.08307915062863644,female,other,1.680202788562637,yes,yes,yes,yes,2.3168438747945888,1.972718405003576,-0.43657552557074764,1.0358404273555812,1.7842619340435084,high,other
-0.08291119145343737,female,other,1.9651972136401519,no,no,yes,yes,2.3168438747945888,1.972718405003576,-0.43657552557074764,1.0358404273555812,0.1074472912423079,high,other
-0.08274323227823828,female,other,1.289483776682698,yes,no,yes,yes,2.3168438747945888,1.972718405003576,-0.43657552557074764,1.0358404273555812,0.6663855055093747,high,other
-0.0825752731030392,female,other,0.47357064913923275,no,yes,yes,yes,2.3168438747945888,1.972718405003576,-0.43657552557074764,1.0358404273555812,0.1074472912423079,high,other
-0.08240731392784013,female,afam,-0.6583646283993952,no,no,yes,yes,2.3168438747945888,1.972718405003576,-0.43657552557074764,1.0358404273555812,-0.45149092302475896,low,other
-0.08223935475264105,male,hispanic,0.36325014168186015,no,no,yes,yes,2.3168438747945888,1.972718405003576,-0.43657552557074764,1.0358404273555812,-1.0104291372918257,low,other
-0.08207139557744197,male,other,-1.0571278165496802,no,no,no,yes,2.3168438747945888,1.972718405003576,-0.43657552557074764,1.0358404273555812,-1.0104291372918257,low,other
-0.08190343640224289,female,other,1.6756059911582308,yes,no,yes,yes,2.3168438747945888,1.972718405003576,-0.43657552557074764,1.0358404273555812,1.2253237197764415,high,other
-0.08173547722704382,male,other,0.20581355676614743,yes,no,yes,yes,2.3168438747945888,1.972718405003576,-0.43657552557074764,1.0358404273555812,1.2253237197764415,high,other
-0.08156751805184474,female,other,-0.08033072522456193,no,no,yes,yes,2.3168438747945888,1.972718405003576,-0.43657552557074764,1.0358404273555812,0.6663855055093747,low,other
-0.08139955887664566,male,other,-0.7985638806106783,no,no,yes,yes,2.3168438747945888,1.972718405003576,-0.43657552557074764,1.0358404273555812,-1.0104291372918257,high,other
-0.08123159970144658,female,other,0.40347146140831985,yes,yes,yes,no,-0.8312455815980007,0.10386217298170781,-0.6977712669147057,0.9950161819475675,-1.0104291372918257,low,other
-0.0810636405262475,female,other,0.8631406808554343,no,no,yes,no,-0.8312455815980007,0.10386217298170781,-0.6977712669147057,0.9950161819475675,0.1074472912423079,high,other
-0.08089568135104842,female,other,1.0630965458250812,no,yes,yes,no,-0.8312455815980007,0.10386217298170781,-0.6977712669147057,0.9950161819475675,1.2253237197764415,high,other
-0.08072772217584935,female,other,-0.48024289353858407,no,no,yes,no,-0.8312455815980007,0.10386217298170781,-0.6977712669147057,0.9950161819475675,1.2253237197764415,low,other
-0.08055976300065026,female,other,0.7355824023189035,yes,no,yes,no,-0.8312455815980007,0.10386217298170781,-0.6977712669147057,0.9950161819475675,1.2253237197764415,high,other
-0.08039180382545119,female,other,0.9929969197194396,no,no,yes,no,0.037192770135661544,0.9750026373020506,-0.5671733994861597,0.9168136611006993,1.7842619340435084,low,other
-0.0802238446502521,female,other,0.6884663248605634,no,no,no,no,0.037192770135661544,0.9750026373020506,-0.5671733994861597,0.9168136611006993,-1.0104291372918257,low,other
-0.08005588547505303,male,other,-1.6684878433443642,no,no,yes,no,0.037192770135661544,0.9750026373020506,-0.5671733994861597,0.9168136611006993,-1.0104291372918257,low,other
-0.07988792629985396,female,other,0.34601280897743053,yes,no,yes,no,0.037192770135661544,0.9750026373020506,-0.5671733994861597,0.9168136611006993,1.2253237197764415,low,other
-0.07971996712465487,female,other,-1.135271618925668,no,no,yes,no,0.037192770135661544,0.9750026373020506,-0.5671733994861597,0.9168136611006993,-1.0104291372918257,low,other
-0.0795520079494558,male,other,-0.8778566631504032,yes,yes,yes,no,0.037192770135661544,0.9750026373020506,-0.5671733994861597,0.9168136611006993,1.2253237197764415,high,other
-0.07938404877425671,male,other,0.36554854038406315,no,no,yes,no,-1.0483553420746419,0.7516331600275024,-0.5671733994861597,0.029076985968073333,1.2253237197764415,low,other
-0.07921608959905764,male,hispanic,-0.9617462430945342,no,no,yes,no,-1.0483553420746419,0.7516331600275024,-0.5671733994861597,0.029076985968073333,-1.0104291372918257,low,other
-0.07904813042385857,female,other,-0.6951381308851861,no,no,yes,no,-1.0483553420746419,0.7516331600275024,-0.5671733994861597,0.029076985968073333,-1.0104291372918257,low,other
-0.07888017124865948,female,other,0.9114057384775116,no,no,yes,no,-1.0483553420746419,0.7516331600275024,-0.5671733994861597,0.029076985968073333,-0.45149092302475896,low,other
-0.07871221207346041,male,other,0.6034273263779666,no,no,yes,no,-1.0483553420746419,0.7516331600275024,-0.5671733994861597,0.029076985968073333,-1.0104291372918257,low,other
-0.07854425289826132,female,other,1.1676712757143104,no,no,yes,no,0.14574765037398213,0.5803829670906177,-0.610706019800053,0.34539150213292424,1.2253237197764415,low,other
-0.07837629372306225,female,other,1.1826106480912657,no,no,yes,no,0.14574765037398213,0.5803829670906177,-0.610706019800053,0.34539150213292424,1.2253237197764415,low,other
-0.07820833454786318,female,other,0.5632064450262355,no,no,yes,no,0.14574765037398213,0.5803829670906177,-0.610706019800053,0.34539150213292424,0.1074472912423079,low,other
-0.07804037537266409,female,other,1.0688423233932243,no,no,yes,no,0.14574765037398213,0.5803829670906177,-0.610706019800053,0.34539150213292424,-0.45149092302475896,high,other
-0.07787241619746502,female,other,1.149284524471415,no,no,no,no,0.14574765037398213,0.5803829670906177,-0.610706019800053,0.34539150213292424,1.2253237197764415,low,other
-0.07770445702226593,female,other,1.3377488343047754,no,no,yes,no,0.14574765037398213,0.5803829670906177,-0.610706019800053,0.34539150213292424,1.7842619340435084,high,other
-0.07753649784706686,male,other,-0.2940765440326981,no,no,yes,no,-0.4332113082962012,0.1932098218771284,-0.6542386401139462,-0.9708822974754397,-1.0104291372918257,low,other
-0.07736853867186778,female,other,1.6020589861866492,no,no,yes,no,-0.4332113082962012,0.1932098218771284,-0.6542386401139462,-0.9708822974754397,1.7842619340435084,low,other
-0.0772005794966687,male,other,0.7022562786990528,no,no,yes,no,-0.4332113082962012,0.1932098218771284,-0.6542386401139462,-0.9708822974754397,0.1074472912423079,low,other
-0.07703262032146962,female,other,0.4126646178424032,no,no,yes,no,-0.4332113082962012,0.1932098218771284,-0.6542386401139462,-0.9708822974754397,0.6663855055093747,high,other
-0.07686466114627054,female,other,-1.0410390256342592,no,no,yes,no,-0.4332113082962012,0.1932098218771284,-0.6542386401139462,-0.9708822974754397,-1.0104291372918257,low,other
-0.07669670197107147,female,other,-0.10676165273780358,yes,no,yes,no,-0.4332113082962012,0.1932098218771284,-0.6542386401139462,-0.9708822974754397,1.2253237197764415,high,other
-0.07652874279587239,female,other,0.6942121024287066,yes,yes,yes,no,-0.4332113082962012,0.1932098218771284,-0.6542386401139462,-0.9708822974754397,1.7842619340435084,high,other
-0.0763607836206733,male,other,0.7252398273463543,no,no,yes,no,-0.46939621086123284,0.10386217298170781,-0.34951028494296127,0.9950161819475675,-0.45149092302475896,low,other
-0.07619282444547423,male,other,0.32762605773453507,no,no,yes,no,-0.46939621086123284,0.10386217298170781,-0.34951028494296127,0.9950161819475675,0.6663855055093747,high,other
-0.07602486527027515,male,hispanic,1.411295839276357,yes,no,yes,no,-0.46939621086123284,0.10386217298170781,-0.34951028494296127,0.9950161819475675,1.2253237197764415,low,other
-0.07585690609507607,male,other,1.643429286076846,no,no,yes,no,-0.46939621086123284,0.10386217298170781,-0.34951028494296127,0.9950161819475675,0.6663855055093747,low,other
-0.075688946919877,male,other,1.1918038045253492,yes,no,yes,no,-0.46939621086123284,0.10386217298170781,-0.34951028494296127,0.9950161819475675,0.6663855055093747,high,other
-0.07552098774467791,female,other,0.8976157846390221,no,yes,yes,no,-0.795060679032969,-0.48434371480047295,-0.34951028494296127,0.10389199965400187,1.2253237197764415,high,other
-0.07535302856947884,male,other,-0.8973923945570359,no,no,yes,no,-0.795060679032969,-0.48434371480047295,-0.34951028494296127,0.10389199965400187,-1.0104291372918257,low,other
-0.07518506939427975,female,other,1.5423014966788282,no,no,yes,no,-0.795060679032969,-0.48434371480047295,-0.34951028494296127,0.10389199965400187,1.7842619340435084,low,other
-0.07501711021908068,female,other,-0.8870502579592153,no,no,yes,no,-0.795060679032969,-0.48434371480047295,-0.34951028494296127,0.10389199965400187,-0.45149092302475896,high,other
-0.07484915104388161,female,other,-0.4894360499726675,yes,no,yes,no,-1.0845402446396735,-1.050212867876797,-0.43657552557074764,0.21956092906202535,1.2253237197764415,high,other
-0.07468119186868252,female,other,1.0297704222052304,yes,yes,yes,no,-1.0845402446396735,-1.050212867876797,-0.43657552557074764,0.21956092906202535,1.2253237197764415,high,other
-0.07451323269348345,female,other,1.7721361064023855,no,yes,yes,no,-1.0845402446396735,-1.050212867876797,-0.43657552557074764,0.21956092906202535,1.7842619340435084,high,other
-0.07434527351828438,female,other,0.4471397216259911,no,no,yes,no,-1.0845402446396735,-1.050212867876797,-0.43657552557074764,0.21956092906202535,1.2253237197764415,low,other
-0.07417731434308529,female,afam,1.5664340254898668,no,no,yes,no,-1.0845402446396735,-1.050212867876797,-0.43657552557074764,0.21956092906202535,0.1074472912423079,low,other
-0.07400935516788622,female,other,-0.14468413538733163,no,no,no,no,-1.0845402446396735,-1.050212867876797,-0.43657552557074764,0.21956092906202535,-1.0104291372918257,low,other
-0.07384139599268713,male,other,1.6445778278658545,no,no,yes,no,1.122740882345965,0.40168766929977645,-0.741303890472032,0.9202009926976503,1.7842619340435084,low,other
-0.07367343681748806,male,other,-0.05504877787505747,yes,yes,yes,no,1.122740882345965,0.40168766929977645,-0.741303890472032,0.9202009926976503,1.2253237197764415,high,other
-0.07350547764228899,male,afam,0.9435824435588964,yes,no,yes,no,1.122740882345965,0.40168766929977645,-0.741303890472032,0.9202009926976503,1.7842619340435084,low,other
-0.0733375184670899,male,other,1.537704699274422,no,no,yes,no,1.122740882345965,0.40168766929977645,-0.741303890472032,0.9202009926976503,0.6663855055093747,low,other
-0.07316955929189083,male,afam,0.6011289276757635,no,no,yes,no,1.122740882345965,0.40168766929977645,-0.741303890472032,0.9202009926976503,1.2253237197764415,low,other
-0.07300160011669174,male,other,2.168601334225196,no,no,yes,no,1.122740882345965,0.40168766929977645,-0.741303890472032,0.9202009926976503,1.2253237197764415,high,other
-0.07283364094149267,male,afam,0.708002056267196,no,no,no,no,1.122740882345965,0.40168766929977645,-0.741303890472032,0.9202009926976503,0.6663855055093747,low,other
-0.0726656817662936,male,other,0.22305132784530568,yes,no,yes,no,1.122740882345965,0.40168766929977645,-0.741303890472032,0.9202009926976503,0.6663855055093747,high,other
-0.07249772259109451,male,other,0.9447318620973623,no,no,yes,no,1.122740882345965,0.40168766929977645,-0.741303890472032,0.9202009926976503,1.2253237197764415,high,other
-0.07232976341589543,male,other,-0.4526625474868766,yes,no,yes,no,-0.32465660060110624,1.5780994448641381,-0.34951028494296127,1.2773399298345038,0.6663855055093747,high,other
-0.07216180424069635,female,other,-0.3929054963537843,no,no,yes,no,-0.32465660060110624,1.5780994448641381,-0.34951028494296127,1.2773399298345038,-1.0104291372918257,low,other
-0.07199384506549728,male,other,0.48046584524584174,yes,yes,yes,no,-0.32465660060110624,1.5780994448641381,-0.34951028494296127,1.2773399298345038,0.1074472912423079,low,other
-0.0718258858902982,male,other,1.2504118754947042,no,no,yes,no,-0.32465660060110624,1.5780994448641381,-0.34951028494296127,1.2773399298345038,-1.0104291372918257,low,other
-0.07165792671509912,male,other,0.36210116151812294,yes,no,yes,no,-0.32465660060110624,1.5780994448641381,-0.34951028494296127,1.2773399298345038,1.2253237197764415,high,other
-0.07148996753990004,female,other,1.3423456317091815,no,no,yes,yes,0.037192770135661544,0.3421225700361627,-0.5671733994861597,1.7365099857412987,1.2253237197764415,low,other
-0.07132200836470096,female,other,1.1952516217660178,no,no,yes,yes,0.037192770135661544,0.3421225700361627,-0.5671733994861597,1.7365099857412987,-1.0104291372918257,low,other
-0.07115404918950188,female,other,-1.221459597572002,no,no,yes,yes,0.037192770135661544,0.3421225700361627,-0.5671733994861597,1.7365099857412987,-1.0104291372918257,low,other
-0.07098609001430281,female,other,0.6712285537814051,no,no,yes,yes,0.037192770135661544,0.3421225700361627,-0.5671733994861597,1.7365099857412987,0.6663855055093747,low,other
-0.07081813083910372,female,other,-0.2550050812194329,no,no,yes,yes,0.037192770135661544,0.3421225700361627,-0.5671733994861597,1.7365099857412987,-1.0104291372918257,low,other
-0.07065017166390465,female,other,-1.5983882172387227,no,no,yes,yes,0.037192770135661544,0.3421225700361627,-0.5671733994861597,1.7365099857412987,-0.45149092302475896,low,other
-0.07048221248870556,female,other,-0.6560662296971922,no,no,yes,yes,0.037192770135661544,0.3421225700361627,-0.7848365140293584,1.7365099857412987,-1.0104291372918257,low,other
-0.07031425331350649,female,other,1.1814612295528,no,no,yes,yes,0.037192770135661544,0.3421225700361627,-0.7848365140293584,1.7365099857412987,1.2253237197764415,low,other
-0.07014629413830742,female,other,1.7123794936440218,no,no,yes,yes,0.037192770135661544,0.3421225700361627,-0.7848365140293584,1.7365099857412987,1.7842619340435084,low,other
-0.06997833496310833,female,afam,-0.5905634009959567,no,no,yes,yes,0.037192770135661544,0.3421225700361627,-0.7848365140293584,1.7365099857412987,-0.45149092302475896,high,other
-0.06981037578790926,female,afam,0.3391176128708215,no,no,no,yes,0.037192770135661544,0.3421225700361627,-0.7848365140293584,1.7365099857412987,-0.45149092302475896,low,other
-0.06964241661271017,female,other,0.7689085259387541,yes,no,yes,yes,0.037192770135661544,0.3421225700361627,-0.7848365140293584,1.7365099857412987,0.6663855055093747,low,other
-0.0694744574375111,female,afam,0.7895932375091239,no,yes,yes,yes,0.037192770135661544,0.3421225700361627,-0.7848365140293584,1.7365099857412987,-1.0104291372918257,low,other
-0.06930649826231203,female,other,1.6353851098064998,yes,no,no,yes,0.037192770135661544,0.3421225700361627,-0.7848365140293584,1.7365099857412987,1.7842619340435084,high,other
-0.06913853908711294,female,other,-0.08837490149490813,no,no,yes,yes,0.037192770135661544,0.3421225700361627,-0.7848365140293584,1.7365099857412987,1.2253237197764415,high,other
-0.06897057991191387,female,afam,-0.46185614229568867,no,no,no,yes,0.037192770135661544,0.3421225700361627,-0.7848365140293584,1.7365099857412987,0.6663855055093747,low,other
-0.06880262073671478,female,other,0.9378366659907532,no,no,yes,yes,0.037192770135661544,0.3421225700361627,-0.7848365140293584,1.7365099857412987,-1.0104291372918257,low,other
-0.06863466156151571,female,other,0.059868526986721154,no,no,yes,yes,0.037192770135661544,0.3421225700361627,-0.7848365140293584,1.7365099857412987,-1.0104291372918257,low,other
-0.06846670238631664,female,afam,0.6758253511858111,no,no,no,yes,0.037192770135661544,0.3421225700361627,-0.7848365140293584,1.7365099857412987,0.1074472912423079,low,other
-0.06829874321111755,male,other,-0.27568979278980266,no,no,yes,no,-0.32465660060110624,0.40168766929977645,-0.5671733994861597,0.9202009926976503,0.6663855055093747,high,other
-0.06813078403591848,male,other,0.0035588547195690313,yes,no,yes,no,-0.32465660060110624,0.40168766929977645,-0.5671733994861597,0.9202009926976503,1.2253237197764415,high,other
-0.06796282486071939,female,other,1.0665439246910213,yes,yes,yes,no,-0.32465660060110624,0.40168766929977645,-0.5671733994861597,0.9202009926976503,1.2253237197764415,high,other
-0.06779486568552032,male,other,1.0849311143086453,yes,no,yes,no,-0.32465660060110624,0.40168766929977645,-0.5671733994861597,0.9202009926976503,1.2253237197764415,high,other
-0.06762690651032124,female,other,-0.340043641327301,no,no,yes,no,-0.32465660060110624,0.40168766929977645,-0.5671733994861597,0.9202009926976503,1.2253237197764415,high,other
-0.06745894733512216,female,other,0.8436045110740731,yes,yes,yes,no,-0.32465660060110624,0.40168766929977645,-0.5671733994861597,0.9202009926976503,1.2253237197764415,low,other
-0.06729098815992308,female,other,-1.4018797311350162,no,no,yes,no,-0.32465660060110624,0.40168766929977645,-0.5671733994861597,0.9202009926976503,1.2253237197764415,high,other
-0.067123028984724,female,other,0.3402665930345587,yes,no,yes,no,-0.32465660060110624,0.40168766929977645,-0.5671733994861597,0.9202009926976503,1.2253237197764415,high,other
-0.06695506980952493,male,other,1.0010410959897857,no,no,yes,no,-0.32465660060110624,0.40168766929977645,-0.5671733994861597,0.9202009926976503,-1.0104291372918257,high,other
-0.06678711063432585,female,other,-1.1226306452509158,yes,no,yes,no,-0.32465660060110624,0.40168766929977645,-0.5671733994861597,0.9202009926976503,1.2253237197764415,high,other
-0.06661915145912677,female,other,-0.5733256299167985,yes,no,yes,no,-0.32465660060110624,0.40168766929977645,-0.5671733994861597,0.9202009926976503,-1.0104291372918257,high,other
-0.06645119228392769,female,other,0.7034052588627899,no,yes,no,no,-0.32465660060110624,0.40168766929977645,-0.5671733994861597,0.9202009926976503,1.2253237197764415,low,other
-0.0662832331087286,female,other,0.4494381203281941,no,yes,yes,yes,0.5799668262408132,0.13364472261351334,-0.610706019800053,0.8215572055246599,1.7842619340435084,low,other
-0.06611527393352953,female,other,-0.4526625474868766,no,no,yes,yes,0.5799668262408132,0.13364472261351334,-0.610706019800053,0.8215572055246599,1.2253237197764415,low,other
-0.06594731475833046,female,other,1.110212623283421,no,no,yes,yes,0.5799668262408132,0.13364472261351334,-0.610706019800053,0.8215572055246599,0.6663855055093747,low,other
-0.06577935558313137,female,other,-0.9180775445021343,no,no,yes,yes,0.5799668262408132,0.13364472261351334,-0.610706019800053,0.8215572055246599,-0.45149092302475896,high,other
-0.0656113964079323,female,afam,-0.1285957828466392,no,yes,yes,yes,0.5799668262408132,0.13364472261351334,-0.610706019800053,0.8215572055246599,0.1074472912423079,low,other
-0.06544343723273323,female,hispanic,-0.213634781329236,yes,yes,yes,yes,0.5799668262408132,0.13364472261351334,-0.610706019800053,0.8215572055246599,0.6663855055093747,high,other
-0.06527547805753414,female,other,0.9826543447468903,no,no,yes,yes,0.5799668262408132,0.13364472261351334,-0.610706019800053,0.8215572055246599,1.2253237197764415,low,other
-0.06510751888233507,female,other,1.2745444043057428,yes,no,yes,no,1.52077532819099,0.9750026373020506,-0.610706019800053,0.9168136611006993,0.1074472912423079,high,other
-0.06493955970713598,female,afam,-0.42967899883957517,no,yes,yes,no,1.52077532819099,0.9750026373020506,-0.610706019800053,0.9168136611006993,0.6663855055093747,low,other
-0.06477160053193691,male,hispanic,0.5011509951909402,yes,yes,yes,no,1.52077532819099,0.9750026373020506,-0.610706019800053,0.9168136611006993,-0.45149092302475896,high,other
-0.06460364135673784,male,other,0.26097381049483376,no,no,yes,no,1.52077532819099,0.9750026373020506,-0.610706019800053,0.9168136611006993,0.1074472912423079,low,other
-0.06443568218153875,female,afam,-1.0226522743913637,no,no,yes,no,1.52077532819099,0.9750026373020506,-0.610706019800053,0.9168136611006993,-1.0104291372918257,high,other
-0.06426772300633968,female,other,0.5195377464338357,yes,yes,yes,no,1.52077532819099,0.9750026373020506,-0.610706019800053,0.9168136611006993,1.2253237197764415,high,other
-0.06409976383114059,male,other,1.6893955066219917,no,no,yes,no,1.52077532819099,0.9750026373020506,-0.610706019800053,0.9168136611006993,1.2253237197764415,low,other
-0.06393180465594152,female,hispanic,0.15754806076934152,no,no,yes,no,1.52077532819099,0.9750026373020506,-0.610706019800053,0.9168136611006993,0.1074472912423079,low,other
-0.06376384548074245,female,hispanic,0.20351515806394443,no,no,no,no,1.52077532819099,0.9750026373020506,-0.610706019800053,0.9168136611006993,1.7842619340435084,low,other
-0.06359588630554336,female,other,0.5896373725394771,no,no,yes,no,1.52077532819099,0.9750026373020506,-0.610706019800053,0.9168136611006993,1.2253237197764415,high,other
-0.06342792713034429,female,afam,0.4264545716808926,yes,no,yes,no,1.52077532819099,0.9750026373020506,-0.610706019800053,0.9168136611006993,-0.45149092302475896,high,other
-0.0632599679551452,male,other,0.018498227096524267,no,no,yes,no,1.52077532819099,0.9750026373020506,-0.610706019800053,0.9168136611006993,1.2253237197764415,high,other
-0.06309200877994613,female,hispanic,-0.4170384635395516,no,no,yes,no,1.52077532819099,0.9750026373020506,-0.610706019800053,0.9168136611006993,0.6663855055093747,low,other
-0.06292404960474705,female,other,1.3595834027883396,no,no,yes,no,0.14574765037398213,0.5803829670906177,-0.741303890472032,0.34539150213292424,1.2253237197764415,low,other
-0.06275609042954797,female,hispanic,-0.4273810385121008,no,yes,yes,no,0.14574765037398213,0.5803829670906177,-0.741303890472032,0.34539150213292424,0.6663855055093747,low,other
-0.0625881312543489,female,other,0.9585218159358517,no,no,yes,no,0.14574765037398213,0.5803829670906177,-0.741303890472032,0.34539150213292424,0.6663855055093747,low,other
-0.062420172079149815,female,other,-0.35383359516579044,no,no,yes,no,0.14574765037398213,0.5803829670906177,-0.741303890472032,0.34539150213292424,1.2253237197764415,high,other
-0.062252212903950735,female,other,0.8171735835608314,no,no,yes,no,0.14574765037398213,0.5803829670906177,-0.741303890472032,0.34539150213292424,-0.45149092302475896,high,other
-0.062084253728751655,female,other,0.6539912210769755,no,no,yes,no,0.14574765037398213,0.5803829670906177,-0.741303890472032,0.34539150213292424,1.2253237197764415,low,other
-0.061916294553552575,female,other,-0.9031386104999077,no,no,yes,no,0.14574765037398213,0.5803829670906177,-0.741303890472032,0.34539150213292424,-1.0104291372918257,low,other
-0.0617483353783535,female,other,0.14260912676711493,no,yes,yes,no,1.1951106874760276,0.5803829670906177,0.08581594414343584,0.34539150213292424,0.6663855055093747,high,other
-0.06158037620315442,male,other,1.1918038045253492,no,no,no,no,1.1951106874760276,0.5803829670906177,0.08581594414343584,0.34539150213292424,0.6663855055093747,high,other
-0.06141241702795534,male,other,0.7344329837804376,no,no,yes,no,1.1951106874760276,0.5803829670906177,0.08581594414343584,0.34539150213292424,1.7842619340435084,low,other
-0.061244457852756264,male,other,1.2446660979265611,yes,no,yes,no,1.1951106874760276,0.5803829670906177,0.08581594414343584,0.34539150213292424,1.2253237197764415,high,other
-0.061076498677557184,male,other,0.9079583596115713,no,no,yes,no,1.1951106874760276,0.5803829670906177,0.08581594414343584,0.34539150213292424,1.7842619340435084,high,other
-0.06090853950235811,female,other,0.533327700272325,no,yes,yes,no,1.1951106874760276,0.5803829670906177,0.08581594414343584,0.34539150213292424,1.2253237197764415,high,other
-0.06074058032715903,female,other,-0.3825629213812351,no,no,yes,no,1.1951106874760276,0.5803829670906177,0.08581594414343584,0.34539150213292424,-1.0104291372918257,low,other
-0.06057262115195995,female,other,0.7436265785892496,yes,no,yes,no,1.1951106874760276,0.5803829670906177,0.08581594414343584,0.34539150213292424,2.3432001483105753,high,other
-0.06040466197676087,female,hispanic,0.19776938049580123,no,no,yes,no,1.2674808376925435,1.972718405003576,-0.1318471703997627,1.0358404273555812,0.1074472912423079,high,other
-0.06023670280156179,female,other,0.5298803214063849,yes,no,yes,no,1.2674808376925435,1.972718405003576,-0.1318471703997627,1.0358404273555812,1.7842619340435084,high,other
-0.06006874362636272,female,other,1.529660523004076,yes,no,yes,no,1.2674808376925435,1.972718405003576,-0.1318471703997627,1.0358404273555812,1.2253237197764415,high,other
-0.05990078445116364,female,other,1.1423897667395346,yes,no,yes,no,1.2674808376925435,1.972718405003576,-0.1318471703997627,1.0358404273555812,2.3432001483105753,high,other
-0.05973282527596456,female,other,0.6516928223747726,yes,yes,yes,no,1.2674808376925435,1.972718405003576,-0.1318471703997627,1.0358404273555812,1.7842619340435084,high,other
-0.05956486610076548,female,other,-1.2019234277906408,no,no,yes,no,1.2674808376925435,1.972718405003576,-0.1318471703997627,1.0358404273555812,0.1074472912423079,high,other
-0.0593969069255664,male,hispanic,0.059868526986721154,no,no,yes,no,-0.8312455815980007,1.1760346697987498,-0.741303890472032,0.23313957463593343,0.6663855055093747,low,other
-0.05922894775036733,male,hispanic,1.5250646023491272,yes,yes,yes,no,-0.8312455815980007,1.1760346697987498,-0.741303890472032,0.23313957463593343,2.3432001483105753,high,other
-0.05906098857516825,male,other,-1.0433374243364621,no,no,yes,no,-0.8312455815980007,1.1760346697987498,-0.741303890472032,0.23313957463593343,-1.0104291372918257,high,other
-0.05889302939996917,female,hispanic,0.009305070662440866,no,no,yes,no,-0.8312455815980007,1.1760346697987498,-0.741303890472032,0.23313957463593343,-1.0104291372918257,low,other
-0.05872507022477009,male,other,-0.8215469908832511,no,no,yes,no,-0.8312455815980007,1.1760346697987498,-0.741303890472032,0.23313957463593343,0.1074472912423079,high,other
-0.058557111049571016,female,other,-0.29177858370522375,no,no,yes,no,-0.39702640573116954,0.1932098218771284,-0.741303890472032,-0.9708822974754397,-1.0104291372918257,low,other
-0.058389151874371936,female,other,0.06331590585266135,no,no,yes,no,-0.39702640573116954,0.1932098218771284,-0.741303890472032,-0.9708822974754397,0.1074472912423079,high,other
-0.058221192699172856,male,other,0.5976815488098234,no,no,yes,no,-0.39702640573116954,0.1932098218771284,-0.741303890472032,-0.9708822974754397,-0.45149092302475896,high,other
-0.05805323352397378,female,other,-0.6767513796422907,no,no,yes,no,-0.39702640573116954,0.1932098218771284,-0.741303890472032,-0.9708822974754397,-1.0104291372918257,low,other
-0.0578852743487747,female,other,-0.37222034640868584,yes,no,yes,no,-0.39702640573116954,0.1932098218771284,-0.741303890472032,-0.9708822974754397,-0.45149092302475896,low,other
-0.057717315173575624,male,other,1.2021463794978984,no,no,yes,no,-0.39702640573116954,0.1932098218771284,-0.741303890472032,-0.9708822974754397,1.2253237197764415,low,other
-0.057549355998376545,male,other,-1.9891067907439328,yes,no,yes,no,-0.5055812859694901,0.3421225700361627,-0.7848365140293584,1.7365099857412987,-1.0104291372918257,high,other
-0.057381396823177465,female,other,-1.218011780331333,yes,no,yes,no,-0.5055812859694901,0.3421225700361627,-0.7848365140293584,1.7365099857412987,-0.45149092302475896,low,other
-0.057213437647978385,female,afam,-0.48828706980893033,no,no,no,no,-0.5055812859694901,0.3421225700361627,-0.7848365140293584,1.7365099857412987,-1.0104291372918257,low,other
-0.057045478472779305,male,other,-0.73421003207318,no,no,yes,no,-0.5055812859694901,0.3421225700361627,-0.7848365140293584,1.7365099857412987,-1.0104291372918257,low,other
-0.05687751929758023,female,other,1.7974180537518898,no,no,yes,no,-0.5055812859694901,0.3421225700361627,-0.7848365140293584,1.7365099857412987,1.2253237197764415,low,other
-0.05670956012238115,female,hispanic,-0.11250743030594677,no,no,no,no,0.14574765037398213,0.5803829670906177,-0.6542386401139462,0.34539150213292424,-1.0104291372918257,low,other
-0.05654160094718207,female,other,-1.5673604923210749,no,no,no,no,0.14574765037398213,0.5803829670906177,-0.6542386401139462,0.34539150213292424,0.1074472912423079,low,other
-0.056373641771982994,female,other,0.7815490612387778,no,no,yes,no,0.14574765037398213,0.5803829670906177,-0.6542386401139462,0.34539150213292424,-1.0104291372918257,low,other
-0.056205682596783914,female,other,1.3032737305211874,no,no,no,no,0.14574765037398213,0.5803829670906177,-0.6542386401139462,0.34539150213292424,0.6663855055093747,low,other
-0.05603772342158484,female,hispanic,-0.059645575279463486,no,no,yes,no,0.14574765037398213,0.5803829670906177,-0.6542386401139462,0.34539150213292424,-1.0104291372918257,low,other
-0.05586976424638576,female,other,0.624112476323065,no,no,no,no,0.14574765037398213,0.5803829670906177,-0.6542386401139462,0.34539150213292424,2.3432001483105753,low,other
-0.05570180507118668,female,other,-0.7801771293677828,no,no,no,no,0.14574765037398213,0.5803829670906177,-0.6542386401139462,0.34539150213292424,-1.0104291372918257,low,other
-0.0555338458959876,female,other,-1.2088186238972496,no,no,yes,no,0.39904214087242934,0.5803829670906177,-0.523640766198534,0.34539150213292424,-0.45149092302475896,high,other
-0.05536588672078852,female,other,0.6333060711318771,no,no,yes,no,0.39904214087242934,0.5803829670906177,-0.523640766198534,0.34539150213292424,-1.0104291372918257,low,other
-0.05519792754558945,female,other,0.7999358124816731,no,no,yes,no,0.39904214087242934,0.5803829670906177,-0.523640766198534,0.34539150213292424,1.2253237197764415,low,other
-0.05502996837039037,female,hispanic,-0.6319337008861536,yes,no,yes,no,0.39904214087242934,0.5803829670906177,-0.523640766198534,0.34539150213292424,0.1074472912423079,high,other
-0.05486200919519129,male,other,1.9088879797477283,no,no,yes,no,0.39904214087242934,0.5803829670906177,-0.523640766198534,0.34539150213292424,0.6663855055093747,low,other
-0.05469405001999221,female,afam,-0.2791376100304715,no,no,no,no,0.39904214087242934,0.5803829670906177,-0.523640766198534,0.34539150213292424,1.2253237197764415,low,other
-0.05452609084479314,female,other,0.4586317151370061,no,no,yes,no,0.9056314669557757,0.3421225700361627,2.5236427855113153,1.7365099857412987,-1.0104291372918257,low,other
-0.05435813166959406,female,other,1.5698822811052642,no,no,yes,no,0.9056314669557757,0.3421225700361627,2.5236427855113153,1.7365099857412987,1.2253237197764415,low,other
-0.05419017249439498,female,other,0.3804879127610184,no,no,yes,no,0.9056314669557757,0.3421225700361627,2.5236427855113153,1.7365099857412987,-1.0104291372918257,low,other
-0.0540222133191959,male,other,2.168601334225196,no,no,yes,no,0.9056314669557757,0.3421225700361627,2.5236427855113153,1.7365099857412987,1.2253237197764415,high,other
-0.05385425414399682,female,other,1.7813297012111975,no,no,yes,no,0.9056314669557757,0.3421225700361627,2.5236427855113153,1.7365099857412987,1.2253237197764415,low,other
-0.053686294968797746,female,other,-0.4951818275408107,no,no,yes,no,0.9056314669557757,0.3421225700361627,2.5236427855113153,1.7365099857412987,-0.45149092302475896,low,other
-0.053518335793598666,female,other,0.9895495408534993,no,no,yes,no,0.9056314669557757,0.3421225700361627,2.5236427855113153,1.7365099857412987,-1.0104291372918257,low,other
-0.053350376618399586,male,afam,0.9470302607995653,no,yes,yes,yes,0.5799668262408132,0.10386217298170781,-0.523640766198534,0.9950161819475675,1.2253237197764415,low,other
-0.05318241744320051,male,other,0.9688643909084009,no,no,yes,yes,0.5799668262408132,0.10386217298170781,-0.523640766198534,0.9950161819475675,0.6663855055093747,low,other
-0.05301445826800143,male,other,0.708002056267196,no,no,no,yes,0.5799668262408132,0.10386217298170781,-0.523640766198534,0.9950161819475675,-0.45149092302475896,low,other
-0.052846499092802354,male,hispanic,-1.6351617197245134,no,no,yes,no,-0.6141359936645852,0.31234002040435455,-0.5671733994861597,-1.0593054514853693,-1.0104291372918257,low,other
-0.052678539917603275,male,hispanic,0.28280794060366937,no,no,yes,no,-0.6141359936645852,0.31234002040435455,-0.5671733994861597,-1.0593054514853693,-1.0104291372918257,low,other
-0.052510580742404195,male,hispanic,0.5804437777306651,no,no,yes,no,-0.6141359936645852,0.31234002040435455,-0.5671733994861597,-1.0593054514853693,0.6663855055093747,high,other
-0.052342621567205115,male,hispanic,-0.5974585971025658,no,no,yes,no,-0.6141359936645852,0.31234002040435455,-0.5671733994861597,-1.0593054514853693,0.1074472912423079,low,other
-0.052174662392006035,male,other,1.4595613352731631,yes,no,yes,no,-0.6141359936645852,0.31234002040435455,-0.5671733994861597,-1.0593054514853693,1.2253237197764415,low,other
-0.05200670321680696,female,other,0.8102783874542224,no,no,yes,no,2.2444740696645256,1.972718405003576,-0.741303890472032,1.0358404273555812,-0.45149092302475896,low,other
-0.05183874404160788,female,afam,0.4712726888117584,yes,no,yes,no,2.2444740696645256,1.972718405003576,-0.741303890472032,1.0358404273555812,0.1074472912423079,low,other
-0.0516707848664088,male,afam,-0.15387773019614367,no,no,yes,no,2.2444740696645256,1.972718405003576,-0.741303890472032,1.0358404273555812,1.7842619340435084,low,other
-0.051502825691209723,male,afam,1.282588580576089,no,no,yes,no,2.2444740696645256,1.972718405003576,-0.741303890472032,1.0358404273555812,1.7842619340435084,low,other
-0.051334866516010644,male,hispanic,-0.06424193430914087,no,no,yes,yes,0.14574765037398213,0.10386217298170781,-0.6977712669147057,0.9950161819475675,0.1074472912423079,high,other
-0.05116690734081157,male,hispanic,0.7275382260485572,no,no,no,yes,0.14574765037398213,0.10386217298170781,-0.6977712669147057,0.9950161819475675,-1.0104291372918257,low,other
-0.05099894816561249,male,hispanic,-0.03436362792995903,no,no,yes,yes,0.14574765037398213,0.10386217298170781,-0.6977712669147057,0.9950161819475675,1.2253237197764415,low,other
-0.05083098899041341,male,hispanic,0.5666538238921758,no,no,no,yes,0.14574765037398213,0.10386217298170781,-0.6977712669147057,0.9950161819475675,-1.0104291372918257,low,other
-0.05066302981521433,male,hispanic,0.0035588547195690313,no,no,yes,yes,0.14574765037398213,0.10386217298170781,-0.6977712669147057,0.9950161819475675,-1.0104291372918257,low,other
-0.05049507064001526,male,hispanic,1.3411966515454443,yes,no,no,yes,0.14574765037398213,0.10386217298170781,-0.6977712669147057,0.9950161819475675,1.2253237197764415,low,other
-0.05032711146481618,male,other,0.4632280741666835,no,no,no,yes,0.14574765037398213,0.10386217298170781,-0.6977712669147057,0.9950161819475675,1.2253237197764415,low,other
-0.0501591522896171,male,hispanic,0.3023441103850306,no,no,no,yes,0.14574765037398213,0.10386217298170781,-0.6977712669147057,0.9950161819475675,1.2253237197764415,low,other
-0.04999119311441802,male,other,0.8953173859368192,no,no,yes,yes,0.14574765037398213,0.10386217298170781,-0.6977712669147057,0.9950161819475675,1.2253237197764415,low,other
-0.04982323393921894,male,hispanic,-0.2664966363557193,no,no,yes,yes,0.14574765037398213,0.10386217298170781,-0.6977712669147057,0.9950161819475675,-1.0104291372918257,low,other
-0.04965527476401987,male,hispanic,0.6792727300517514,yes,yes,yes,yes,0.14574765037398213,0.10386217298170781,-0.6977712669147057,0.9950161819475675,-0.45149092302475896,high,other
-0.04948731558882079,male,afam,-0.45151356732313946,no,no,no,yes,0.14574765037398213,0.10386217298170781,-0.6977712669147057,0.9950161819475675,-0.45149092302475896,low,other
-0.04931935641362171,male,hispanic,0.3954272851379736,no,no,no,yes,0.14574765037398213,0.10386217298170781,-0.6977712669147057,0.9950161819475675,1.2253237197764415,low,other
-0.04915139723842263,male,hispanic,0.008155652123975047,no,no,no,yes,0.14574765037398213,0.10386217298170781,-0.6977712669147057,0.9950161819475675,-0.45149092302475896,low,other
-0.04898343806322355,female,hispanic,0.0862994544999628,no,no,no,yes,0.5799668262408132,0.10386217298170781,-0.741303890472032,0.9950161819475675,-0.45149092302475896,low,other
-0.048815478888024476,female,afam,0.9217483134500608,no,no,no,yes,0.5799668262408132,0.10386217298170781,-0.741303890472032,0.9950161819475675,0.6663855055093747,low,other
-0.048647519712825396,female,other,1.0653949445272841,no,no,yes,yes,0.5799668262408132,0.10386217298170781,-0.741303890472032,0.9950161819475675,-0.45149092302475896,low,other
-0.048479560537626316,female,hispanic,-0.5756240286190014,no,no,no,yes,0.5799668262408132,0.10386217298170781,-0.741303890472032,0.9950161819475675,0.1074472912423079,low,other
-0.04831160136242724,female,hispanic,-0.9054370092021107,no,no,no,yes,0.5799668262408132,0.10386217298170781,-0.741303890472032,0.9950161819475675,1.2253237197764415,low,other
-0.04814364218722816,female,other,-0.6273369034817475,no,no,no,yes,0.5799668262408132,0.10386217298170781,-0.741303890472032,0.9950161819475675,-1.0104291372918257,low,other
-0.047975683012029084,male,other,0.7689085259387541,yes,no,yes,no,2.2444740696645256,1.972718405003576,-0.6977712669147057,1.0358404273555812,-0.45149092302475896,high,other
-0.047807723836830004,male,afam,1.2067431769023043,yes,yes,no,no,2.2444740696645256,1.972718405003576,-0.6977712669147057,1.0358404273555812,2.3432001483105753,high,other
-0.047639764661630925,male,hispanic,0.8068310085882822,no,no,yes,no,2.2444740696645256,1.972718405003576,-0.6977712669147057,1.0358404273555812,-0.45149092302475896,high,other
-0.047471805486431845,male,afam,2.042192474227131,yes,yes,yes,no,2.2444740696645256,1.972718405003576,-0.6977712669147057,1.0358404273555812,1.2253237197764415,high,other
-0.047303846311232765,male,afam,1.7721361064023855,yes,yes,yes,no,2.2444740696645256,1.972718405003576,-0.6977712669147057,1.0358404273555812,-0.45149092302475896,low,other
-0.04713588713603369,male,afam,0.9861021619875592,no,yes,yes,no,2.2444740696645256,1.972718405003576,-0.6977712669147057,1.0358404273555812,1.2253237197764415,high,other
-0.04696792796083461,male,other,0.8987647648027594,no,no,yes,no,2.2444740696645256,1.972718405003576,-0.6977712669147057,1.0358404273555812,1.7842619340435084,low,other
-0.04679996878563553,male,afam,0.24948225535854732,no,no,yes,no,2.2444740696645256,1.972718405003576,-0.6977712669147057,1.0358404273555812,0.6663855055093747,low,other
-0.04663200961043645,male,afam,-0.4779444948363811,yes,yes,yes,no,2.2444740696645256,1.972718405003576,-0.6977712669147057,1.0358404273555812,1.2253237197764415,low,other
-0.046464050435237374,male,afam,0.6551402012407127,yes,no,yes,no,2.2444740696645256,1.972718405003576,-0.6977712669147057,1.0358404273555812,1.2253237197764415,low,other
-0.0462960912600383,male,other,0.572399601460319,yes,no,yes,no,2.2444740696645256,1.972718405003576,-0.6977712669147057,1.0358404273555812,0.6663855055093747,high,other
-0.04612813208483922,female,afam,-0.2722424139238625,no,no,yes,no,2.2444740696645256,1.972718405003576,-0.6977712669147057,1.0358404273555812,0.6663855055093747,low,other
-0.04596017290964014,female,other,1.1918038045253492,no,no,no,yes,0.5799668262408132,0.10386217298170781,-0.741303890472032,0.9950161819475675,0.6663855055093747,low,other
-0.04579221373444106,male,hispanic,-0.13663995911698543,no,no,no,yes,0.5799668262408132,0.10386217298170781,-0.741303890472032,0.9950161819475675,-1.0104291372918257,low,other
-0.04562425455924199,female,afam,0.16444325687595054,no,yes,no,no,0.14574765037398213,0.5803829670906177,-0.7848365140293584,0.34539150213292424,1.7842619340435084,low,other
-0.04545629538404291,female,afam,-1.268575675030342,yes,yes,yes,no,0.14574765037398213,0.5803829670906177,-0.7848365140293584,0.34539150213292424,0.6663855055093747,high,other
-0.04528833620884383,female,afam,0.400023644167651,no,no,no,no,0.14574765037398213,0.5803829670906177,-0.7848365140293584,0.34539150213292424,-0.45149092302475896,low,other
-0.04512037703364475,female,afam,-0.7732819332611739,no,no,yes,no,0.14574765037398213,0.5803829670906177,-0.6977712669147057,0.34539150213292424,0.6663855055093747,low,other
-0.04495241785844567,female,afam,0.11273038201320444,no,no,yes,no,0.14574765037398213,0.5803829670906177,-0.6977712669147057,0.34539150213292424,-1.0104291372918257,low,other
-0.0447844586832466,female,afam,0.1357139306605059,yes,no,no,no,0.14574765037398213,0.5803829670906177,-0.6977712669147057,0.34539150213292424,0.1074472912423079,high,other
-0.04461649950804752,female,afam,0.5390739162151968,no,no,no,no,0.14574765037398213,0.5803829670906177,-0.6977712669147057,0.34539150213292424,1.2253237197764415,low,other
-0.04444854033284844,female,afam,0.05297333088011213,yes,no,yes,no,0.14574765037398213,0.5803829670906177,-0.6977712669147057,0.34539150213292424,1.7842619340435084,high,other
-0.04428058115764936,female,other,0.9608202146380547,no,no,no,no,0.14574765037398213,0.5803829670906177,-0.610706019800053,0.34539150213292424,-0.45149092302475896,low,other
-0.04411262198245028,female,other,-1.2559347013555897,yes,no,yes,no,0.14574765037398213,0.5803829670906177,-0.610706019800053,0.34539150213292424,-0.45149092302475896,low,other
-0.043944662807251206,female,other,-1.0594262152518832,no,no,yes,no,0.14574765037398213,0.5803829670906177,-0.610706019800053,0.34539150213292424,0.6663855055093747,low,other
-0.043776703632052126,female,afam,-1.384641960055858,no,yes,yes,no,0.14574765037398213,0.5803829670906177,-0.610706019800053,0.34539150213292424,0.1074472912423079,high,other
-0.043608744456853046,female,other,-0.4917344486748705,no,no,yes,no,0.14574765037398213,0.5803829670906177,-0.610706019800053,0.34539150213292424,-0.45149092302475896,low,other
-0.04344078528165397,female,other,-1.1272270042805932,no,no,yes,no,0.14574765037398213,0.5803829670906177,-0.610706019800053,0.34539150213292424,0.6663855055093747,low,other
-0.04327282610645489,female,afam,0.08285207563402261,yes,no,yes,no,0.14574765037398213,0.5803829670906177,-0.34951028494296127,0.34539150213292424,0.6663855055093747,low,other
-0.043104866931255814,female,afam,0.4425433625963137,no,no,yes,no,0.14574765037398213,0.5803829670906177,-0.34951028494296127,0.34539150213292424,1.2253237197764415,high,other
-0.042936907756056734,female,hispanic,0.10928300314726425,no,no,yes,no,0.14574765037398213,0.5803829670906177,-0.34951028494296127,0.34539150213292424,1.2253237197764415,high,other
-0.042768948580857655,female,afam,0.6080241237823726,no,no,yes,no,0.14574765037398213,0.5803829670906177,-0.34951028494296127,0.34539150213292424,-0.45149092302475896,high,other
-0.042600989405658575,female,hispanic,1.41014685911262,no,no,yes,no,0.14574765037398213,0.5803829670906177,-0.34951028494296127,0.34539150213292424,1.7842619340435084,high,other
-0.042433030230459495,female,other,1.0814832970679764,no,yes,yes,no,0.14574765037398213,0.5803829670906177,-0.34951028494296127,0.34539150213292424,1.2253237197764415,high,other
-0.04226507105526042,female,afam,0.7217920101056854,no,no,no,no,0.14574765037398213,0.5803829670906177,-0.610706019800053,0.34539150213292424,0.1074472912423079,low,other
-0.04209711188006134,female,other,-0.2722424139238625,no,yes,no,no,0.14574765037398213,0.5803829670906177,-0.610706019800053,0.34539150213292424,1.2253237197764415,high,other
-0.04192915270486226,female,other,-0.7571935807204814,yes,no,no,no,0.5437820962190079,0.31234002040435455,-0.48010815885837343,-1.0593054514853693,0.6663855055093747,high,other
-0.04176119352966318,female,hispanic,-0.39405491489225014,yes,no,yes,no,0.5437820962190079,0.31234002040435455,-0.48010815885837343,-1.0593054514853693,0.1074472912423079,high,other
-0.04159323435446411,female,hispanic,0.5275819227041818,no,no,yes,no,0.5437820962190079,0.31234002040435455,-0.48010815885837343,-1.0593054514853693,-1.0104291372918257,low,other
-0.04142527517926503,female,hispanic,0.35175858654557374,no,no,yes,no,0.5437820962190079,0.31234002040435455,-0.48010815885837343,-1.0593054514853693,0.6663855055093747,low,other
-0.04125731600406595,female,hispanic,-0.9169285643383971,no,no,yes,no,0.5437820962190079,0.31234002040435455,-0.48010815885837343,-1.0593054514853693,1.2253237197764415,low,other
-0.04108935682886687,female,hispanic,-0.7951160633700095,no,no,yes,no,0.5437820962190079,0.31234002040435455,-0.48010815885837343,-1.0593054514853693,0.1074472912423079,low,other
-0.04092139765366779,female,hispanic,0.3345208154664155,no,no,yes,no,0.5437820962190079,0.31234002040435455,-0.48010815885837343,-1.0593054514853693,1.2253237197764415,low,other
-0.04075343847846872,female,other,0.34371441027522753,no,no,yes,no,0.5437820962190079,0.31234002040435455,-0.48010815885837343,-1.0593054514853693,0.6663855055093747,low,other
-0.04058547930326964,female,hispanic,0.8160246033970943,yes,no,yes,no,0.5437820962190079,0.31234002040435455,-0.48010815885837343,-1.0593054514853693,-0.45149092302475896,low,other
-0.04041752012807056,female,hispanic,-0.9261217207724806,yes,no,yes,no,0.5437820962190079,0.31234002040435455,-0.48010815885837343,-1.0593054514853693,0.6663855055093747,low,other
-0.04024956095287148,female,afam,-0.9077349695295851,no,no,no,yes,0.5799668262408132,0.10386217298170781,-0.741303890472032,0.9950161819475675,-1.0104291372918257,low,other
-0.0400816017776724,female,other,-1.2812162103303657,no,no,no,yes,0.5799668262408132,0.10386217298170781,-0.741303890472032,0.9950161819475675,0.6663855055093747,low,other
-0.03991364260247333,female,hispanic,0.278211581573992,no,no,yes,yes,0.5799668262408132,0.10386217298170781,-0.741303890472032,0.9950161819475675,-1.0104291372918257,low,other
-0.03974568342727425,female,hispanic,-1.6845761958850567,no,no,no,yes,0.5799668262408132,0.10386217298170781,-0.741303890472032,0.9950161819475675,-0.45149092302475896,low,other
-0.03957772425207517,male,afam,0.1322665517945657,no,no,yes,yes,0.5799668262408132,0.10386217298170781,-0.741303890472032,0.9950161819475675,0.1074472912423079,low,other
-0.03940976507687609,male,hispanic,-0.36187777143613664,no,no,no,yes,0.5799668262408132,0.10386217298170781,-0.741303890472032,0.9950161819475675,1.2253237197764415,low,other
-0.03924180590167701,male,hispanic,0.7344329837804376,no,no,no,yes,0.5799668262408132,0.10386217298170781,-0.741303890472032,0.9950161819475675,-1.0104291372918257,low,other
-0.039073846726477936,male,afam,-0.2871817863008177,no,no,yes,yes,0.5799668262408132,0.10386217298170781,-0.741303890472032,0.9950161819475675,-0.45149092302475896,low,other
-0.038905887551278856,male,afam,1.074588539336096,no,no,yes,yes,0.037192770135661544,0.3421225700361627,-0.741303890472032,1.7365099857412987,-1.0104291372918257,low,other
-0.038737928376079776,male,afam,0.06676372309333017,no,no,yes,yes,0.037192770135661544,0.3421225700361627,-0.741303890472032,1.7365099857412987,-0.45149092302475896,low,other
-0.0385699692008807,male,afam,0.04033279558008853,no,no,yes,yes,0.037192770135661544,0.3421225700361627,-0.741303890472032,1.7365099857412987,1.2253237197764415,low,other
-0.03840201002568162,male,other,1.1240025771219107,no,no,yes,yes,0.5799668262408132,0.10386217298170781,-0.5671733994861597,0.9950161819475675,0.6663855055093747,low,other
-0.038234050850482544,male,other,1.2067431769023043,no,no,no,yes,0.5799668262408132,0.10386217298170781,-0.5671733994861597,0.9950161819475675,1.2253237197764415,high,other
-0.038066091675283464,male,hispanic,0.25752643162889355,no,yes,yes,no,0.21811745550404543,-1.4597234578681366,-0.610706019800053,0.012081689611110202,0.6663855055093747,high,other
-0.037898132500084385,male,hispanic,0.717195651076008,no,no,yes,no,0.21811745550404543,-1.4597234578681366,-0.610706019800053,0.012081689611110202,1.7842619340435084,low,other
-0.037730173324885305,male,hispanic,1.2113399743067104,yes,no,yes,no,0.21811745550404543,-1.4597234578681366,-0.610706019800053,0.012081689611110202,1.2253237197764415,high,other
-0.03756221414968623,male,hispanic,0.791891636211327,no,no,yes,no,0.21811745550404543,-1.4597234578681366,-0.610706019800053,0.012081689611110202,-0.45149092302475896,high,other
-0.03739425497448715,male,hispanic,2.0651755844997037,no,no,no,no,0.21811745550404543,-1.4597234578681366,-0.610706019800053,0.012081689611110202,1.2253237197764415,high,other
-0.03722629579928807,male,hispanic,0.4436923427600509,no,no,yes,no,0.21811745550404543,-1.4597234578681366,-0.610706019800053,0.012081689611110202,1.2253237197764415,low,other
-0.03705833662408899,male,hispanic,1.111362041821887,yes,no,yes,no,0.21811745550404543,-1.4597234578681366,-0.610706019800053,0.012081689611110202,1.7842619340435084,low,other
-0.03689037744888991,male,hispanic,0.3402665930345587,no,no,yes,no,1.122740882345965,0.40168766929977645,-0.610706019800053,0.9202009926976503,-0.45149092302475896,low,other
-0.03672241827369084,male,hispanic,-0.13089418154884222,no,no,no,no,1.122740882345965,0.40168766929977645,-0.610706019800053,0.9202009926976503,0.1074472912423079,high,other
-0.03655445909849176,female,hispanic,-0.8318895658558003,yes,yes,no,no,1.122740882345965,0.40168766929977645,-0.610706019800053,0.9202009926976503,0.1074472912423079,low,other
-0.03638649992329268,male,hispanic,0.27361478416958596,no,no,yes,no,0.21811745550404543,-1.4597234578681366,-0.6977712669147057,0.012081689611110202,1.7842619340435084,low,other
-0.0362185407480936,male,hispanic,1.5514950914876402,no,no,yes,no,0.21811745550404543,-1.4597234578681366,-0.2624450183677096,0.012081689611110202,1.7842619340435084,low,other
-0.03605058157289452,female,hispanic,0.2897031367102784,no,no,yes,no,0.21811745550404543,-1.4597234578681366,-0.2624450183677096,0.012081689611110202,1.7842619340435084,low,other
-0.03588262239769545,male,hispanic,0.9952953184216425,no,yes,yes,no,0.21811745550404543,-1.4597234578681366,-0.2624450183677096,0.012081689611110202,1.7842619340435084,low,other
-0.03571466322249637,female,hispanic,0.02654240336687048,no,no,yes,no,0.21811745550404543,-1.4597234578681366,-0.2624450183677096,0.012081689611110202,0.1074472912423079,low,other
-0.03554670404729729,female,hispanic,0.05067537055263775,no,no,no,no,0.21811745550404543,-1.4597234578681366,-0.2624450183677096,0.012081689611110202,0.1074472912423079,low,other
-0.03537874487209821,female,hispanic,-0.05275037917285446,no,yes,no,no,0.21811745550404543,-1.4597234578681366,-0.2624450183677096,0.012081689611110202,1.2253237197764415,low,other
-0.03521078569689913,female,hispanic,-0.215933180031439,no,no,no,no,0.21811745550404543,-1.4597234578681366,-0.2624450183677096,0.012081689611110202,1.7842619340435084,low,other
-0.03504282652170006,female,hispanic,0.16214485817374755,yes,yes,yes,no,0.21811745550404543,-1.4597234578681366,-0.2624450183677096,0.012081689611110202,0.6663855055093747,high,other
-0.03487486734650098,male,hispanic,1.4158926366807632,yes,no,yes,no,0.21811745550404543,-1.4597234578681366,-0.2624450183677096,0.012081689611110202,1.2253237197764415,low,other
-0.0347069081713019,male,hispanic,0.5126425503272266,no,no,yes,no,0.21811745550404543,-1.4597234578681366,-0.2624450183677096,0.012081689611110202,1.7842619340435084,low,other
-0.03453894899610282,female,hispanic,0.8711848571257805,no,no,yes,no,1.122740882345965,0.40168766929977645,-0.741303890472032,0.9202009926976503,1.7842619340435084,low,other
-0.03437098982090374,female,hispanic,1.719274251375902,yes,no,yes,no,1.122740882345965,0.40168766929977645,-0.741303890472032,0.9202009926976503,1.2253237197764415,high,other
-0.034203030645704666,female,hispanic,1.1619254981461673,no,no,yes,no,1.122740882345965,0.40168766929977645,-0.741303890472032,0.9202009926976503,2.3432001483105753,low,other
-0.034035071470505586,female,hispanic,1.1297487930647825,no,no,no,no,1.122740882345965,0.40168766929977645,-0.741303890472032,0.9202009926976503,1.2253237197764415,high,other
-0.033867112295306506,female,hispanic,0.8504997071806821,no,no,yes,no,1.122740882345965,0.40168766929977645,-0.741303890472032,0.9202009926976503,1.2253237197764415,low,other
-0.033699153120107427,female,other,0.6493944236725695,no,no,yes,no,1.122740882345965,0.40168766929977645,-0.741303890472032,0.9202009926976503,1.7842619340435084,low,other
-0.03353119394490835,female,hispanic,0.020796625798727274,no,no,yes,no,0.21811745550404543,-1.4597234578681366,-0.6977712669147057,0.012081689611110202,0.1074472912423079,high,other
-0.033363234769709274,female,other,0.7183446312397452,no,no,yes,no,0.21811745550404543,-1.4597234578681366,-0.6977712669147057,0.012081689611110202,0.1074472912423079,high,other
-0.033195275594510194,female,hispanic,0.45403491773260013,no,yes,yes,no,0.21811745550404543,-1.4597234578681366,-0.6977712669147057,0.012081689611110202,1.2253237197764415,low,other
-0.033027316419311115,female,other,0.8573944649125624,yes,no,yes,no,0.21811745550404543,-1.4597234578681366,-0.6977712669147057,0.012081689611110202,1.2253237197764415,low,other
-0.032859357244112035,female,hispanic,0.7849968784794465,yes,no,yes,no,0.21811745550404543,-1.4597234578681366,-0.6977712669147057,0.012081689611110202,0.1074472912423079,low,other
-0.03269139806891296,female,hispanic,1.1308977732285197,no,no,yes,no,0.21811745550404543,-1.4597234578681366,-0.6977712669147057,0.012081689611110202,1.2253237197764415,low,other
-0.03252343889371388,female,hispanic,0.1908741843891922,yes,no,yes,no,0.21811745550404543,-1.4597234578681366,-0.6977712669147057,0.012081689611110202,-0.45149092302475896,low,other
-0.0323554797185148,female,hispanic,0.8987647648027594,yes,no,yes,no,0.21811745550404543,-1.4597234578681366,-0.6977712669147057,0.012081689611110202,0.1074472912423079,high,other
-0.03218752054331572,female,hispanic,0.2287971054134489,no,no,yes,no,0.21811745550404543,-1.4597234578681366,-0.6977712669147057,0.012081689611110202,1.2253237197764415,high,other
-0.03201956136811664,female,other,0.16329427671221336,yes,no,yes,no,0.21811745550404543,-1.4597234578681366,-0.6977712669147057,0.012081689611110202,-0.45149092302475896,high,other
-0.03185160219291757,female,hispanic,1.5216163467337298,yes,no,yes,no,0.21811745550404543,-1.4597234578681366,-0.6977712669147057,0.012081689611110202,1.2253237197764415,high,other
-0.03168364301771849,female,hispanic,-1.005414941686934,no,no,yes,no,0.21811745550404543,-1.4597234578681366,-0.6977712669147057,0.012081689611110202,-1.0104291372918257,low,other
-0.03151568384251941,female,hispanic,0.5632064450262355,yes,yes,yes,no,0.21811745550404543,-1.4597234578681366,-0.6977712669147057,0.012081689611110202,0.6663855055093747,high,other
-0.03134772466732033,female,hispanic,0.08285207563402261,yes,yes,yes,no,0.21811745550404543,-1.4597234578681366,-0.6977712669147057,0.012081689611110202,0.1074472912423079,high,other
-0.031179765492121255,female,hispanic,0.7999358124816731,yes,yes,yes,no,0.21811745550404543,-1.4597234578681366,-0.6977712669147057,0.012081689611110202,1.2253237197764415,high,other
-0.031011806316922175,female,hispanic,1.1952516217660178,yes,yes,yes,no,0.21811745550404543,-1.4597234578681366,-0.6977712669147057,0.012081689611110202,1.2253237197764415,high,other
-0.0308438471417231,female,hispanic,0.15984645947154455,no,no,no,no,0.21811745550404543,-1.4597234578681366,-0.6977712669147057,0.012081689611110202,0.6663855055093747,low,other
-0.03067588796652402,female,hispanic,0.533327700272325,no,no,yes,no,0.21811745550404543,-1.4597234578681366,-0.6977712669147057,0.012081689611110202,1.2253237197764415,low,other
-0.03050792879132494,female,hispanic,-1.1375695792531424,yes,yes,yes,no,0.21811745550404543,-1.4597234578681366,-0.6977712669147057,0.012081689611110202,0.6663855055093747,low,other
-0.030339969616125863,female,hispanic,0.36669795892252893,no,no,yes,no,0.21811745550404543,-1.4597234578681366,-0.6977712669147057,0.012081689611110202,-1.0104291372918257,low,other
-0.030172010440926784,female,hispanic,1.3837159315993783,yes,no,no,no,0.21811745550404543,-1.4597234578681366,-0.6977712669147057,0.012081689611110202,1.2253237197764415,low,other
-0.030004051265727708,female,other,-0.04470620290250825,no,no,yes,no,0.21811745550404543,-1.4597234578681366,-0.6977712669147057,0.012081689611110202,1.2253237197764415,low,other
-0.029836092090528628,female,hispanic,-0.10561223419933775,no,no,no,no,0.21811745550404543,-1.4597234578681366,-0.6977712669147057,0.012081689611110202,0.1074472912423079,low,other
-0.02966813291532955,female,hispanic,0.5241345438382417,no,no,yes,no,0.21811745550404543,-1.4597234578681366,-0.6977712669147057,0.012081689611110202,-1.0104291372918257,low,other
-0.029500173740130472,female,afam,0.23569186314532928,no,yes,yes,no,0.21811745550404543,-1.4597234578681366,-0.6977712669147057,0.012081689611110202,1.2253237197764415,low,other
-0.029332214564931392,female,other,0.6838695274561574,no,no,yes,no,0.21811745550404543,-1.4597234578681366,-0.6977712669147057,0.012081689611110202,1.2253237197764415,low,other
-0.029164255389732316,female,hispanic,0.5241345438382417,no,no,no,no,0.21811745550404543,-1.4597234578681366,-0.6977712669147057,0.012081689611110202,1.7842619340435084,low,other
-0.028996296214533236,female,hispanic,-0.2297231338699284,no,no,yes,no,0.21811745550404543,-1.4597234578681366,-0.6977712669147057,0.012081689611110202,-0.45149092302475896,high,other
-0.02882833703933416,female,hispanic,0.6988088998331126,no,no,yes,no,0.21811745550404543,-1.4597234578681366,-0.43657552557074764,0.012081689611110202,1.2253237197764415,high,other
-0.02866037786413508,female,hispanic,-0.16766768403463309,no,yes,yes,no,0.21811745550404543,-1.4597234578681366,-0.43657552557074764,0.012081689611110202,-0.45149092302475896,low,other
-0.028492418688936,male,hispanic,-0.11595480917188698,yes,no,yes,no,0.21811745550404543,-1.4597234578681366,-0.43657552557074764,0.012081689611110202,-0.45149092302475896,high,other
-0.028324459513736924,male,other,1.0136820696645379,yes,yes,yes,no,0.21811745550404543,-1.4597234578681366,-0.43657552557074764,0.012081689611110202,0.1074472912423079,high,other
-0.028156500338537845,male,hispanic,-0.26189983895131325,no,no,yes,no,0.21811745550404543,-1.4597234578681366,-0.43657552557074764,0.012081689611110202,-0.45149092302475896,high,other
-0.02798854116333877,female,hispanic,-0.4446183712165304,no,no,no,no,0.21811745550404543,-1.4597234578681366,-0.43657552557074764,0.012081689611110202,1.2253237197764415,high,other
-0.02782058198813969,female,hispanic,-0.2607508587875761,yes,yes,yes,no,0.21811745550404543,-1.4597234578681366,-0.43657552557074764,0.012081689611110202,1.2253237197764415,low,other
-0.027652622812940612,female,hispanic,1.1757154519846567,no,no,yes,no,0.21811745550404543,-1.4597234578681366,-0.43657552557074764,0.012081689611110202,1.2253237197764415,low,other
-0.027484663637741533,female,hispanic,1.2653512478716595,yes,no,yes,no,0.21811745550404543,-1.4597234578681366,-0.43657552557074764,0.012081689611110202,1.7842619340435084,high,other
-0.027316704462542453,female,hispanic,-0.2331705127358686,no,yes,yes,no,0.21811745550404543,-1.4597234578681366,-0.43657552557074764,0.012081689611110202,-0.45149092302475896,low,other
-0.027148745287343377,male,hispanic,0.5907863527032143,no,no,no,no,0.21811745550404543,-1.4597234578681366,-0.43657552557074764,0.012081689611110202,0.1074472912423079,low,other
-0.026980786112144297,female,hispanic,0.32417824049386623,no,no,yes,no,0.21811745550404543,-1.4597234578681366,-0.43657552557074764,0.012081689611110202,1.7842619340435084,low,other
-0.02681282693694522,female,hispanic,0.572399601460319,no,yes,yes,no,0.21811745550404543,-1.4597234578681366,-0.43657552557074764,0.012081689611110202,1.2253237197764415,low,other
-0.02664486776174614,female,hispanic,0.3827863114632214,no,yes,yes,no,0.21811745550404543,-1.4597234578681366,-0.43657552557074764,0.012081689611110202,-0.45149092302475896,low,other
1.1833330303724137,male,other,1.6365336515955085,yes,yes,yes,no,-0.6503208962296168,0.03685125879214395,-0.741303890472032,-0.02535539976394105,1.2253237197764415,high,west
2.8629247823631965,female,hispanic,0.9091073397753086,no,no,yes,no,-0.6503208962296168,0.03685125879214395,-0.741303890472032,-0.02535539976394105,-0.45149092302475896,high,west
-0.02647690858654706,male,other,1.3883127290037842,yes,no,yes,no,-0.6503208962296168,0.03685125879214395,-0.741303890472032,-0.02535539976394105,-0.45149092302475896,high,west
0.024414721498773655,male,other,0.925195692316001,yes,yes,no,no,-0.6503208962296168,0.03685125879214395,-0.741303890472032,-0.02535539976394105,0.6663855055093747,low,west
0.19237389669785193,male,hispanic,0.3471617891411677,no,no,yes,no,-1.1569100497697369,0.03685125879214395,-0.1318471703997627,-0.02535539976394105,-1.0104291372918257,high,west
0.3603330718969302,female,hispanic,-0.30327013884151016,yes,no,yes,no,-1.1569100497697369,0.03685125879214395,-0.1318471703997627,-0.02535539976394105,-1.0104291372918257,low,west
0.5282922470960084,male,other,1.405550061708214,yes,no,yes,no,-0.5417661885345219,-1.0427670529508468,-0.0883145371121369,-0.2464132847887643,0.6663855055093747,high,west
0.6962514222950866,female,other,-0.45955774359348567,yes,yes,yes,no,-0.5417661885345219,-1.0427670529508468,-0.0883145371121369,-0.2464132847887643,-0.45149092302475896,high,west
0.864210597494165,male,other,-0.4848396909429901,no,no,yes,no,-0.5417661885345219,-1.0427670529508468,-0.0883145371121369,-0.2464132847887643,-0.45149092302475896,low,west
1.0321697726932433,male,other,0.663184377511059,no,no,yes,no,-0.5417661885345219,-1.0427670529508468,-0.0883145371121369,-0.2464132847887643,-0.45149092302475896,low,west
1.2001289478923214,female,other,-0.571027669589324,no,no,yes,no,-0.5417661885345219,-1.0427670529508468,-0.0883145371121369,-0.2464132847887643,-1.0104291372918257,low,west
1.3680881230913997,female,other,-0.7560441621820156,no,no,yes,no,-0.5417661885345219,-1.0427670529508468,-0.0883145371121369,-0.2464132847887643,-1.0104291372918257,low,west
1.536047298290478,male,hispanic,-0.1768612788434451,yes,no,yes,yes,-0.2522866229278173,0.03685125879214395,-0.741303890472032,-0.02535539976394105,1.2253237197764415,low,west
1.7040064734895564,male,hispanic,-0.641126857320237,no,no,yes,yes,-0.2522866229278173,0.03685125879214395,-0.741303890472032,-0.02535539976394105,0.1074472912423079,low,west
1.8719656486886345,female,other,1.8973964246114419,no,no,yes,yes,-0.5417661885345219,-1.0427670529508468,-0.610706019800053,-0.2464132847887643,0.1074472912423079,low,west
2.039924823887713,female,other,-0.34578941889544423,no,no,yes,yes,-0.5417661885345219,-1.0427670529508468,-0.610706019800053,-0.2464132847887643,-1.0104291372918257,low,west
2.207883999086791,male,hispanic,-1.3765977837855117,no,no,yes,yes,-0.5417661885345219,-1.0427670529508468,-0.610706019800053,-0.2464132847887643,0.1074472912423079,low,west
2.3758431742858694,female,hispanic,-0.3205079099206684,no,no,no,yes,-0.5417661885345219,-1.0427670529508468,-0.610706019800053,-0.2464132847887643,-1.0104291372918257,low,west
2.5438023494849475,male,other,-0.8330389843942662,no,no,yes,no,-0.6141359936645852,-0.8119524708223421,-0.34951028494296127,-0.35866521228575543,-1.0104291372918257,high,west
2.711761524684026,female,other,-1.2099676040609868,no,no,yes,no,-0.5417661885345219,-1.0427670529508468,-0.610706019800053,-0.2464132847887643,-1.0104291372918257,high,west
2.8797206998831046,female,other,-0.012529497821123396,yes,no,yes,no,-0.5417661885345219,-1.0427670529508468,-0.610706019800053,-0.2464132847887643,0.1074472912423079,high,west
3.0476798750821827,male,other,1.0527539708525318,no,yes,yes,no,-0.5417661885345219,-1.0427670529508468,-0.610706019800053,-0.2464132847887643,-1.0104291372918257,low,west
3.215639050281261,male,other,-0.6319337008861536,yes,yes,yes,no,-0.5417661885345219,-1.0427670529508468,-0.610706019800053,-0.2464132847887643,0.1074472912423079,low,west
3.3835982254803394,female,other,1.4066994802466797,yes,no,yes,no,-0.5417661885345219,-1.0427670529508468,-0.610706019800053,-0.2464132847887643,0.6663855055093747,high,west
3.5515574006794175,male,other,-0.21133638262703297,no,no,yes,no,-0.5417661885345219,-1.0427670529508468,-0.610706019800053,-0.2464132847887643,0.6663855055093747,low,west
3.719516575878496,male,other,0.09434363077030901,no,no,yes,no,-0.5417661885345219,-1.0427670529508468,-0.610706019800053,-0.2464132847887643,-1.0104291372918257,low,west
3.887475751077574,female,other,0.8999141833412252,yes,no,yes,no,-0.5417661885345219,-1.0427670529508468,-0.610706019800053,-0.2464132847887643,1.2253237197764415,low,west
4.055434926276653,male,hispanic,0.30923930649163966,no,no,yes,no,-0.28847152549284893,0.48358950326924555,-0.6542386401139462,0.049489108672080145,-1.0104291372918257,low,west
4.223394101475731,female,other,-0.0734355291179529,yes,no,no,no,-0.28847152549284893,0.48358950326924555,-0.6542386401139462,0.049489108672080145,-1.0104291372918257,low,west
4.391353276674809,female,hispanic,-0.003335903012311363,no,no,yes,no,-0.28847152549284893,0.48358950326924555,-0.6542386401139462,0.049489108672080145,-0.45149092302475896,high,west
4.559312451873887,female,other,-0.8870502579592153,no,no,yes,no,-0.28847152549284893,0.48358950326924555,-0.6542386401139462,0.049489108672080145,-0.45149092302475896,high,west
4.727271627072965,male,other,1.9916285795281221,no,no,yes,yes,-0.10754684012446505,1.3919583321473468,-0.741303890472032,-0.586556750004666,1.2253237197764415,low,west
4.895230802272044,female,other,-0.5239111537562554,no,no,yes,yes,-0.10754684012446505,1.3919583321473468,-0.741303890472032,-0.586556750004666,-1.0104291372918257,low,west
5.063189977471122,male,other,0.38738267049289876,no,no,yes,yes,-0.10754684012446505,1.3919583321473468,-0.741303890472032,-0.586556750004666,-1.0104291372918257,low,west
5.2311491526702,female,other,0.805682028424545,yes,no,yes,yes,-0.10754684012446505,1.3919583321473468,-0.741303890472032,-0.586556750004666,1.2253237197764415,high,west
5.399108327869278,male,other,0.6976594812946467,no,no,yes,yes,-0.10754684012446505,1.3919583321473468,-0.741303890472032,-0.586556750004666,-1.0104291372918257,low,west
-0.026308949411347985,male,other,0.8171735835608314,no,no,yes,yes,-0.10754684012446505,1.3919583321473468,-0.741303890472032,-0.586556750004666,-1.0104291372918257,low,west
-0.024293439308959046,male,other,-0.8364863632602064,yes,no,yes,no,-0.6141359936645852,-0.8119524708223421,-0.610706019800053,-0.35866521228575543,-0.45149092302475896,high,west
-0.007497521789051218,male,other,0.7459249772914527,no,no,yes,no,-0.6141359936645852,-0.8119524708223421,-0.610706019800053,-0.35866521228575543,0.6663855055093747,low,west
0.009298395730856609,male,hispanic,0.30694090778943667,no,no,yes,no,-0.6141359936645852,-0.8119524708223421,-0.610706019800053,-0.35866521228575543,0.6663855055093747,low,west
0.026094313250764438,male,other,0.43564816648970467,yes,no,yes,no,-0.8312455815980007,-0.0003771057656130477,0.5211421732298329,-0.7872318315115865,0.1074472912423079,low,west
0.042890230770672264,male,hispanic,-0.8341879645580034,no,no,yes,no,-0.5417661885345219,-1.0427670529508468,0.3034790586866344,-0.2464132847887643,0.1074472912423079,low,west
0.05968614829058009,male,hispanic,0.9183009345841207,no,no,yes,no,-0.5417661885345219,-1.0427670529508468,0.3034790586866344,-0.2464132847887643,-1.0104291372918257,low,west
0.07648206581048791,female,other,0.4827642439480448,yes,no,yes,no,-0.5417661885345219,-1.0427670529508468,0.3034790586866344,-0.2464132847887643,0.1074472912423079,high,west
0.09327798333039575,female,hispanic,-1.1134370504421036,no,no,yes,no,-0.14373191523272236,-1.0427670529508468,-0.5671733994861597,-0.2464132847887643,-1.0104291372918257,low,west
0.11007390085030357,female,other,-1.7029629471279522,no,no,no,no,-0.14373191523272236,-1.0427670529508468,-0.5671733994861597,-0.2464132847887643,-1.0104291372918257,low,west
0.1268698183702114,male,other,0.3931288864357706,no,no,yes,no,-0.14373191523272236,-1.0427670529508468,-0.43657552557074764,-0.2464132847887643,-1.0104291372918257,low,west
0.14366573589011922,male,other,-0.9686414392011432,yes,no,yes,no,-0.14373191523272236,-1.0427670529508468,-0.43657552557074764,-0.2464132847887643,-0.45149092302475896,low,west
0.16046165341002705,male,other,0.8803780135598639,no,no,no,no,-0.14373191523272236,-1.0427670529508468,-0.43657552557074764,-0.2464132847887643,0.1074472912423079,low,west
0.17725757092993488,female,other,0.9137041371797145,yes,yes,yes,no,-0.14373191523272236,-1.0427670529508468,-0.43657552557074764,-0.2464132847887643,0.6663855055093747,low,west
0.19405348844984271,female,hispanic,-1.2076692053587839,no,no,no,no,-0.5417661885345219,-1.0427670529508468,-0.1318471703997627,-0.2464132847887643,-1.0104291372918257,low,west
0.21084940596975055,male,other,-0.5813698061871446,yes,yes,yes,no,-0.5417661885345219,-1.0427670529508468,-0.1318471703997627,-0.2464132847887643,-0.45149092302475896,low,west
0.22764532348965835,female,other,1.0872290746361197,yes,no,yes,no,-0.5417661885345219,-1.0427670529508468,-0.1318471703997627,-0.2464132847887643,1.2253237197764415,high,west
0.24444124100956618,male,other,-0.5365521274310076,no,no,yes,no,-0.5417661885345219,-1.0427670529508468,-0.1318471703997627,-0.2464132847887643,-1.0104291372918257,low,west
0.261237158529474,male,other,0.6861679261583604,yes,yes,yes,no,-0.5417661885345219,-1.0427670529508468,-0.1318471703997627,-0.2464132847887643,0.6663855055093747,high,west
0.2780330760493818,female,other,0.27016740530364575,yes,no,yes,no,-0.5417661885345219,-1.0427670529508468,-0.1318471703997627,-0.2464132847887643,-1.0104291372918257,low,west
0.29482899356928965,male,other,-0.5974585971025658,no,no,yes,no,-0.5417661885345219,-1.0427670529508468,-0.1318471703997627,-0.2464132847887643,0.1074472912423079,high,west
0.3116249110891975,female,other,-0.11365641046968397,no,no,yes,no,-0.5417661885345219,-1.0427670529508468,-0.1318471703997627,-0.2464132847887643,0.1074472912423079,low,west
0.3284208286091053,female,other,0.5953831501076203,no,no,yes,no,-0.5417661885345219,-1.0427670529508468,-0.1318471703997627,-0.2464132847887643,0.1074472912423079,low,west
0.34521674612901315,male,other,1.1803122493890628,no,no,yes,no,0.9780012720858383,0.03685125879214395,-0.30597765165533547,-0.02535539976394105,1.2253237197764415,low,west
0.362012663648921,female,other,-0.554938878673903,yes,no,yes,no,0.9780012720858383,0.03685125879214395,-0.30597765165533547,-0.02535539976394105,-0.45149092302475896,low,west
0.3788085811688288,male,other,-0.5767734471574673,no,yes,yes,no,0.9780012720858383,0.03685125879214395,-0.30597765165533547,-0.02535539976394105,1.2253237197764415,high,west
0.39560449868873665,female,hispanic,-1.885681479393169,no,no,yes,no,0.9780012720858383,0.03685125879214395,-0.30597765165533547,-0.02535539976394105,-1.0104291372918257,low,west
0.4124004162086445,female,other,1.1377929693351287,no,no,yes,no,-1.0845402446396735,1.3919583321473468,1.391794631402627,-0.586556750004666,-0.45149092302475896,low,west
0.4291963337285523,female,other,-0.10101587516966037,no,no,yes,no,-1.0845402446396735,1.3919583321473468,1.391794631402627,-0.586556750004666,0.1074472912423079,low,west
0.4459922512484601,female,other,0.36439956022032594,yes,yes,no,no,-1.0845402446396735,1.3919583321473468,1.391794631402627,-0.586556750004666,0.6663855055093747,low,west
0.4627881687683679,male,other,0.7826984797772436,yes,no,yes,no,-1.0845402446396735,1.3919583321473468,1.391794631402627,-0.586556750004666,-1.0104291372918257,low,west
0.47958408628827576,male,other,-0.45381196602534246,no,no,no,no,-1.0845402446396735,1.3919583321473468,1.391794631402627,-0.586556750004666,-1.0104291372918257,low,west
0.4963800038081836,male,other,-1.5731062698892182,no,no,yes,no,3.149097151419994,-0.8119524708223421,0.3034790586866344,-0.35866521228575543,-0.45149092302475896,low,west
0.5131759213280914,male,other,-1.0939013190354712,no,no,no,no,3.149097151419994,-0.8119524708223421,0.3034790586866344,-0.35866521228575543,-0.45149092302475896,low,west
0.5299718388479993,female,other,-2.083339384035342,no,no,yes,no,3.149097151419994,-0.8119524708223421,0.3034790586866344,-0.35866521228575543,-0.45149092302475896,low,west
0.5467677563679071,male,other,0.45978069530074334,no,no,no,no,3.149097151419994,-0.8119524708223421,0.3034790586866344,-0.35866521228575543,0.1074472912423079,low,west
0.5635636738878149,female,other,-1.8512063756095813,no,no,yes,no,3.149097151419994,-0.8119524708223421,0.3034790586866344,-0.35866521228575543,-0.45149092302475896,low,west
0.5803595914077228,female,other,-1.4696809585384547,no,no,yes,no,3.149097151419994,-0.8119524708223421,0.3034790586866344,-0.35866521228575543,0.1074472912423079,low,west
0.5971555089276306,female,other,1.3147657240322026,yes,no,yes,no,-0.6141359936645852,-0.878963385011906,3.1330995477482158,-0.9402787730124815,0.1074472912423079,high,west
0.6139514264475384,male,other,-0.45381196602534246,yes,no,yes,no,-0.6141359936645852,-0.878963385011906,3.1330995477482158,-0.9402787730124815,-0.45149092302475896,high,west
0.6307473439674463,male,hispanic,-1.0743651492541098,no,no,yes,no,-0.6141359936645852,-0.878963385011906,3.1330995477482158,-0.9402787730124815,-1.0104291372918257,low,west
0.6475432614873541,female,other,1.2136383730089133,no,no,yes,no,-0.6141359936645852,-0.878963385011906,3.1330995477482158,-0.9402787730124815,-0.45149092302475896,high,west
0.6643391790072619,male,hispanic,-0.9261217207724806,no,no,yes,no,-0.6141359936645852,-0.878963385011906,3.1330995477482158,-0.9402787730124815,-0.45149092302475896,low,west
0.6811350965271697,male,other,-0.5848176234278135,no,no,yes,no,-0.6141359936645852,-0.878963385011906,3.1330995477482158,-0.9402787730124815,-1.0104291372918257,high,west
0.6979310140470775,female,other,-1.214564401465393,no,no,yes,no,0.037192770135661544,0.03685125879214395,2.0447839750322228,-0.02535539976394105,-1.0104291372918257,low,west
0.7147269315669853,male,other,1.0837816957701796,yes,no,yes,no,0.037192770135661544,0.03685125879214395,2.0447839750322228,-0.02535539976394105,1.7842619340435084,low,west
0.7315228490868931,male,other,-1.478874114972538,no,no,no,no,0.037192770135661544,0.03685125879214395,2.0447839750322228,-0.02535539976394105,-1.0104291372918257,high,west
0.748318766606801,male,other,1.497483817922691,no,no,yes,no,0.037192770135661544,0.03685125879214395,2.0447839750322228,-0.02535539976394105,-1.0104291372918257,low,west
0.7651146841267088,female,other,1.190654824361612,no,no,yes,no,0.037192770135661544,0.03685125879214395,2.0447839750322228,-0.02535539976394105,-1.0104291372918257,low,west
0.7819106016466166,female,other,-0.7939670832062723,no,no,yes,no,0.037192770135661544,0.03685125879214395,2.0447839750322228,-0.02535539976394105,0.6663855055093747,low,west
0.7987065191665245,female,other,-0.785922906935926,no,no,yes,no,0.037192770135661544,0.03685125879214395,2.0447839750322228,-0.02535539976394105,-0.45149092302475896,low,west
0.8155024366864322,female,other,-0.41588904500108576,no,no,yes,no,0.037192770135661544,0.03685125879214395,2.0447839750322228,-0.02535539976394105,-0.45149092302475896,low,west
0.83229835420634,male,other,-0.5089722197540287,no,no,yes,no,0.037192770135661544,0.03685125879214395,2.0447839750322228,-0.02535539976394105,-1.0104291372918257,low,west
0.8490942717262479,female,other,-1.3421226800019237,no,no,yes,no,0.037192770135661544,0.03685125879214395,2.0447839750322228,-0.02535539976394105,-0.45149092302475896,low,west
0.8658901892461557,female,hispanic,0.17593481201223696,no,no,yes,no,0.037192770135661544,0.03685125879214395,2.0447839750322228,-0.02535539976394105,-1.0104291372918257,low,west
0.8826861067660635,male,other,0.09894042817471503,no,no,no,no,0.037192770135661544,0.03685125879214395,2.0447839750322228,-0.02535539976394105,0.1074472912423079,low,west
0.8994820242859713,male,other,-0.5813698061871446,no,no,yes,no,0.037192770135661544,0.03685125879214395,2.0447839750322228,-0.02535539976394105,-1.0104291372918257,low,west
0.9162779418058792,female,other,-0.013678477984860585,no,no,no,no,-0.28847152549284893,0.48358950326924555,-0.43657552557074764,0.049489108672080145,-1.0104291372918257,low,west
0.933073859325787,female,afam,-1.3191391313546224,no,no,yes,no,-0.28847152549284893,0.48358950326924555,-0.43657552557074764,0.049489108672080145,-0.45149092302475896,low,west
0.9498697768456948,female,hispanic,-0.4974802262430137,no,no,no,no,-0.28847152549284893,0.48358950326924555,-0.43657552557074764,0.049489108672080145,-1.0104291372918257,low,west
0.9666656943656027,male,other,0.011603469364643874,no,no,yes,no,-0.28847152549284893,0.48358950326924555,-0.43657552557074764,0.049489108672080145,1.7842619340435084,low,west
0.9834616118855105,male,other,-1.162851526602647,no,no,yes,no,-0.28847152549284893,0.48358950326924555,-0.43657552557074764,0.049489108672080145,-1.0104291372918257,low,west
1.0002575294054183,female,other,-0.5917123811596939,no,no,no,no,-0.28847152549284893,0.48358950326924555,-0.43657552557074764,0.049489108672080145,-1.0104291372918257,low,west
1.017053446925326,female,other,-0.19639701025007775,no,no,yes,no,0.21811745550404543,0.03685125879214395,0.08581594414343584,-0.02535539976394105,-0.45149092302475896,low,west
1.033849364445234,female,other,0.12537135568795668,no,no,yes,no,-0.28847152549284893,1.3919583321473468,-0.6977712669147057,-0.586556750004666,-1.0104291372918257,low,west
1.0506452819651417,female,other,-0.566430872184918,no,yes,yes,no,-0.28847152549284893,1.3919583321473468,-0.6977712669147057,-0.586556750004666,0.1074472912423079,low,west
1.0674411994850497,male,other,-0.08492708425423931,no,no,yes,no,-0.28847152549284893,1.3919583321473468,-0.6977712669147057,-0.586556750004666,0.1074472912423079,low,west
1.0842371170049574,female,other,0.27016740530364575,yes,no,yes,no,-0.28847152549284893,1.3919583321473468,-0.6977712669147057,-0.586556750004666,1.2253237197764415,high,west
1.1010330345248653,male,other,1.5560918888920463,no,no,yes,no,-0.28847152549284893,1.3919583321473468,-0.6977712669147057,-0.586556750004666,1.7842619340435084,low,west
1.117828952044773,female,hispanic,-0.7801771293677828,no,no,yes,no,1.5569600582127954,-0.8119524708223421,6.180383151352995,-0.35866521228575543,-1.0104291372918257,low,west
1.134624869564681,female,hispanic,-0.31361271381405936,no,no,yes,no,1.5569600582127954,-0.8119524708223421,6.180383151352995,-0.35866521228575543,0.1074472912423079,high,west
1.1514207870845887,female,other,-0.6652598245060043,yes,yes,no,no,1.5569600582127954,-0.8119524708223421,6.180383151352995,-0.35866521228575543,-1.0104291372918257,low,west
1.1682167046044967,male,hispanic,-1.1134370504421036,no,no,no,no,1.5569600582127954,-0.8119524708223421,6.180383151352995,-0.35866521228575543,-1.0104291372918257,low,west
1.1850126221244044,male,other,-0.3768171438130919,no,no,yes,no,1.5569600582127954,-0.8119524708223421,6.180383151352995,-0.35866521228575543,-1.0104291372918257,low,west
1.2018085396443123,male,other,1.3067211093871278,no,yes,yes,no,1.5569600582127954,-0.8119524708223421,6.180383151352995,-0.35866521228575543,1.2253237197764415,high,west
1.21860445716422,female,other,-0.7077791045599383,no,no,yes,no,1.5569600582127954,-0.8119524708223421,6.180383151352995,-0.35866521228575543,-1.0104291372918257,low,west
1.235400374684128,female,other,-0.5514914998079629,no,no,no,no,1.5569600582127954,-0.8119524708223421,6.180383151352995,-0.35866521228575543,-1.0104291372918257,high,west
1.2521962922040357,male,other,-0.18605443527752852,no,yes,yes,no,-0.7588757764679374,1.5334259754524246,0.3034790586866344,0.7739582969227443,1.2253237197764415,high,west
1.2689922097239437,male,other,-0.6641104059675385,no,no,yes,no,-0.7588757764679374,1.5334259754524246,0.3034790586866344,0.7739582969227443,-0.45149092302475896,high,west
1.2857881272438514,female,other,2.5190985880039465,no,yes,yes,no,-0.7588757764679374,1.5334259754524246,0.3034790586866344,0.7739582969227443,-1.0104291372918257,low,west
1.3025840447637593,female,other,-1.3467194774063298,no,no,yes,no,-0.7588757764679374,1.5334259754524246,0.3034790586866344,0.7739582969227443,-1.0104291372918257,low,west
1.319379962283667,female,other,0.7263888075100914,yes,no,yes,no,-0.7588757764679374,1.5334259754524246,0.3034790586866344,0.7739582969227443,1.2253237197764415,high,west
1.3361758798035748,male,other,0.9504776396655055,no,no,yes,no,-0.7588757764679374,1.5334259754524246,0.3034790586866344,0.7739582969227443,-1.0104291372918257,low,west
1.3529717973234827,female,other,0.4310513690852987,no,yes,yes,no,0.14574765037398213,2.5758159226376582,-0.34951028494296127,-0.297428844173735,0.6663855055093747,low,west
1.3697677148433904,female,other,1.6078043253800638,no,no,yes,no,0.14574765037398213,2.5758159226376582,-0.34951028494296127,-0.297428844173735,2.3432001483105753,low,west
1.3865636323632984,female,other,0.11043198331100144,no,no,yes,no,0.14574765037398213,2.5758159226376582,-0.34951028494296127,-0.297428844173735,-0.45149092302475896,low,west
1.403359549883206,male,other,-0.5457457222398197,no,no,no,no,0.14574765037398213,2.5758159226376582,-0.34951028494296127,-0.297428844173735,-1.0104291372918257,low,west
1.420155467403114,female,other,-1.7018135285894862,no,no,yes,no,0.14574765037398213,2.5758159226376582,-0.34951028494296127,-0.297428844173735,-0.45149092302475896,low,west
1.4369513849230218,male,other,1.3308540765728951,no,no,yes,no,0.14574765037398213,2.5758159226376582,-0.34951028494296127,-0.297428844173735,1.2253237197764415,low,west
1.4537473024429297,male,other,-0.7181216795324875,no,no,yes,no,-0.7588757764679374,1.5334259754524246,0.5211421732298329,0.7739582969227443,-1.0104291372918257,low,west
1.4705432199628374,female,other,-1.1904318726543544,yes,no,yes,no,-0.7588757764679374,1.5334259754524246,0.5211421732298329,0.7739582969227443,-1.0104291372918257,low,west
1.4873391374827454,female,other,-1.5099018398901856,no,no,no,no,-0.7588757764679374,1.5334259754524246,0.5211421732298329,0.7739582969227443,-1.0104291372918257,high,west
1.504135055002653,female,other,-1.0444868428749279,no,no,no,no,-0.7588757764679374,1.5334259754524246,0.5211421732298329,0.7739582969227443,-1.0104291372918257,low,west
1.520930972522561,male,other,-0.26764561651945645,no,no,yes,yes,0.18193272548223943,2.5758159226376582,-0.43657552557074764,-0.297428844173735,-1.0104291372918257,low,west
1.5377268900424688,male,other,1.9169321560180745,yes,yes,yes,yes,0.18193272548223943,2.5758159226376582,-0.43657552557074764,-0.297428844173735,1.2253237197764415,high,west
1.5545228075623767,male,other,-0.736508430775383,no,no,yes,yes,0.18193272548223943,2.5758159226376582,-0.43657552557074764,-0.297428844173735,0.1074472912423079,high,west
1.5713187250822844,male,other,1.3446440304113845,no,no,yes,yes,0.18193272548223943,2.5758159226376582,-0.43657552557074764,-0.297428844173735,-1.0104291372918257,low,west
1.5881146426021924,male,other,0.6873169063220975,yes,no,yes,yes,0.18193272548223943,2.5758159226376582,-0.43657552557074764,-0.297428844173735,0.6663855055093747,high,west
1.6049105601221,female,other,-1.9408417331218555,no,no,yes,yes,0.18193272548223943,2.5758159226376582,-0.43657552557074764,-0.297428844173735,0.1074472912423079,low,west
1.621706477642008,female,other,-1.1030944754695544,no,yes,yes,no,-0.5417661885345219,2.5758159226376582,-0.2624450183677096,-0.297428844173735,-1.0104291372918257,low,west
1.6385023951619158,female,other,1.1033178655515408,yes,yes,yes,no,-0.5417661885345219,2.5758159226376582,-0.2624450183677096,-0.297428844173735,1.2253237197764415,low,west
1.6552983126818237,female,other,1.7273184276462483,no,yes,yes,no,-0.5417661885345219,2.5758159226376582,0.7388052877730314,-0.297428844173735,1.2253237197764415,high,west
1.6720942302017314,male,other,1.2101905557682446,yes,no,yes,no,-0.5417661885345219,2.5758159226376582,0.7388052877730314,-0.297428844173735,1.2253237197764415,high,west
1.6888901477216391,female,other,-0.32165689008440557,no,no,yes,no,0.14574765037398213,2.5758159226376582,-0.5671733994861597,-0.297428844173735,0.1074472912423079,high,west
1.705686065241547,female,other,0.4436923427600509,no,no,yes,no,0.14574765037398213,2.5758159226376582,-0.5671733994861597,-0.297428844173735,1.2253237197764415,low,west
1.7224819827614548,female,other,0.31498508405978287,no,no,yes,no,0.14574765037398213,2.5758159226376582,-0.5671733994861597,-0.297428844173735,0.1074472912423079,high,west
1.7392779002813628,female,other,0.9906985210172365,no,no,yes,no,0.14574765037398213,2.5758159226376582,-0.5671733994861597,-0.297428844173735,-0.45149092302475896,low,west
1.7560738178012705,female,other,0.04148177574382572,no,no,yes,yes,0.14574765037398213,2.5758159226376582,-0.523640766198534,-0.297428844173735,-1.0104291372918257,low,west
1.7728697353211784,female,other,1.1734170532824537,no,no,yes,no,-0.21610172036278566,1.5334259754524246,-0.34951028494296127,0.7739582969227443,0.6663855055093747,low,west
1.7896656528410861,male,other,-0.962895661633,no,no,yes,no,-0.21610172036278566,1.5334259754524246,-0.34951028494296127,0.7739582969227443,1.2253237197764415,low,west
1.806461570360994,male,other,1.4044010815444767,no,no,yes,no,-0.21610172036278566,1.5334259754524246,-0.34951028494296127,0.7739582969227443,-1.0104291372918257,low,west
1.8232574878809018,male,other,1.3044231490596534,no,no,yes,no,-0.7588757764679374,1.5334259754524246,-0.1318471703997627,0.7739582969227443,1.7842619340435084,low,west
1.8400534054008097,female,other,-0.4411709923505902,no,no,no,no,-0.7588757764679374,1.5334259754524246,-0.1318471703997627,0.7739582969227443,0.1074472912423079,low,west
1.8568493229207175,female,other,0.4126646178424032,no,no,yes,no,-0.7588757764679374,1.5334259754524246,-0.1318471703997627,0.7739582969227443,0.1074472912423079,high,west
1.8736452404406254,female,other,0.9137041371797145,no,no,yes,no,-0.7588757764679374,1.5334259754524246,-0.1318471703997627,0.7739582969227443,-0.45149092302475896,high,west
1.8904411579605331,male,other,-1.0628735941178233,no,no,no,no,-0.7588757764679374,1.5334259754524246,-0.1318471703997627,0.7739582969227443,-1.0104291372918257,low,west
1.907237075480441,male,other,1.8318935959102063,no,no,yes,no,1.7378847435811793,1.5334259754524246,3.1330995477482158,0.7739582969227443,0.1074472912423079,low,west
1.9240329930003488,male,other,-1.268575675030342,no,no,yes,no,1.7378847435811793,1.5334259754524246,3.1330995477482158,0.7739582969227443,-1.0104291372918257,high,west
1.9408289105202567,female,other,-0.5296573696991272,no,yes,yes,no,1.7378847435811793,1.5334259754524246,3.1330995477482158,0.7739582969227443,1.2253237197764415,low,west
1.9576248280401645,female,other,0.9769085671787471,no,no,yes,no,1.7378847435811793,1.5334259754524246,3.1330995477482158,0.7739582969227443,1.2253237197764415,low,west
1.9744207455600724,female,other,-0.956000465526391,no,no,yes,no,1.7378847435811793,1.5334259754524246,3.1330995477482158,0.7739582969227443,-0.45149092302475896,low,west
1.9912166630799801,male,other,0.7976378521541988,no,no,yes,no,1.7378847435811793,1.5334259754524246,3.1330995477482158,0.7739582969227443,-1.0104291372918257,low,west
2.008012580599888,male,other,-0.5457457222398197,no,no,yes,no,1.7378847435811793,1.5334259754524246,3.1330995477482158,0.7739582969227443,-1.0104291372918257,low,west
2.024808498119796,female,other,0.5528638700536863,no,no,yes,no,1.7378847435811793,1.5334259754524246,3.1330995477482158,0.7739582969227443,-1.0104291372918257,high,west
2.0416044156397035,female,other,-1.035293248066116,no,no,yes,no,1.7378847435811793,1.5334259754524246,3.1330995477482158,0.7739582969227443,0.6663855055093747,low,west
2.0584003331596112,female,other,-1.5926424396705794,no,no,no,no,2.2444740696645256,2.5758159226376582,1.391794631402627,-0.297428844173735,-1.0104291372918257,low,west
2.0751962506795194,female,other,-0.741105228179789,no,no,yes,no,2.2444740696645256,2.5758159226376582,1.391794631402627,-0.297428844173735,-1.0104291372918257,high,west
2.091992168199427,male,other,1.5756276202986788,yes,no,yes,no,2.2444740696645256,2.5758159226376582,1.391794631402627,-0.297428844173735,1.7842619340435084,high,west
2.108788085719335,male,afam,0.9240467121522639,yes,yes,yes,yes,-0.21610172036278566,1.5334259754524246,-0.48010815885837343,0.7739582969227443,1.2253237197764415,high,west
2.1255840032392426,male,other,1.2665002280353967,no,no,yes,yes,-0.21610172036278566,1.5334259754524246,-0.48010815885837343,0.7739582969227443,-1.0104291372918257,high,west
2.1423799207591507,female,other,0.9861021619875592,yes,yes,yes,yes,-0.21610172036278566,1.5334259754524246,-0.48010815885837343,0.7739582969227443,1.7842619340435084,low,west
2.1591758382790585,female,other,1.0010410959897857,yes,yes,yes,yes,-0.21610172036278566,1.5334259754524246,-0.48010815885837343,0.7739582969227443,1.2253237197764415,high,west
2.175971755798966,female,other,0.34601280897743053,no,no,yes,yes,-0.21610172036278566,1.5334259754524246,-0.48010815885837343,0.7739582969227443,0.1074472912423079,low,west
2.192767673318874,female,other,-1.44095163232301,no,no,yes,no,0.941816196977581,2.5758159226376582,-0.43657552557074764,-0.297428844173735,-1.0104291372918257,low,west
2.209563590838782,female,other,-0.4227842411076948,yes,no,yes,no,-0.14373191523272236,2.5758159226376582,-0.34951028494296127,-0.297428844173735,0.1074472912423079,low,west
2.22635950835869,female,other,-0.13319258025104522,no,no,yes,no,-0.14373191523272236,2.5758159226376582,-0.34951028494296127,-0.297428844173735,-1.0104291372918257,high,west
2.2431554258785975,female,other,-0.7709835345589708,no,no,yes,no,-0.14373191523272236,2.5758159226376582,-0.34951028494296127,-0.297428844173735,-1.0104291372918257,low,west
2.2599513433985052,male,other,0.9952953184216425,no,no,no,no,-0.14373191523272236,2.5758159226376582,-0.34951028494296127,-0.297428844173735,-1.0104291372918257,low,west
2.2767472609184134,male,other,-0.31935849138220257,no,no,no,no,-0.14373191523272236,2.5758159226376582,-0.34951028494296127,-0.297428844173735,-1.0104291372918257,low,west
2.293543178438321,female,other,-0.16307088663022706,no,no,yes,no,1.1951106874760276,1.5334259754524246,0.08581594414343584,0.7739582969227443,1.2253237197764415,high,west
2.310339095958229,male,other,-0.5733256299167985,no,no,yes,no,1.1951106874760276,1.5334259754524246,0.08581594414343584,0.7739582969227443,-1.0104291372918257,low,west
2.3271350134781366,male,other,-0.47219871726823787,yes,no,yes,no,-0.5417661885345219,2.5758159226376582,0.95646840231623,-0.297428844173735,-0.45149092302475896,high,west
2.3439309309980447,male,other,-0.03551260809369622,yes,no,no,no,-0.5417661885345219,2.5758159226376582,0.95646840231623,-0.297428844173735,-1.0104291372918257,low,west
2.3607268485179524,female,other,0.19432200162986102,no,no,yes,no,-0.5417661885345219,2.5758159226376582,0.95646840231623,-0.297428844173735,-0.45149092302475896,high,west
2.37752276603786,female,other,-0.860618892071245,yes,yes,yes,no,-0.5417661885345219,2.5758159226376582,0.95646840231623,-0.297428844173735,0.1074472912423079,low,west
2.394318683557768,male,other,1.3423456317091815,no,no,yes,no,-0.5417661885345219,2.5758159226376582,0.95646840231623,-0.297428844173735,0.6663855055093747,high,west
2.4111146010776756,female,other,0.7712064862662286,yes,no,no,no,-0.5417661885345219,2.5758159226376582,0.95646840231623,-0.297428844173735,-1.0104291372918257,low,west
2.4279105185975838,female,other,-0.35153519646358744,yes,no,yes,no,-0.5417661885345219,2.5758159226376582,0.95646840231623,-0.297428844173735,-1.0104291372918257,low,west
2.4447064361174915,male,other,-0.6123975311047923,no,no,yes,no,-0.5417661885345219,2.5758159226376582,0.95646840231623,-0.297428844173735,-1.0104291372918257,low,west
2.461502353637399,female,other,-0.6514694322927862,yes,no,yes,no,0.0010078675706298957,1.5334259754524246,2.6977733186618185,0.7739582969227443,-1.0104291372918257,low,west
2.478298271157307,female,other,-0.8904976368251555,no,no,no,no,0.0010078675706298957,1.5334259754524246,2.6977733186618185,0.7739582969227443,-1.0104291372918257,low,west
2.495094188677215,male,other,1.2170857518748537,no,no,yes,no,0.0010078675706298957,1.5334259754524246,2.6977733186618185,0.7739582969227443,1.2253237197764415,low,west
2.511890106197123,male,other,0.1345649504967687,no,no,yes,no,0.0010078675706298957,1.5334259754524246,2.6977733186618185,0.7739582969227443,-1.0104291372918257,low,west
2.5286860237170306,male,other,0.7723559048046943,no,no,no,no,0.0010078675706298957,1.5334259754524246,2.6977733186618185,0.7739582969227443,1.7842619340435084,low,west
2.5454819412369383,female,other,0.9240467121522639,yes,yes,yes,no,0.0010078675706298957,2.5758159226376582,-0.1753798036873885,-0.297428844173735,1.2253237197764415,low,west
2.5622778587568464,female,other,0.7631623099958823,no,no,yes,no,0.0010078675706298957,2.5758159226376582,-0.1753798036873885,-0.297428844173735,-1.0104291372918257,low,west
2.579073776276754,male,other,1.0424113958799825,no,no,yes,no,0.0010078675706298957,2.5758159226376582,-0.1753798036873885,-0.297428844173735,1.2253237197764415,low,west
2.595869693796662,female,other,0.3057914892509708,no,no,no,no,0.0010078675706298957,2.5758159226376582,-0.1753798036873885,-0.297428844173735,0.1074472912423079,low,west
2.6126656113165696,female,other,-0.002186922848574174,no,no,yes,no,0.0010078675706298957,2.5758159226376582,-0.1753798036873885,-0.297428844173735,-0.45149092302475896,low,west
2.6294615288364778,female,other,0.8918700070708789,no,no,yes,no,0.0010078675706298957,2.5758159226376582,-0.1753798036873885,-0.297428844173735,-0.45149092302475896,high,west
2.6462574463563855,male,other,-0.5882650022937537,no,no,yes,no,1.122740882345965,1.5334259754524246,1.6094577459458257,0.7739582969227443,-1.0104291372918257,low,west
2.663053363876293,male,other,0.10008940833845222,no,no,yes,yes,-0.46939621086123284,-0.4545611651686661,-0.6977712669147057,-1.6409189244301008,1.2253237197764415,low,west
2.679849281396201,male,other,-0.6169943285091983,no,no,no,yes,-0.46939621086123284,-0.4545611651686661,-0.6977712669147057,-1.6409189244301008,1.2253237197764415,low,west
2.696645198916109,female,other,-0.46185614229568867,no,no,yes,yes,-0.46939621086123284,-0.4545611651686661,-0.6977712669147057,-1.6409189244301008,1.2253237197764415,low,west
2.713441116436017,female,other,0.8447539296125389,no,no,yes,yes,-0.46939621086123284,-0.4545611651686661,-0.6977712669147057,-1.6409189244301008,0.6663855055093747,low,west
2.7302370339559245,male,other,0.27131638546738296,yes,yes,yes,yes,-0.46939621086123284,-0.4545611651686661,-0.6977712669147057,-1.6409189244301008,2.3432001483105753,low,west
2.7470329514758323,female,other,0.5873389738372742,no,no,yes,yes,-0.46939621086123284,-0.4545611651686661,-0.6977712669147057,-1.6409189244301008,2.3432001483105753,low,west
2.7638288689957404,male,other,0.7459249772914527,no,no,yes,yes,-0.46939621086123284,-0.4545611651686661,-0.6977712669147057,-1.6409189244301008,1.2253237197764415,low,west
2.780624786515648,male,other,0.4942557990843312,no,no,yes,yes,-0.46939621086123284,-0.4545611651686661,-0.6977712669147057,-1.6409189244301008,0.1074472912423079,low,west
2.7974207040355563,male,other,0.8194719822630344,no,no,yes,yes,-0.3608415031661379,-0.4545611651686661,-0.523640766198534,-1.6409189244301008,1.7842619340435084,low,west
2.814216621555464,male,other,-1.5007082450813736,yes,no,yes,yes,-0.3608415031661379,-0.4545611651686661,-0.523640766198534,-1.6409189244301008,0.1074472912423079,high,west
2.8310125390753718,female,other,-0.3388946611635638,yes,no,yes,yes,-0.3608415031661379,-0.4545611651686661,-0.523640766198534,-1.6409189244301008,-1.0104291372918257,low,west
2.8478084565952795,female,afam,-0.9307185181768866,no,no,no,yes,-0.14373191523272236,-0.4545611651686661,-0.6977712669147057,-1.6409189244301008,-1.0104291372918257,low,west
2.8646043741151876,female,other,-1.2754704327622224,no,no,no,yes,-0.14373191523272236,-0.4545611651686661,-0.6977712669147057,-1.6409189244301008,0.6663855055093747,low,west
2.8814002916350954,male,hispanic,-0.8330389843942662,no,no,yes,yes,-0.14373191523272236,-0.4545611651686661,-0.6977712669147057,-1.6409189244301008,-0.45149092302475896,low,west
2.898196209155003,male,other,-0.15387773019614367,no,no,yes,yes,-0.14373191523272236,-0.4545611651686661,-0.6977712669147057,-1.6409189244301008,-1.0104291372918257,low,west
2.914992126674911,female,other,1.1125110219856242,no,no,yes,yes,-0.14373191523272236,-0.4545611651686661,-0.6977712669147057,-1.6409189244301008,-1.0104291372918257,low,west
2.931788044194819,male,other,1.0343672196096365,yes,yes,yes,yes,-0.3608415031661379,-0.4545611651686661,-0.5671733994861597,-1.6409189244301008,-0.45149092302475896,low,west
2.9485839617147267,male,other,1.5319593600810075,no,no,yes,yes,-0.3608415031661379,-0.4545611651686661,-0.5671733994861597,-1.6409189244301008,0.1074472912423079,high,west
2.9653798792346344,male,other,0.9114057384775116,yes,yes,yes,yes,-0.3608415031661379,-0.4545611651686661,-0.5671733994861597,-1.6409189244301008,1.2253237197764415,high,west
2.982175796754542,male,other,2.276623004605637,no,no,yes,yes,-0.3608415031661379,-0.4545611651686661,-0.5671733994861597,-1.6409189244301008,1.7842619340435084,low,west
2.99897171427445,female,afam,-0.8031602396403557,no,no,yes,yes,-0.3608415031661379,-0.4545611651686661,-0.5671733994861597,-1.6409189244301008,-0.45149092302475896,low,west
3.015767631794358,female,other,0.38163689292475556,yes,no,no,yes,-0.28847152549284893,-0.4545611651686661,-0.6977712669147057,-1.6409189244301008,1.2253237197764415,low,west
3.0325635493142657,male,hispanic,-0.641126857320237,no,no,yes,yes,-0.28847152549284893,-0.4545611651686661,-0.6977712669147057,-1.6409189244301008,-1.0104291372918257,high,west
3.0493594668341735,female,hispanic,-0.21018696408856716,no,no,yes,yes,-0.28847152549284893,-0.4545611651686661,-0.6977712669147057,-1.6409189244301008,0.6663855055093747,low,west
3.066155384354081,female,afam,-1.6409074972926567,no,no,yes,yes,-0.28847152549284893,-0.4545611651686661,-0.6977712669147057,-1.6409189244301008,-1.0104291372918257,high,west
3.0829513018739894,male,other,0.7620133298321451,no,no,no,yes,-0.28847152549284893,-0.4545611651686661,-0.6977712669147057,-1.6409189244301008,0.1074472912423079,low,west
3.099747219393897,female,other,0.7309856049144975,no,no,yes,yes,-0.28847152549284893,-0.4545611651686661,-0.6977712669147057,-1.6409189244301008,-0.45149092302475896,low,west
3.116543136913805,female,other,0.3207308616279261,no,no,yes,yes,-0.28847152549284893,-0.4545611651686661,-0.6977712669147057,-1.6409189244301008,-0.45149092302475896,low,west
3.1333390544337125,male,other,0.018498227096524267,yes,yes,yes,yes,-0.28847152549284893,-0.4545611651686661,-0.6977712669147057,-1.6409189244301008,1.2253237197764415,high,west
3.1501349719536207,female,other,1.4135942379785602,yes,no,no,yes,-0.28847152549284893,-0.4545611651686661,-0.6977712669147057,-1.6409189244301008,-1.0104291372918257,low,west
3.1669308894735284,female,other,-0.2768392113282685,no,no,yes,yes,-0.28847152549284893,-0.4545611651686661,-0.6977712669147057,-1.6409189244301008,1.2253237197764415,low,west
3.183726806993436,male,hispanic,-1.6018355961046629,no,no,no,yes,-0.28847152549284893,-0.4545611651686661,-0.6977712669147057,-1.6409189244301008,-1.0104291372918257,low,west
3.200522724513344,female,hispanic,-1.252486884114921,yes,yes,yes,yes,-0.3608415031661379,-0.4545611651686661,-0.741303890472032,-1.6409189244301008,0.1074472912423079,high,west
3.217318642033252,female,other,0.22994608557718607,yes,no,yes,yes,-0.3608415031661379,-0.4545611651686661,-0.741303890472032,-1.6409189244301008,0.6663855055093747,low,west
3.2341145595531597,male,other,-0.34808781759764723,no,no,yes,yes,-0.3608415031661379,-0.4545611651686661,-0.741303890472032,-1.6409189244301008,-1.0104291372918257,low,west
3.2509104770730675,male,other,-0.19180021284567172,yes,no,yes,yes,-0.3608415031661379,-0.4545611651686661,-0.741303890472032,-1.6409189244301008,0.6663855055093747,high,west
3.267706394592975,female,other,-0.20903798392482997,yes,no,yes,yes,-0.3608415031661379,-0.4545611651686661,-0.741303890472032,-1.6409189244301008,0.1074472912423079,high,west
3.2845023121128833,female,other,0.5298803214063849,no,no,yes,yes,-0.3608415031661379,-0.4545611651686661,-0.741303890472032,-1.6409189244301008,-1.0104291372918257,low,west
3.301298229632791,male,other,-0.1320431617125794,no,no,yes,yes,-0.3608415031661379,-0.4545611651686661,-0.741303890472032,-1.6409189244301008,0.6663855055093747,low,west
3.318094147152699,male,hispanic,-0.8307405856920632,no,no,yes,yes,-0.3608415031661379,-0.4545611651686661,-0.741303890472032,-1.6409189244301008,-1.0104291372918257,low,west
3.3348900646726065,female,other,0.1908741843891922,yes,yes,yes,yes,-0.28847152549284893,-0.4545611651686661,-0.43657552557074764,-1.6409189244301008,1.2253237197764415,high,west
3.3516859821925142,male,other,0.5080461912975492,no,no,yes,yes,-0.28847152549284893,-0.4545611651686661,-0.43657552557074764,-1.6409189244301008,-0.45149092302475896,high,west
3.3684818997124224,female,other,-0.11250743030594677,no,no,yes,yes,-0.28847152549284893,-0.4545611651686661,-0.43657552557074764,-1.6409189244301008,0.1074472912423079,low,west
3.38527781723233,male,other,0.9700138094468668,yes,no,yes,yes,-0.28847152549284893,-0.4545611651686661,-0.43657552557074764,-1.6409189244301008,1.7842619340435084,high,west
3.402073734752238,female,other,0.836709314967464,no,no,no,yes,-0.28847152549284893,-0.4545611651686661,-0.43657552557074764,-1.6409189244301008,0.1074472912423079,low,west
3.4188696522721456,female,other,-0.3952038950559873,no,no,yes,yes,-0.28847152549284893,-0.4545611651686661,-0.43657552557074764,-1.6409189244301008,-1.0104291372918257,low,west
3.4356655697920537,male,other,0.8861237911280071,yes,no,yes,yes,-0.28847152549284893,-0.4545611651686661,-0.43657552557074764,-1.6409189244301008,0.1074472912423079,low,west
3.4524614873119615,male,hispanic,0.8171735835608314,yes,no,yes,yes,-0.3608415031661379,-0.4545611651686661,-0.34951028494296127,-1.6409189244301008,1.7842619340435084,high,west
3.469257404831869,male,afam,0.7240904088078884,no,yes,no,yes,-0.3608415031661379,-0.4545611651686661,-0.34951028494296127,-1.6409189244301008,-0.45149092302475896,high,west
3.486053322351777,female,hispanic,0.22420030800904286,no,no,no,yes,-0.3608415031661379,-0.4545611651686661,-0.34951028494296127,-1.6409189244301008,0.6663855055093747,low,west
3.502849239871685,female,afam,-0.8663651080141168,no,no,no,yes,-0.3608415031661379,-0.4545611651686661,-0.34951028494296127,-1.6409189244301008,-1.0104291372918257,low,west
3.519645157391593,male,hispanic,-0.18605443527752852,no,no,yes,yes,-0.3608415031661379,-0.4545611651686661,-0.6542386401139462,-1.6409189244301008,-0.45149092302475896,low,west
3.5364410749115005,female,other,-0.08492708425423931,no,no,yes,yes,-0.3608415031661379,-0.4545611651686661,-0.6542386401139462,-1.6409189244301008,0.6663855055093747,low,west
3.5532369924314082,female,hispanic,-0.5951601984003627,no,no,no,yes,-0.3608415031661379,-0.4545611651686661,-0.6542386401139462,-1.6409189244301008,-1.0104291372918257,low,west
3.5700329099513164,female,afam,-1.7948967033424292,no,no,yes,yes,0.21811745550404543,-0.4545611651686661,-0.6542386401139462,-1.6409189244301008,-1.0104291372918257,high,west
3.586828827471224,female,other,0.2621227906585709,yes,yes,yes,yes,0.21811745550404543,-0.4545611651686661,-0.6542386401139462,-1.6409189244301008,1.7842619340435084,high,west
3.603624744991132,female,other,1.3998042841400706,yes,no,yes,yes,0.21811745550404543,-0.4545611651686661,-0.6542386401139462,-1.6409189244301008,1.2253237197764415,high,west
3.6204206625110396,female,hispanic,-0.6192927272114014,no,no,yes,yes,0.21811745550404543,-0.4545611651686661,-0.6542386401139462,-1.6409189244301008,-1.0104291372918257,low,west
3.6372165800309477,male,other,1.2228315294429968,no,no,yes,yes,0.21811745550404543,-0.4545611651686661,-0.6542386401139462,-1.6409189244301008,1.7842619340435084,low,west
3.6540124975508554,female,other,-0.6399778771564998,no,no,yes,yes,0.21811745550404543,-0.4545611651686661,-0.6542386401139462,-1.6409189244301008,-1.0104291372918257,low,west
3.670808415070763,male,other,1.7767329038067914,yes,no,yes,yes,0.21811745550404543,-0.4545611651686661,-0.6542386401139462,-1.6409189244301008,1.2253237197764415,low,west
3.687604332590671,female,other,1.1550303020395583,yes,no,yes,yes,0.21811745550404543,-0.4545611651686661,-0.6542386401139462,-1.6409189244301008,1.2253237197764415,high,west
3.7044002501105786,female,hispanic,-0.35038621629985023,no,no,yes,yes,0.21811745550404543,-0.4545611651686661,-0.6542386401139462,-1.6409189244301008,-1.0104291372918257,low,west
3.7211961676304868,female,other,0.8930189872346161,yes,no,yes,yes,0.21811745550404543,-0.4545611651686661,-0.6542386401139462,-1.6409189244301008,1.2253237197764415,high,west
3.7379920851503945,female,other,0.9435824435588964,yes,yes,yes,yes,0.21811745550404543,-0.4545611651686661,-0.6542386401139462,-1.6409189244301008,1.2253237197764415,low,west
3.754788002670302,male,other,1.0941242707427288,yes,yes,yes,yes,0.21811745550404543,-0.4545611651686661,-0.6542386401139462,-1.6409189244301008,1.7842619340435084,high,west
3.77158392019021,female,other,-0.5377015459694734,no,no,yes,yes,-1.1930949523347685,-0.4545611651686661,-0.34951028494296127,-1.6409189244301008,-0.45149092302475896,low,west
3.788379837710118,female,other,0.08285207563402261,no,no,yes,yes,-1.1930949523347685,-0.4545611651686661,-0.34951028494296127,-1.6409189244301008,-1.0104291372918257,low,west
3.805175755230026,male,other,0.11043198331100144,yes,no,yes,yes,-1.1930949523347685,-0.4545611651686661,-0.34951028494296127,-1.6409189244301008,0.6663855055093747,high,west
3.8219716727499335,male,hispanic,0.05757012828451814,no,no,yes,yes,-1.1930949523347685,-0.4545611651686661,-0.34951028494296127,-1.6409189244301008,0.6663855055093747,high,west
3.8387675902698413,male,other,0.6838695274561574,no,no,no,no,-0.28847152549284893,-0.4545611651686661,-0.610706019800053,-1.6409189244301008,-1.0104291372918257,low,west
3.8555635077897494,female,hispanic,-0.45381196602534246,no,no,yes,no,-0.28847152549284893,-0.4545611651686661,-0.610706019800053,-1.6409189244301008,-1.0104291372918257,low,west
3.872359425309657,male,other,-1.084707724226659,no,no,no,no,-0.28847152549284893,-0.4545611651686661,-0.610706019800053,-1.6409189244301008,-1.0104291372918257,low,west
3.889155342829565,female,hispanic,0.04033279558008853,no,no,yes,no,-0.28847152549284893,-0.4545611651686661,-0.610706019800053,-1.6409189244301008,-0.45149092302475896,low,west
3.9059512603494726,female,hispanic,-0.048153581768448445,no,no,yes,no,-0.28847152549284893,-0.4545611651686661,-0.610706019800053,-1.6409189244301008,-1.0104291372918257,low,west
3.9227471778693808,female,other,-0.23776731014027463,yes,no,yes,no,-0.28847152549284893,-0.4545611651686661,-0.610706019800053,-1.6409189244301008,1.7842619340435084,low,west
3.9395430953892885,female,other,0.27246536563112017,no,yes,yes,no,-1.1930949523347685,-0.4545611651686661,-0.7848365140293584,-1.6409189244301008,1.2253237197764415,high,west
3.956339012909196,male,other,0.5344771188107909,no,no,yes,no,-1.1930949523347685,-0.4545611651686661,-0.7848365140293584,-1.6409189244301008,-0.45149092302475896,low,west
3.973134930429104,male,afam,1.3745223367905663,yes,no,no,no,-1.1930949523347685,-0.4545611651686661,-0.7848365140293584,-1.6409189244301008,0.1074472912423079,high,west
3.989930847949012,female,other,0.755118133725536,yes,yes,yes,no,-1.1930949523347685,-0.4545611651686661,-0.7848365140293584,-1.6409189244301008,0.6663855055093747,high,west
4.00672676546892,male,other,-0.25155726397876405,no,no,yes,no,-1.1930949523347685,-0.4545611651686661,-0.7848365140293584,-1.6409189244301008,0.1074472912423079,high,west
4.023522682988828,female,other,1.1918038045253492,yes,no,yes,no,-1.1930949523347685,-0.4545611651686661,-0.7848365140293584,-1.6409189244301008,1.2253237197764415,high,west
4.040318600508735,female,other,0.06446532439112716,yes,no,yes,no,-1.1930949523347685,-0.4545611651686661,-0.7848365140293584,-1.6409189244301008,0.1074472912423079,low,west
4.057114518028643,male,hispanic,-1.5144986372945917,no,no,yes,no,-1.1930949523347685,-0.4545611651686661,-0.7848365140293584,-1.6409189244301008,-0.45149092302475896,low,west
4.073910435548551,male,other,-0.4480657500824706,yes,no,yes,no,-1.1930949523347685,-0.4545611651686661,-0.7848365140293584,-1.6409189244301008,0.6663855055093747,high,west
4.090706353068459,male,afam,0.05182435071637494,no,yes,yes,no,-1.1930949523347685,-0.4545611651686661,-0.7848365140293584,-1.6409189244301008,0.1074472912423079,low,west
4.107502270588367,male,other,0.31153726681911403,yes,no,yes,no,-0.9036155592712896,-0.4545611651686661,-0.1318471703997627,-1.6409189244301008,0.1074472912423079,high,west
4.124298188108274,male,other,-0.2205295390611164,yes,no,yes,no,-0.9036155592712896,-0.4545611651686661,-0.1318471703997627,-1.6409189244301008,1.2253237197764415,high,west
4.1410941056281825,male,other,-0.6227401060773415,no,no,no,no,-0.9036155592712896,-0.4545611651686661,-0.1318471703997627,-1.6409189244301008,-0.45149092302475896,low,west
4.15789002314809,male,hispanic,1.3975058854378677,no,no,yes,no,0.037192770135661544,-0.4545611651686661,-0.34951028494296127,-1.6409189244301008,0.1074472912423079,high,west
4.174685940667998,female,other,1.1791632692253255,no,no,yes,no,0.037192770135661544,-0.4545611651686661,-0.34951028494296127,-1.6409189244301008,1.2253237197764415,low,west
4.191481858187906,female,other,-1.2168628001675958,yes,yes,yes,no,0.037192770135661544,-0.4545611651686661,-0.34951028494296127,-1.6409189244301008,0.6663855055093747,low,west
4.208277775707813,female,other,1.9180815745565403,no,no,yes,no,0.037192770135661544,-0.4545611651686661,-0.34951028494296127,-1.6409189244301008,1.2253237197764415,low,west
4.2250736932277215,male,other,0.8803780135598639,no,no,yes,no,-1.1930949523347685,-0.4545611651686661,-0.2624450183677096,-1.6409189244301008,0.6663855055093747,high,west
4.24186961074763,female,other,-0.693989150721449,no,no,yes,no,-1.1930949523347685,-0.4545611651686661,-0.2624450183677096,-1.6409189244301008,1.2253237197764415,high,west
4.258665528267537,female,other,-0.39405491489225014,yes,yes,yes,no,-1.1930949523347685,-0.4545611651686661,-0.2624450183677096,-1.6409189244301008,0.6663855055093747,low,west
4.275461445787445,female,other,0.581593196269131,yes,no,yes,no,-1.1930949523347685,-0.4545611651686661,-0.2624450183677096,-1.6409189244301008,-0.45149092302475896,high,west
4.292257363307352,female,other,-0.5986075772663029,no,no,yes,no,-1.1930949523347685,-0.4545611651686661,-0.741303890472032,-1.6409189244301008,-1.0104291372918257,low,west
4.309053280827261,male,other,-0.8330389843942662,no,no,no,no,-1.1930949523347685,-0.4545611651686661,-0.741303890472032,-1.6409189244301008,-1.0104291372918257,low,west
4.325849198347169,male,other,-1.1881334739521512,no,no,yes,no,-1.1930949523347685,-0.4545611651686661,-0.741303890472032,-1.6409189244301008,-1.0104291372918257,low,west
4.342645115867076,female,other,-0.0182752753892666,yes,no,yes,no,-1.1930949523347685,-0.4545611651686661,-0.741303890472032,-1.6409189244301008,-0.45149092302475896,low,west
4.359441033386984,female,hispanic,-1.9488859093922017,no,no,yes,no,-1.1930949523347685,-0.4545611651686661,-0.741303890472032,-1.6409189244301008,-1.0104291372918257,low,west
4.3762369509068915,female,other,0.20236617790020725,yes,no,yes,no,-1.1930949523347685,-0.4545611651686661,-0.741303890472032,-1.6409189244301008,-0.45149092302475896,high,west
4.3930328684268,male,other,1.197550020468221,yes,no,yes,no,-1.1930949523347685,-0.4545611651686661,-0.741303890472032,-1.6409189244301008,-1.0104291372918257,high,west
4.409828785946708,female,other,-0.7606409595864216,no,no,no,no,0.21811745550404543,-0.4545611651686661,0.7388052877730314,-1.6409189244301008,-1.0104291372918257,low,west
4.426624703466615,male,other,0.3264766391960693,no,no,no,no,0.21811745550404543,-0.4545611651686661,0.7388052877730314,-1.6409189244301008,1.2253237197764415,high,west
4.443420620986523,female,hispanic,-0.30327013884151016,no,no,yes,no,0.21811745550404543,-0.4545611651686661,0.7388052877730314,-1.6409189244301008,-0.45149092302475896,low,west
4.460216538506431,female,other,2.2605346520649445,yes,yes,yes,no,0.21811745550404543,-0.4545611651686661,0.7388052877730314,-1.6409189244301008,1.7842619340435084,high,west
4.477012456026339,male,other,0.9114057384775116,no,no,no,no,0.21811745550404543,-0.4545611651686661,0.7388052877730314,-1.6409189244301008,-1.0104291372918257,low,west
4.493808373546247,female,other,-0.41014326743294255,yes,no,yes,no,0.21811745550404543,-0.4545611651686661,0.7388052877730314,-1.6409189244301008,-1.0104291372918257,low,west
4.510604291066154,male,hispanic,1.1918038045253492,no,no,yes,no,0.21811745550404543,-0.4545611651686661,0.7388052877730314,-1.6409189244301008,1.2253237197764415,high,west
4.527400208586062,female,hispanic,0.6447976262681635,no,no,yes,no,0.21811745550404543,-0.4545611651686661,0.7388052877730314,-1.6409189244301008,0.1074472912423079,low,west
4.5441961261059705,female,hispanic,-0.5101211999177659,no,no,no,no,0.21811745550404543,-0.4545611651686661,0.7388052877730314,-1.6409189244301008,-0.45149092302475896,high,west
4.560992043625878,male,other,2.2605346520649445,no,no,yes,no,0.21811745550404543,-0.4545611651686661,0.7388052877730314,-1.6409189244301008,1.7842619340435084,high,west
4.577787961145786,male,other,-0.08492708425423931,no,no,yes,no,-0.9036155592712896,-0.4545611651686661,-0.34951028494296127,-1.6409189244301008,-0.45149092302475896,high,west
4.594583878665694,female,other,1.4319809892214557,no,yes,yes,no,-0.9036155592712896,-0.4545611651686661,-0.34951028494296127,-1.6409189244301008,0.6663855055093747,low,west
4.611379796185601,female,other,0.3345208154664155,no,yes,no,no,-0.9036155592712896,-0.4545611651686661,-0.34951028494296127,-1.6409189244301008,0.1074472912423079,low,west
4.6281757137055095,female,other,-0.19524803008634053,no,no,yes,no,-0.9036155592712896,-0.4545611651686661,-0.34951028494296127,-1.6409189244301008,-1.0104291372918257,low,west
4.644971631225417,female,hispanic,-0.7135248821280815,yes,no,yes,no,-0.3608415031661379,-0.4545611651686661,-0.523640766198534,-1.6409189244301008,0.6663855055093747,low,west
4.661767548745325,male,hispanic,-1.3214375300568253,no,no,yes,no,-0.3608415031661379,-0.4545611651686661,-0.34951028494296127,-1.6409189244301008,-1.0104291372918257,low,west
4.678563466265233,male,other,-0.24696046657435802,yes,no,yes,no,-0.3608415031661379,-0.4545611651686661,-0.34951028494296127,-1.6409189244301008,0.6663855055093747,high,west
4.69535938378514,male,other,-0.5790718458596703,no,no,yes,no,-0.3608415031661379,-0.4545611651686661,-0.34951028494296127,-1.6409189244301008,-0.45149092302475896,high,west
4.712155301305049,male,other,-0.652618850831252,yes,no,yes,no,-0.3608415031661379,-0.4545611651686661,-0.34951028494296127,-1.6409189244301008,-0.45149092302475896,high,west
4.728951218824956,female,other,0.8941679673983534,no,no,no,no,-0.3608415031661379,-0.4545611651686661,-0.34951028494296127,-1.6409189244301008,1.2253237197764415,low,west
4.745747136344864,female,other,-1.032994849363913,yes,no,yes,no,-0.28847152549284893,-0.4545611651686661,-0.1318471703997627,-1.6409189244301008,-1.0104291372918257,high,west
4.762543053864772,male,other,1.5262131441381357,no,no,no,no,-0.28847152549284893,-0.4545611651686661,-0.1318471703997627,-1.6409189244301008,-1.0104291372918257,low,west
4.7793389713846794,female,hispanic,-1.0008181442825281,no,no,yes,no,-0.28847152549284893,-0.4545611651686661,-0.1318471703997627,-1.6409189244301008,-1.0104291372918257,low,west
4.796134888904588,female,other,0.7011072985353156,no,no,yes,no,-0.28847152549284893,-0.4545611651686661,-0.1318471703997627,-1.6409189244301008,-1.0104291372918257,low,west
4.812930806424496,male,other,-1.214564401465393,no,no,yes,no,-0.28847152549284893,-0.4545611651686661,-0.1318471703997627,-1.6409189244301008,-1.0104291372918257,low,west
4.829726723944403,female,other,-0.25040828381502683,no,no,yes,no,0.037192770135661544,-0.4545611651686661,-0.0012493224318157802,-1.6409189244301008,-0.45149092302475896,low,west
4.846522641464311,female,other,-0.39980069246039335,no,no,yes,no,0.037192770135661544,-0.4545611651686661,-0.0012493224318157802,-1.6409189244301008,-1.0104291372918257,low,west
4.8633185589842185,male,hispanic,-0.14468413538733163,no,no,yes,no,0.037192770135661544,-0.4545611651686661,-0.0012493224318157802,-1.6409189244301008,-0.45149092302475896,high,west
4.880114476504127,female,other,1.2274283268474029,no,no,yes,no,0.037192770135661544,-0.4545611651686661,-0.0012493224318157802,-1.6409189244301008,-0.45149092302475896,high,west
4.896910394024035,female,other,-0.4813918737023213,no,no,yes,no,0.037192770135661544,-0.4545611651686661,-0.34951028494296127,-1.6409189244301008,-1.0104291372918257,low,west
4.913706311543942,male,hispanic,0.09549304930877484,no,no,yes,no,0.037192770135661544,-0.4545611651686661,-0.34951028494296127,-1.6409189244301008,-1.0104291372918257,low,west
4.93050222906385,female,other,0.705703657564993,no,no,yes,no,0.037192770135661544,-0.4545611651686661,-0.34951028494296127,-1.6409189244301008,1.2253237197764415,low,west
4.947298146583758,male,other,-1.126078024116856,no,no,yes,no,0.037192770135661544,-0.4545611651686661,-0.34951028494296127,-1.6409189244301008,-1.0104291372918257,high,west
4.964094064103666,female,afam,-0.0699881502520127,no,no,yes,no,0.037192770135661544,-0.4545611651686661,-0.34951028494296127,-1.6409189244301008,-0.45149092302475896,low,west
4.980889981623574,female,other,1.4825448839204645,no,no,no,no,0.037192770135661544,-0.4545611651686661,-0.34951028494296127,-1.6409189244301008,0.1074472912423079,low,west
4.997685899143481,male,hispanic,-0.8755582644482003,no,no,yes,no,-0.3608415031661379,-0.4545611651686661,-0.43657552557074764,-1.6409189244301008,-1.0104291372918257,low,west
5.014481816663389,female,other,1.3032737305211874,no,no,yes,no,-0.3608415031661379,-0.4545611651686661,-0.43657552557074764,-1.6409189244301008,-0.45149092302475896,low,west
5.0312777341832975,female,hispanic,-0.049303000306914264,no,no,yes,no,-0.3608415031661379,-0.4545611651686661,-0.43657552557074764,-1.6409189244301008,-1.0104291372918257,low,west
5.048073651703205,male,hispanic,-0.48828706980893033,no,no,yes,no,-0.3608415031661379,-0.4545611651686661,-0.43657552557074764,-1.6409189244301008,1.7842619340435084,low,west
5.064869569223113,male,other,-1.9960019868505419,no,yes,yes,no,-0.3608415031661379,-0.4545611651686661,-0.43657552557074764,-1.6409189244301008,-1.0104291372918257,low,west
5.08166548674302,male,hispanic,-0.9939229481759191,no,no,yes,no,-0.3608415031661379,-0.4545611651686661,-0.43657552557074764,-1.6409189244301008,0.1074472912423079,high,west
5.098461404262928,male,other,-0.21478376149297318,no,yes,yes,no,-0.3608415031661379,-0.4545611651686661,-0.43657552557074764,-1.6409189244301008,-1.0104291372918257,high,west
5.1152573217828365,female,other,0.32762605773453507,no,no,yes,no,-0.28847152549284893,-0.4545611651686661,0.08581594414343584,-1.6409189244301008,1.7842619340435084,low,west
5.132053239302744,female,other,-0.7502983846138724,no,no,yes,no,-0.28847152549284893,-0.4545611651686661,0.08581594414343584,-1.6409189244301008,-1.0104291372918257,low,west
5.148849156822652,female,hispanic,-0.9410610931494358,no,no,yes,no,-0.28847152549284893,-0.4545611651686661,0.08581594414343584,-1.6409189244301008,-1.0104291372918257,high,west
5.16564507434256,female,other,-1.4869182912428842,no,no,no,no,-0.28847152549284893,-0.4545611651686661,0.08581594414343584,-1.6409189244301008,-1.0104291372918257,low,west
5.182440991862467,female,hispanic,-1.300752380111727,no,no,no,no,-0.28847152549284893,-0.4545611651686661,0.08581594414343584,-1.6409189244301008,-1.0104291372918257,low,west
5.199236909382376,male,other,1.011383670962335,no,no,no,no,-0.28847152549284893,-0.4545611651686661,0.08581594414343584,-1.6409189244301008,0.6663855055093747,low,west
5.216032826902283,female,hispanic,-1.2157133816291301,no,no,yes,no,-0.28847152549284893,-0.4545611651686661,0.08581594414343584,-1.6409189244301008,0.6663855055093747,low,west
5.232828744422191,female,hispanic,-0.34923723613611307,no,no,yes,no,-0.28847152549284893,-0.4545611651686661,0.08581594414343584,-1.6409189244301008,-1.0104291372918257,low,west
5.249624661942099,male,hispanic,-0.6215911259136043,no,no,yes,no,-0.28847152549284893,-0.4545611651686661,0.08581594414343584,-1.6409189244301008,-0.45149092302475896,low,west
5.2664205794620065,female,other,0.5609080463240326,no,no,yes,no,-1.3378347351381206,-0.4545611651686661,0.08581594414343584,-1.6409189244301008,-1.0104291372918257,high,west
5.283216496981915,female,other,0.6574385999429158,yes,yes,yes,no,-1.3378347351381206,-0.4545611651686661,0.08581594414343584,-1.6409189244301008,0.6663855055093747,high,west
5.300012414501823,female,other,-0.2687950350579223,no,no,yes,no,-1.3378347351381206,-0.4545611651686661,0.08581594414343584,-1.6409189244301008,-1.0104291372918257,high,west
5.31680833202173,female,other,-0.2274247351677254,no,no,yes,no,-1.3378347351381206,-0.4545611651686661,0.08581594414343584,-1.6409189244301008,0.6663855055093747,low,west
5.333604249541638,female,other,0.6034273263779666,no,no,yes,no,-0.28847152549284893,-0.4545611651686661,-0.5671733994861597,-1.6409189244301008,1.2253237197764415,high,west
5.3504001670615455,male,other,1.02287566447335,yes,yes,yes,no,-0.28847152549284893,-0.4545611651686661,-0.5671733994861597,-1.6409189244301008,-0.45149092302475896,high,west
5.367196084581454,female,other,0.672377972319871,yes,yes,yes,no,-0.28847152549284893,-0.4545611651686661,-0.5671733994861597,-1.6409189244301008,1.2253237197764415,low,west
5.383992002101362,female,afam,-0.8215469908832511,yes,no,yes,no,-0.28847152549284893,-0.4545611651686661,-0.5671733994861597,-1.6409189244301008,-0.45149092302475896,low,west
5.400787919621269,male,other,0.7620133298321451,no,no,yes,no,-0.28847152549284893,-0.4545611651686661,-0.5671733994861597,-1.6409189244301008,1.2253237197764415,high,west
5.417583837141177,male,other,-0.6928397321829831,no,no,yes,no,-0.28847152549284893,-0.4545611651686661,-0.5671733994861597,-1.6409189244301008,1.2253237197764415,high,west
5.434379754661085,male,other,1.1056158258790152,yes,no,yes,no,-0.28847152549284893,-0.4545611651686661,-0.5671733994861597,-1.6409189244301008,0.6663855055093747,low,west
5.451175672180993,male,hispanic,1.464158132677569,yes,no,no,no,-0.28847152549284893,-0.4545611651686661,-0.5671733994861597,-1.6409189244301008,0.6663855055093747,high,west
5.467971589700901,female,other,1.372224376463092,yes,yes,yes,no,-0.28847152549284893,-0.4545611651686661,-0.5671733994861597,-1.6409189244301008,1.2253237197764415,high,west
5.484767507220808,male,hispanic,0.46552647286888654,yes,no,no,no,-0.5417661885345219,-0.4545611651686661,0.7388052877730314,-1.6409189244301008,0.1074472912423079,low,west
5.501563424740716,female,hispanic,-0.6100991324025893,no,no,no,no,-0.5417661885345219,-0.4545611651686661,0.7388052877730314,-1.6409189244301008,-1.0104291372918257,low,west
5.518359342260624,male,hispanic,-0.6169943285091983,no,no,yes,no,-0.5417661885345219,-0.4545611651686661,0.7388052877730314,-1.6409189244301008,-1.0104291372918257,high,west
5.535155259780532,male,other,-0.29522596257116396,no,no,yes,no,-0.5417661885345219,-0.4545611651686661,0.7388052877730314,-1.6409189244301008,-0.45149092302475896,low,west
5.551951177300439,male,hispanic,0.3506091680071079,no,no,yes,no,-0.5417661885345219,-0.4545611651686661,0.7388052877730314,-1.6409189244301008,-0.45149092302475896,high,west
5.568747094820347,male,other,-1.0939013190354712,no,no,no,no,-0.5417661885345219,-0.4545611651686661,0.7388052877730314,-1.6409189244301008,0.6663855055093747,low,west
5.5855430123402545,female,other,-0.430828417378041,no,no,yes,no,-0.5417661885345219,-0.4545611651686661,0.7388052877730314,-1.6409189244301008,-1.0104291372918257,low,west
5.602338929860163,female,hispanic,-0.11250743030594677,no,no,yes,no,-1.3378347351381206,-0.4545611651686661,0.5211421732298329,-1.6409189244301008,-1.0104291372918257,high,west
5.619134847380071,female,other,1.2722460056035398,yes,no,yes,no,-1.3378347351381206,-0.4545611651686661,0.5211421732298329,-1.6409189244301008,1.7842619340435084,high,west
5.635930764899978,male,other,1.419340453921432,yes,yes,yes,no,-1.3378347351381206,-0.4545611651686661,0.5211421732298329,-1.6409189244301008,1.2253237197764415,high,west
5.652726682419886,male,hispanic,0.09549304930877484,no,no,yes,no,-1.3378347351381206,-0.4545611651686661,0.5211421732298329,-1.6409189244301008,-0.45149092302475896,high,west
5.669522599939794,male,other,0.9458808422610995,yes,no,yes,no,-1.3378347351381206,-0.4545611651686661,0.5211421732298329,-1.6409189244301008,0.6663855055093747,high,west
5.686318517459702,female,other,1.074588539336096,yes,yes,yes,no,-1.3378347351381206,-0.4545611651686661,0.5211421732298329,-1.6409189244301008,1.7842619340435084,high,west
-0.026140990236148905,male,hispanic,-0.876707682986666,no,no,yes,no,-0.4332113082962012,-0.4545611651686661,-0.1318471703997627,-1.6409189244301008,-0.45149092302475896,low,west
-0.02580507188575075,female,hispanic,-0.4894360499726675,no,no,yes,no,-0.4332113082962012,-0.4545611651686661,-0.1318471703997627,-1.6409189244301008,-1.0104291372918257,high,west
-0.024125480133759966,female,hispanic,1.2527102741969072,no,no,yes,no,-0.4332113082962012,-0.4545611651686661,-0.1318471703997627,-1.6409189244301008,-1.0104291372918257,low,west
-0.022445888381769183,female,other,-0.5457457222398197,yes,no,yes,no,-0.4332113082962012,-0.4545611651686661,-0.1318471703997627,-1.6409189244301008,1.2253237197764415,high,west
-0.020766296629778403,male,hispanic,-0.8456799580690184,no,no,yes,no,-0.4332113082962012,-0.4545611651686661,-0.1318471703997627,-1.6409189244301008,-0.45149092302475896,low,west
-0.01908670487778762,male,hispanic,-0.7928176646678065,yes,yes,yes,no,-0.8312455815980007,-0.4545611651686661,0.3034790586866344,-1.6409189244301008,-0.45149092302475896,high,west
-0.017407113125796837,female,hispanic,-0.5181653761881122,no,no,yes,no,-0.8312455815980007,-0.4545611651686661,0.3034790586866344,-1.6409189244301008,1.2253237197764415,high,west
-0.015727521373806053,male,hispanic,0.27361478416958596,no,no,yes,no,-0.8312455815980007,-0.4545611651686661,0.3034790586866344,-1.6409189244301008,1.2253237197764415,high,west
-0.01404792962181527,female,other,1.3641797618180171,no,no,no,no,-0.8312455815980007,-0.4545611651686661,0.3034790586866344,-1.6409189244301008,1.2253237197764415,high,west
-0.012368337869824489,male,other,-0.10561223419933775,no,no,yes,no,-0.8312455815980007,-0.4545611651686661,0.3034790586866344,-1.6409189244301008,0.6663855055093747,high,west
-0.010688746117833705,female,other,-0.5583866959145718,no,no,yes,no,-0.8312455815980007,-0.4545611651686661,0.3034790586866344,-1.6409189244301008,-0.45149092302475896,high,west
-0.009009154365842922,male,other,1.230875705713343,no,no,yes,no,-0.8312455815980007,-0.4545611651686661,0.3034790586866344,-1.6409189244301008,-1.0104291372918257,low,west
-0.00732956261385214,male,other,0.8114278059926882,yes,yes,no,no,-0.8312455815980007,-0.4545611651686661,0.3034790586866344,-1.6409189244301008,-0.45149092302475896,low,west
-0.005649970861861357,female,hispanic,-1.0479342217408683,no,no,yes,no,0.9056314669557757,-0.4545611651686661,-0.21891243697501434,-1.6409189244301008,1.7842619340435084,high,west
-0.003970379109870574,male,other,-0.9249727406087433,no,no,yes,no,0.9056314669557757,-0.4545611651686661,-0.21891243697501434,-1.6409189244301008,-0.45149092302475896,high,west
-0.0022907873578797916,male,other,0.9619691948017919,no,no,yes,no,0.9056314669557757,-0.4545611651686661,-0.21891243697501434,-1.6409189244301008,0.6663855055093747,high,west
-0.0006111956058890089,male,other,-0.41359064629888276,no,no,yes,no,0.9056314669557757,-0.4545611651686661,-0.21891243697501434,-1.6409189244301008,0.1074472912423079,high,west
0.0010683961461017738,female,other,0.7620133298321451,no,no,yes,no,0.9056314669557757,-0.4545611651686661,-0.21891243697501434,-1.6409189244301008,0.1074472912423079,high,west
0.0027479878980925564,male,other,-0.9663430404989403,no,no,yes,no,0.9056314669557757,-0.4545611651686661,-0.21891243697501434,-1.6409189244301008,-1.0104291372918257,high,west
0.00442757965008334,male,other,-0.19984438911601793,no,no,no,no,0.9056314669557757,-0.4545611651686661,-0.21891243697501434,-1.6409189244301008,2.3432001483105753,low,west
0.006107171402074122,female,other,1.1872074454956718,no,yes,yes,no,0.9056314669557757,-0.4545611651686661,-0.21891243697501434,-1.6409189244301008,-1.0104291372918257,low,west
0.007786763154064904,male,other,0.4413939440578479,no,no,yes,no,0.9056314669557757,-0.4545611651686661,-0.21891243697501434,-1.6409189244301008,0.6663855055093747,low,west
0.009466354906055687,male,other,0.43564816648970467,yes,no,no,no,0.9056314669557757,-0.4545611651686661,-0.21891243697501434,-1.6409189244301008,-1.0104291372918257,high,west
0.01114594665804647,female,afam,0.9711627896106039,no,no,no,no,-0.9036155592712896,-0.4545611651686661,-0.5671733994861597,-1.6409189244301008,0.6663855055093747,high,west
0.012825538410037253,female,hispanic,-0.6721545822378846,no,no,yes,no,1.9911795791660791,-0.4545611651686661,0.042283310855810025,-1.6409189244301008,-1.0104291372918257,low,west
0.014505130162028035,female,other,0.8711848571257805,no,no,yes,no,1.9911795791660791,-0.4545611651686661,0.042283310855810025,-1.6409189244301008,0.6663855055093747,high,west
0.016184721914018818,male,hispanic,-0.6641104059675385,no,no,yes,no,1.9911795791660791,-0.4545611651686661,0.042283310855810025,-1.6409189244301008,-1.0104291372918257,low,west
0.0178643136660096,female,other,0.01734924693278708,no,no,yes,no,1.9911795791660791,-0.4545611651686661,0.042283310855810025,-1.6409189244301008,-0.45149092302475896,low,west
0.019543905418000385,female,other,1.1665222955505732,no,no,yes,no,0.5799668262408132,-0.4545611651686661,0.5211421732298329,-1.6409189244301008,-1.0104291372918257,high,west
0.021223497169991168,male,other,1.7801802826727315,yes,no,yes,no,0.5799668262408132,-0.4545611651686661,0.5211421732298329,-1.6409189244301008,1.7842619340435084,high,west
0.022903088921981948,male,other,1.058499748420675,yes,yes,yes,no,0.5799668262408132,-0.4545611651686661,0.5211421732298329,-1.6409189244301008,-0.45149092302475896,high,west
0.02458268067397273,female,other,0.7643117285343481,yes,yes,yes,no,0.5799668262408132,-0.4545611651686661,0.5211421732298329,-1.6409189244301008,1.2253237197764415,high,west
0.026262272425963514,male,other,0.5195377464338357,yes,no,yes,no,0.5799668262408132,-0.4545611651686661,0.5211421732298329,-1.6409189244301008,0.6663855055093747,high,west
0.027941864177954297,male,other,-0.04470620290250825,no,no,yes,no,0.5799668262408132,-0.4545611651686661,0.5211421732298329,-1.6409189244301008,0.1074472912423079,high,west
0.02962145592994508,male,other,-0.7353590122369171,yes,no,yes,no,0.5799668262408132,-0.4545611651686661,0.5211421732298329,-1.6409189244301008,0.1074472912423079,high,west
0.03130104768193586,female,other,-0.3699223860812115,no,no,yes,no,0.5799668262408132,-0.4545611651686661,0.5211421732298329,-1.6409189244301008,-1.0104291372918257,low,west
0.032980639433926644,female,other,-0.1814576378731225,no,no,yes,no,0.5799668262408132,-0.4545611651686661,0.5211421732298329,-1.6409189244301008,0.1074472912423079,high,west
0.03466023118591743,female,other,-0.08722548295644232,no,no,yes,no,-0.3608415031661379,-0.4545611651686661,-0.1318471703997627,-1.6409189244301008,-1.0104291372918257,low,west
0.03633982293790821,female,other,-1.5558689371847885,no,no,yes,no,-0.3608415031661379,-0.4545611651686661,-0.1318471703997627,-1.6409189244301008,0.6663855055093747,high,west
0.038019414689898993,female,hispanic,-1.750079024586292,no,no,no,no,-0.3608415031661379,-0.4545611651686661,-0.1318471703997627,-1.6409189244301008,-1.0104291372918257,low,west
0.03969900644188978,male,other,0.9114057384775116,no,no,no,no,-0.3608415031661379,-0.4545611651686661,-0.34951028494296127,-1.6409189244301008,-0.45149092302475896,low,west
0.04137859819388056,male,hispanic,-0.2239773563017852,no,no,yes,no,-0.3608415031661379,-0.4545611651686661,-0.34951028494296127,-1.6409189244301008,-0.45149092302475896,high,west
0.04305818994587134,male,other,0.7137478338353392,no,no,yes,no,-0.3608415031661379,-0.4545611651686661,-0.34951028494296127,-1.6409189244301008,-0.45149092302475896,high,west
0.044737781697862126,female,other,0.5551622687558894,yes,no,no,no,-0.3608415031661379,-0.4545611651686661,-0.34951028494296127,-1.6409189244301008,-1.0104291372918257,high,west
0.04641737344985291,female,other,0.8884221898302102,yes,no,yes,no,-0.3608415031661379,-0.4545611651686661,-0.34951028494296127,-1.6409189244301008,1.2253237197764415,high,west
0.04809696520184369,female,other,-0.8203980107195139,no,no,no,no,-0.28847152549284893,-0.4545611651686661,0.95646840231623,-1.6409189244301008,0.1074472912423079,low,west
0.04977655695383447,female,other,0.9332398685863472,no,no,yes,no,-0.28847152549284893,-0.4545611651686661,0.95646840231623,-1.6409189244301008,-0.45149092302475896,low,west
0.05145614870582525,male,other,-0.32165689008440557,no,no,yes,no,-0.28847152549284893,-0.4545611651686661,0.95646840231623,-1.6409189244301008,0.1074472912423079,low,west
0.053135740457816036,female,other,0.0771062980658794,no,no,no,no,-0.28847152549284893,-0.4545611651686661,0.95646840231623,-1.6409189244301008,-1.0104291372918257,low,west
0.05481533220980682,female,other,-1.392686136326204,no,no,yes,no,-0.28847152549284893,-0.4545611651686661,0.95646840231623,-1.6409189244301008,-1.0104291372918257,low,west
0.0564949239617976,male,other,-0.2883307664645549,no,no,yes,no,-0.28847152549284893,-0.4545611651686661,0.95646840231623,-1.6409189244301008,-1.0104291372918257,low,west
0.058174515713788386,female,other,0.27016740530364575,no,no,yes,no,-0.28847152549284893,-0.4545611651686661,0.95646840231623,-1.6409189244301008,1.2253237197764415,high,west
0.05985410746577917,female,other,-1.0100117390913401,no,no,yes,yes,1.1951106874760276,-0.4545611651686661,-0.741303890472032,-1.6409189244301008,-0.45149092302475896,low,west
0.06153369921776995,male,other,0.18857578568698918,no,no,yes,yes,1.1951106874760276,-0.4545611651686661,-0.741303890472032,-1.6409189244301008,-0.45149092302475896,high,west
0.06321329096976074,female,afam,-1.6903219734531998,no,no,no,yes,1.1951106874760276,-0.4545611651686661,-0.741303890472032,-1.6409189244301008,-1.0104291372918257,low,west
0.06489288272175152,female,other,-1.7684657758291875,no,no,no,yes,-0.4332113082962012,-0.4545611651686661,-0.5671733994861597,-1.6409189244301008,0.6663855055093747,low,west
0.0665724744737423,male,hispanic,-0.2664966363557193,no,no,yes,yes,-0.4332113082962012,-0.4545611651686661,-0.5671733994861597,-1.6409189244301008,-1.0104291372918257,low,west
0.06825206622573309,male,other,0.46437749270514933,no,no,yes,yes,-0.4332113082962012,-0.4545611651686661,-0.5671733994861597,-1.6409189244301008,0.6663855055093747,low,west
0.06993165797772387,female,hispanic,1.025174063175553,no,no,yes,yes,-0.4332113082962012,-0.4545611651686661,-0.5671733994861597,-1.6409189244301008,1.2253237197764415,low,west
0.07161124972971465,male,other,-0.033214647766221836,yes,yes,no,no,-0.4332113082962012,-0.4545611651686661,-0.741303890472032,-1.6409189244301008,1.2253237197764415,high,west
0.07329084148170543,female,other,-1.0134591179572803,no,no,yes,no,-0.3608415031661379,-0.4545611651686661,-0.523640766198534,-1.6409189244301008,-0.45149092302475896,low,west
0.07497043323369622,female,other,0.8344113546399896,yes,no,yes,no,-0.3608415031661379,-0.4545611651686661,-0.523640766198534,-1.6409189244301008,2.3432001483105753,high,west
0.076650024985687,female,other,0.6470960249703664,yes,no,yes,no,-0.3608415031661379,-0.4545611651686661,-0.523640766198534,-1.6409189244301008,0.6663855055093747,high,west
0.07832961673767778,female,other,1.2504118754947042,yes,no,yes,no,-0.3608415031661379,-0.4545611651686661,-0.523640766198534,-1.6409189244301008,-1.0104291372918257,high,west
0.08000920848966857,female,other,-0.39980069246039335,no,no,yes,no,-0.3608415031661379,-0.4545611651686661,-0.523640766198534,-1.6409189244301008,0.6663855055093747,low,west
0.08168880024165935,female,other,0.7528197350233331,no,no,yes,no,-0.3608415031661379,-0.4545611651686661,-0.523640766198534,-1.6409189244301008,1.2253237197764415,high,west
0.08336839199365012,male,other,1.0332182394458993,yes,no,yes,no,-0.3608415031661379,-0.4545611651686661,-0.523640766198534,-1.6409189244301008,1.7842619340435084,high,west
0.0850479837456409,female,other,0.04148177574382572,yes,no,no,no,-0.3608415031661379,-0.4545611651686661,-0.523640766198534,-1.6409189244301008,1.2253237197764415,low,west
0.08672757549763169,female,other,0.922897293613798,yes,no,yes,no,-0.3608415031661379,-0.4545611651686661,-0.523640766198534,-1.6409189244301008,0.6663855055093747,high,west
0.08840716724962247,female,other,1.2113399743067104,yes,yes,yes,no,-1.1930949523347685,-0.4545611651686661,-0.2624450183677096,-1.6409189244301008,1.2253237197764415,high,west
0.09008675900161325,male,other,1.45726293657096,no,no,yes,no,-1.1930949523347685,-0.4545611651686661,-0.2624450183677096,-1.6409189244301008,-1.0104291372918257,low,west
0.09176635075360404,female,other,-1.037591646768319,no,no,yes,no,-1.1930949523347685,-0.4545611651686661,-0.2624450183677096,-1.6409189244301008,-1.0104291372918257,low,west
0.09344594250559482,male,hispanic,0.3322224167642125,no,no,yes,no,-1.1930949523347685,-0.4545611651686661,-0.2624450183677096,-1.6409189244301008,1.2253237197764415,low,west
0.0951255342575856,male,other,-1.750079024586292,yes,yes,yes,no,-1.1930949523347685,-0.4545611651686661,-0.2624450183677096,-1.6409189244301008,-1.0104291372918257,high,west
0.09680512600957639,male,other,-0.11020903160374378,no,no,yes,no,-1.1930949523347685,-0.4545611651686661,-0.34951028494296127,-1.6409189244301008,0.6663855055093747,high,west
0.09848471776156717,female,other,0.493106818920594,no,no,yes,no,-1.1930949523347685,-0.4545611651686661,-0.34951028494296127,-1.6409189244301008,0.1074472912423079,low,west
0.10016430951355795,female,hispanic,-0.8950944342295615,no,no,yes,no,-1.1930949523347685,-0.4545611651686661,-0.34951028494296127,-1.6409189244301008,0.1074472912423079,low,west
0.10184390126554874,male,other,1.237770901819952,no,no,yes,no,-1.1930949523347685,-0.4545611651686661,-0.34951028494296127,-1.6409189244301008,1.2253237197764415,high,west
0.10352349301753952,female,other,1.1550303020395583,no,no,yes,no,-1.1930949523347685,-0.4545611651686661,-0.34951028494296127,-1.6409189244301008,1.2253237197764415,high,west
0.1052030847695303,female,hispanic,-0.87211088558226,no,no,yes,no,0.14574765037398213,-0.4545611651686661,0.7388052877730314,-1.6409189244301008,0.6663855055093747,high,west
0.10688267652152109,male,hispanic,-0.40439748986479934,no,yes,no,no,0.14574765037398213,-0.4545611651686661,0.7388052877730314,-1.6409189244301008,-1.0104291372918257,low,west
0.10856226827351187,male,hispanic,-0.012529497821123396,no,no,yes,no,0.14574765037398213,-0.4545611651686661,0.7388052877730314,-1.6409189244301008,0.6663855055093747,high,west
0.11024186002550265,male,other,1.3503898079795276,no,no,yes,no,0.14574765037398213,-0.4545611651686661,0.7388052877730314,-1.6409189244301008,0.6663855055093747,low,west
0.11192145177749344,female,other,0.6689301550792022,yes,no,yes,no,0.14574765037398213,-0.4545611651686661,0.7388052877730314,-1.6409189244301008,1.2253237197764415,high,west
0.11360104352948422,female,other,-0.09871747646745736,yes,no,yes,no,-0.179916817797754,-0.4545611651686661,0.4340769066545813,-1.6409189244301008,0.1074472912423079,high,west
0.115280635281475,male,other,0.9769085671787471,no,no,yes,no,-0.179916817797754,-0.4545611651686661,0.4340769066545813,-1.6409189244301008,0.6663855055093747,low,west
0.11696022703346579,female,hispanic,-0.7824750896952573,no,no,no,no,-0.179916817797754,-0.4545611651686661,0.4340769066545813,-1.6409189244301008,-1.0104291372918257,low,west
0.11863981878545657,female,other,-0.521613193428781,no,no,yes,no,-0.179916817797754,-0.4545611651686661,0.4340769066545813,-1.6409189244301008,-1.0104291372918257,low,west
0.12031941053744735,female,other,-0.8008622793128813,no,no,yes,no,-0.179916817797754,-0.4545611651686661,0.4340769066545813,-1.6409189244301008,0.6663855055093747,low,west
0.12199900228943814,female,other,0.6585875801066529,no,no,yes,no,-0.179916817797754,-0.4545611651686661,0.4340769066545813,-1.6409189244301008,1.2253237197764415,low,west
0.12367859404142892,male,afam,-1.920156583176757,no,yes,yes,no,-0.3608415031661379,-0.4545611651686661,-0.523640766198534,-1.6409189244301008,-0.45149092302475896,high,west
0.1253581857934197,female,afam,-0.8318895658558003,no,no,yes,no,-0.3608415031661379,-0.4545611651686661,-0.523640766198534,-1.6409189244301008,-1.0104291372918257,low,west
0.12703777754541049,female,afam,-0.07573392782015591,no,yes,yes,no,-0.3608415031661379,-0.4545611651686661,-0.523640766198534,-1.6409189244301008,1.7842619340435084,high,west
0.12871736929740127,female,afam,-1.0387410653067848,yes,no,no,no,-0.3608415031661379,-0.4545611651686661,-0.523640766198534,-1.6409189244301008,0.6663855055093747,low,west
0.13039696104939205,female,afam,-1.1858350752499482,no,no,yes,no,-0.3608415031661379,-0.4545611651686661,-0.523640766198534,-1.6409189244301008,0.1074472912423079,low,west
0.13207655280138283,female,afam,-1.8833830806909662,no,no,yes,no,-0.3608415031661379,-0.4545611651686661,-0.523640766198534,-1.6409189244301008,-1.0104291372918257,low,west
0.13375614455337362,female,other,0.586189993673537,no,no,yes,no,0.037192770135661544,-0.4545611651686661,-0.43657552557074764,-1.6409189244301008,0.6663855055093747,low,west
0.1354357363053644,female,other,-0.2435130877084178,no,no,no,no,0.037192770135661544,-0.4545611651686661,-0.43657552557074764,-1.6409189244301008,-0.45149092302475896,low,west
0.13711532805735518,female,hispanic,-0.20444118652042395,yes,no,yes,no,0.037192770135661544,-0.4545611651686661,-0.43657552557074764,-1.6409189244301008,-0.45149092302475896,low,west
0.13879491980934597,male,other,1.0240246446370873,no,no,yes,no,0.037192770135661544,-0.4545611651686661,-0.43657552557074764,-1.6409189244301008,1.2253237197764415,high,west
0.14047451156133675,female,other,-0.47219871726823787,no,no,yes,yes,-0.14373191523272236,-0.4545611651686661,-0.6542386401139462,-1.6409189244301008,-1.0104291372918257,low,west
0.14215410331332753,male,other,1.321660481764083,no,no,yes,yes,-0.14373191523272236,-0.4545611651686661,-0.6542386401139462,-1.6409189244301008,-1.0104291372918257,low,west
0.14383369506531832,male,other,0.7401791997233095,no,yes,yes,yes,-0.14373191523272236,-0.4545611651686661,-0.6542386401139462,-1.6409189244301008,-1.0104291372918257,low,west
0.1455132868173091,male,other,0.8114278059926882,no,no,yes,no,1.9188094289495632,-0.4545611651686661,1.914186023274415,-1.6409189244301008,-1.0104291372918257,low,west
0.14719287856929988,male,other,-0.2435130877084178,yes,no,yes,no,1.9188094289495632,-0.4545611651686661,1.914186023274415,-1.6409189244301008,-0.45149092302475896,low,west
0.14887247032129064,male,afam,-2.1178144878189293,no,no,no,no,-0.3608415031661379,-0.4545611651686661,-0.48010815885837343,-1.6409189244301008,-1.0104291372918257,low,west
0.15055206207328142,female,afam,-0.818099612017311,no,no,no,no,-0.3608415031661379,-0.4545611651686661,-0.48010815885837343,-1.6409189244301008,-0.45149092302475896,low,west
0.1522316538252722,female,afam,-1.5030066437835767,no,no,no,no,-0.3608415031661379,-0.4545611651686661,-0.48010815885837343,-1.6409189244301008,-1.0104291372918257,low,west
0.153911245577263,male,other,-0.6514694322927862,yes,no,yes,yes,-1.1930949523347685,-0.4545611651686661,-0.523640766198534,-1.6409189244301008,0.1074472912423079,low,west
0.15559083732925377,male,other,0.1299681530923627,no,no,yes,yes,-1.1930949523347685,-0.4545611651686661,-0.523640766198534,-1.6409189244301008,0.1074472912423079,low,west
0.15727042908124456,female,other,-1.1042438940080204,no,no,yes,yes,-1.1930949523347685,-0.4545611651686661,-0.523640766198534,-1.6409189244301008,0.1074472912423079,high,west
0.15895002083323534,male,other,-1.8040902981512412,no,no,yes,yes,-1.1930949523347685,-0.4545611651686661,-0.523640766198534,-1.6409189244301008,0.1074472912423079,high,west
0.16062961258522612,male,other,-0.6870939546148399,no,no,no,yes,-1.1930949523347685,-0.4545611651686661,-0.523640766198534,-1.6409189244301008,-1.0104291372918257,high,west
0.1623092043372169,female,other,0.2586754117926307,yes,yes,yes,yes,-1.1930949523347685,-0.4545611651686661,-0.523640766198534,-1.6409189244301008,-0.45149092302475896,high,west
0.1639887960892077,female,hispanic,0.47357064913923275,no,no,yes,yes,-1.1930949523347685,-0.4545611651686661,-0.523640766198534,-1.6409189244301008,0.1074472912423079,low,west
0.16566838784119847,male,other,0.7539691535617989,yes,no,yes,yes,-1.1930949523347685,-0.4545611651686661,-0.523640766198534,-1.6409189244301008,1.2253237197764415,high,west
0.16734797959318926,female,afam,-0.8077570370447618,no,no,yes,yes,-0.3608415031661379,-0.4545611651686661,-0.5671733994861597,-1.6409189244301008,0.6663855055093747,high,west
0.16902757134518004,female,afam,-1.9316481383130435,no,no,yes,yes,-0.3608415031661379,-0.4545611651686661,-0.5671733994861597,-1.6409189244301008,-1.0104291372918257,low,west
0.17070716309717082,female,afam,-0.4836902724045243,no,no,yes,yes,-0.3608415031661379,-0.4545611651686661,-0.5671733994861597,-1.6409189244301008,0.6663855055093747,low,west
0.1723867548491616,male,afam,-0.7123759019643443,no,no,yes,yes,-0.3608415031661379,-0.4545611651686661,-0.5671733994861597,-1.6409189244301008,-1.0104291372918257,low,west
0.1740663466011524,female,afam,-1.6799793984806506,no,no,yes,yes,-0.3608415031661379,-0.4545611651686661,-0.5671733994861597,-1.6409189244301008,-1.0104291372918257,low,west
0.17574593835314317,female,hispanic,-0.41474006483734854,yes,yes,yes,no,0.5075970211107499,-0.4545611651686661,-0.6542386401139462,-1.6409189244301008,0.1074472912423079,low,west
0.17742553010513396,female,other,1.2481134767925013,no,no,yes,no,0.5075970211107499,-0.4545611651686661,-0.6542386401139462,-1.6409189244301008,0.6663855055093747,low,west
0.17910512185712474,female,other,0.5758474187009878,no,no,no,no,0.5075970211107499,-0.4545611651686661,-0.6542386401139462,-1.6409189244301008,-1.0104291372918257,low,west
0.18078471360911552,female,other,-0.04240780420030524,no,no,no,no,0.5075970211107499,-0.4545611651686661,-0.6542386401139462,-1.6409189244301008,-0.45149092302475896,low,west
0.1824643053611063,female,other,0.21385773303649366,no,yes,yes,no,0.5075970211107499,-0.4545611651686661,-0.6542386401139462,-1.6409189244301008,-1.0104291372918257,high,west
0.1841438971130971,male,other,0.8022342111838762,no,yes,yes,yes,0.037192770135661544,-0.4545611651686661,-0.610706019800053,-1.6409189244301008,1.7842619340435084,high,west
0.18582348886508787,female,hispanic,-1.5822998646980302,no,no,yes,yes,0.037192770135661544,-0.4545611651686661,-0.610706019800053,-1.6409189244301008,-1.0104291372918257,low,west
0.18750308061707865,female,other,0.490808420218391,no,no,yes,yes,0.037192770135661544,-0.4545611651686661,-0.610706019800053,-1.6409189244301008,-1.0104291372918257,low,west
0.18918267236906944,male,other,0.24488545795414132,yes,no,yes,yes,-0.3608415031661379,-0.4545611651686661,-0.6542386401139462,-1.6409189244301008,1.2253237197764415,low,west
0.19086226412106022,female,other,-0.6319337008861536,yes,no,yes,yes,-0.3608415031661379,-0.4545611651686661,-0.6542386401139462,-1.6409189244301008,0.1074472912423079,low,west
0.192541855873051,male,hispanic,-0.6342320995883566,yes,no,yes,yes,-0.3608415031661379,-0.4545611651686661,-0.6542386401139462,-1.6409189244301008,-1.0104291372918257,high,west
0.1942214476250418,female,other,0.32187984179166323,no,no,yes,yes,-0.3608415031661379,-0.4545611651686661,-0.6542386401139462,-1.6409189244301008,0.6663855055093747,low,west
0.19590103937703257,female,other,1.4216384142489065,no,no,yes,yes,-0.3608415031661379,-0.4545611651686661,-0.6542386401139462,-1.6409189244301008,1.2253237197764415,low,west
0.19758063112902335,female,afam,-1.261680478923733,no,no,yes,yes,-0.3608415031661379,-0.4545611651686661,-0.6542386401139462,-1.6409189244301008,-1.0104291372918257,low,west
0.19926022288101414,female,afam,-0.15847452760054967,no,yes,yes,yes,-0.3608415031661379,-0.4545611651686661,-0.6542386401139462,-1.6409189244301008,0.6663855055093747,low,west
0.20093981463300492,male,hispanic,-1.478874114972538,no,no,yes,yes,-0.3608415031661379,-0.4545611651686661,-0.523640766198534,-1.6409189244301008,-1.0104291372918257,low,west
0.2026194063849957,male,hispanic,-0.09182228036084834,no,no,yes,yes,-0.3608415031661379,-0.4545611651686661,-0.523640766198534,-1.6409189244301008,-0.45149092302475896,low,west
0.2042989981369865,female,afam,-1.1444647753597514,no,no,no,yes,-0.3608415031661379,-0.4545611651686661,-0.523640766198534,-1.6409189244301008,-0.45149092302475896,low,west
0.20597858988897727,female,hispanic,0.6470960249703664,no,no,yes,yes,-0.3608415031661379,-0.4545611651686661,-0.523640766198534,-1.6409189244301008,-1.0104291372918257,high,west
0.20765818164096805,male,hispanic,0.06906212179553319,no,no,yes,yes,-0.3608415031661379,-0.4545611651686661,-0.523640766198534,-1.6409189244301008,0.1074472912423079,low,west
0.20933777339295884,male,other,-1.73743805091154,no,no,no,yes,-0.3608415031661379,-0.4545611651686661,-0.523640766198534,-1.6409189244301008,-1.0104291372918257,low,west
0.21101736514494962,female,hispanic,-1.5466753423759765,no,no,yes,yes,-0.3608415031661379,-0.4545611651686661,-0.523640766198534,-1.6409189244301008,-0.45149092302475896,low,west
0.2126969568969404,male,hispanic,-0.9111827867702539,no,no,yes,yes,-0.3608415031661379,-0.4545611651686661,-0.523640766198534,-1.6409189244301008,-1.0104291372918257,low,west
0.2143765486489312,male,hispanic,-0.6905413334807801,no,no,no,yes,-0.3608415031661379,-0.4545611651686661,-0.523640766198534,-1.6409189244301008,-1.0104291372918257,low,west
0.21605614040092197,male,other,1.3998042841400706,no,yes,yes,no,-1.3378347351381206,-0.4545611651686661,-0.2624450183677096,-1.6409189244301008,-1.0104291372918257,high,west
0.21773573215291275,male,other,1.1952516217660178,no,no,yes,no,-1.3378347351381206,-0.4545611651686661,-0.2624450183677096,-1.6409189244301008,0.1074472912423079,high,west
0.21941532390490354,male,hispanic,-1.3674041889766997,no,no,no,no,-1.3378347351381206,-0.4545611651686661,-0.2624450183677096,-1.6409189244301008,-0.45149092302475896,low,west
0.22109491565689432,female,other,0.7689085259387541,no,no,yes,no,-1.3378347351381206,-0.4545611651686661,-0.2624450183677096,-1.6409189244301008,-1.0104291372918257,high,west
0.2227745074088851,female,other,-1.0709177703881696,yes,no,yes,no,-1.3378347351381206,-0.4545611651686661,-0.2624450183677096,-1.6409189244301008,-1.0104291372918257,low,west
0.2244540991608759,female,other,-1.560465296214466,no,no,no,no,-1.3378347351381206,-0.4545611651686661,-0.2624450183677096,-1.6409189244301008,-1.0104291372918257,low,west
0.22613369091286667,male,other,0.7826984797772436,yes,no,yes,no,-1.3378347351381206,-0.4545611651686661,-0.2624450183677096,-1.6409189244301008,-1.0104291372918257,high,west
0.22781328266485745,female,afam,0.09434363077030901,no,no,yes,yes,-0.28847152549284893,-0.4545611651686661,-0.610706019800053,-1.6409189244301008,-0.45149092302475896,low,west
0.22949287441684824,female,other,1.5262131441381357,yes,yes,yes,yes,-0.28847152549284893,-0.4545611651686661,-0.610706019800053,-1.6409189244301008,1.2253237197764415,high,west
0.23117246616883902,male,other,0.5976815488098234,yes,yes,yes,yes,-0.28847152549284893,-0.4545611651686661,-0.610706019800053,-1.6409189244301008,0.1074472912423079,high,west
0.2328520579208298,female,other,0.6068747052439067,no,no,yes,yes,-0.28847152549284893,-0.4545611651686661,-0.610706019800053,-1.6409189244301008,-1.0104291372918257,high,west
0.23453164967282056,male,other,-0.00678328187825156,no,no,yes,yes,-0.28847152549284893,-0.4545611651686661,-0.610706019800053,-1.6409189244301008,1.2253237197764415,low,west
0.23621124142481134,female,afam,-1.8615489505821305,no,no,no,no,0.21811745550404543,-0.4545611651686661,1.391794631402627,-1.6409189244301008,-1.0104291372918257,low,west
0.23789083317680212,female,other,-0.6169943285091983,no,no,yes,no,0.21811745550404543,-0.4545611651686661,1.391794631402627,-1.6409189244301008,1.2253237197764415,high,west
0.2395704249287929,female,other,1.592865391377837,no,no,yes,no,0.21811745550404543,-0.4545611651686661,1.391794631402627,-1.6409189244301008,-1.0104291372918257,low,west
0.2412500166807837,female,other,0.8757812161554579,yes,no,yes,no,0.21811745550404543,-0.4545611651686661,1.391794631402627,-1.6409189244301008,-1.0104291372918257,low,west
0.24292960843277447,female,hispanic,-1.119182828010247,no,no,no,no,-0.5417661885345219,-0.8119524708223421,-0.43657552557074764,-0.35866521228575543,-1.0104291372918257,low,west
0.24460920018476526,female,hispanic,-0.22512633646552238,no,no,yes,no,-0.5417661885345219,-0.8119524708223421,-0.43657552557074764,-0.35866521228575543,0.1074472912423079,low,west
0.24628879193675604,female,hispanic,-0.9031386104999077,no,no,yes,no,-0.5417661885345219,-0.8119524708223421,-0.43657552557074764,-0.35866521228575543,-1.0104291372918257,low,west
0.24796838368874682,female,other,1.0987210681471347,yes,no,yes,no,1.5569600582127954,-0.8119524708223421,7.921688067698583,-0.35866521228575543,1.2253237197764415,high,west
0.2496479754407376,female,hispanic,-1.3317801050293745,no,no,no,no,1.5569600582127954,-0.8119524708223421,7.921688067698583,-0.35866521228575543,0.6663855055093747,low,west
0.2513275671927284,female,hispanic,-0.34349102019324124,no,no,yes,no,1.5569600582127954,-0.8119524708223421,7.921688067698583,-0.35866521228575543,0.1074472912423079,low,west
0.2530071589447192,female,afam,-0.8330389843942662,no,no,no,no,1.5569600582127954,-0.8119524708223421,7.921688067698583,-0.35866521228575543,-0.45149092302475896,low,west
0.25468675069671,male,hispanic,0.1299681530923627,no,no,yes,no,0.47141194600249264,-0.878963385011906,-0.6977712669147057,-0.9402787730124815,-1.0104291372918257,low,west
0.25636634244870077,female,hispanic,-0.6181437470476642,no,no,yes,no,0.47141194600249264,-0.878963385011906,-0.6977712669147057,-0.9402787730124815,-0.45149092302475896,low,west
0.25804593420069155,female,hispanic,-0.4917344486748705,no,yes,yes,no,0.47141194600249264,-0.878963385011906,-0.6977712669147057,-0.9402787730124815,-1.0104291372918257,low,west
0.25972552595268233,female,hispanic,-0.3779665623515577,yes,no,yes,no,0.47141194600249264,-0.878963385011906,-0.6977712669147057,-0.9402787730124815,1.2253237197764415,low,west
0.2614051177046731,female,hispanic,0.22190190930683987,no,no,yes,no,0.47141194600249264,-0.878963385011906,-0.6977712669147057,-0.9402787730124815,-0.45149092302475896,low,west
0.2630847094566639,male,hispanic,0.8723338372895177,no,yes,yes,no,0.47141194600249264,-0.878963385011906,-0.6977712669147057,-0.9402787730124815,0.1074472912423079,low,west
0.2647643012086547,female,hispanic,-0.9709398379033463,no,yes,no,yes,-0.7226908739029057,0.03685125879214395,-0.6542386401139462,-0.02535539976394105,-0.45149092302475896,low,west
0.26644389296064547,male,hispanic,-0.5790718458596703,no,no,yes,yes,-0.7226908739029057,0.03685125879214395,-0.6542386401139462,-0.02535539976394105,-1.0104291372918257,low,west
0.26812348471263625,female,hispanic,-1.7156039208027043,no,no,yes,yes,-0.7226908739029057,0.03685125879214395,-0.6542386401139462,-0.02535539976394105,-1.0104291372918257,low,west
0.26980307646462703,female,other,-1.2157133816291301,no,no,yes,yes,-0.7226908739029057,0.03685125879214395,-0.6542386401139462,-0.02535539976394105,-1.0104291372918257,high,west
0.2714826682166178,female,hispanic,-1.298453981409524,no,no,no,yes,-0.7226908739029057,0.03685125879214395,-0.6542386401139462,-0.02535539976394105,-1.0104291372918257,low,west
0.2731622599686086,male,hispanic,-1.3777467639492489,no,no,no,yes,-0.7226908739029057,0.03685125879214395,-0.6542386401139462,-0.02535539976394105,-1.0104291372918257,low,west
0.2748418517205994,female,hispanic,-0.648022053426846,no,no,yes,yes,-0.7226908739029057,0.03685125879214395,-0.6542386401139462,-0.02535539976394105,-1.0104291372918257,low,west
0.27652144347259017,female,hispanic,-1.2019234277906408,no,no,no,no,1.7017000135593738,-0.8119524708223421,2.0447839750322228,-0.35866521228575543,-1.0104291372918257,low,west
0.2782010352245809,female,hispanic,-1.2559347013555897,no,no,yes,no,1.7017000135593738,-0.8119524708223421,2.0447839750322228,-0.35866521228575543,0.6663855055093747,low,west
0.2798806269765717,male,hispanic,0.07480789936367639,no,no,yes,no,1.7017000135593738,-0.8119524708223421,2.0447839750322228,-0.35866521228575543,0.1074472912423079,low,west
0.28156021872856246,female,hispanic,-1.0134591179572803,no,no,yes,no,1.7017000135593738,-0.8119524708223421,2.0447839750322228,-0.35866521228575543,1.2253237197764415,high,west
0.28323981048055324,female,hispanic,-1.6052834133453318,no,no,yes,no,1.7017000135593738,-0.8119524708223421,2.0447839750322228,-0.35866521228575543,0.6663855055093747,low,west
0.28491940223254403,female,hispanic,-0.10676165273780358,no,no,yes,no,1.7017000135593738,-0.8119524708223421,2.0447839750322228,-0.35866521228575543,1.2253237197764415,low,west
0.2865989939845348,female,hispanic,-1.1812382778455421,no,no,yes,no,0.18193272548223943,-0.878963385011906,0.5211421732298329,-0.9402787730124815,-1.0104291372918257,high,west
0.2882785857365256,female,hispanic,-1.5018576636198395,no,no,yes,no,0.18193272548223943,-0.878963385011906,0.5211421732298329,-0.9402787730124815,-1.0104291372918257,low,west
0.2899581774885164,male,hispanic,0.1954709817935982,no,no,yes,no,0.18193272548223943,-0.878963385011906,0.5211421732298329,-0.9402787730124815,1.7842619340435084,low,west
0.29163776924050716,female,hispanic,1.055052369554735,no,no,yes,no,0.18193272548223943,-0.878963385011906,0.5211421732298329,-0.9402787730124815,-1.0104291372918257,low,west
0.29331736099249794,male,hispanic,1.2929311555486382,no,no,yes,no,0.18193272548223943,-0.878963385011906,0.5211421732298329,-0.9402787730124815,1.2253237197764415,low,west
0.2949969527444887,male,other,0.42185821265121526,no,no,yes,no,0.18193272548223943,-0.878963385011906,0.5211421732298329,-0.9402787730124815,-1.0104291372918257,high,west
0.2966765444964795,male,hispanic,-1.448995808593356,no,no,yes,no,0.18193272548223943,-0.878963385011906,0.5211421732298329,-0.9402787730124815,-1.0104291372918257,low,west
0.2983561362484703,female,hispanic,-0.554938878673903,no,no,yes,no,0.18193272548223943,-0.878963385011906,0.5211421732298329,-0.9402787730124815,-1.0104291372918257,low,west
0.3000357280004611,male,hispanic,0.16789063574189075,no,no,no,no,0.18193272548223943,-0.878963385011906,0.5211421732298329,-0.9402787730124815,-0.45149092302475896,low,west
0.30171531975245186,female,hispanic,-1.3375258825975178,no,no,yes,no,0.18193272548223943,-0.878963385011906,0.5211421732298329,-0.9402787730124815,0.1074472912423079,low,west
0.30339491150444264,female,hispanic,-1.5455263622122393,no,no,yes,no,0.18193272548223943,-0.878963385011906,0.5211421732298329,-0.9402787730124815,-0.45149092302475896,low,west
0.3050745032564334,female,hispanic,-0.8066080568810245,yes,no,yes,no,0.18193272548223943,-0.878963385011906,0.5211421732298329,-0.9402787730124815,-1.0104291372918257,low,west
0.3067540950084242,female,hispanic,-0.05504877787505747,no,no,yes,no,-0.6141359936645852,-0.8119524708223421,0.3034790586866344,-0.35866521228575543,0.1074472912423079,low,west
0.308433686760415,female,hispanic,0.12307295698575367,no,yes,yes,no,-0.46939621086123284,-0.878963385011906,-0.741303890472032,-0.9402787730124815,0.1074472912423079,low,west
0.3101132785124058,male,hispanic,0.6126209211867786,no,no,yes,no,-0.46939621086123284,-0.878963385011906,-0.741303890472032,-0.9402787730124815,-1.0104291372918257,low,west
0.31179287026439656,female,hispanic,0.09434363077030901,no,no,yes,no,-0.46939621086123284,-0.878963385011906,-0.741303890472032,-0.9402787730124815,1.2253237197764415,high,west
0.31347246201638734,male,hispanic,-1.654697451131146,no,no,no,no,-0.179916817797754,0.03685125879214395,3.5684257768346126,-0.02535539976394105,-1.0104291372918257,low,west
0.3151520537683781,female,other,-0.30901591640965337,no,no,yes,no,-0.179916817797754,0.03685125879214395,3.5684257768346126,-0.02535539976394105,0.6663855055093747,low,west
0.3168316455203689,female,hispanic,-0.9778345956352267,no,no,yes,no,-0.179916817797754,0.03685125879214395,3.5684257768346126,-0.02535539976394105,-1.0104291372918257,low,west
0.3185112372723597,female,hispanic,0.8194719822630344,no,no,no,no,1.4484055230609274,-0.878963385011906,1.8271208604890243,-0.9402787730124815,1.2253237197764415,low,west
0.3201908290243505,female,other,-0.6284863220202134,no,no,yes,no,1.4484055230609274,-0.878963385011906,1.8271208604890243,-0.9402787730124815,-1.0104291372918257,low,west
0.32187042077634126,female,hispanic,0.5011509951909402,yes,no,yes,no,1.4484055230609274,-0.878963385011906,1.8271208604890243,-0.9402787730124815,1.2253237197764415,high,west
0.32355001252833204,female,hispanic,-0.11480582900814978,no,no,yes,no,1.4484055230609274,-0.878963385011906,1.8271208604890243,-0.9402787730124815,-1.0104291372918257,low,west
0.3252296042803228,male,hispanic,-1.5880456422661735,no,no,yes,no,1.4484055230609274,-0.878963385011906,1.8271208604890243,-0.9402787730124815,-1.0104291372918257,low,west
0.3269091960323136,male,other,1.235472503117749,no,no,no,no,1.4484055230609274,-0.878963385011906,1.8271208604890243,-0.9402787730124815,0.6663855055093747,low,west
0.3285887877843044,female,other,0.40921723897646306,no,no,no,no,1.4484055230609274,-0.878963385011906,1.8271208604890243,-0.9402787730124815,-1.0104291372918257,low,west
0.3302683795362952,female,hispanic,0.6689301550792022,no,no,no,no,1.4484055230609274,-0.878963385011906,1.8271208604890243,-0.9402787730124815,-0.45149092302475896,low,west
0.33194797128828596,female,hispanic,0.8953173859368192,no,no,yes,no,1.4484055230609274,-0.878963385011906,1.8271208604890243,-0.9402787730124815,1.2253237197764415,low,west
0.33362756304027674,male,hispanic,0.9458808422610995,yes,no,yes,no,1.4484055230609274,-0.878963385011906,1.8271208604890243,-0.9402787730124815,1.2253237197764415,low,west
0.3353071547922675,female,hispanic,-0.8744092842844631,no,no,yes,no,1.4484055230609274,-0.878963385011906,1.8271208604890243,-0.9402787730124815,0.1074472912423079,low,west
0.3369867465442583,female,hispanic,-0.654917249533455,no,no,yes,no,1.303665567714349,-0.878963385011906,-0.7848365140293584,-0.9402787730124815,-0.45149092302475896,low,west
0.3386663382962491,female,hispanic,-0.2630492574897791,no,no,yes,no,1.303665567714349,-0.878963385011906,-0.7848365140293584,-0.9402787730124815,-0.45149092302475896,low,west
0.3403459300482399,female,hispanic,-0.34693883743391,yes,no,yes,no,1.303665567714349,-0.878963385011906,-0.7848365140293584,-0.9402787730124815,1.2253237197764415,low,west
0.34202552180023066,female,other,-0.34693883743391,no,no,yes,no,1.303665567714349,-0.878963385011906,-0.7848365140293584,-0.9402787730124815,-1.0104291372918257,low,west
0.34370511355222144,male,hispanic,-1.4455479913526874,no,no,yes,no,1.303665567714349,-0.878963385011906,-0.7848365140293584,-0.9402787730124815,-0.45149092302475896,low,west
0.3453847053042122,female,hispanic,-1.3662552088129625,no,no,yes,no,1.303665567714349,-0.878963385011906,-0.7848365140293584,-0.9402787730124815,-1.0104291372918257,low,west
0.347064297056203,female,hispanic,0.4207087941127494,no,no,yes,no,1.303665567714349,-0.878963385011906,-0.7848365140293584,-0.9402787730124815,-0.45149092302475896,low,west
0.3487438888081938,female,hispanic,-0.7537457634798126,no,no,yes,no,1.303665567714349,-0.878963385011906,-0.7848365140293584,-0.9402787730124815,-1.0104291372918257,low,west
0.3504234805601846,male,hispanic,0.04722755331196892,no,no,yes,no,1.303665567714349,-0.878963385011906,-0.7848365140293584,-0.9402787730124815,0.1074472912423079,low,west
0.35210307231217536,male,hispanic,-0.2860323677623519,no,no,yes,no,1.303665567714349,-0.878963385011906,-0.7848365140293584,-0.9402787730124815,-0.45149092302475896,low,west
0.35378266406416614,male,other,-1.1467631740619544,no,no,no,no,0.14574765037398213,-0.8119524708223421,2.2624470895754216,-0.35866521228575543,-1.0104291372918257,low,west
0.3554622558161569,male,hispanic,0.12422237552421948,no,no,yes,no,0.14574765037398213,-0.8119524708223421,2.2624470895754216,-0.35866521228575543,-1.0104291372918257,low,west
0.3571418475681477,male,hispanic,-0.6962871110489233,no,no,yes,no,0.14574765037398213,-0.8119524708223421,2.2624470895754216,-0.35866521228575543,-1.0104291372918257,low,west
0.3588214393201385,female,other,-0.2848833875986147,no,no,yes,no,0.14574765037398213,-0.8119524708223421,2.2624470895754216,-0.35866521228575543,-1.0104291372918257,low,west
0.3605010310721293,female,hispanic,-0.645723654724643,no,no,yes,no,0.14574765037398213,-0.8119524708223421,2.2624470895754216,-0.35866521228575543,-1.0104291372918257,low,west
0.36218062282412006,female,other,-0.004485321550777182,no,no,no,no,0.14574765037398213,-0.8119524708223421,2.2624470895754216,-0.35866521228575543,-0.45149092302475896,high,west
0.36386021457611084,male,hispanic,-0.3572814124064593,yes,no,yes,no,0.14574765037398213,-0.8119524708223421,2.2624470895754216,-0.35866521228575543,-0.45149092302475896,low,west
0.3655398063281016,female,other,0.9849527434490933,yes,yes,yes,no,0.14574765037398213,-0.8119524708223421,2.2624470895754216,-0.35866521228575543,-1.0104291372918257,high,west
0.3672193980800924,female,hispanic,-0.4813918737023213,no,no,yes,no,0.14574765037398213,-0.8119524708223421,2.2624470895754216,-0.35866521228575543,-1.0104291372918257,low,west
0.3688989898320832,female,hispanic,-0.8594699119075078,no,no,yes,no,0.14574765037398213,-0.8119524708223421,2.2624470895754216,-0.35866521228575543,-0.45149092302475896,low,west
0.370578581584074,male,other,0.9803559460446873,yes,no,yes,no,0.14574765037398213,-0.8119524708223421,2.2624470895754216,-0.35866521228575543,0.6663855055093747,low,west
0.37225817333606476,male,hispanic,0.01734924693278708,no,no,no,no,0.14574765037398213,-0.8119524708223421,2.2624470895754216,-0.35866521228575543,-0.45149092302475896,low,west
0.37393776508805554,male,other,1.3009753318189845,no,no,yes,yes,-0.5417661885345219,-0.8119524708223421,-0.523640766198534,-0.35866521228575543,0.1074472912423079,low,west
0.3756173568400463,male,other,-0.641126857320237,no,no,yes,yes,-0.5417661885345219,-0.8119524708223421,-0.523640766198534,-0.35866521228575543,-1.0104291372918257,low,west
0.3772969485920371,female,afam,-1.9891067907439328,no,no,yes,yes,-0.5417661885345219,-0.8119524708223421,-0.523640766198534,-0.35866521228575543,0.1074472912423079,low,west
0.3789765403440279,female,other,-0.2779881914920057,no,no,yes,yes,-0.5417661885345219,-0.8119524708223421,-0.523640766198534,-0.35866521228575543,-1.0104291372918257,low,west
0.3806561320960187,male,other,0.17478583184849977,yes,no,yes,yes,-0.5417661885345219,-0.8119524708223421,-0.523640766198534,-0.35866521228575543,-0.45149092302475896,low,west
0.38233572384800946,female,hispanic,0.5965325686460862,no,no,yes,yes,-0.5417661885345219,-0.8119524708223421,-0.523640766198534,-0.35866521228575543,0.1074472912423079,low,west
0.38401531560000024,female,hispanic,-1.362807829947022,no,no,yes,yes,-0.5417661885345219,-0.8119524708223421,-0.523640766198534,-0.35866521228575543,-0.45149092302475896,low,west
0.385694907351991,male,hispanic,-1.2777688314644253,yes,no,no,no,1.303665567714349,-0.878963385011906,0.3034790586866344,-0.9402787730124815,-1.0104291372918257,low,west
0.3873744991039818,female,hispanic,-1.1214812267124499,no,no,yes,no,1.303665567714349,-0.878963385011906,0.3034790586866344,-0.9402787730124815,-1.0104291372918257,low,west
0.3890540908559726,male,hispanic,-0.607801172075115,no,no,yes,no,1.303665567714349,-0.878963385011906,0.3034790586866344,-0.9402787730124815,-1.0104291372918257,low,west
0.3907336826079634,female,hispanic,-0.8238453895854542,no,no,yes,no,1.303665567714349,-0.878963385011906,0.3034790586866344,-0.9402787730124815,-1.0104291372918257,low,west
0.39241327435995416,female,hispanic,-1.1996250290884376,no,no,yes,no,1.303665567714349,-0.878963385011906,0.3034790586866344,-0.9402787730124815,-0.45149092302475896,high,west
0.39409286611194494,female,hispanic,-0.7192706596962247,no,no,yes,no,1.303665567714349,-0.878963385011906,0.3034790586866344,-0.9402787730124815,-1.0104291372918257,low,west
0.3957724578639357,female,hispanic,-0.26189983895131325,no,no,yes,no,1.303665567714349,-0.878963385011906,0.3034790586866344,-0.9402787730124815,0.6663855055093747,low,west
0.3974520496159265,female,other,-0.5618340747805121,no,no,yes,no,1.303665567714349,-0.878963385011906,0.3034790586866344,-0.9402787730124815,1.2253237197764415,low,west
0.3991316413679173,female,hispanic,-0.6238895246158074,no,no,yes,no,1.7017000135593738,-0.878963385011906,2.1753819267900307,-0.9402787730124815,-1.0104291372918257,low,west
0.4008112331199081,male,hispanic,-0.9054370092021107,no,no,yes,no,1.7017000135593738,-0.878963385011906,2.1753819267900307,-0.9402787730124815,-1.0104291372918257,low,west
0.40249082487189886,male,hispanic,-1.485769311079147,no,no,yes,no,1.7017000135593738,-0.878963385011906,2.1753819267900307,-0.9402787730124815,-1.0104291372918257,low,west
0.40417041662388964,male,hispanic,0.09434363077030901,no,no,yes,no,1.7017000135593738,-0.878963385011906,2.1753819267900307,-0.9402787730124815,-0.45149092302475896,low,west
0.4058500083758804,male,hispanic,-1.2961555827073208,no,no,no,no,1.7017000135593738,-0.878963385011906,2.1753819267900307,-0.9402787730124815,-1.0104291372918257,low,west
0.4075296001278712,female,hispanic,-0.4859886711067273,no,no,yes,no,1.7017000135593738,-0.878963385011906,2.1753819267900307,-0.9402787730124815,0.6663855055093747,low,west
0.409209191879862,female,hispanic,-0.8663651080141168,no,no,yes,no,-0.28847152549284893,-0.8119524708223421,1.391794631402627,-0.35866521228575543,-1.0104291372918257,low,west
0.41088878363185277,male,hispanic,-1.3317801050293745,no,no,yes,no,-0.28847152549284893,-0.8119524708223421,1.391794631402627,-0.35866521228575543,-1.0104291372918257,low,west
0.41256837538384356,female,hispanic,-0.8330389843942662,no,no,yes,no,-0.28847152549284893,-0.8119524708223421,1.391794631402627,-0.35866521228575543,-0.45149092302475896,low,west
0.41424796713583434,female,hispanic,-0.951403668121985,no,no,yes,no,-0.28847152549284893,-0.8119524708223421,1.391794631402627,-0.35866521228575543,0.1074472912423079,low,west
0.4159275588878251,female,other,0.4827642439480448,no,no,yes,no,-0.3608415031661379,-0.4545611651686661,-0.2624450183677096,-1.6409189244301008,-0.45149092302475896,low,west
0.4176071506398159,male,hispanic,0.5436702752448743,no,no,yes,no,-0.3608415031661379,-0.4545611651686661,-0.2624450183677096,-1.6409189244301008,1.2253237197764415,low,west
0.4192867423918067,female,hispanic,-0.822696409421717,no,no,yes,no,-0.3608415031661379,-0.4545611651686661,-0.2624450183677096,-1.6409189244301008,0.1074472912423079,low,west
0.42096633414379747,female,other,-1.1364205990894052,no,no,yes,no,-0.3608415031661379,-0.4545611651686661,-0.2624450183677096,-1.6409189244301008,-1.0104291372918257,high,west
0.42264592589578825,female,other,-1.5914930211321137,no,no,yes,no,-0.3608415031661379,-0.4545611651686661,-0.2624450183677096,-1.6409189244301008,-1.0104291372918257,low,west
0.42432551764777904,male,other,0.6815711287539543,yes,no,no,no,-0.3608415031661379,-0.4545611651686661,-0.610706019800053,-1.6409189244301008,0.6663855055093747,low,west
0.4260051093997698,male,other,1.6261915149976878,yes,no,yes,no,-0.3608415031661379,-0.4545611651686661,-0.610706019800053,-1.6409189244301008,0.6663855055093747,low,west
0.4276847011517606,male,hispanic,0.5172393477316326,no,no,no,no,-0.3608415031661379,-0.4545611651686661,-0.610706019800053,-1.6409189244301008,-1.0104291372918257,low,west
0.4293642929037514,male,hispanic,0.1357139306605059,no,no,yes,no,-0.3608415031661379,-0.4545611651686661,-0.610706019800053,-1.6409189244301008,0.1074472912423079,high,west
0.43104388465574217,female,hispanic,0.46782487157108954,no,no,no,no,-0.3608415031661379,-0.4545611651686661,-0.610706019800053,-1.6409189244301008,0.6663855055093747,low,west
0.43272347640773295,male,other,1.6124011227844697,yes,no,yes,no,-0.3608415031661379,-0.4545611651686661,-0.610706019800053,-1.6409189244301008,1.2253237197764415,high,west
0.43440306815972374,male,hispanic,0.06906212179553319,no,no,yes,no,-0.3608415031661379,-0.4545611651686661,-0.610706019800053,-1.6409189244301008,0.1074472912423079,low,west
0.4360826599117145,female,hispanic,0.38738267049289876,no,no,yes,no,-0.3608415031661379,-0.4545611651686661,-0.610706019800053,-1.6409189244301008,-1.0104291372918257,low,west
0.4377622516637053,female,hispanic,-1.6845761958850567,no,no,yes,no,-0.28847152549284893,-0.4545611651686661,-0.1318471703997627,-1.6409189244301008,-1.0104291372918257,low,west
0.4394418434156961,female,afam,-0.20788856538636416,no,no,yes,no,-0.28847152549284893,-0.4545611651686661,-0.1318471703997627,-1.6409189244301008,0.1074472912423079,high,west
0.44112143516768687,female,other,-0.4549609461890796,no,yes,yes,no,-0.28847152549284893,-0.4545611651686661,-0.1318471703997627,-1.6409189244301008,0.6663855055093747,high,west
0.44280102691967765,female,hispanic,-0.39750229375819035,no,no,yes,no,-0.28847152549284893,-0.4545611651686661,-0.1318471703997627,-1.6409189244301008,0.1074472912423079,low,west
0.44448061867166844,female,other,0.3414160115730245,yes,yes,yes,no,-0.28847152549284893,-0.4545611651686661,-0.1318471703997627,-1.6409189244301008,0.1074472912423079,low,west
0.4461602104236592,male,other,1.6112525809954612,no,no,yes,no,-0.28847152549284893,-0.4545611651686661,-0.1318471703997627,-1.6409189244301008,1.2253237197764415,low,west
0.44783980217565,male,hispanic,-0.9674920206626774,no,no,yes,no,-0.28847152549284893,-0.4545611651686661,-0.1318471703997627,-1.6409189244301008,0.6663855055093747,low,west
0.4495193939276408,female,other,0.4287529703830957,no,yes,no,no,-0.28847152549284893,-0.4545611651686661,-0.1318471703997627,-1.6409189244301008,0.1074472912423079,high,west
0.45119898567963157,female,afam,-0.45151356732313946,no,no,yes,no,-0.28847152549284893,-0.4545611651686661,-0.1318471703997627,-1.6409189244301008,0.1074472912423079,low,west
0.4528785774316223,female,other,0.7574165324277391,no,no,yes,no,-0.28847152549284893,-0.4545611651686661,-0.1318471703997627,-1.6409189244301008,0.6663855055093747,low,west
0.4545581691836131,female,hispanic,-0.2768392113282685,no,no,no,no,-0.28847152549284893,-0.4545611651686661,-0.1318471703997627,-1.6409189244301008,-0.45149092302475896,low,west
0.45623776093560386,female,hispanic,-1.3087965563820732,no,no,yes,no,-0.28847152549284893,-0.4545611651686661,-0.1318471703997627,-1.6409189244301008,-1.0104291372918257,low,west
0.45791735268759465,female,hispanic,-1.1134370504421036,no,no,no,no,-0.28847152549284893,-0.4545611651686661,-0.1318471703997627,-1.6409189244301008,-0.45149092302475896,low,west
0.45959694443958543,male,other,0.402322042869854,no,no,yes,no,-0.28847152549284893,-0.4545611651686661,-0.1318471703997627,-1.6409189244301008,-1.0104291372918257,low,west
0.4612765361915762,male,hispanic,-0.5802208260234075,no,no,yes,no,-0.28847152549284893,-0.4545611651686661,-0.1318471703997627,-1.6409189244301008,1.2253237197764415,low,west
0.462956127943567,male,other,-0.6859449744511027,no,no,yes,no,-0.28847152549284893,-0.4545611651686661,-0.1318471703997627,-1.6409189244301008,-1.0104291372918257,high,west
0.4646357196955578,female,hispanic,-0.048153581768448445,no,no,yes,no,-0.28847152549284893,-0.4545611651686661,-0.1318471703997627,-1.6409189244301008,0.6663855055093747,low,west
0.46631531144754856,male,hispanic,-0.8261437882876571,no,no,yes,no,-0.28847152549284893,-0.4545611651686661,-0.1318471703997627,-1.6409189244301008,0.1074472912423079,low,west
0.46799490319953935,male,other,1.1285993745263165,no,no,yes,no,-0.28847152549284893,-0.4545611651686661,-0.1318471703997627,-1.6409189244301008,1.2253237197764415,low,west
0.46967449495153013,female,hispanic,-1.5822998646980302,no,no,no,no,-0.28847152549284893,-0.4545611651686661,-0.1318471703997627,-1.6409189244301008,-1.0104291372918257,low,west
0.4713540867035209,male,other,-0.05275037917285446,no,no,yes,no,-0.28847152549284893,-0.4545611651686661,-0.1318471703997627,-1.6409189244301008,-0.45149092302475896,low,west
0.4730336784555117,female,other,0.23339346444312628,no,no,yes,no,-0.28847152549284893,-0.4545611651686661,-0.1318471703997627,-1.6409189244301008,0.1074472912423079,low,west
0.4747132702075025,male,hispanic,-1.4984102847538994,no,no,yes,no,-0.3608415031661379,-0.4545611651686661,-0.34951028494296127,-1.6409189244301008,-0.45149092302475896,low,west
0.47639286195949326,male,hispanic,0.45403491773260013,no,no,no,no,-0.3608415031661379,-0.4545611651686661,-0.34951028494296127,-1.6409189244301008,-1.0104291372918257,low,west
0.47807245371148405,female,hispanic,-0.15157933149394065,no,no,yes,no,-0.3608415031661379,-0.4545611651686661,-0.34951028494296127,-1.6409189244301008,0.1074472912423079,low,west
0.47975204546347483,female,hispanic,-0.38601073862190394,no,no,yes,no,-0.3608415031661379,-0.4545611651686661,-0.34951028494296127,-1.6409189244301008,0.1074472912423079,low,west
0.4814316372154656,female,hispanic,0.5896373725394771,no,no,yes,no,-0.3608415031661379,-0.4545611651686661,-0.34951028494296127,-1.6409189244301008,1.2253237197764415,low,west
0.4831112289674564,female,hispanic,0.2862557578443382,no,no,yes,no,-0.3608415031661379,-0.4545611651686661,-0.34951028494296127,-1.6409189244301008,-1.0104291372918257,low,west
0.4847908207194472,male,hispanic,1.3526882066817307,no,no,yes,no,-0.3608415031661379,-0.4545611651686661,-0.34951028494296127,-1.6409189244301008,-0.45149092302475896,low,west
0.48647041247143796,male,hispanic,-0.35153519646358744,no,no,yes,no,-0.3608415031661379,-0.4545611651686661,-0.34951028494296127,-1.6409189244301008,-1.0104291372918257,low,west
0.48815000422342875,male,hispanic,0.1816810279551088,no,no,yes,no,-0.3608415031661379,-0.4545611651686661,-0.34951028494296127,-1.6409189244301008,0.1074472912423079,high,west
0.48982959597541953,male,hispanic,0.27016740530364575,no,no,yes,no,-0.3608415031661379,-0.4545611651686661,-0.34951028494296127,-1.6409189244301008,-1.0104291372918257,low,west
0.4915091877274103,female,other,-1.0697683518497039,no,no,no,yes,-0.14373191523272236,-0.4545611651686661,-0.1318471703997627,-1.6409189244301008,-1.0104291372918257,low,west
0.4931887794794011,female,other,-0.8927960355273585,no,no,yes,yes,-0.14373191523272236,-0.4545611651686661,-0.1318471703997627,-1.6409189244301008,-1.0104291372918257,high,west
0.4948683712313919,male,hispanic,-1.5076034411879826,no,no,no,yes,-0.14373191523272236,-0.4545611651686661,-0.1318471703997627,-1.6409189244301008,0.6663855055093747,low,west
0.49654796298338266,female,hispanic,-0.9996691641187909,no,no,yes,yes,-0.14373191523272236,-0.4545611651686661,-0.1318471703997627,-1.6409189244301008,-1.0104291372918257,low,west
0.49822755473537345,female,hispanic,-1.5236917937286751,yes,no,yes,yes,-0.14373191523272236,-0.4545611651686661,-0.1318471703997627,-1.6409189244301008,0.1074472912423079,high,west
0.49990714648736423,female,hispanic,-1.558166897512263,no,no,yes,yes,-0.14373191523272236,-0.4545611651686661,-0.1318471703997627,-1.6409189244301008,-1.0104291372918257,low,west
0.5015867382393551,male,other,0.36439956022032594,no,no,yes,yes,-1.1930949523347685,-0.4545611651686661,-0.34951028494296127,-1.6409189244301008,-1.0104291372918257,low,west
0.5032663299913458,female,afam,-0.953702066824188,yes,no,yes,yes,-1.1930949523347685,-0.4545611651686661,-0.34951028494296127,-1.6409189244301008,0.1074472912423079,low,west
0.5049459217433366,male,hispanic,-0.0182752753892666,no,no,no,yes,-0.28847152549284893,-0.4545611651686661,-0.48010815885837343,-1.6409189244301008,0.1074472912423079,low,west
0.5066255134953274,male,hispanic,1.4940364390567509,no,no,yes,yes,-0.28847152549284893,-0.4545611651686661,-0.48010815885837343,-1.6409189244301008,-0.45149092302475896,low,west
0.5083051052473182,male,other,0.5758474187009878,no,no,yes,yes,-1.1930949523347685,-0.4545611651686661,-0.34951028494296127,-1.6409189244301008,0.1074472912423079,low,west
0.5099846969993089,female,other,0.4689742901095553,no,no,yes,yes,-1.1930949523347685,-0.4545611651686661,-0.34951028494296127,-1.6409189244301008,-0.45149092302475896,low,west
0.5116642887512998,female,other,0.9964447369601084,no,no,no,yes,-1.1930949523347685,-0.4545611651686661,-0.34951028494296127,-1.6409189244301008,-1.0104291372918257,low,west
0.5133438805032905,male,other,1.1630744783099045,no,no,yes,yes,-1.1930949523347685,-0.4545611651686661,-0.34951028494296127,-1.6409189244301008,1.2253237197764415,low,west
0.5150234722552813,female,other,-0.5618340747805121,yes,yes,yes,yes,-1.1930949523347685,-0.4545611651686661,-0.34951028494296127,-1.6409189244301008,-1.0104291372918257,low,west
0.5167030640072721,female,other,-0.4733476974319751,yes,yes,yes,yes,-1.1930949523347685,-0.4545611651686661,-0.34951028494296127,-1.6409189244301008,-1.0104291372918257,low,west
0.5183826557592629,female,other,-0.11020903160374378,no,no,yes,yes,-1.1930949523347685,-0.4545611651686661,-0.34951028494296127,-1.6409189244301008,-1.0104291372918257,low,west
0.5200622475112536,male,afam,-0.5388505261332106,no,no,yes,yes,-1.1930949523347685,-0.4545611651686661,-0.34951028494296127,-1.6409189244301008,0.1074472912423079,high,west
0.5217418392632445,male,afam,0.9734611883128069,no,no,yes,no,-0.3608415031661379,-0.4545611651686661,-0.5671733994861597,-1.6409189244301008,1.7842619340435084,low,west
0.5234214310152352,female,hispanic,0.5287313412426476,no,no,no,no,-0.3608415031661379,-0.4545611651686661,-0.5671733994861597,-1.6409189244301008,0.1074472912423079,low,west
0.525101022767226,female,hispanic,0.45173651903039713,no,no,no,no,-0.3608415031661379,-0.4545611651686661,-0.5671733994861597,-1.6409189244301008,1.7842619340435084,low,west
0.5267806145192168,male,hispanic,-1.2720230538962822,no,no,yes,no,-0.3608415031661379,-0.4545611651686661,-0.5671733994861597,-1.6409189244301008,-1.0104291372918257,low,west
0.5284602062712076,male,other,0.5045983740568803,yes,yes,yes,no,-0.3608415031661379,-0.4545611651686661,-0.5671733994861597,-1.6409189244301008,1.2253237197764415,high,west
0.5301397980231983,male,other,0.5896373725394771,yes,no,yes,no,-0.3608415031661379,-0.4545611651686661,-0.5671733994861597,-1.6409189244301008,-1.0104291372918257,low,west
0.5318193897751892,female,hispanic,-1.039890045470522,no,no,yes,no,-0.3608415031661379,-0.4545611651686661,-0.741303890472032,-1.6409189244301008,-1.0104291372918257,low,west
0.5334989815271799,female,other,-0.25730304154690725,yes,no,yes,no,-0.3608415031661379,-0.4545611651686661,-0.34951028494296127,-1.6409189244301008,-1.0104291372918257,low,west
0.5351785732791707,male,other,0.278211581573992,yes,yes,yes,no,-0.3608415031661379,-0.4545611651686661,-0.34951028494296127,-1.6409189244301008,-1.0104291372918257,low,west
0.5368581650311615,male,hispanic,-2.0741457892265296,no,no,yes,no,-0.3608415031661379,-0.4545611651686661,-0.34951028494296127,-1.6409189244301008,-1.0104291372918257,low,west
0.5385377567831523,male,other,-0.3768171438130919,yes,no,yes,no,-0.3608415031661379,-0.4545611651686661,-0.34951028494296127,-1.6409189244301008,0.1074472912423079,low,west
0.540217348535143,male,hispanic,-0.7123759019643443,no,no,yes,no,-0.3608415031661379,-0.4545611651686661,-0.34951028494296127,-1.6409189244301008,-0.45149092302475896,low,west
0.5418969402871338,male,hispanic,-0.8089064555832275,yes,yes,no,no,-0.3608415031661379,-0.4545611651686661,-0.34951028494296127,-1.6409189244301008,0.1074472912423079,low,west
0.5435765320391246,female,hispanic,-1.0686193716859667,no,no,yes,no,-0.3608415031661379,-0.4545611651686661,-0.34951028494296127,-1.6409189244301008,2.3432001483105753,high,west
0.5452561237911153,female,hispanic,-0.1768612788434451,no,no,yes,no,-0.3608415031661379,-0.4545611651686661,-0.34951028494296127,-1.6409189244301008,-0.45149092302475896,low,west
0.5469357155431062,male,other,-2.085637344362816,no,yes,yes,no,-0.3608415031661379,-0.4545611651686661,-0.34951028494296127,-1.6409189244301008,-1.0104291372918257,low,west
0.5486153072950969,male,other,0.7275382260485572,no,no,yes,no,-0.3608415031661379,-0.4545611651686661,-0.34951028494296127,-1.6409189244301008,0.6663855055093747,low,west
0.5502948990470877,male,hispanic,1.0044889132304546,no,no,yes,no,-0.3608415031661379,-0.4545611651686661,-0.34951028494296127,-1.6409189244301008,-1.0104291372918257,high,west
0.5519744907990785,female,hispanic,0.025393423203133293,no,no,yes,no,-0.32465660060110624,-0.4545611651686661,1.2176640982521238,-1.6409189244301008,-1.0104291372918257,low,west
0.5536540825510693,male,afam,-0.4974802262430137,no,yes,yes,no,-0.32465660060110624,-0.4545611651686661,1.2176640982521238,-1.6409189244301008,0.6663855055093747,low,west
0.55533367430306,female,hispanic,-1.2743214525984852,no,no,yes,no,-0.32465660060110624,-0.4545611651686661,1.2176640982521238,-1.6409189244301008,-1.0104291372918257,low,west
0.5570132660550509,female,hispanic,-0.904287590663645,no,no,yes,no,-0.32465660060110624,-0.4545611651686661,1.2176640982521238,-1.6409189244301008,-1.0104291372918257,low,west
0.5586928578070416,female,hispanic,-1.218011780331333,no,no,no,no,-0.32465660060110624,-0.4545611651686661,1.2176640982521238,-1.6409189244301008,-1.0104291372918257,low,west
0.5603724495590324,female,hispanic,-0.20329220635668677,no,no,yes,no,-0.32465660060110624,-0.4545611651686661,1.2176640982521238,-1.6409189244301008,-1.0104291372918257,low,west
0.5620520413110232,female,afam,-1.8512063756095813,no,yes,yes,no,-0.32465660060110624,-0.4545611651686661,1.2176640982521238,-1.6409189244301008,-0.45149092302475896,low,west
0.563731633063014,male,afam,-1.4352054163801382,yes,no,no,no,-0.3608415031661379,-0.4545611651686661,-0.34951028494296127,-1.6409189244301008,-0.45149092302475896,high,west
0.5654112248150047,female,hispanic,-1.6592942485355522,no,no,yes,no,-0.3608415031661379,-0.4545611651686661,-0.34951028494296127,-1.6409189244301008,-0.45149092302475896,low,west
0.5670908165669956,female,other,1.3411966515454443,no,no,no,no,0.5075970211107499,-0.4545611651686661,0.17288121071868745,-1.6409189244301008,1.2253237197764415,low,west
0.5687704083189863,male,hispanic,1.4204894340851693,no,no,yes,no,0.5075970211107499,-0.4545611651686661,0.17288121071868745,-1.6409189244301008,1.7842619340435084,high,west
0.5704500000709771,female,hispanic,0.7470739574551899,no,no,yes,no,0.5075970211107499,-0.4545611651686661,0.17288121071868745,-1.6409189244301008,-1.0104291372918257,low,west
0.5721295918229679,female,other,-1.1479121542256916,no,no,no,no,0.5075970211107499,-0.4545611651686661,0.17288121071868745,-1.6409189244301008,-1.0104291372918257,low,west
0.5738091835749587,male,other,0.034586579637216695,no,no,yes,no,0.5075970211107499,-0.4545611651686661,0.17288121071868745,-1.6409189244301008,0.6663855055093747,high,west
0.5754887753269494,male,hispanic,-1.0973486979014113,no,no,yes,no,-0.32465660060110624,-0.4545611651686661,1.391794631402627,-1.6409189244301008,-1.0104291372918257,low,west
0.5771683670789403,male,afam,-1.4869182912428842,yes,no,yes,no,-0.32465660060110624,-0.4545611651686661,1.391794631402627,-1.6409189244301008,-1.0104291372918257,low,west
0.578847958830931,male,other,-2.191361492790511,no,no,yes,no,-0.32465660060110624,-0.4545611651686661,1.391794631402627,-1.6409189244301008,-1.0104291372918257,low,west
0.5805275505829218,female,hispanic,-1.5374821859418932,no,no,yes,no,-0.32465660060110624,-0.4545611651686661,1.391794631402627,-1.6409189244301008,-1.0104291372918257,low,west
0.5822071423349126,male,other,-0.35613199386799343,no,no,yes,no,-0.32465660060110624,-0.4545611651686661,1.391794631402627,-1.6409189244301008,-1.0104291372918257,low,west
0.5838867340869034,female,hispanic,-1.263978877625936,no,no,yes,no,-0.3608415031661379,-0.4545611651686661,-0.34951028494296127,-1.6409189244301008,1.7842619340435084,low,west
0.5855663258388941,male,hispanic,-0.42967899883957517,no,no,yes,no,-0.28847152549284893,-0.4545611651686661,-0.1318471703997627,-1.6409189244301008,1.2253237197764415,low,west
0.587245917590885,male,hispanic,0.8884221898302102,no,no,no,no,-0.28847152549284893,-0.4545611651686661,-0.1318471703997627,-1.6409189244301008,1.2253237197764415,high,west
0.5889255093428757,female,other,0.7884442573453868,no,yes,no,no,-0.3608415031661379,-0.4545611651686661,-0.5671733994861597,-1.6409189244301008,0.6663855055093747,high,west
0.5906051010948665,male,hispanic,-1.1869840554136855,no,no,no,no,-0.3608415031661379,-0.4545611651686661,-0.5671733994861597,-1.6409189244301008,-0.45149092302475896,low,west
0.5922846928468573,female,hispanic,-0.42048584240549175,no,no,yes,no,-0.3608415031661379,-0.4545611651686661,-0.5671733994861597,-1.6409189244301008,-1.0104291372918257,low,west
0.5939642845988481,male,other,-0.8330389843942662,yes,yes,yes,no,-0.3608415031661379,-0.4545611651686661,-0.5671733994861597,-1.6409189244301008,-0.45149092302475896,high,west
0.5956438763508388,female,other,0.24373603941567548,no,no,yes,no,-0.3608415031661379,-0.4545611651686661,-0.5671733994861597,-1.6409189244301008,0.1074472912423079,low,west
0.5973234681028297,male,other,-0.949105269419782,no,no,yes,no,-0.3608415031661379,-0.4545611651686661,-0.5671733994861597,-1.6409189244301008,0.6663855055093747,low,west
0.5990030598548204,female,hispanic,-1.3720009863811056,no,no,yes,no,0.7970765867174544,-0.4545611651686661,1.087066354074038,-1.6409189244301008,-1.0104291372918257,high,west
0.6006826516068112,male,hispanic,-0.16536928533243006,no,no,yes,no,0.7970765867174544,-0.4545611651686661,1.087066354074038,-1.6409189244301008,1.7842619340435084,low,west
0.602362243358802,male,hispanic,0.8953173859368192,no,no,yes,no,0.7970765867174544,-0.4545611651686661,1.087066354074038,-1.6409189244301008,1.7842619340435084,low,west
0.6040418351107928,male,other,-1.3834929798921207,no,no,yes,no,0.7970765867174544,-0.4545611651686661,1.087066354074038,-1.6409189244301008,1.2253237197764415,low,west
0.6057214268627835,male,hispanic,-1.0157575166594832,no,no,yes,no,0.7970765867174544,-0.4545611651686661,1.087066354074038,-1.6409189244301008,-1.0104291372918257,low,west
0.6074010186147744,male,hispanic,-1.0755145677925757,no,no,no,no,0.7970765867174544,-0.4545611651686661,1.087066354074038,-1.6409189244301008,-0.45149092302475896,low,west
0.6090806103667651,female,hispanic,-1.1387189977916081,no,no,no,no,0.7970765867174544,-0.4545611651686661,1.087066354074038,-1.6409189244301008,-1.0104291372918257,low,west
0.6107602021187559,female,other,-0.32970106635475177,yes,yes,yes,no,0.7970765867174544,-0.4545611651686661,1.087066354074038,-1.6409189244301008,0.6663855055093747,high,west
0.6124397938707467,female,hispanic,-0.5675798523486553,no,no,no,no,0.5075970211107499,-0.4545611651686661,0.3034790586866344,-1.6409189244301008,-1.0104291372918257,low,west
0.6141193856227375,female,other,2.0077169320688144,no,no,yes,no,0.5075970211107499,-0.4545611651686661,0.3034790586866344,-1.6409189244301008,1.7842619340435084,low,west
0.6157989773747282,female,hispanic,-0.8617683106097108,no,no,yes,no,0.5075970211107499,-0.4545611651686661,0.3034790586866344,-1.6409189244301008,-0.45149092302475896,low,west
0.6174785691267191,male,hispanic,-1.0904535017948023,no,no,yes,no,0.5075970211107499,-0.4545611651686661,0.3034790586866344,-1.6409189244301008,-1.0104291372918257,low,west
0.6191581608787098,female,other,0.06791270325706737,no,no,yes,no,0.5075970211107499,-0.4545611651686661,0.3034790586866344,-1.6409189244301008,1.2253237197764415,low,west
0.6208377526307006,female,hispanic,1.1803122493890628,no,no,yes,no,0.5075970211107499,-0.4545611651686661,0.3034790586866344,-1.6409189244301008,0.6663855055093747,low,west
0.6225173443826914,female,hispanic,0.2839573591421352,no,no,yes,no,-0.14373191523272236,-0.4545611651686661,-0.34951028494296127,-1.6409189244301008,-1.0104291372918257,low,west
0.6241969361346822,male,other,1.583671796569025,no,no,yes,no,-0.14373191523272236,-0.4545611651686661,-0.34951028494296127,-1.6409189244301008,-0.45149092302475896,low,west
0.6258765278866729,female,other,0.8504997071806821,no,no,no,no,-0.14373191523272236,-0.4545611651686661,-0.34951028494296127,-1.6409189244301008,0.1074472912423079,low,west
0.6275561196386638,female,other,0.35635538394997973,no,no,yes,no,-0.14373191523272236,-0.4545611651686661,-0.34951028494296127,-1.6409189244301008,-1.0104291372918257,high,west
0.6292357113906545,female,other,1.0780359182020363,no,yes,yes,no,-0.14373191523272236,-0.4545611651686661,-0.34951028494296127,-1.6409189244301008,-1.0104291372918257,low,west
0.6309153031426453,male,hispanic,-0.7020333269917951,no,no,yes,no,-0.32465660060110624,-0.4545611651686661,1.391794631402627,-1.6409189244301008,0.6663855055093747,low,west
0.632594894894636,female,hispanic,0.21500671320023085,no,no,yes,no,-0.32465660060110624,-0.4545611651686661,1.391794631402627,-1.6409189244301008,0.1074472912423079,low,west
0.6342744866466269,male,hispanic,-1.8695931268524768,no,no,yes,no,-0.32465660060110624,-0.4545611651686661,1.391794631402627,-1.6409189244301008,-1.0104291372918257,low,west
0.6359540783986176,male,hispanic,1.0837816957701796,yes,no,yes,no,-0.32465660060110624,-0.4545611651686661,1.391794631402627,-1.6409189244301008,0.1074472912423079,low,west
0.6376336701506085,female,hispanic,-1.2605314987599958,no,no,no,no,-0.32465660060110624,-0.4545611651686661,1.391794631402627,-1.6409189244301008,0.1074472912423079,low,west
0.6393132619025992,female,hispanic,-0.9686414392011432,no,no,no,no,-0.32465660060110624,-0.4545611651686661,1.391794631402627,-1.6409189244301008,0.1074472912423079,low,west
0.64099285365459,female,hispanic,1.0516049906887948,no,no,yes,no,-0.32465660060110624,-0.4545611651686661,1.391794631402627,-1.6409189244301008,0.6663855055093747,low,west
0.6426724454065808,female,hispanic,-1.1582547291982408,no,no,yes,no,-0.3608415031661379,-0.4545611651686661,-0.741303890472032,-1.6409189244301008,-0.45149092302475896,low,west
0.6443520371585716,male,hispanic,0.8390077136696671,no,no,yes,no,-0.3608415031661379,-0.4545611651686661,-0.741303890472032,-1.6409189244301008,0.6663855055093747,low,west
0.6460316289105623,female,hispanic,-1.4432495926504842,no,no,yes,no,-0.3608415031661379,-0.4545611651686661,-0.741303890472032,-1.6409189244301008,-1.0104291372918257,low,west
0.6477112206625532,male,other,-1.3788961824877146,no,no,yes,no,-0.3608415031661379,-0.4545611651686661,-0.741303890472032,-1.6409189244301008,-1.0104291372918257,high,west
0.6493908124145439,female,other,0.5275819227041818,yes,no,yes,no,-0.3608415031661379,-0.4545611651686661,-0.741303890472032,-1.6409189244301008,0.6663855055093747,high,west
0.6510704041665347,female,hispanic,-0.607801172075115,no,no,yes,no,-0.3608415031661379,-0.4545611651686661,-0.741303890472032,-1.6409189244301008,1.2253237197764415,low,west
0.6527499959185254,female,hispanic,-0.7227184769368936,no,no,yes,no,-0.3608415031661379,-0.4545611651686661,-0.741303890472032,-1.6409189244301008,-1.0104291372918257,low,west
0.6544295876705163,male,other,-0.2940765440326981,no,yes,yes,no,-0.3608415031661379,-0.4545611651686661,-0.741303890472032,-1.6409189244301008,1.2253237197764415,high,west
0.656109179422507,male,hispanic,-1.5777030672936243,no,no,yes,no,0.39904214087242934,-0.4545611651686661,0.12934852553613116,-1.6409189244301008,-0.45149092302475896,low,west
0.6577887711744979,female,other,-0.3067175177074503,no,no,yes,no,0.39904214087242934,-0.4545611651686661,0.12934852553613116,-1.6409189244301008,1.2253237197764415,high,west
0.6594683629264886,female,other,0.9596712344743175,no,no,no,no,0.39904214087242934,-0.4545611651686661,0.12934852553613116,-1.6409189244301008,2.3432001483105753,low,west
0.6611479546784794,female,other,0.5563112489196265,yes,no,yes,no,0.39904214087242934,-0.4545611651686661,0.12934852553613116,-1.6409189244301008,-1.0104291372918257,low,west
0.6628275464304701,female,other,1.3090195080893308,no,no,yes,no,0.39904214087242934,-0.4545611651686661,0.12934852553613116,-1.6409189244301008,-1.0104291372918257,low,west
0.664507138182461,male,hispanic,-1.9707200395010374,no,no,no,no,0.39904214087242934,-0.4545611651686661,0.12934852553613116,-1.6409189244301008,-1.0104291372918257,low,west
0.6661867299344517,female,hispanic,-1.1364205990894052,no,no,no,no,0.39904214087242934,-0.4545611651686661,0.12934852553613116,-1.6409189244301008,-1.0104291372918257,low,west
0.6678663216864426,female,other,-1.53518378723969,no,no,no,no,0.39904214087242934,-0.4545611651686661,0.12934852553613116,-1.6409189244301008,-0.45149092302475896,high,west
0.6695459134384333,male,hispanic,-0.865215689475651,no,no,no,no,0.39904214087242934,-0.4545611651686661,0.12934852553613116,-1.6409189244301008,-0.45149092302475896,low,west
0.6712255051904241,female,hispanic,-1.0950502991992084,no,no,yes,no,0.39904214087242934,-0.4545611651686661,0.12934852553613116,-1.6409189244301008,-1.0104291372918257,low,west
0.6729050969424148,male,other,-0.24696046657435802,yes,yes,yes,no,0.39904214087242934,-0.4545611651686661,0.12934852553613116,-1.6409189244301008,0.1074472912423079,high,west
0.6745846886944057,female,hispanic,-1.2467411065467777,no,no,yes,no,0.037192770135661544,-0.4545611651686661,0.7388052877730314,-1.6409189244301008,-1.0104291372918257,low,west
0.6762642804463964,female,hispanic,-1.1295254029827961,no,no,yes,no,0.037192770135661544,-0.4545611651686661,0.7388052877730314,-1.6409189244301008,2.3432001483105753,low,west
0.6779438721983873,female,hispanic,-0.15962350776428688,no,no,yes,no,0.037192770135661544,-0.4545611651686661,0.7388052877730314,-1.6409189244301008,1.2253237197764415,low,west
0.679623463950378,male,hispanic,0.28510633930587237,no,no,yes,no,1.0503710772159016,2.5758159226376582,3.1330995477482158,-0.297428844173735,-0.45149092302475896,low,west
0.6813030557023688,female,other,1.2848869792782922,no,no,yes,no,1.0503710772159016,2.5758159226376582,3.1330995477482158,-0.297428844173735,-1.0104291372918257,high,west
0.6829826474543595,female,hispanic,-1.1548073503323006,no,no,yes,no,1.0503710772159016,2.5758159226376582,3.1330995477482158,-0.297428844173735,-1.0104291372918257,low,west
0.6846622392063504,male,other,0.37933849422255256,no,no,yes,no,1.0503710772159016,2.5758159226376582,3.1330995477482158,-0.297428844173735,-1.0104291372918257,low,west
0.6863418309583411,female,hispanic,0.41381403638086905,no,no,yes,no,1.0503710772159016,2.5758159226376582,3.1330995477482158,-0.297428844173735,-1.0104291372918257,low,west
0.6880214227103318,female,hispanic,-1.3294817063271716,no,no,yes,no,1.0503710772159016,2.5758159226376582,3.1330995477482158,-0.297428844173735,0.1074472912423079,low,west
0.6897010144623226,male,hispanic,0.16099587801001036,no,no,yes,no,1.0503710772159016,2.5758159226376582,3.1330995477482158,-0.297428844173735,-1.0104291372918257,low,west
0.6913806062143134,female,hispanic,-0.5606850946167748,no,no,yes,no,0.21811745550404543,-0.4545611651686661,1.391794631402627,-1.6409189244301008,0.1074472912423079,low,west
0.6930601979663041,male,hispanic,-1.562763694916669,no,no,yes,no,0.21811745550404543,-0.4545611651686661,1.391794631402627,-1.6409189244301008,-1.0104291372918257,low,west
0.694739789718295,female,hispanic,-1.8052392783149784,no,no,yes,no,0.21811745550404543,-0.4545611651686661,1.391794631402627,-1.6409189244301008,-1.0104291372918257,low,west
0.6964193814702857,male,hispanic,0.41381403638086905,no,no,yes,no,5.320193375840601,-0.4545611651686661,4.439078235007407,-1.6409189244301008,-0.45149092302475896,low,west
0.6980989732222765,male,hispanic,1.2239809479814625,no,no,no,no,5.320193375840601,-0.4545611651686661,4.439078235007407,-1.6409189244301008,-0.45149092302475896,low,west
0.6997785649742673,male,hispanic,1.50093163516336,no,no,yes,no,5.320193375840601,-0.4545611651686661,4.439078235007407,-1.6409189244301008,0.6663855055093747,low,west
0.7014581567262581,female,hispanic,0.5505654713514833,no,no,yes,no,5.320193375840601,-0.4545611651686661,4.439078235007407,-1.6409189244301008,0.1074472912423079,low,west
0.7031377484782488,female,other,0.37933849422255256,yes,no,no,no,5.320193375840601,-0.4545611651686661,4.439078235007407,-1.6409189244301008,-1.0104291372918257,low,west
0.7048173402302397,male,hispanic,-1.5007082450813736,no,no,no,no,0.21811745550404543,-0.4545611651686661,0.95646840231623,-1.6409189244301008,-1.0104291372918257,low,west
0.7064969319822304,male,hispanic,0.4505875388666599,no,no,yes,no,0.21811745550404543,-0.4545611651686661,0.95646840231623,-1.6409189244301008,1.2253237197764415,high,west
0.7081765237342212,male,other,-0.26534721781725346,no,yes,no,no,0.21811745550404543,-0.4545611651686661,0.95646840231623,-1.6409189244301008,1.2253237197764415,low,west
0.709856115486212,female,hispanic,0.4505875388666599,no,no,yes,no,0.21811745550404543,-0.4545611651686661,0.95646840231623,-1.6409189244301008,0.1074472912423079,low,west
0.7115357072382028,female,other,1.2492624569562385,no,no,yes,yes,1.1951106874760276,-0.4545611651686661,-0.6542386401139462,-1.6409189244301008,-1.0104291372918257,low,west
0.7132152989901935,male,other,1.756047753861693,yes,yes,yes,no,-1.0483553420746419,-0.4545611651686661,-0.523640766198534,-1.6409189244301008,1.7842619340435084,high,west
0.7148948907421844,female,other,1.8882028298026299,yes,no,yes,no,-1.0483553420746419,-0.4545611651686661,-0.523640766198534,-1.6409189244301008,1.2253237197764415,high,west
0.7165744824941751,female,other,1.0332182394458993,yes,no,yes,no,-1.0483553420746419,-0.4545611651686661,-0.523640766198534,-1.6409189244301008,1.7842619340435084,high,west
0.7182540742461659,male,other,0.7884442573453868,yes,yes,yes,no,-1.0483553420746419,-0.4545611651686661,-0.523640766198534,-1.6409189244301008,1.2253237197764415,high,west
0.7199336659981567,male,other,1.8123578645035738,yes,yes,yes,no,-1.0483553420746419,-0.4545611651686661,-0.523640766198534,-1.6409189244301008,-0.45149092302475896,high,west
0.7216132577501475,male,other,-1.1651499253048498,yes,yes,no,no,-1.0483553420746419,-0.4545611651686661,-0.523640766198534,-1.6409189244301008,1.2253237197764415,low,west
0.7232928495021382,female,afam,-2.1545879903047203,no,yes,yes,no,-1.0483553420746419,-0.4545611651686661,-0.5671733994861597,-1.6409189244301008,-1.0104291372918257,low,west
0.7249724412541291,male,other,0.11617819925387328,yes,no,yes,no,-1.0483553420746419,-0.4545611651686661,-0.5671733994861597,-1.6409189244301008,-1.0104291372918257,high,west
0.7266520330061198,male,other,-0.1791592391709195,no,no,no,yes,0.21811745550404543,-0.4545611651686661,-0.43657552557074764,-1.6409189244301008,-1.0104291372918257,high,west
0.7283316247581106,female,other,0.5678032424306415,yes,yes,yes,no,-0.5417661885345219,2.5758159226376582,-0.34951028494296127,-0.297428844173735,0.6663855055093747,high,west
0.7300112165101014,male,other,0.2264987067112459,yes,no,yes,no,-0.5417661885345219,2.5758159226376582,-0.34951028494296127,-0.297428844173735,1.2253237197764415,low,west
0.7316908082620922,female,other,0.5988305289735606,yes,no,no,no,-0.5417661885345219,2.5758159226376582,-0.34951028494296127,-0.297428844173735,1.7842619340435084,low,west
0.7333704000140829,male,other,0.26786900660144275,yes,yes,yes,no,-0.5417661885345219,2.5758159226376582,-0.34951028494296127,-0.297428844173735,1.2253237197764415,high,west
0.7350499917660738,female,other,0.8746322359917207,yes,yes,yes,no,-0.5417661885345219,2.5758159226376582,-0.34951028494296127,-0.297428844173735,-0.45149092302475896,low,west
0.7367295835180645,male,other,1.3515392265179935,yes,yes,yes,no,-0.5417661885345219,2.5758159226376582,-0.34951028494296127,-0.297428844173735,0.1074472912423079,low,west
0.7384091752700553,female,other,-0.24581148641062084,yes,yes,yes,no,-0.5417661885345219,2.5758159226376582,-0.34951028494296127,-0.297428844173735,1.7842619340435084,low,west
0.7400887670220461,male,other,1.074588539336096,yes,yes,yes,no,-0.5417661885345219,2.5758159226376582,-0.34951028494296127,-0.297428844173735,1.2253237197764415,high,west
0.7417683587740369,male,other,1.407848460410417,yes,yes,no,no,-0.5417661885345219,2.5758159226376582,-0.34951028494296127,-0.297428844173735,-0.45149092302475896,low,west
0.7434479505260276,female,other,1.2205331307407938,yes,yes,yes,no,-0.5417661885345219,2.5758159226376582,-0.34951028494296127,-0.297428844173735,1.2253237197764415,high,west
0.7451275422780185,male,other,1.6181473387273415,yes,yes,yes,no,-0.5417661885345219,2.5758159226376582,-0.34951028494296127,-0.297428844173735,0.1074472912423079,high,west
0.7468071340300092,male,afam,0.24718385665634432,yes,yes,yes,no,-0.5417661885345219,2.5758159226376582,-0.34951028494296127,-0.297428844173735,0.1074472912423079,high,west
0.748486725782,female,other,0.3000457116828276,yes,no,yes,no,-0.5417661885345219,2.5758159226376582,-0.34951028494296127,-0.297428844173735,1.2253237197764415,high,west
0.7501663175339908,female,other,0.8573944649125624,yes,no,yes,no,-0.5417661885345219,2.5758159226376582,-0.34951028494296127,-0.297428844173735,0.1074472912423079,low,west
0.7518459092859816,female,other,0.9895495408534993,yes,yes,yes,yes,-0.3608415031661379,-0.4545611651686661,-0.34951028494296127,-1.6409189244301008,-0.45149092302475896,high,west
0.7535255010379723,male,other,-0.8353373830964692,yes,no,yes,yes,-0.3608415031661379,-0.4545611651686661,-0.523640766198534,-1.6409189244301008,-1.0104291372918257,high,west
0.7552050927899632,male,other,-0.11250743030594677,yes,no,yes,yes,-0.3608415031661379,-0.4545611651686661,-0.523640766198534,-1.6409189244301008,-0.45149092302475896,high,west
0.7568846845419539,female,other,0.8240687796674404,yes,no,yes,no,0.21811745550404543,-0.4545611651686661,-0.610706019800053,-1.6409189244301008,0.1074472912423079,low,west
0.7585642762939447,female,other,1.7594951327276331,yes,no,yes,no,0.21811745550404543,-0.4545611651686661,-0.610706019800053,-1.6409189244301008,0.1074472912423079,low,west
0.7602438680459355,female,hispanic,-1.1111386517399007,no,no,no,no,0.21811745550404543,-0.4545611651686661,-0.610706019800053,-1.6409189244301008,0.1074472912423079,low,west
0.7619234597979263,female,other,0.7217920101056854,yes,yes,yes,no,0.21811745550404543,-0.4545611651686661,-0.610706019800053,-1.6409189244301008,0.1074472912423079,low,west
0.763603051549917,female,other,0.7758032836706346,no,no,no,no,0.21811745550404543,-0.4545611651686661,-0.610706019800053,-1.6409189244301008,1.2253237197764415,high,west
0.7652826433019079,male,other,0.043780174446028726,yes,no,yes,no,0.21811745550404543,-0.4545611651686661,-0.610706019800053,-1.6409189244301008,0.6663855055093747,high,west
0.7669622350538986,female,other,0.631007672429674,yes,no,yes,no,0.21811745550404543,-0.4545611651686661,-0.610706019800053,-1.6409189244301008,1.2253237197764415,high,west
0.7686418268058894,female,afam,-0.41588904500108576,no,no,yes,no,0.21811745550404543,-0.4545611651686661,-0.610706019800053,-1.6409189244301008,0.1074472912423079,high,west
0.7703214185578802,female,other,0.7367313824826407,no,no,yes,no,0.21811745550404543,-0.4545611651686661,-0.610706019800053,-1.6409189244301008,0.1074472912423079,low,west
0.772001010309871,male,hispanic,-1.0628735941178233,no,no,yes,no,0.21811745550404543,-0.4545611651686661,-0.610706019800053,-1.6409189244301008,0.6663855055093747,high,west
0.7736806020618617,male,other,-0.12055160657629299,no,no,yes,no,0.037192770135661544,-0.4545611651686661,-0.610706019800053,-1.6409189244301008,0.6663855055093747,low,west
0.7753601938138526,male,hispanic,0.9355382672885503,no,no,yes,no,0.037192770135661544,-0.4545611651686661,-0.610706019800053,-1.6409189244301008,1.2253237197764415,low,west
0.7770397855658433,male,other,0.36669795892252893,no,no,yes,no,0.037192770135661544,-0.4545611651686661,-0.610706019800053,-1.6409189244301008,-1.0104291372918257,low,west
0.7787193773178341,male,hispanic,0.6562891814044499,yes,no,no,no,0.037192770135661544,-0.4545611651686661,-0.610706019800053,-1.6409189244301008,0.6663855055093747,low,west
0.7803989690698249,male,other,-0.7847734883974603,no,no,yes,no,0.037192770135661544,-0.4545611651686661,-0.610706019800053,-1.6409189244301008,0.1074472912423079,low,west
0.7820785608218157,male,other,-0.4365741949461842,no,no,yes,no,0.037192770135661544,-0.4545611651686661,-0.610706019800053,-1.6409189244301008,-1.0104291372918257,low,west
0.7837581525738064,male,hispanic,-0.19409861154787472,no,no,yes,no,0.037192770135661544,-0.4545611651686661,-0.610706019800053,-1.6409189244301008,-1.0104291372918257,low,west
0.7854377443257973,male,other,1.1010194668493378,no,no,yes,no,1.122740882345965,1.5334259754524246,-0.2624450183677096,0.7739582969227443,1.2253237197764415,low,west
0.787117336077788,male,other,0.4011730627061168,no,no,yes,no,1.122740882345965,1.5334259754524246,-0.2624450183677096,0.7739582969227443,-1.0104291372918257,low,west
0.7887969278297788,female,other,-0.571027669589324,no,yes,yes,no,-0.179916817797754,-0.4545611651686661,-0.48010815885837343,-1.6409189244301008,0.6663855055093747,high,west
0.7904765195817696,female,other,1.4021026828422738,no,no,yes,no,-0.179916817797754,-0.4545611651686661,-0.48010815885837343,-1.6409189244301008,-0.45149092302475896,low,west
0.7921561113337604,female,other,0.1357139306605059,yes,yes,yes,no,-0.179916817797754,-0.4545611651686661,-0.48010815885837343,-1.6409189244301008,1.2253237197764415,high,west
0.7938357030857511,female,other,0.631007672429674,no,no,yes,no,-0.179916817797754,-0.4545611651686661,-0.48010815885837343,-1.6409189244301008,1.2253237197764415,low,west
0.795515294837742,female,other,0.21041035417055345,no,no,yes,no,-0.179916817797754,-0.4545611651686661,-0.48010815885837343,-1.6409189244301008,-1.0104291372918257,low,west
0.7971948865897327,female,other,1.6365336515955085,no,no,yes,no,-0.179916817797754,-0.4545611651686661,-0.48010815885837343,-1.6409189244301008,1.2253237197764415,low,west
0.7988744783417235,female,other,0.05642114812078095,no,no,yes,no,-0.179916817797754,-0.4545611651686661,-0.48010815885837343,-1.6409189244301008,-1.0104291372918257,low,west
0.8005540700937143,female,other,-0.8893482182866896,no,no,yes,no,-0.179916817797754,-0.4545611651686661,-0.48010815885837343,-1.6409189244301008,-0.45149092302475896,low,west
0.8022336618457051,male,hispanic,0.796488433615733,no,no,yes,no,-0.3608415031661379,-0.4545611651686661,-0.5671733994861597,-1.6409189244301008,1.7842619340435084,low,west
0.8039132535976958,male,hispanic,-0.3526846150020532,no,no,yes,no,-0.3608415031661379,-0.4545611651686661,-0.5671733994861597,-1.6409189244301008,1.2253237197764415,low,west
0.8055928453496867,male,hispanic,-0.27568979278980266,no,no,yes,no,-0.3608415031661379,-0.4545611651686661,-0.5671733994861597,-1.6409189244301008,-1.0104291372918257,high,west
0.8072724371016774,male,hispanic,-0.13319258025104522,no,no,yes,no,-0.3608415031661379,-0.4545611651686661,-0.5671733994861597,-1.6409189244301008,-0.45149092302475896,high,west
0.8089520288536682,male,hispanic,0.14375810693085211,no,no,no,no,-0.3608415031661379,-0.4545611651686661,-0.5671733994861597,-1.6409189244301008,-1.0104291372918257,low,west
0.810631620605659,male,hispanic,0.2897031367102784,no,no,yes,no,-0.3608415031661379,-0.4545611651686661,-0.5671733994861597,-1.6409189244301008,1.7842619340435084,low,west
0.8123112123576498,male,hispanic,-0.1768612788434451,no,no,no,no,-0.3608415031661379,-0.4545611651686661,-0.5671733994861597,-1.6409189244301008,-0.45149092302475896,low,west
0.8139908041096405,male,hispanic,0.7597149311299422,no,no,yes,no,-0.3608415031661379,-0.4545611651686661,-0.5671733994861597,-1.6409189244301008,0.6663855055093747,low,west
0.8156703958616314,male,hispanic,-0.9180775445021343,no,no,yes,no,-0.3608415031661379,-0.4545611651686661,-0.5671733994861597,-1.6409189244301008,-1.0104291372918257,low,west
0.8173499876136221,male,other,0.7447755587529868,yes,yes,yes,no,-0.3608415031661379,-0.4545611651686661,-0.5671733994861597,-1.6409189244301008,0.6663855055093747,low,west
0.8190295793656129,female,hispanic,1.0447097945821857,no,no,no,no,-0.3608415031661379,-0.4545611651686661,-0.6542386401139462,-1.6409189244301008,-1.0104291372918257,low,west
0.8207091711176037,female,hispanic,0.7355824023189035,no,no,yes,no,-0.3608415031661379,-0.4545611651686661,-0.6542386401139462,-1.6409189244301008,0.6663855055093747,low,west
0.8223887628695944,female,hispanic,-0.7181216795324875,no,no,yes,no,-0.3608415031661379,-0.4545611651686661,-0.6542386401139462,-1.6409189244301008,-0.45149092302475896,low,west
0.8240683546215852,female,hispanic,0.6022783462142294,no,no,yes,no,-0.3608415031661379,-0.4545611651686661,-0.6542386401139462,-1.6409189244301008,0.6663855055093747,low,west
0.825747946373576,female,hispanic,0.12307295698575367,no,yes,yes,no,-0.3608415031661379,-0.4545611651686661,-0.6542386401139462,-1.6409189244301008,0.6663855055093747,low,west
0.8274275381255668,female,hispanic,-0.8043096581788215,no,no,yes,no,-0.3608415031661379,-0.4545611651686661,-0.6542386401139462,-1.6409189244301008,-1.0104291372918257,low,west
0.8291071298775575,female,hispanic,0.09894042817471503,yes,no,yes,no,-0.3608415031661379,-0.4545611651686661,-0.6542386401139462,-1.6409189244301008,0.6663855055093747,high,west
0.8307867216295484,female,hispanic,-0.5227621735925182,no,no,no,no,-0.3608415031661379,-0.4545611651686661,-0.6542386401139462,-1.6409189244301008,0.1074472912423079,low,west
0.8324663133815391,female,hispanic,1.2481134767925013,no,no,no,no,-0.3608415031661379,-0.4545611651686661,-0.6542386401139462,-1.6409189244301008,1.2253237197764415,low,west
0.8341459051335299,female,hispanic,0.2425870592519383,no,no,yes,no,-0.3608415031661379,-0.4545611651686661,-0.6542386401139462,-1.6409189244301008,1.2253237197764415,low,west
0.8358254968855207,female,hispanic,-1.5857472435639703,no,no,yes,no,-0.3608415031661379,-0.4545611651686661,-0.6542386401139462,-1.6409189244301008,0.6663855055093747,low,west
0.8375050886375115,female,hispanic,0.03918337704162271,no,no,yes,no,-0.3608415031661379,-0.4545611651686661,-0.6542386401139462,-1.6409189244301008,-0.45149092302475896,low,west
0.8391846803895022,female,hispanic,-0.08262912392676494,no,no,yes,no,-0.3608415031661379,-0.4545611651686661,-0.6542386401139462,-1.6409189244301008,0.6663855055093747,low,west
0.8408642721414931,female,hispanic,-0.03896042533436504,no,no,yes,no,-0.3608415031661379,-0.4545611651686661,-0.6542386401139462,-1.6409189244301008,-1.0104291372918257,low,west
0.8425438638934838,female,hispanic,0.280509980276195,no,no,yes,no,-0.3608415031661379,-0.4545611651686661,-0.6542386401139462,-1.6409189244301008,-0.45149092302475896,low,west
0.8442234556454746,female,hispanic,-0.8238453895854542,no,no,no,no,-0.3608415031661379,-0.4545611651686661,-0.6542386401139462,-1.6409189244301008,1.2253237197764415,low,west
0.8459030473974654,female,other,0.4287529703830957,yes,yes,yes,no,-0.3608415031661379,-0.4545611651686661,-0.6977712669147057,-1.6409189244301008,1.2253237197764415,high,west
0.8475826391494562,female,hispanic,-0.2929275638689609,no,no,yes,no,-0.3608415031661379,-0.4545611651686661,-0.6977712669147057,-1.6409189244301008,-0.45149092302475896,low,west
0.8492622309014469,female,hispanic,0.1265207742264225,no,no,yes,no,-0.3608415031661379,-0.4545611651686661,-0.6977712669147057,-1.6409189244301008,1.2253237197764415,low,west
0.8509418226534378,female,hispanic,0.12077455828355066,no,no,yes,no,-0.3608415031661379,-0.4545611651686661,-0.6977712669147057,-1.6409189244301008,0.1074472912423079,low,west
0.8526214144054285,female,hispanic,0.5896373725394771,no,no,yes,no,-0.3608415031661379,-0.4545611651686661,-0.6977712669147057,-1.6409189244301008,0.6663855055093747,low,west
0.8543010061574193,female,other,-1.266277276328139,yes,no,no,no,-0.3608415031661379,-0.4545611651686661,-0.6977712669147057,-1.6409189244301008,-1.0104291372918257,high,west
0.8559805979094101,female,other,-0.27568979278980266,no,no,yes,no,-0.3608415031661379,-0.4545611651686661,-0.6977712669147057,-1.6409189244301008,-1.0104291372918257,low,west
0.8576601896614009,male,afam,2.1846896867658883,yes,yes,yes,no,-0.3608415031661379,-0.4545611651686661,-0.741303890472032,-1.6409189244301008,1.7842619340435084,high,west
0.8593397814133916,male,hispanic,0.30923930649163966,yes,no,yes,no,-0.3608415031661379,-0.4545611651686661,-0.741303890472032,-1.6409189244301008,1.2253237197764415,high,west
0.8610193731653825,male,hispanic,-0.4400215738121244,no,no,yes,no,-0.3608415031661379,-0.4545611651686661,-0.741303890472032,-1.6409189244301008,1.2253237197764415,low,west
0.8626989649173732,male,hispanic,1.1803122493890628,no,no,yes,no,-0.3608415031661379,-0.4545611651686661,-0.741303890472032,-1.6409189244301008,1.2253237197764415,low,west
0.864378556669364,male,other,1.1665222955505732,yes,no,yes,no,-0.3608415031661379,-0.4545611651686661,-0.741303890472032,-1.6409189244301008,0.6663855055093747,high,west
0.8660581484213548,male,hispanic,2.0169105268776266,no,no,no,no,-0.3608415031661379,-0.4545611651686661,-0.741303890472032,-1.6409189244301008,1.2253237197764415,low,west
0.8677377401733456,male,hispanic,1.1653728770121075,yes,no,yes,no,-0.3608415031661379,-0.4545611651686661,-0.741303890472032,-1.6409189244301008,1.2253237197764415,high,west
0.8694173319253363,female,hispanic,-0.45725934489128267,no,no,yes,no,-0.28847152549284893,-0.4545611651686661,-0.1318471703997627,-1.6409189244301008,0.1074472912423079,low,west
0.8710969236773272,female,other,-1.1697467227092557,no,no,yes,no,-0.28847152549284893,-0.4545611651686661,-0.1318471703997627,-1.6409189244301008,-0.45149092302475896,low,west
0.8727765154293179,female,hispanic,-1.182387696384008,no,no,yes,no,-0.28847152549284893,-0.4545611651686661,-0.1318471703997627,-1.6409189244301008,2.3432001483105753,low,west
0.8744561071813087,male,other,0.034586579637216695,no,no,yes,no,-0.28847152549284893,-0.4545611651686661,-0.1318471703997627,-1.6409189244301008,-1.0104291372918257,low,west
0.8761356989332995,male,other,0.09664202947251202,no,no,yes,no,-0.28847152549284893,-0.4545611651686661,-0.1318471703997627,-1.6409189244301008,0.1074472912423079,low,west
0.8778152906852903,male,hispanic,0.12881873455389686,no,no,yes,no,-0.28847152549284893,-0.4545611651686661,-0.1318471703997627,-1.6409189244301008,1.7842619340435084,low,west
0.879494882437281,female,hispanic,0.21500671320023085,no,no,yes,no,-0.28847152549284893,-0.4545611651686661,-0.1318471703997627,-1.6409189244301008,0.1074472912423079,low,west
0.8811744741892719,female,hispanic,0.7206430299419482,no,no,yes,no,-0.28847152549284893,-0.4545611651686661,-0.1318471703997627,-1.6409189244301008,0.1074472912423079,low,west
0.8828540659412626,female,other,0.3000457116828276,no,no,no,no,-0.28847152549284893,-0.4545611651686661,-0.1318471703997627,-1.6409189244301008,-0.45149092302475896,low,west
0.8845336576932534,male,afam,1.796268635213424,no,no,yes,no,-0.28847152549284893,-0.4545611651686661,-0.1318471703997627,-1.6409189244301008,-1.0104291372918257,low,west
0.8862132494452442,female,other,2.118037439526187,no,no,yes,no,-0.3608415031661379,-0.4545611651686661,-0.1753798036873885,-1.6409189244301008,1.2253237197764415,low,west
0.887892841197235,female,hispanic,0.5436702752448743,no,no,no,no,-0.3608415031661379,-0.4545611651686661,-0.1753798036873885,-1.6409189244301008,-1.0104291372918257,low,west
0.8895724329492257,female,other,1.7721361064023855,no,no,yes,no,-0.3608415031661379,-0.4545611651686661,-0.1753798036873885,-1.6409189244301008,1.7842619340435084,low,west
0.8912520247012166,male,hispanic,-0.45725934489128267,no,no,no,no,-0.3608415031661379,-0.4545611651686661,-0.1753798036873885,-1.6409189244301008,1.7842619340435084,high,west
0.8929316164532073,male,other,0.75052133632113,yes,no,yes,no,-0.3608415031661379,-0.4545611651686661,-0.6542386401139462,-1.6409189244301008,0.6663855055093747,low,west
0.8946112082051981,female,other,-0.6801987585082309,yes,no,yes,no,-0.3608415031661379,-0.4545611651686661,-0.6542386401139462,-1.6409189244301008,0.1074472912423079,high,west
0.8962907999571889,male,other,-1.0123096994188145,yes,no,yes,no,-0.3608415031661379,-0.4545611651686661,-0.6542386401139462,-1.6409189244301008,-1.0104291372918257,low,west
0.8979703917091797,female,other,-0.18950181414346873,no,no,yes,no,-0.3608415031661379,-0.4545611651686661,-0.6542386401139462,-1.6409189244301008,0.6663855055093747,low,west
0.8996499834611704,male,hispanic,0.09204523206810601,no,no,yes,no,-0.3608415031661379,-0.4545611651686661,-0.6542386401139462,-1.6409189244301008,0.1074472912423079,low,west
0.9013295752131613,female,other,0.7413281798870467,no,no,yes,no,-0.3608415031661379,-0.4545611651686661,-0.6542386401139462,-1.6409189244301008,1.2253237197764415,low,west
0.903009166965152,female,other,1.8721144772619374,no,no,yes,no,-0.3608415031661379,-0.4545611651686661,-0.6542386401139462,-1.6409189244301008,1.2253237197764415,high,west
0.9046887587171428,female,hispanic,0.8355603348037268,no,no,yes,no,-0.3608415031661379,-0.4545611651686661,-0.6542386401139462,-1.6409189244301008,1.2253237197764415,low,west
0.9063683504691336,female,other,0.8677370398851117,no,yes,yes,no,-0.3608415031661379,-0.4545611651686661,-0.6542386401139462,-1.6409189244301008,0.6663855055093747,high,west
0.9080479422211244,male,afam,-0.18835283397973152,yes,yes,yes,no,-0.3608415031661379,-0.4545611651686661,-0.6542386401139462,-1.6409189244301008,1.2253237197764415,high,west
0.9097275339731151,male,afam,-0.00678328187825156,no,no,yes,no,-0.3608415031661379,-0.4545611651686661,-0.6542386401139462,-1.6409189244301008,-1.0104291372918257,high,west
0.911407125725106,female,other,0.9654170120424607,no,no,yes,no,-0.3608415031661379,-0.4545611651686661,-0.6542386401139462,-1.6409189244301008,0.6663855055093747,high,west
0.9130867174770967,male,afam,0.6482450051341037,no,no,yes,no,-0.3608415031661379,-0.4545611651686661,-0.43657552557074764,-1.6409189244301008,-0.45149092302475896,high,west
0.9147663092290875,male,afam,1.020577265771147,no,no,yes,no,-0.3608415031661379,-0.4545611651686661,-0.43657552557074764,-1.6409189244301008,0.6663855055093747,high,west
0.9164459009810783,male,other,-0.8870502579592153,no,no,yes,no,-0.3608415031661379,-0.4545611651686661,-0.43657552557074764,-1.6409189244301008,-1.0104291372918257,high,west
0.9181254927330691,male,afam,-0.10561223419933775,yes,yes,yes,no,-0.3608415031661379,-0.4545611651686661,-0.43657552557074764,-1.6409189244301008,1.2253237197764415,high,west
0.9198050844850598,male,afam,0.2897031367102784,no,yes,yes,no,-0.3608415031661379,-0.4545611651686661,-0.43657552557074764,-1.6409189244301008,-0.45149092302475896,high,west
