rownames,score,unemp,wage,tuition,education,gender_female,gender_male,ethnicity_afam,ethnicity_hispanic,ethnicity_other,fcollege_no,fcollege_yes,mcollege_no,mcollege_yes,home_no,home_yes,urban_no,urban_yes,income_high,income_low,region_other,region_west,target
1,39.150001525878906,6.199999809265137,8.09000015258789,0.8891500234603882,12,False,True,False,False,True,False,True,True,False,False,True,False,True,True,False,True,False,0
2,48.869998931884766,6.199999809265137,8.09000015258789,0.8891500234603882,12,True,False,False,False,True,True,False,True,False,False,True,False,True,False,True,True,False,0
3,48.7400016784668,6.199999809265137,8.09000015258789,0.8891500234603882,12,False,True,False,False,True,True,False,True,False,False,True,False,True,False,True,True,False,0
4,40.400001525878906,6.199999809265137,8.09000015258789,0.8891500234603882,12,False,True,True,False,False,True,False,True,False,False,True,False,True,False,True,True,False,0
5,40.47999954223633,5.599999904632568,8.09000015258789,0.8891500234603882,13,True,False,False,False,True,True,False,True,False,True,False,False,True,False,True,True,False,0
6,54.709999084472656,5.599999904632568,8.09000015258789,0.8891500234603882,12,False,True,False,False,True,True,False,True,False,False,True,False,True,False,True,True,False,0
7,56.06999969482422,7.199999809265137,8.850000381469727,0.8498799800872803,13,True,False,False,False,True,True,False,True,False,False,True,True,False,False,True,True,False,0
8,54.849998474121094,7.199999809265137,8.850000381469727,0.8498799800872803,15,True,False,False,False,True,True,False,True,False,False,True,True,False,False,True,True,False,0
9,64.73999786376953,5.900000095367432,8.09000015258789,0.8891500234603882,13,False,True,False,False,True,False,True,True,False,False,True,False,True,False,True,True,False,1
10,56.060001373291016,5.900000095367432,8.09000015258789,0.8891500234603882,15,True,False,False,False,True,True,False,True,False,False,True,False,True,False,True,True,False,1
11,42.220001220703125,5.900000095367432,8.09000015258789,0.8891500234603882,12,True,False,False,False,True,True,False,True,False,False,True,False,True,True,False,True,False,1
12,61.18000030517578,5.900000095367432,8.09000015258789,0.8891500234603882,14,True,False,True,False,False,True,False,False,True,False,True,False,True,True,False,True,False,1
13,59.849998474121094,7.199999809265137,8.850000381469727,0.8498799800872803,15,False,True,False,False,True,True,False,True,False,False,True,True,False,False,True,True,False,0
14,58.77000045776367,7.199999809265137,8.850000381469727,0.8498799800872803,17,True,False,False,False,True,False,True,True,False,False,True,True,False,True,False,True,False,0
15,53.720001220703125,7.199999809265137,8.850000381469727,0.8498799800872803,14,True,False,True,False,False,False,True,False,True,False,True,True,False,False,True,True,False,0
16,61.52000045776367,7.199999809265137,8.850000381469727,0.8498799800872803,15,False,True,False,False,True,True,False,True,False,False,True,True,False,False,True,True,False,0
17,52.529998779296875,7.199999809265137,8.850000381469727,0.8498799800872803,12,True,False,False,False,True,True,False,True,False,False,True,True,False,True,False,True,False,0
18,45.0099983215332,7.199999809265137,8.850000381469727,0.8498799800872803,12,True,False,False,False,True,True,False,True,False,False,True,True,False,False,True,True,False,0
19,57.709999084472656,7.199999809265137,8.850000381469727,0.8498799800872803,16,True,False,False,False,True,True,False,True,False,False,True,True,False,False,True,True,False,0
20,59.36000061035156,7.199999809265137,8.850000381469727,0.8498799800872803,16,True,False,False,False,True,False,True,False,True,False,True,True,False,True,False,True,False,0
21,50.93000030517578,7.699999809265137,7.039999961853027,0.902999997138977,13,True,False,False,False,True,True,False,True,False,False,True,True,False,False,True,True,False,0
22,59.560001373291016,7.699999809265137,7.039999961853027,0.902999997138977,14,False,True,False,False,True,False,True,True,False,False,True,True,False,True,False,True,False,0
23,58.459999084472656,7.699999809265137,7.039999961853027,0.902999997138977,13,False,True,False,False,True,False,True,False,True,False,True,True,False,False,True,True,False,0
24,55.70000076293945,7.699999809265137,7.039999961853027,0.902999997138977,16,True,False,False,False,True,True,False,True,False,True,False,True,False,False,True,True,False,0
25,60.810001373291016,7.699999809265137,7.039999961853027,0.902999997138977,15,False,True,False,False,True,True,False,True,False,False,True,True,False,False,True,True,False,0
26,40.599998474121094,5.400000095367432,8.850000381469727,0.8498799800872803,12,True,False,True,False,False,True,False,True,False,False,True,True,False,False,True,True,False,0
27,49.9900016784668,5.400000095367432,8.850000381469727,0.8498799800872803,12,True,False,False,False,True,True,False,True,False,False,True,True,False,False,True,True,False,0
28,59.689998626708984,5.099999904632568,8.850000381469727,0.8498799800872803,15,False,True,False,False,True,True,False,True,False,False,True,False,True,False,True,True,False,0
29,60.33000183105469,5.099999904632568,8.850000381469727,0.8498799800872803,16,False,True,False,False,True,True,False,True,False,False,True,False,True,False,True,True,False,0
30,60.13999938964844,5.099999904632568,8.850000381469727,0.8498799800872803,12,True,False,False,False,True,False,True,True,False,False,True,False,True,True,False,True,False,0
31,68.58000183105469,5.099999904632568,8.850000381469727,0.8498799800872803,16,True,False,False,False,True,False,True,False,True,False,True,False,True,True,False,True,False,0
32,42.61000061035156,5.099999904632568,8.850000381469727,0.8498799800872803,12,True,False,False,False,True,True,False,True,False,False,True,False,True,False,True,True,False,0
33,58.65999984741211,5.099999904632568,8.850000381469727,0.8498799800872803,16,False,True,False,False,True,False,True,True,False,False,True,False,True,True,False,True,False,0
34,58.13999938964844,5.099999904632568,8.850000381469727,0.8498799800872803,14,False,True,False,False,True,True,False,True,False,False,True,False,True,False,True,True,False,0
35,58.95000076293945,5.099999904632568,8.850000381469727,0.8498799800872803,16,True,False,False,False,True,True,False,True,False,False,True,False,True,False,True,True,False,0
36,49.369998931884766,5.400000095367432,8.850000381469727,0.8498799800872803,17,False,True,False,False,True,True,False,True,False,False,True,False,True,False,True,True,False,0
37,47.25,5.400000095367432,8.850000381469727,0.8498799800872803,16,True,False,False,False,True,True,False,False,True,True,False,False,True,False,True,True,False,0
38,61.029998779296875,6.199999809265137,8.09000015258789,0.8891500234603882,14,False,True,False,False,True,False,True,True,False,True,False,True,False,True,False,True,False,0
39,54.349998474121094,6.199999809265137,8.09000015258789,0.8891500234603882,15,False,True,False,False,True,True,False,True,False,True,False,True,False,True,False,True,False,0
40,68.12000274658203,6.199999809265137,8.09000015258789,0.8891500234603882,15,True,False,False,False,True,False,True,False,True,False,True,True,False,True,False,True,False,0
41,70.0999984741211,6.199999809265137,8.09000015258789,0.8891500234603882,17,False,True,False,False,True,False,True,True,False,False,True,True,False,True,False,True,False,0
42,58.61000061035156,6.199999809265137,8.09000015258789,0.8891500234603882,15,True,False,False,False,True,True,False,True,False,True,False,True,False,False,True,True,False,0
43,48.56999969482422,6.199999809265137,8.09000015258789,0.8891500234603882,12,True,False,False,False,True,True,False,True,False,False,True,True,False,False,True,True,False,0
44,51.11000061035156,6.199999809265137,8.09000015258789,0.8891500234603882,12,True,False,False,False,True,True,False,True,False,False,True,True,False,False,True,True,False,0
45,39.40999984741211,6.199999809265137,8.09000015258789,0.8891500234603882,15,True,False,False,False,True,True,False,True,False,False,True,True,False,False,True,True,False,0
46,54.97999954223633,7.199999809265137,7.039999961853027,0.902999997138977,16,True,False,False,False,True,False,True,True,False,False,True,True,False,True,False,True,False,0
47,41.59000015258789,7.199999809265137,7.039999961853027,0.902999997138977,12,True,False,True,False,False,False,True,False,True,True,False,True,False,False,True,True,False,0
48,55.31999969482422,7.199999809265137,7.039999961853027,0.902999997138977,13,True,False,False,False,True,True,False,True,False,False,True,True,False,False,True,True,False,0
49,42.22999954223633,7.199999809265137,7.039999961853027,0.902999997138977,12,False,True,False,True,False,True,False,True,False,False,True,True,False,False,True,True,False,0
50,62.0,7.199999809265137,7.039999961853027,0.902999997138977,16,True,False,False,False,True,True,False,True,False,False,True,True,False,False,True,True,False,0
51,49.650001525878906,7.199999809265137,7.039999961853027,0.902999997138977,15,False,True,False,True,False,True,False,True,False,True,False,True,False,False,True,True,False,0
52,44.959999084472656,7.199999809265137,7.039999961853027,0.902999997138977,12,True,False,False,False,True,True,False,True,False,False,True,True,False,False,True,True,False,0
53,37.310001373291016,7.199999809265137,7.039999961853027,0.902999997138977,12,True,False,False,False,True,True,False,True,False,False,True,True,False,False,True,True,False,0
54,39.869998931884766,7.199999809265137,7.039999961853027,0.902999997138977,12,False,True,False,False,True,True,False,True,False,False,True,True,False,False,True,True,False,0
55,56.439998626708984,5.400000095367432,8.850000381469727,0.8498799800872803,16,True,False,False,False,True,True,False,True,False,False,True,True,False,False,True,True,False,0
56,42.650001525878906,5.400000095367432,8.850000381469727,0.8498799800872803,12,False,True,True,False,False,True,False,True,False,False,True,True,False,False,True,True,False,0
57,60.04999923706055,5.400000095367432,8.850000381469727,0.8498799800872803,15,True,False,False,False,True,False,True,False,True,False,True,True,False,True,False,True,False,0
58,38.31999969482422,5.400000095367432,8.850000381469727,0.8498799800872803,12,True,False,False,False,True,True,False,True,False,True,False,True,False,False,True,True,False,0
59,65.87000274658203,5.400000095367432,8.850000381469727,0.8498799800872803,15,True,False,False,False,True,False,True,True,False,False,True,True,False,True,False,True,False,0
60,44.650001525878906,5.400000095367432,8.850000381469727,0.8498799800872803,13,False,True,False,False,True,True,False,True,False,False,True,True,False,False,True,True,False,0
61,57.7400016784668,5.5,8.09000015258789,0.8891500234603882,16,False,True,False,False,True,True,False,True,False,False,True,True,False,True,False,True,False,1
62,60.380001068115234,5.5,8.09000015258789,0.8891500234603882,12,False,True,False,False,True,False,True,True,False,False,True,True,False,True,False,True,False,1
63,62.77000045776367,5.5,8.09000015258789,0.8891500234603882,12,False,True,False,False,True,True,False,True,False,True,False,True,False,True,False,True,False,1
64,59.72999954223633,5.5,8.09000015258789,0.8891500234603882,16,False,True,False,False,True,True,False,True,False,False,True,True,False,False,True,True,False,1
65,57.060001373291016,5.5,8.09000015258789,0.8891500234603882,16,True,False,False,False,True,False,True,True,False,False,True,True,False,True,False,True,False,1
66,58.02000045776367,5.5,8.09000015258789,0.8891500234603882,15,True,False,False,False,True,True,False,True,False,False,True,True,False,False,True,True,False,1
67,54.7400016784668,5.5,8.09000015258789,0.8891500234603882,12,True,False,False,False,True,True,False,True,False,False,True,True,False,False,True,True,False,1
68,46.279998779296875,6.900000095367432,7.039999961853027,0.902999997138977,14,True,False,False,False,True,True,False,True,False,False,True,True,False,False,True,True,False,1
69,60.400001525878906,6.900000095367432,7.039999961853027,0.902999997138977,12,True,False,False,False,True,True,False,True,False,False,True,True,False,False,True,True,False,1
70,53.209999084472656,6.900000095367432,7.039999961853027,0.902999997138977,18,False,True,False,False,True,True,False,True,False,False,True,True,False,True,False,True,False,1
71,60.93000030517578,6.5,8.09000015258789,0.8891500234603882,14,True,False,False,False,True,True,False,True,False,False,True,True,False,False,True,True,False,1
72,48.439998626708984,6.5,8.09000015258789,0.8891500234603882,15,True,False,False,False,True,True,False,True,False,False,True,True,False,False,True,True,False,1
73,45.310001373291016,7.699999809265137,7.039999961853027,0.902999997138977,12,True,False,False,False,True,True,False,True,False,False,True,True,False,False,True,True,False,1
74,60.220001220703125,7.699999809265137,7.039999961853027,0.902999997138977,12,False,True,False,False,True,False,True,True,False,False,True,True,False,True,False,True,False,1
75,56.41999816894531,7.699999809265137,7.039999961853027,0.902999997138977,16,False,True,False,False,True,True,False,True,False,False,True,True,False,False,True,True,False,1
76,62.27000045776367,7.699999809265137,7.039999961853027,0.902999997138977,17,True,False,False,False,True,True,False,False,True,False,True,True,False,True,False,True,False,1
77,51.84000015258789,4.400000095367432,8.09000015258789,0.8891500234603882,18,False,True,False,False,True,False,True,False,True,True,False,True,False,True,False,True,False,0
78,57.54999923706055,4.400000095367432,8.09000015258789,0.8891500234603882,16,True,False,False,False,True,True,False,True,False,False,True,True,False,True,False,True,False,0
79,57.619998931884766,4.400000095367432,8.09000015258789,0.8891500234603882,12,True,False,False,False,True,False,True,True,False,False,True,True,False,True,False,True,False,0
80,57.5,4.400000095367432,8.09000015258789,0.8891500234603882,12,False,True,False,False,True,True,False,False,True,False,True,True,False,True,False,True,False,0
81,65.30999755859375,7.5,8.09000015258789,0.8891500234603882,16,False,True,False,False,True,False,True,True,False,False,True,True,False,False,True,True,False,0
82,50.619998931884766,7.5,8.09000015258789,0.8891500234603882,14,False,True,False,False,True,False,True,True,False,False,True,True,False,True,False,True,False,0
83,51.22999954223633,7.5,8.09000015258789,0.8891500234603882,15,False,True,False,False,True,True,False,True,False,False,True,True,False,False,True,True,False,0
84,53.54999923706055,7.5,8.09000015258789,0.8891500234603882,14,True,False,False,False,True,True,False,True,False,True,False,True,False,False,True,True,False,0
85,48.52000045776367,7.5,8.09000015258789,0.8891500234603882,12,True,False,False,False,True,True,False,True,False,False,True,True,False,False,True,True,False,0
86,43.40999984741211,7.5,8.09000015258789,0.8891500234603882,14,True,False,False,False,True,True,False,True,False,False,True,True,False,False,True,True,False,0
87,57.5,7.5,8.09000015258789,0.8891500234603882,14,True,False,False,False,True,True,False,True,False,False,True,True,False,False,True,True,False,0
88,51.31999969482422,5.900000095367432,7.090000152587891,1.385680079460144,15,True,False,False,False,True,True,False,True,False,False,True,True,False,False,True,True,False,1
89,36.369998931884766,5.900000095367432,7.090000152587891,1.385680079460144,12,True,False,False,False,True,True,False,True,False,True,False,True,False,False,True,True,False,1
90,43.79999923706055,5.900000095367432,7.090000152587891,1.385680079460144,12,True,False,False,False,True,True,False,True,False,False,True,True,False,False,True,True,False,1
91,45.13999938964844,5.900000095367432,7.090000152587891,1.385680079460144,12,True,False,False,False,True,True,False,True,False,False,True,True,False,True,False,True,False,1
92,63.2599983215332,5.900000095367432,7.090000152587891,1.385680079460144,16,True,False,False,False,True,True,False,True,False,False,True,True,False,False,True,True,False,1
93,51.31999969482422,5.900000095367432,7.090000152587891,1.385680079460144,17,True,False,False,False,True,False,True,False,True,False,True,True,False,False,True,True,False,1
94,44.22999954223633,5.900000095367432,7.090000152587891,1.385680079460144,12,False,True,False,False,True,True,False,True,False,False,True,True,False,False,True,True,False,1
95,42.93000030517578,5.300000190734863,8.09000015258789,0.8891500234603882,12,True,False,False,False,True,True,False,True,False,False,True,True,False,True,False,True,False,0
96,47.599998474121094,5.300000190734863,8.09000015258789,0.8891500234603882,12,True,False,False,False,True,True,False,True,False,False,True,True,False,False,True,True,False,0
97,56.470001220703125,5.300000190734863,8.09000015258789,0.8891500234603882,13,False,True,False,False,True,False,True,True,False,False,True,True,False,True,False,True,False,0
98,64.69000244140625,5.300000190734863,8.09000015258789,0.8891500234603882,16,False,True,False,False,True,True,False,True,False,False,True,True,False,False,True,True,False,0
99,62.349998474121094,5.300000190734863,8.09000015258789,0.8891500234603882,16,True,False,False,False,True,False,True,False,True,False,True,True,False,False,True,True,False,0
100,48.959999084472656,6.099999904632568,7.690000057220459,1.1120100021362305,12,True,False,False,False,True,True,False,True,False,False,True,True,False,False,True,True,False,1
101,40.279998779296875,6.099999904632568,7.690000057220459,1.1120100021362305,12,True,False,False,False,True,True,False,True,False,False,True,True,False,True,False,True,False,1
102,44.65999984741211,6.099999904632568,7.690000057220459,1.1120100021362305,12,False,True,False,False,True,True,False,True,False,False,True,True,False,False,True,True,False,1
103,65.45999908447266,6.099999904632568,7.690000057220459,1.1120100021362305,12,False,True,False,False,True,True,False,True,False,True,False,True,False,False,True,True,False,1
104,37.810001373291016,6.099999904632568,7.690000057220459,1.1120100021362305,12,True,False,False,False,True,True,False,True,False,False,True,True,False,False,True,True,False,1
105,66.94999694824219,6.099999904632568,7.690000057220459,1.1120100021362305,16,False,True,False,False,True,False,True,False,True,False,True,True,False,True,False,True,False,1
106,55.63999938964844,6.099999904632568,7.690000057220459,1.1120100021362305,16,True,False,False,False,True,True,False,True,False,False,True,True,False,True,False,True,False,1
107,51.279998779296875,6.5,8.09000015258789,0.8891500234603882,16,True,False,False,False,True,True,False,False,True,False,True,True,False,False,True,True,False,1
108,52.779998779296875,6.5,8.09000015258789,0.8891500234603882,14,True,False,False,False,True,True,False,True,False,False,True,True,False,False,True,True,False,1
109,64.5999984741211,6.5,8.09000015258789,0.8891500234603882,16,True,False,False,False,True,True,False,True,False,False,True,True,False,False,True,True,False,1
110,61.72999954223633,6.5,8.09000015258789,0.8891500234603882,16,True,False,False,False,True,False,True,True,False,False,True,True,False,False,True,True,False,1
111,50.810001373291016,5.400000095367432,8.09000015258789,0.8891500234603882,16,False,True,True,False,False,True,False,False,True,False,True,True,False,False,True,True,False,1
112,44.459999084472656,5.400000095367432,8.09000015258789,0.8891500234603882,12,False,True,False,False,True,False,True,False,True,False,True,True,False,True,False,True,False,1
113,41.58000183105469,13.5,7.690000057220459,1.1120100021362305,12,True,False,False,False,True,True,False,True,False,False,True,True,False,False,True,True,False,1
114,40.70000076293945,13.5,7.690000057220459,1.1120100021362305,12,True,False,False,False,True,True,False,True,False,True,False,True,False,False,True,True,False,1
115,39.630001068115234,13.5,7.690000057220459,1.1120100021362305,12,True,False,False,False,True,True,False,True,False,False,True,True,False,False,True,True,False,1
116,54.16999816894531,13.5,7.690000057220459,1.1120100021362305,12,True,False,False,False,True,True,False,True,False,False,True,True,False,False,True,True,False,1
117,38.95000076293945,13.5,7.690000057220459,1.1120100021362305,13,False,True,False,True,False,True,False,True,False,False,True,True,False,True,False,True,False,1
118,62.84000015258789,13.5,7.690000057220459,1.1120100021362305,15,True,False,False,False,True,True,False,True,False,False,True,True,False,False,True,True,False,1
119,64.4800033569336,8.699999809265137,8.850000381469727,0.8498799800872803,16,False,True,False,False,True,True,False,True,False,True,False,True,False,False,True,True,False,1
120,47.09000015258789,8.699999809265137,8.850000381469727,0.8498799800872803,12,True,False,False,False,True,True,False,True,False,False,True,True,False,True,False,True,False,1
121,50.95000076293945,8.699999809265137,8.850000381469727,0.8498799800872803,12,True,False,False,False,True,True,False,True,False,False,True,True,False,False,True,True,False,1
122,44.459999084472656,8.699999809265137,8.850000381469727,0.8498799800872803,12,False,True,False,False,True,True,False,True,False,False,True,True,False,True,False,True,False,1
123,58.88999938964844,8.699999809265137,8.850000381469727,0.8498799800872803,12,True,False,False,False,True,True,False,False,True,True,False,True,False,True,False,True,False,1
124,54.36000061035156,8.699999809265137,8.850000381469727,0.8498799800872803,16,True,False,True,False,False,True,False,True,False,False,True,True,False,False,True,True,False,1
125,45.290000915527344,8.699999809265137,8.850000381469727,0.8498799800872803,13,True,False,False,False,True,True,False,True,False,False,True,True,False,False,True,True,False,1
126,54.16999816894531,6.5,8.09000015258789,0.8891500234603882,15,True,False,False,False,True,True,False,True,False,False,True,True,False,False,True,True,False,0
127,52.7400016784668,6.5,8.09000015258789,0.8891500234603882,12,False,True,False,False,True,False,True,True,False,False,True,True,False,True,False,True,False,0
128,60.939998626708984,6.5,8.09000015258789,0.8891500234603882,12,False,True,False,False,True,True,False,True,False,False,True,True,False,False,True,True,False,0
129,40.18000030517578,6.5,8.09000015258789,0.8891500234603882,12,False,True,False,False,True,True,False,True,False,False,True,True,False,True,False,True,False,0
130,58.09000015258789,6.5,8.09000015258789,0.8891500234603882,12,True,False,False,False,True,True,False,False,True,False,True,True,False,False,True,True,False,0
131,54.2599983215332,6.5,8.09000015258789,0.8891500234603882,14,False,True,False,False,True,True,False,True,False,False,True,True,False,False,True,True,False,0
132,57.130001068115234,7.800000190734863,7.690000057220459,1.1120100021362305,16,True,False,False,False,True,False,True,True,False,False,True,True,False,True,False,True,False,1
133,64.9800033569336,7.800000190734863,7.690000057220459,1.1120100021362305,12,True,False,False,False,True,True,False,True,False,False,True,True,False,False,True,True,False,1
134,65.3499984741211,7.800000190734863,7.690000057220459,1.1120100021362305,14,False,True,False,False,True,True,False,True,False,True,False,True,False,False,True,True,False,1
135,55.959999084472656,7.800000190734863,7.690000057220459,1.1120100021362305,12,True,False,False,False,True,True,False,True,False,False,True,True,False,False,True,True,False,1
136,61.72999954223633,7.800000190734863,7.690000057220459,1.1120100021362305,16,True,False,False,False,True,True,False,True,False,False,True,True,False,True,False,True,False,1
137,56.349998474121094,7.800000190734863,7.690000057220459,1.1120100021362305,12,False,True,False,False,True,True,False,True,False,False,True,True,False,False,True,True,False,1
138,51.099998474121094,7.800000190734863,7.690000057220459,1.1120100021362305,13,False,True,False,False,True,True,False,True,False,False,True,True,False,True,False,True,False,1
139,39.52000045776367,7.800000190734863,7.690000057220459,1.1120100021362305,12,True,False,False,False,True,True,False,True,False,False,True,True,False,False,True,True,False,1
140,60.75,7.800000190734863,7.690000057220459,1.1120100021362305,16,True,False,False,False,True,False,True,False,True,False,True,True,False,False,True,True,False,1
141,38.189998626708984,7.800000190734863,7.690000057220459,1.1120100021362305,12,False,True,False,False,True,True,False,True,False,False,True,True,False,False,True,True,False,1
142,51.02000045776367,7.800000190734863,7.690000057220459,1.1120100021362305,16,True,False,False,False,True,True,False,True,False,False,True,True,False,False,True,True,False,1
143,53.650001525878906,7.800000190734863,7.690000057220459,1.1120100021362305,16,False,True,False,False,True,True,False,True,False,False,True,True,False,False,True,True,False,1
144,56.349998474121094,5.400000095367432,8.850000381469727,0.8498799800872803,15,False,True,False,False,True,True,False,True,False,False,True,True,False,True,False,True,False,0
145,52.95000076293945,5.400000095367432,8.850000381469727,0.8498799800872803,15,True,False,False,False,True,True,False,True,False,False,True,True,False,True,False,True,False,0
146,63.40999984741211,5.400000095367432,8.850000381469727,0.8498799800872803,13,False,True,False,False,True,True,False,True,False,False,True,True,False,False,True,True,False,0
147,66.16999816894531,5.400000095367432,8.850000381469727,0.8498799800872803,16,False,True,False,False,True,False,True,False,True,False,True,True,False,True,False,True,False,0
148,45.099998474121094,5.400000095367432,8.850000381469727,0.8498799800872803,13,False,True,False,False,True,True,False,True,False,False,True,True,False,True,False,True,False,0
149,66.94999694824219,5.400000095367432,8.850000381469727,0.8498799800872803,16,False,True,False,False,True,False,True,True,False,False,True,True,False,False,True,True,False,0
150,62.900001525878906,5.400000095367432,8.850000381469727,0.8498799800872803,18,True,False,False,False,True,False,True,True,False,False,True,True,False,True,False,True,False,0
151,52.97999954223633,7.199999809265137,8.850000381469727,0.8498799800872803,13,False,True,False,False,True,False,True,False,True,False,True,True,False,True,False,True,False,0
152,62.290000915527344,7.199999809265137,8.850000381469727,0.8498799800872803,13,True,False,False,False,True,True,False,False,True,False,True,True,False,False,True,True,False,0
153,44.310001373291016,7.199999809265137,8.850000381469727,0.8498799800872803,12,False,True,False,False,True,True,False,False,True,False,True,True,False,False,True,True,False,0
154,64.11000061035156,4.400000095367432,8.09000015258789,0.8891500234603882,16,True,False,False,False,True,False,True,True,False,False,True,True,False,False,True,True,False,1
155,58.619998931884766,4.400000095367432,8.09000015258789,0.8891500234603882,13,False,True,False,False,True,True,False,True,False,False,True,True,False,True,False,True,False,1
156,56.91999816894531,4.400000095367432,8.09000015258789,0.8891500234603882,12,True,False,False,False,True,True,False,True,False,False,True,True,False,False,True,True,False,1
157,52.66999816894531,4.400000095367432,8.09000015258789,0.8891500234603882,12,True,False,False,False,True,True,False,True,False,False,True,True,False,False,True,True,False,1
158,64.83000183105469,4.400000095367432,8.09000015258789,0.8891500234603882,15,False,True,False,False,True,False,True,False,True,False,True,True,False,True,False,True,False,1
159,49.900001525878906,4.400000095367432,8.09000015258789,0.8891500234603882,12,False,True,False,False,True,True,False,True,False,False,True,True,False,False,True,True,False,1
160,62.54999923706055,4.400000095367432,8.09000015258789,0.8891500234603882,17,True,False,False,False,True,True,False,True,False,False,True,True,False,True,False,True,False,1
161,66.48999786376953,4.400000095367432,8.09000015258789,0.8891500234603882,17,False,True,False,False,True,True,False,True,False,False,True,True,False,True,False,True,False,1
162,62.13999938964844,4.400000095367432,8.09000015258789,0.8891500234603882,17,False,True,False,False,True,False,True,False,True,False,True,True,False,True,False,True,False,1
163,49.20000076293945,6.5,8.09000015258789,0.8891500234603882,13,False,True,False,False,True,True,False,True,False,False,True,False,True,False,True,True,False,0
164,51.470001220703125,6.5,8.09000015258789,0.8891500234603882,14,True,False,False,False,True,True,False,True,False,False,True,False,True,False,True,True,False,0
165,62.150001525878906,6.5,8.09000015258789,0.8891500234603882,14,True,False,False,False,True,True,False,True,False,False,True,False,True,False,True,True,False,0
166,43.2599983215332,6.5,8.09000015258789,0.8891500234603882,12,True,False,True,False,False,True,False,True,False,True,False,False,True,False,True,True,False,0
167,54.540000915527344,6.5,8.09000015258789,0.8891500234603882,12,True,False,False,False,True,True,False,False,True,True,False,False,True,False,True,True,False,0
168,58.720001220703125,6.5,8.09000015258789,0.8891500234603882,18,False,True,False,False,True,True,False,True,False,False,True,False,True,False,True,True,False,0
169,57.880001068115234,5.099999904632568,8.850000381469727,0.8498799800872803,13,True,False,False,False,True,False,True,False,True,False,True,True,False,True,False,True,False,0
170,68.5,5.099999904632568,8.850000381469727,0.8498799800872803,15,True,False,False,False,True,False,True,True,False,True,False,True,False,False,True,True,False,0
171,52.63999938964844,5.099999904632568,8.850000381469727,0.8498799800872803,15,False,True,False,False,True,True,False,False,True,False,True,True,False,True,False,True,False,0
172,37.540000915527344,8.199999809265137,7.690000057220459,1.1120100021362305,12,True,False,False,False,True,True,False,False,True,True,False,False,True,False,True,True,False,1
173,63.59000015258789,8.199999809265137,7.690000057220459,1.1120100021362305,16,False,True,False,False,True,True,False,True,False,True,False,False,True,False,True,True,False,1
174,49.900001525878906,8.199999809265137,7.690000057220459,1.1120100021362305,12,True,False,False,False,True,True,False,True,False,False,True,False,True,False,True,True,False,1
175,67.18000030517578,8.199999809265137,7.690000057220459,1.1120100021362305,15,False,True,False,False,True,False,True,False,True,False,True,False,True,False,True,True,False,1
176,61.02000045776367,8.199999809265137,7.690000057220459,1.1120100021362305,12,True,False,False,False,True,True,False,True,False,False,True,False,True,False,True,True,False,1
177,55.88999938964844,7.199999809265137,8.850000381469727,0.8498799800872803,16,True,False,False,False,True,True,False,True,False,False,True,True,False,True,False,True,False,0
178,59.2400016784668,10.399999618530272,7.690000057220459,1.1120100021362305,15,False,True,False,False,True,True,False,True,False,False,True,True,False,False,True,True,False,0
179,62.97999954223633,10.399999618530272,7.690000057220459,1.1120100021362305,18,False,True,False,False,True,False,True,True,False,False,True,True,False,True,False,True,False,0
180,51.08000183105469,10.399999618530272,7.690000057220459,1.1120100021362305,12,False,True,False,False,True,True,False,True,False,False,True,True,False,False,True,True,False,0
181,57.119998931884766,10.399999618530272,7.690000057220459,1.1120100021362305,15,True,False,False,False,True,True,False,True,False,False,True,True,False,True,False,True,False,0
182,60.40999984741211,10.399999618530272,7.690000057220459,1.1120100021362305,17,True,False,False,False,True,True,False,True,False,False,True,True,False,False,True,True,False,0
183,44.279998779296875,10.399999618530272,7.690000057220459,1.1120100021362305,12,True,False,False,False,True,True,False,True,False,False,True,True,False,False,True,True,False,0
184,53.04999923706055,5.5,8.09000015258789,0.8891500234603882,13,False,True,False,False,True,True,False,True,False,True,False,True,False,False,True,True,False,0
185,48.79999923706055,5.5,8.09000015258789,0.8891500234603882,12,True,False,False,False,True,True,False,True,False,False,True,True,False,False,True,True,False,0
186,53.59000015258789,5.5,8.09000015258789,0.8891500234603882,15,False,True,False,False,True,True,False,True,False,False,True,True,False,False,True,True,False,0
187,39.209999084472656,5.5,8.09000015258789,0.8891500234603882,12,False,True,False,False,True,True,False,True,False,False,True,True,False,False,True,True,False,0
188,65.93000030517578,5.099999904632568,8.850000381469727,0.8498799800872803,14,True,False,False,False,True,False,True,False,True,False,True,False,True,False,True,True,False,1
189,56.08000183105469,5.099999904632568,8.850000381469727,0.8498799800872803,16,True,False,False,False,True,True,False,False,True,False,True,False,True,False,True,True,False,1
190,63.130001068115234,5.099999904632568,8.850000381469727,0.8498799800872803,17,False,True,False,False,True,True,False,False,True,False,True,False,True,True,False,True,False,1
191,58.369998931884766,5.099999904632568,8.850000381469727,0.8498799800872803,16,True,False,False,False,True,True,False,True,False,False,True,False,True,False,True,True,False,1
192,59.90999984741211,5.099999904632568,8.850000381469727,0.8498799800872803,15,False,True,False,False,True,True,False,False,True,False,True,False,True,True,False,True,False,1
193,51.400001525878906,8.0,9.640000343322754,1.1524200439453125,14,False,True,True,False,False,True,False,True,False,True,False,False,True,False,True,True,False,0
194,49.09000015258789,8.0,9.640000343322754,1.1524200439453125,17,True,False,False,True,False,True,False,True,False,True,False,False,True,False,True,True,False,0
195,57.4900016784668,6.300000190734863,9.640000343322754,1.1524200439453125,17,False,True,False,False,True,True,False,True,False,False,True,True,False,True,False,True,False,1
196,45.36000061035156,8.0,9.640000343322754,1.1524200439453125,16,True,False,True,False,False,False,True,False,True,True,False,False,True,True,False,True,False,0
197,44.689998626708984,8.0,9.640000343322754,1.1524200439453125,13,False,True,False,False,True,True,False,True,False,False,True,False,True,False,True,True,False,0
198,45.84000015258789,8.0,9.640000343322754,1.1524200439453125,12,False,True,True,False,False,True,False,True,False,True,False,False,True,False,True,True,False,0
199,55.65999984741211,8.0,9.640000343322754,1.1524200439453125,16,False,True,True,False,False,True,False,True,False,False,True,False,True,False,True,True,False,0
200,35.79999923706055,8.0,9.640000343322754,1.1524200439453125,12,False,True,False,True,False,True,False,True,False,True,False,False,True,False,True,True,False,0
201,44.2400016784668,8.0,9.640000343322754,1.1524200439453125,14,False,True,True,False,False,True,False,True,False,True,False,False,True,True,False,True,False,0
202,51.33000183105469,8.0,9.640000343322754,1.1524200439453125,13,False,True,True,False,False,False,True,False,True,False,True,False,True,True,False,True,False,0
203,56.459999084472656,8.0,9.640000343322754,1.1524200439453125,15,False,True,True,False,False,True,False,False,True,True,False,False,True,True,False,True,False,0
204,48.029998779296875,8.0,9.640000343322754,1.1524200439453125,12,False,True,False,False,True,True,False,True,False,False,True,False,True,False,True,True,False,0
205,63.77000045776367,8.0,9.640000343322754,1.1524200439453125,17,False,True,False,False,True,True,False,True,False,True,False,False,True,False,True,True,False,0
206,69.9000015258789,8.0,9.640000343322754,1.1524200439453125,17,True,False,False,False,True,True,False,True,False,False,True,False,True,False,True,True,False,0
207,66.88999938964844,8.0,9.640000343322754,1.1524200439453125,16,True,False,False,False,True,True,False,True,False,True,False,False,True,False,True,True,False,0
208,68.44000244140625,8.0,9.640000343322754,1.1524200439453125,17,True,False,False,False,True,False,True,True,False,True,False,False,True,False,True,True,False,0
209,54.849998474121094,8.0,9.640000343322754,1.1524200439453125,13,False,True,True,False,False,True,False,True,False,False,True,False,True,False,True,True,False,0
210,62.36000061035156,8.0,9.640000343322754,1.1524200439453125,16,False,True,False,False,True,False,True,False,True,True,False,False,True,True,False,True,False,1
211,44.040000915527344,8.0,9.640000343322754,1.1524200439453125,12,True,False,False,False,True,True,False,True,False,True,False,False,True,False,True,True,False,1
212,56.93000030517578,8.0,9.640000343322754,1.1524200439453125,16,False,True,False,True,False,True,False,True,False,False,True,False,True,False,True,True,False,1
213,43.540000915527344,8.0,9.640000343322754,1.1524200439453125,13,False,True,True,False,False,True,False,True,False,False,True,False,True,False,True,True,False,1
214,58.869998931884766,6.0,9.640000343322754,1.1524200439453125,12,True,False,False,False,True,True,False,True,False,False,True,True,False,False,True,True,False,1
215,54.16999816894531,6.0,9.640000343322754,1.1524200439453125,16,True,False,False,False,True,False,True,True,False,False,True,True,False,True,False,True,False,1
216,58.72999954223633,6.0,9.640000343322754,1.1524200439453125,16,True,False,False,False,True,False,True,True,False,False,True,True,False,False,True,True,False,1
217,58.84000015258789,6.0,9.640000343322754,1.1524200439453125,16,True,False,False,False,True,True,False,False,True,False,True,True,False,False,True,True,False,1
218,65.79000091552734,8.0,9.640000343322754,1.1524200439453125,17,True,False,False,False,True,True,False,True,False,False,True,False,True,False,True,True,False,0
219,42.029998779296875,8.0,9.640000343322754,1.1524200439453125,14,True,False,False,True,False,True,False,False,True,False,True,False,True,False,True,True,False,0
220,60.43000030517578,8.0,9.640000343322754,1.1524200439453125,16,False,True,False,False,True,True,False,True,False,False,True,False,True,False,True,True,False,0
221,49.56999969482422,8.0,9.640000343322754,1.1524200439453125,15,True,False,False,True,False,True,False,True,False,True,False,False,True,False,True,True,False,0
222,51.959999084472656,9.5,9.640000343322754,1.1524200439453125,15,True,False,False,False,True,True,False,True,False,False,True,True,False,False,True,True,False,0
223,63.56999969482422,9.5,9.640000343322754,1.1524200439453125,16,False,True,False,False,True,True,False,True,False,False,True,True,False,False,True,True,False,0
224,51.689998626708984,9.5,9.640000343322754,1.1524200439453125,15,True,False,False,False,True,True,False,True,False,False,True,True,False,True,False,True,False,0
225,57.869998931884766,9.5,9.640000343322754,1.1524200439453125,15,True,False,False,False,True,True,False,True,False,False,True,True,False,True,False,True,False,0
226,49.810001373291016,9.5,9.640000343322754,1.1524200439453125,14,True,False,False,False,True,True,False,True,False,False,True,True,False,True,False,True,False,0
227,52.4900016784668,9.5,9.640000343322754,1.1524200439453125,14,True,False,False,False,True,True,False,True,False,False,True,True,False,False,True,True,False,0
228,43.220001220703125,9.5,9.640000343322754,1.1524200439453125,12,False,True,False,False,True,True,False,True,False,False,True,True,False,True,False,True,False,0
229,58.529998779296875,8.0,9.640000343322754,1.1524200439453125,14,False,True,True,False,False,False,True,True,False,False,True,False,True,False,True,True,False,0
230,43.630001068115234,8.0,9.640000343322754,1.1524200439453125,12,True,False,False,True,False,True,False,True,False,True,False,False,True,False,True,True,False,0
231,54.790000915527344,8.0,9.640000343322754,1.1524200439453125,13,True,False,True,False,False,True,False,True,False,False,True,False,True,True,False,True,False,0
232,37.61000061035156,5.300000190734863,9.640000343322754,1.1524200439453125,13,False,True,True,False,False,True,False,False,True,False,True,True,False,True,False,True,False,0
233,62.25,5.300000190734863,9.640000343322754,1.1524200439453125,16,True,False,False,False,True,False,True,True,False,False,True,True,False,True,False,True,False,0
234,43.79999923706055,5.300000190734863,9.640000343322754,1.1524200439453125,12,True,False,False,False,True,False,True,True,False,False,True,True,False,True,False,True,False,0
235,51.959999084472656,5.300000190734863,9.640000343322754,1.1524200439453125,15,False,True,False,False,True,True,False,True,False,False,True,True,False,False,True,True,False,0
236,49.209999084472656,5.300000190734863,9.640000343322754,1.1524200439453125,15,True,False,False,False,True,True,False,True,False,False,True,True,False,False,True,True,False,0
237,52.34000015258789,9.800000190734863,9.640000343322754,1.1524200439453125,12,True,False,False,False,True,True,False,True,False,False,True,True,False,False,True,True,False,1
238,62.939998626708984,9.800000190734863,9.640000343322754,1.1524200439453125,16,True,False,False,False,True,True,False,False,True,False,True,True,False,True,False,True,False,1
239,55.83000183105469,9.800000190734863,9.640000343322754,1.1524200439453125,12,False,True,False,False,True,True,False,True,False,False,True,True,False,False,True,True,False,1
240,62.119998931884766,9.800000190734863,9.640000343322754,1.1524200439453125,18,False,True,False,False,True,True,False,True,False,False,True,True,False,False,True,True,False,1
241,55.540000915527344,9.800000190734863,9.640000343322754,1.1524200439453125,12,True,False,False,False,True,True,False,True,False,False,True,True,False,True,False,True,False,1
242,65.12000274658203,9.800000190734863,9.640000343322754,1.1524200439453125,15,True,False,False,False,True,True,False,True,False,False,True,True,False,False,True,True,False,1
243,57.849998474121094,9.800000190734863,9.640000343322754,1.1524200439453125,15,False,True,False,False,True,True,False,True,False,False,True,True,False,False,True,True,False,1
244,45.540000915527344,9.800000190734863,9.640000343322754,1.1524200439453125,12,False,True,False,False,True,True,False,True,False,False,True,True,False,False,True,True,False,1
245,59.68000030517578,9.800000190734863,9.640000343322754,1.1524200439453125,16,True,False,False,False,True,True,False,True,False,False,True,True,False,False,True,True,False,1
246,58.31999969482422,9.800000190734863,9.640000343322754,1.1524200439453125,12,False,True,False,False,True,True,False,True,False,False,True,True,False,False,True,True,False,1
247,56.41999816894531,9.800000190734863,9.640000343322754,1.1524200439453125,16,False,True,False,False,True,False,True,True,False,False,True,True,False,False,True,True,False,1
248,62.20000076293945,9.800000190734863,9.640000343322754,1.1524200439453125,16,False,True,False,False,True,False,True,True,False,False,True,True,False,True,False,True,False,1
249,57.06999969482422,9.800000190734863,9.640000343322754,1.1524200439453125,15,False,True,True,False,False,True,False,True,False,False,True,True,False,False,True,True,False,1
250,52.86000061035156,9.800000190734863,9.640000343322754,1.1524200439453125,15,True,False,False,False,True,True,False,True,False,False,True,True,False,False,True,True,False,1
251,66.86000061035156,6.300000190734863,9.640000343322754,1.1524200439453125,17,True,False,False,False,True,False,True,False,True,False,True,True,False,True,False,True,False,1
252,44.599998474121094,10.699999809265137,9.640000343322754,1.1524200439453125,12,True,False,False,False,True,True,False,True,False,False,True,True,False,False,True,True,False,0
253,56.93000030517578,10.699999809265137,9.640000343322754,1.1524200439453125,15,True,False,False,False,True,False,True,False,True,False,True,True,False,True,False,True,False,0
254,54.119998931884766,10.699999809265137,9.640000343322754,1.1524200439453125,12,True,False,False,False,True,True,False,True,False,False,True,True,False,False,True,True,False,0
255,48.75,10.699999809265137,9.640000343322754,1.1524200439453125,12,False,True,False,False,True,True,False,True,False,False,True,True,False,False,True,True,False,0
256,58.15999984741211,10.699999809265137,9.640000343322754,1.1524200439453125,16,False,True,False,False,True,True,False,True,False,False,True,True,False,False,True,True,False,0
257,40.900001525878906,10.699999809265137,9.640000343322754,1.1524200439453125,12,True,False,False,False,True,True,False,True,False,False,True,True,False,False,True,True,False,0
258,60.959999084472656,10.699999809265137,9.640000343322754,1.1524200439453125,17,False,True,False,False,True,True,False,True,False,False,True,True,False,True,False,True,False,0
259,65.70999908447266,10.699999809265137,9.640000343322754,1.1524200439453125,15,False,True,False,False,True,True,False,False,True,False,True,True,False,False,True,True,False,0
260,53.72999954223633,10.699999809265137,9.640000343322754,1.1524200439453125,16,True,False,False,False,True,True,False,True,False,False,True,True,False,False,True,True,False,0
261,57.529998779296875,10.699999809265137,9.640000343322754,1.1524200439453125,16,True,False,False,False,True,True,False,True,False,False,True,True,False,False,True,True,False,0
262,63.119998931884766,10.699999809265137,9.640000343322754,1.1524200439453125,16,False,True,False,False,True,False,True,False,True,False,True,True,False,True,False,True,False,0
263,51.16999816894531,5.300000190734863,9.640000343322754,1.1524200439453125,12,False,True,False,False,True,True,False,True,False,False,True,True,False,False,True,True,False,1
264,61.45000076293945,5.300000190734863,9.640000343322754,1.1524200439453125,13,False,True,False,False,True,True,False,True,False,False,True,True,False,False,True,True,False,1
265,58.93000030517578,5.300000190734863,9.640000343322754,1.1524200439453125,15,False,True,True,False,False,False,True,True,False,False,True,True,False,False,True,True,False,1
266,55.97999954223633,5.300000190734863,9.640000343322754,1.1524200439453125,12,True,False,False,False,True,True,False,False,True,False,True,True,False,True,False,True,False,1
267,44.779998779296875,5.300000190734863,9.640000343322754,1.1524200439453125,12,False,True,False,False,True,True,False,True,False,False,True,True,False,False,True,True,False,1
268,49.25,5.300000190734863,9.640000343322754,1.1524200439453125,12,False,True,False,False,True,True,False,True,False,False,True,True,False,False,True,True,False,1
269,56.29999923706055,5.300000190734863,9.640000343322754,1.1524200439453125,12,False,True,False,False,True,False,True,False,True,False,True,True,False,True,False,True,False,1
270,65.68000030517578,7.0,9.640000343322754,1.1524200439453125,16,True,False,False,False,True,True,False,True,False,True,False,True,False,False,True,True,False,0
271,42.689998626708984,7.0,9.640000343322754,1.1524200439453125,16,False,True,False,False,True,False,True,False,True,False,True,True,False,False,True,True,False,0
272,63.81999969482422,7.0,9.640000343322754,1.1524200439453125,16,True,False,False,False,True,False,True,False,True,False,True,True,False,True,False,True,False,0
273,55.41999816894531,7.0,9.640000343322754,1.1524200439453125,12,True,False,False,False,True,True,False,True,False,False,True,True,False,True,False,True,False,0
274,48.709999084472656,7.0,9.640000343322754,1.1524200439453125,12,False,True,False,False,True,True,False,True,False,False,True,True,False,False,True,True,False,0
275,62.540000915527344,7.0,9.640000343322754,1.1524200439453125,16,True,False,False,False,True,False,True,False,True,False,True,True,False,True,False,True,False,0
276,62.970001220703125,7.0,9.640000343322754,1.1524200439453125,16,True,False,False,False,True,True,False,False,True,False,True,True,False,True,False,True,False,0
277,63.209999084472656,7.699999809265137,9.640000343322754,1.1524200439453125,16,False,True,False,False,True,False,True,False,True,False,True,True,False,False,True,True,False,0
278,38.20000076293945,7.699999809265137,9.640000343322754,1.1524200439453125,12,False,True,True,False,False,True,False,True,False,True,False,True,False,False,True,True,False,0
279,54.9900016784668,5.599999904632568,9.640000343322754,1.1524200439453125,15,True,False,False,False,True,True,False,True,False,False,True,True,False,False,True,True,False,0
280,62.68000030517578,5.599999904632568,9.640000343322754,1.1524200439453125,16,True,False,False,False,True,True,False,True,False,False,True,True,False,True,False,True,False,0
281,50.66999816894531,8.0,9.640000343322754,1.1524200439453125,14,True,False,False,False,True,True,False,True,False,False,True,True,False,True,False,True,False,1
282,53.36000061035156,8.0,9.640000343322754,1.1524200439453125,13,True,False,False,False,True,True,False,True,False,False,True,True,False,False,True,True,False,1
283,58.91999816894531,8.0,9.640000343322754,1.1524200439453125,17,False,True,False,False,True,True,False,True,False,False,True,True,False,True,False,True,False,1
284,55.75,8.0,9.640000343322754,1.1524200439453125,12,False,True,False,False,True,True,False,True,False,False,True,True,False,False,True,True,False,1
285,52.7400016784668,8.0,9.640000343322754,1.1524200439453125,12,True,False,False,False,True,True,False,True,False,False,True,True,False,False,True,True,False,1
286,56.02000045776367,8.0,9.640000343322754,1.1524200439453125,16,False,True,False,False,True,True,False,True,False,False,True,True,False,True,False,True,False,1
287,58.58000183105469,5.300000190734863,9.640000343322754,1.1524200439453125,16,False,True,False,False,True,False,True,False,True,False,True,True,False,True,False,True,False,0
288,48.54999923706055,5.300000190734863,9.640000343322754,1.1524200439453125,14,False,True,False,True,False,True,False,True,False,False,True,True,False,False,True,True,False,0
289,52.68000030517578,5.300000190734863,9.640000343322754,1.1524200439453125,14,True,False,False,False,True,True,False,False,True,False,True,True,False,False,True,True,False,0
290,57.900001525878906,5.300000190734863,9.640000343322754,1.1524200439453125,14,True,False,False,True,False,True,False,True,False,False,True,True,False,False,True,True,False,0
291,55.970001220703125,10.199999809265137,9.640000343322754,1.1524200439453125,16,False,True,False,False,True,True,False,True,False,False,True,True,False,False,True,True,False,1
292,58.869998931884766,10.199999809265137,9.640000343322754,1.1524200439453125,12,False,True,False,False,True,True,False,True,False,False,True,True,False,False,True,True,False,1
293,54.099998474121094,10.199999809265137,9.640000343322754,1.1524200439453125,12,True,False,False,False,True,True,False,True,False,False,True,True,False,False,True,True,False,1
294,40.22999954223633,10.199999809265137,9.640000343322754,1.1524200439453125,12,False,True,False,False,True,True,False,True,False,False,True,True,False,False,True,True,False,1
295,50.040000915527344,10.199999809265137,9.640000343322754,1.1524200439453125,12,True,False,False,False,True,True,False,True,False,False,True,True,False,False,True,True,False,1
296,58.25,4.400000095367432,9.640000343322754,1.1524200439453125,15,False,True,False,False,True,False,True,True,False,True,False,True,False,True,False,True,False,0
297,61.869998931884766,4.400000095367432,9.640000343322754,1.1524200439453125,16,False,True,False,False,True,False,True,False,True,False,True,True,False,True,False,True,False,0
298,67.62000274658203,4.400000095367432,9.640000343322754,1.1524200439453125,13,False,True,False,False,True,False,True,False,True,False,True,True,False,True,False,True,False,0
299,65.13999938964844,4.400000095367432,9.640000343322754,1.1524200439453125,16,False,True,False,False,True,False,True,False,True,False,True,True,False,False,True,True,False,0
300,58.40999984741211,4.400000095367432,9.640000343322754,1.1524200439453125,15,False,True,True,False,False,False,True,False,True,False,True,True,False,True,False,True,False,0
301,66.83000183105469,4.400000095367432,9.640000343322754,1.1524200439453125,16,False,True,False,False,True,False,True,True,False,False,True,True,False,True,False,True,False,0
302,53.959999084472656,4.400000095367432,9.640000343322754,1.1524200439453125,16,True,False,True,False,False,False,True,True,False,False,True,True,False,True,False,True,False,0
303,52.779998779296875,4.400000095367432,9.640000343322754,1.1524200439453125,16,False,True,True,False,False,True,False,True,False,True,False,True,False,True,False,True,False,0
304,52.650001525878906,8.699999809265137,9.640000343322754,1.1524200439453125,12,True,False,False,False,True,False,True,True,False,True,False,True,False,True,False,True,False,1
305,60.08000183105469,8.699999809265137,9.640000343322754,1.1524200439453125,15,False,True,False,False,True,True,False,True,False,False,True,True,False,False,True,True,False,1
306,55.59000015258789,8.699999809265137,9.640000343322754,1.1524200439453125,12,False,True,False,False,True,True,False,True,False,True,False,True,False,False,True,True,False,1
307,53.029998779296875,8.699999809265137,9.640000343322754,1.1524200439453125,16,False,True,False,False,True,False,True,True,False,False,True,True,False,True,False,True,False,1
308,40.779998779296875,8.699999809265137,9.640000343322754,1.1524200439453125,12,True,False,False,False,True,True,False,True,False,False,True,True,False,False,True,True,False,1
309,48.09000015258789,8.699999809265137,9.640000343322754,1.1524200439453125,12,True,False,False,False,True,True,False,True,False,False,True,True,False,False,True,True,False,1
310,41.72999954223633,8.699999809265137,9.640000343322754,1.1524200439453125,12,False,True,False,False,True,True,False,True,False,True,False,True,False,False,True,True,False,1
311,55.66999816894531,8.699999809265137,9.640000343322754,1.1524200439453125,15,True,False,False,False,True,True,False,True,False,False,True,True,False,False,True,True,False,1
312,55.22999954223633,8.699999809265137,9.640000343322754,1.1524200439453125,12,False,True,False,False,True,True,False,True,False,False,True,True,False,False,True,True,False,1
313,62.369998931884766,8.699999809265137,9.640000343322754,1.1524200439453125,15,False,True,False,False,True,False,True,False,True,False,True,True,False,False,True,True,False,1
314,60.959999084472656,8.699999809265137,9.640000343322754,1.1524200439453125,16,True,False,False,False,True,True,False,True,False,True,False,True,False,False,True,True,False,1
315,61.2599983215332,8.699999809265137,9.640000343322754,1.1524200439453125,16,False,True,False,False,True,False,True,False,True,False,True,True,False,True,False,True,False,1
316,60.91999816894531,8.699999809265137,9.640000343322754,1.1524200439453125,16,True,False,False,False,True,True,False,True,False,False,True,True,False,True,False,True,False,1
317,46.13999938964844,8.800000190734863,9.640000343322754,1.1524200439453125,12,False,True,True,False,False,True,False,True,False,False,True,True,False,False,True,True,False,1
318,50.279998779296875,8.800000190734863,9.640000343322754,1.1524200439453125,15,False,True,False,False,True,False,True,True,False,False,True,True,False,False,True,True,False,1
319,39.86000061035156,8.800000190734863,9.640000343322754,1.1524200439453125,12,True,False,False,False,True,True,False,True,False,False,True,True,False,False,True,True,False,1
320,59.11000061035156,8.800000190734863,9.640000343322754,1.1524200439453125,16,False,True,False,False,True,False,True,False,True,False,True,True,False,False,True,True,False,1
321,43.41999816894531,5.599999904632568,9.640000343322754,1.1524200439453125,15,True,False,True,False,False,True,False,True,False,False,True,True,False,False,True,True,False,0
322,49.06999969482422,5.599999904632568,9.640000343322754,1.1524200439453125,17,True,False,True,False,False,True,False,True,False,False,True,True,False,True,False,True,False,0
323,36.25,5.599999904632568,9.640000343322754,1.1524200439453125,12,True,False,True,False,False,False,True,True,False,True,False,True,False,True,False,True,False,0
324,48.38999938964844,5.599999904632568,9.640000343322754,1.1524200439453125,16,False,True,True,False,False,True,False,True,False,False,True,True,False,True,False,True,False,0
325,49.02000045776367,5.599999904632568,9.640000343322754,1.1524200439453125,16,False,True,True,False,False,False,True,True,False,False,True,True,False,False,True,True,False,0
326,38.09000015258789,5.599999904632568,9.640000343322754,1.1524200439453125,12,True,False,True,False,False,True,False,True,False,False,True,True,False,False,True,True,False,0
327,57.119998931884766,8.0,9.640000343322754,1.1524200439453125,16,True,False,True,False,False,True,False,True,False,True,False,False,True,False,True,True,False,0
328,62.439998626708984,8.0,9.640000343322754,1.1524200439453125,16,False,True,False,False,True,False,True,False,True,False,True,False,True,True,False,True,False,0
329,46.0099983215332,8.0,9.640000343322754,1.1524200439453125,12,True,False,False,True,False,True,False,True,False,True,False,False,True,False,True,True,False,0
330,57.54999923706055,8.0,9.640000343322754,1.1524200439453125,15,True,False,False,False,True,False,True,True,False,False,True,False,True,False,True,True,False,0
331,49.130001068115234,10.199999809265137,9.640000343322754,1.1524200439453125,12,True,False,False,False,True,True,False,True,False,False,True,True,False,False,True,True,False,0
332,50.72999954223633,10.199999809265137,9.640000343322754,1.1524200439453125,12,True,False,False,False,True,True,False,True,False,False,True,True,False,False,True,True,False,0
333,53.209999084472656,6.800000190734863,9.640000343322754,1.1524200439453125,15,False,True,False,False,True,True,False,True,False,True,False,True,False,False,True,True,False,1
334,57.220001220703125,6.800000190734863,9.640000343322754,1.1524200439453125,16,True,False,False,False,True,True,False,True,False,False,True,True,False,False,True,True,False,1
335,47.189998626708984,6.800000190734863,9.640000343322754,1.1524200439453125,13,True,False,False,False,True,True,False,True,False,False,True,True,False,False,True,True,False,1
336,36.369998931884766,6.800000190734863,9.640000343322754,1.1524200439453125,12,False,True,False,False,True,True,False,True,False,True,False,True,False,False,True,True,False,1
337,48.560001373291016,6.800000190734863,9.640000343322754,1.1524200439453125,12,True,False,False,False,True,True,False,True,False,False,True,True,False,False,True,True,False,1
338,49.439998626708984,6.800000190734863,9.640000343322754,1.1524200439453125,16,True,False,False,False,True,False,True,False,True,False,True,True,False,False,True,True,False,1
339,49.220001220703125,9.5,9.640000343322754,1.1524200439453125,13,True,False,True,False,False,True,False,True,False,True,False,False,True,False,True,True,False,0
340,59.66999816894531,9.5,9.640000343322754,1.1524200439453125,12,False,True,True,False,False,True,False,True,False,True,False,False,True,False,True,True,False,0
341,43.7599983215332,9.5,9.640000343322754,1.1524200439453125,12,True,False,False,False,True,True,False,True,False,True,False,False,True,False,True,True,False,0
342,54.2400016784668,9.5,9.640000343322754,1.1524200439453125,16,False,True,False,False,True,True,False,True,False,True,False,False,True,True,False,True,False,0
343,48.529998779296875,9.5,9.640000343322754,1.1524200439453125,17,True,False,False,False,True,True,False,True,False,False,True,False,True,False,True,True,False,0
344,50.13999938964844,12.600000381469728,9.640000343322754,1.1524200439453125,12,True,False,False,False,True,True,False,True,False,False,True,True,False,False,True,True,False,1
345,52.459999084472656,12.600000381469728,9.640000343322754,1.1524200439453125,12,False,True,False,False,True,True,False,True,False,False,True,True,False,False,True,True,False,1
346,44.7599983215332,12.600000381469728,9.640000343322754,1.1524200439453125,12,True,False,False,False,True,True,False,True,False,True,False,True,False,False,True,True,False,1
347,46.2400016784668,12.600000381469728,9.640000343322754,1.1524200439453125,12,True,False,False,False,True,True,False,True,False,False,True,True,False,False,True,True,False,1
348,58.779998779296875,12.600000381469728,9.640000343322754,1.1524200439453125,16,False,True,False,False,True,False,True,False,True,False,True,True,False,True,False,True,False,1
349,62.4900016784668,8.0,9.640000343322754,1.1524200439453125,16,False,True,False,False,True,False,True,True,False,False,True,True,False,True,False,True,False,1
350,43.650001525878906,8.0,9.640000343322754,1.1524200439453125,12,False,True,False,False,True,True,False,True,False,False,True,True,False,False,True,True,False,1
351,56.02000045776367,8.0,9.640000343322754,1.1524200439453125,15,False,True,False,True,False,True,False,True,False,False,True,True,False,False,True,True,False,1
352,59.93000030517578,8.0,9.640000343322754,1.1524200439453125,17,True,False,False,False,True,True,False,True,False,False,True,True,False,False,True,True,False,1
353,60.810001373291016,8.0,9.640000343322754,1.1524200439453125,16,False,True,False,False,True,True,False,True,False,False,True,True,False,True,False,True,False,1
354,56.279998779296875,8.0,9.640000343322754,1.1524200439453125,12,True,False,False,False,True,True,False,True,False,False,True,True,False,False,True,True,False,1
355,42.79999923706055,10.800000190734863,9.640000343322754,1.1524200439453125,14,False,True,False,False,True,True,False,True,False,False,True,True,False,False,True,True,False,1
356,65.05000305175781,10.800000190734863,9.640000343322754,1.1524200439453125,12,True,False,False,False,True,True,False,True,False,False,True,True,False,False,True,True,False,1
357,59.7400016784668,10.800000190734863,9.640000343322754,1.1524200439453125,16,True,False,False,False,True,True,False,False,True,True,False,True,False,False,True,True,False,1
358,46.779998779296875,10.800000190734863,9.640000343322754,1.1524200439453125,12,True,False,False,False,True,True,False,True,False,False,True,True,False,True,False,True,False,1
359,54.869998931884766,10.800000190734863,9.640000343322754,1.1524200439453125,16,False,True,False,False,True,False,True,True,False,False,True,True,False,True,False,True,False,1
360,49.11000061035156,10.800000190734863,9.640000343322754,1.1524200439453125,12,False,True,False,False,True,True,False,True,False,False,True,True,False,True,False,True,False,1
361,51.900001525878906,10.800000190734863,9.640000343322754,1.1524200439453125,12,False,True,False,False,True,True,False,True,False,True,False,True,False,False,True,True,False,1
362,59.900001525878906,10.800000190734863,9.640000343322754,1.1524200439453125,15,True,False,False,False,True,True,False,True,False,False,True,True,False,False,True,True,False,1
363,58.22999954223633,10.800000190734863,9.640000343322754,1.1524200439453125,16,False,True,False,False,True,True,False,True,False,False,True,True,False,False,True,True,False,1
364,53.470001220703125,10.800000190734863,9.640000343322754,1.1524200439453125,16,False,True,False,False,True,False,True,True,False,True,False,True,False,False,True,True,False,1
365,58.060001373291016,9.5,9.640000343322754,1.1524200439453125,15,False,True,False,False,True,True,False,True,False,False,True,True,False,True,False,True,False,1
366,62.86000061035156,9.5,9.640000343322754,1.1524200439453125,16,True,False,False,False,True,True,False,True,False,False,True,True,False,False,True,True,False,1
367,52.93000030517578,9.5,9.640000343322754,1.1524200439453125,14,True,False,False,False,True,True,False,True,False,False,True,True,False,True,False,True,False,1
368,64.2699966430664,9.5,9.640000343322754,1.1524200439453125,18,True,False,False,False,True,False,True,True,False,False,True,True,False,True,False,True,False,1
369,51.599998474121094,9.5,9.640000343322754,1.1524200439453125,12,True,False,False,True,False,True,False,True,False,False,True,True,False,False,True,True,False,1
370,59.959999084472656,9.5,9.640000343322754,1.1524200439453125,14,False,True,False,False,True,False,True,True,False,False,True,True,False,True,False,True,False,1
371,60.439998626708984,5.300000190734863,9.640000343322754,1.1524200439453125,12,False,True,False,False,True,True,False,True,False,False,True,True,False,True,False,True,False,0
372,44.470001220703125,5.300000190734863,9.640000343322754,1.1524200439453125,15,False,True,False,False,True,False,True,False,True,False,True,True,False,True,False,True,False,0
373,51.0,5.300000190734863,9.640000343322754,1.1524200439453125,13,False,True,False,False,True,True,False,True,False,False,True,True,False,False,True,True,False,0
374,59.560001373291016,5.300000190734863,9.640000343322754,1.1524200439453125,16,False,True,False,False,True,False,True,False,True,False,True,True,False,True,False,True,False,0
375,64.88999938964844,5.300000190734863,9.640000343322754,1.1524200439453125,13,False,True,False,False,True,False,True,True,False,False,True,True,False,True,False,True,False,0
376,58.2400016784668,5.300000190734863,9.640000343322754,1.1524200439453125,15,False,True,False,False,True,True,False,True,False,False,True,True,False,True,False,True,False,0
377,44.130001068115234,5.300000190734863,9.640000343322754,1.1524200439453125,17,True,False,False,False,True,False,True,True,False,True,False,True,False,False,True,True,False,0
378,62.20000076293945,5.300000190734863,9.640000343322754,1.1524200439453125,15,False,True,False,False,True,False,True,True,False,False,True,True,False,True,False,True,False,0
379,52.310001373291016,5.300000190734863,9.640000343322754,1.1524200439453125,12,True,False,False,False,True,True,False,True,False,False,True,True,False,False,True,True,False,0
380,49.060001373291016,5.300000190734863,9.640000343322754,1.1524200439453125,16,True,False,False,False,True,False,True,False,True,False,True,True,False,True,False,True,False,0
381,60.95000076293945,5.300000190734863,9.640000343322754,1.1524200439453125,15,False,True,False,False,True,False,True,True,False,False,True,True,False,True,False,True,False,0
382,55.97999954223633,5.300000190734863,9.640000343322754,1.1524200439453125,12,True,False,False,False,True,True,False,True,False,False,True,True,False,False,True,True,False,0
383,67.4000015258789,6.300000190734863,9.640000343322754,1.1524200439453125,17,False,True,False,False,True,False,True,True,False,False,True,True,False,False,True,True,False,0
384,59.34000015258789,6.300000190734863,9.640000343322754,1.1524200439453125,12,False,True,False,False,True,True,False,True,False,False,True,True,False,True,False,True,False,0
385,49.209999084472656,6.300000190734863,9.640000343322754,1.1524200439453125,14,True,False,False,False,True,True,False,True,False,False,True,True,False,False,True,True,False,0
386,58.20000076293945,6.300000190734863,9.640000343322754,1.1524200439453125,16,True,False,False,False,True,True,False,True,False,False,True,True,False,False,True,True,False,0
387,50.83000183105469,6.300000190734863,9.640000343322754,1.1524200439453125,13,False,True,False,False,True,True,False,True,False,False,True,True,False,False,True,True,False,0
388,42.15999984741211,8.0,9.640000343322754,1.1524200439453125,13,True,False,False,False,True,True,False,True,False,False,True,False,True,False,True,True,False,0
389,49.97999954223633,8.0,9.640000343322754,1.1524200439453125,12,False,True,False,False,True,False,True,True,False,True,False,False,True,False,True,True,False,0
390,61.470001220703125,8.0,9.640000343322754,1.1524200439453125,14,True,False,False,False,True,True,False,True,False,False,True,False,True,False,True,True,False,0
391,54.630001068115234,8.0,9.640000343322754,1.1524200439453125,13,True,False,True,False,False,True,False,True,False,False,True,False,True,False,True,True,False,0
392,32.52000045776367,8.0,9.640000343322754,1.1524200439453125,15,True,False,True,False,False,False,True,True,False,True,False,False,True,False,True,True,False,0
393,42.84000015258789,8.0,9.640000343322754,1.1524200439453125,12,False,True,False,False,True,True,False,True,False,False,True,False,True,True,False,True,False,0
394,51.08000183105469,8.0,9.640000343322754,1.1524200439453125,16,True,False,True,False,False,True,False,True,False,True,False,False,True,False,True,True,False,0
395,48.20000076293945,8.0,9.640000343322754,1.1524200439453125,14,True,False,True,False,False,True,False,True,False,False,True,False,True,False,True,True,False,0
396,42.189998626708984,8.0,9.640000343322754,1.1524200439453125,12,True,False,True,False,False,True,False,True,False,True,False,False,True,False,True,True,False,0
397,48.88999938964844,5.300000190734863,9.640000343322754,1.1524200439453125,12,True,False,False,False,True,True,False,True,False,False,True,True,False,False,True,True,False,1
398,42.81999969482422,5.300000190734863,9.640000343322754,1.1524200439453125,12,False,True,False,True,False,True,False,True,False,False,True,True,False,False,True,True,False,1
399,65.66999816894531,5.300000190734863,9.640000343322754,1.1524200439453125,15,False,True,False,False,True,False,True,False,True,False,True,True,False,True,False,True,False,1
400,61.869998931884766,4.400000095367432,9.640000343322754,1.1524200439453125,16,False,True,False,False,True,False,True,False,True,True,False,True,False,True,False,True,False,0
401,61.279998779296875,4.400000095367432,9.640000343322754,1.1524200439453125,17,False,True,False,False,True,False,True,False,True,False,True,True,False,True,False,True,False,0
402,62.18000030517578,4.400000095367432,9.640000343322754,1.1524200439453125,17,False,True,False,False,True,True,False,False,True,False,True,True,False,True,False,True,False,0
403,60.18000030517578,4.400000095367432,9.640000343322754,1.1524200439453125,16,False,True,True,False,False,False,True,False,True,False,True,True,False,True,False,True,False,0
404,36.59000015258789,4.400000095367432,9.640000343322754,1.1524200439453125,12,True,False,False,False,True,True,False,True,False,False,True,True,False,False,True,True,False,0
405,37.66999816894531,4.400000095367432,9.640000343322754,1.1524200439453125,12,False,True,True,False,False,True,False,True,False,True,False,True,False,False,True,True,False,0
406,61.75,4.400000095367432,9.640000343322754,1.1524200439453125,16,True,False,False,True,False,True,False,True,False,True,False,True,False,False,True,True,False,0
407,49.31999969482422,5.099999904632568,9.640000343322754,1.1524200439453125,17,False,True,False,False,True,False,True,True,False,False,True,True,False,True,False,True,False,0
408,53.33000183105469,5.099999904632568,9.640000343322754,1.1524200439453125,17,False,True,False,False,True,True,False,True,False,False,True,True,False,True,False,True,False,0
409,48.70000076293945,5.099999904632568,9.640000343322754,1.1524200439453125,13,False,True,True,False,False,True,False,False,True,False,True,True,False,True,False,True,False,0
410,66.2300033569336,5.099999904632568,9.640000343322754,1.1524200439453125,17,True,False,False,False,True,True,False,True,False,False,True,True,False,False,True,True,False,0
411,45.31999969482422,5.099999904632568,9.640000343322754,1.1524200439453125,12,True,False,False,False,True,True,False,True,False,False,True,True,False,False,True,True,False,0
412,58.16999816894531,6.599999904632568,9.640000343322754,1.1524200439453125,12,False,True,False,False,True,True,False,True,False,False,True,True,False,False,True,True,False,1
413,56.220001220703125,6.599999904632568,9.640000343322754,1.1524200439453125,13,True,False,False,False,True,True,False,True,False,True,False,True,False,True,False,True,False,1
414,65.19000244140625,6.599999904632568,9.640000343322754,1.1524200439453125,16,True,False,False,False,True,True,False,False,True,False,True,True,False,False,True,True,False,1
415,42.02000045776367,6.599999904632568,9.640000343322754,1.1524200439453125,12,True,False,False,False,True,True,False,True,False,True,False,True,False,False,True,True,False,1
416,44.86000061035156,6.599999904632568,9.640000343322754,1.1524200439453125,12,False,True,False,False,True,True,False,True,False,False,True,True,False,False,True,True,False,1
417,57.279998779296875,8.0,9.640000343322754,1.1524200439453125,13,True,False,True,False,False,True,False,True,False,False,True,False,True,False,True,True,False,0
418,35.439998626708984,8.0,9.640000343322754,1.1524200439453125,12,False,True,True,False,False,True,False,True,False,True,False,False,True,False,True,True,False,0
419,64.51000213623047,8.0,9.640000343322754,1.1524200439453125,15,True,False,True,False,False,True,False,True,False,True,False,False,True,False,True,True,False,0
420,42.0,8.0,9.640000343322754,1.1524200439453125,14,False,True,True,False,False,True,False,True,False,False,True,False,True,False,True,True,False,0
421,45.0099983215332,8.0,9.640000343322754,1.1524200439453125,13,True,False,True,False,False,True,False,True,False,False,True,False,True,False,True,True,False,0
422,49.95000076293945,7.599999904632568,9.640000343322754,1.1524200439453125,14,True,False,True,False,False,True,False,True,False,True,False,True,False,False,True,True,False,0
423,51.880001068115234,7.599999904632568,9.640000343322754,1.1524200439453125,12,False,True,False,False,True,True,False,True,False,False,True,True,False,True,False,True,False,0
424,45.7599983215332,7.599999904632568,9.640000343322754,1.1524200439453125,17,False,True,False,False,True,True,False,True,False,False,True,True,False,False,True,True,False,0
425,41.939998626708984,7.599999904632568,9.640000343322754,1.1524200439453125,15,False,True,True,False,False,True,False,True,False,False,True,True,False,False,True,True,False,0
426,64.52999877929688,7.599999904632568,9.640000343322754,1.1524200439453125,15,True,False,False,False,True,True,False,True,False,False,True,True,False,True,False,True,False,0
427,66.5199966430664,6.699999809265137,10.039999961853027,1.127020001411438,16,False,True,False,False,True,True,False,True,False,True,False,True,False,False,True,True,False,1
428,53.08000183105469,6.699999809265137,10.039999961853027,1.127020001411438,12,True,False,False,False,True,True,False,True,False,True,False,True,False,True,False,True,False,1
429,54.7599983215332,6.699999809265137,10.039999961853027,1.127020001411438,16,False,True,False,False,True,True,False,False,True,False,True,True,False,True,False,True,False,1
430,54.52000045776367,6.699999809265137,10.039999961853027,1.127020001411438,16,True,False,False,False,True,True,False,True,False,False,True,True,False,False,True,True,False,1
431,47.02000045776367,6.699999809265137,10.039999961853027,1.127020001411438,13,True,False,False,False,True,False,True,True,False,False,True,True,False,False,True,True,False,1
432,62.029998779296875,5.599999904632568,10.039999961853027,1.127020001411438,15,False,True,False,False,True,False,True,False,True,False,True,True,False,True,False,True,False,0
433,62.439998626708984,5.599999904632568,10.039999961853027,1.127020001411438,17,True,False,False,False,True,False,True,False,True,False,True,True,False,True,False,True,False,0
434,57.5099983215332,5.599999904632568,10.039999961853027,1.127020001411438,14,False,True,False,False,True,False,True,False,True,False,True,True,False,False,True,True,False,0
435,56.16999816894531,5.599999904632568,10.039999961853027,1.127020001411438,13,False,True,False,False,True,False,True,False,True,True,False,True,False,True,False,True,False,0
436,44.630001068115234,5.599999904632568,10.039999961853027,1.127020001411438,13,True,False,False,False,True,False,True,False,True,False,True,True,False,True,False,True,False,0
437,47.900001525878906,4.800000190734863,10.039999961853027,1.127020001411438,12,True,False,False,False,True,True,False,True,False,False,True,True,False,False,True,True,False,0
438,56.720001220703125,4.800000190734863,10.039999961853027,1.127020001411438,14,False,True,False,False,True,True,False,True,False,True,False,True,False,True,False,True,False,0
439,52.33000183105469,4.800000190734863,10.039999961853027,1.127020001411438,12,False,True,False,False,True,True,False,True,False,False,True,True,False,False,True,True,False,0
440,49.7599983215332,4.800000190734863,10.039999961853027,1.127020001411438,12,False,True,False,True,False,True,False,True,False,False,True,True,False,False,True,True,False,0
441,62.380001068115234,4.800000190734863,10.039999961853027,1.127020001411438,16,False,True,False,False,True,True,False,True,False,True,False,True,False,False,True,True,False,0
442,62.52000045776367,6.199999809265137,10.039999961853027,1.127020001411438,15,False,True,False,False,True,True,False,True,False,False,True,True,False,True,False,True,False,1
443,53.86000061035156,6.199999809265137,10.039999961853027,1.127020001411438,15,True,False,False,True,False,True,False,True,False,False,True,True,False,False,True,True,False,1
444,58.790000915527344,6.199999809265137,10.039999961853027,1.127020001411438,15,False,True,False,False,True,True,False,True,False,False,True,True,False,False,True,True,False,1
445,41.540000915527344,7.400000095367432,10.039999961853027,1.127020001411438,12,False,True,False,True,False,True,False,True,False,False,True,True,False,True,False,True,False,1
446,58.5099983215332,5.599999904632568,10.039999961853027,1.127020001411438,14,False,True,False,False,True,True,False,True,False,True,False,True,False,False,True,True,False,0
447,49.70000076293945,7.800000190734863,10.039999961853027,1.127020001411438,15,True,False,False,False,True,True,False,True,False,False,True,True,False,False,True,True,False,0
448,46.869998931884766,7.800000190734863,10.039999961853027,1.127020001411438,12,True,False,False,False,True,True,False,True,False,False,True,True,False,False,True,True,False,0
449,50.66999816894531,7.800000190734863,10.039999961853027,1.127020001411438,12,True,False,False,False,True,False,True,True,False,False,True,True,False,False,True,True,False,0
450,49.2400016784668,7.800000190734863,10.039999961853027,1.127020001411438,12,True,False,False,False,True,True,False,True,False,False,True,True,False,False,True,True,False,0
451,54.939998626708984,7.699999809265137,10.039999961853027,1.127020001411438,16,False,True,True,False,False,True,False,True,False,True,False,True,False,True,False,True,False,0
452,41.189998626708984,7.699999809265137,10.039999961853027,1.127020001411438,16,False,True,True,False,False,False,True,False,True,False,True,True,False,True,False,True,False,0
453,58.810001373291016,7.699999809265137,10.039999961853027,1.127020001411438,14,True,False,True,False,False,True,False,True,False,False,True,True,False,False,True,True,False,0
454,44.040000915527344,7.699999809265137,10.039999961853027,1.127020001411438,12,True,False,True,False,False,True,False,True,False,False,True,True,False,False,True,True,False,0
455,47.959999084472656,7.699999809265137,10.039999961853027,1.127020001411438,16,True,False,True,False,False,False,True,False,True,False,True,True,False,False,True,True,False,0
456,47.349998474121094,7.699999809265137,10.039999961853027,1.127020001411438,16,True,False,False,False,True,True,False,True,False,True,False,True,False,True,False,True,False,0
457,60.95000076293945,7.699999809265137,10.039999961853027,1.127020001411438,17,False,True,False,False,True,False,True,False,True,False,True,True,False,True,False,True,False,0
458,55.97999954223633,7.699999809265137,10.039999961853027,1.127020001411438,15,True,False,False,False,True,False,True,True,False,True,False,True,False,True,False,True,False,0
459,69.30000305175781,7.699999809265137,10.039999961853027,1.127020001411438,18,False,True,False,False,True,False,True,True,False,False,True,True,False,True,False,True,False,0
460,62.83000183105469,6.900000095367432,10.039999961853027,1.127020001411438,14,False,True,False,False,True,True,False,True,False,False,True,True,False,False,True,True,False,0
461,62.54999923706055,6.900000095367432,10.039999961853027,1.127020001411438,12,False,True,False,False,True,True,False,True,False,True,False,True,False,False,True,True,False,0
462,58.61000061035156,6.699999809265137,10.039999961853027,1.127020001411438,15,True,False,False,False,True,True,False,True,False,False,True,True,False,True,False,True,False,1
463,57.540000915527344,6.699999809265137,10.039999961853027,1.127020001411438,16,True,False,False,False,True,True,False,False,True,False,True,True,False,True,False,True,False,1
464,60.66999816894531,6.699999809265137,10.039999961853027,1.127020001411438,13,False,True,False,False,True,True,False,False,True,False,True,True,False,True,False,True,False,1
465,68.44000244140625,6.699999809265137,10.039999961853027,1.127020001411438,12,False,True,False,False,True,False,True,False,True,True,False,True,False,False,True,True,False,0
466,64.5999984741211,6.699999809265137,10.039999961853027,1.127020001411438,16,True,False,False,True,False,False,True,True,False,True,False,True,False,True,False,True,False,0
467,68.77999877929688,6.699999809265137,10.039999961853027,1.127020001411438,17,True,False,False,False,True,False,True,False,True,True,False,True,False,True,False,True,False,0
468,48.849998474121094,5.900000095367432,10.039999961853027,1.127020001411438,12,True,False,False,False,True,True,False,False,True,False,True,True,False,True,False,True,False,1
469,64.08000183105469,5.900000095367432,10.039999961853027,1.127020001411438,14,True,False,False,False,True,True,False,True,False,True,False,True,False,True,False,True,False,1
470,62.91999816894531,5.900000095367432,10.039999961853027,1.127020001411438,16,True,False,False,False,True,False,True,False,True,False,True,True,False,True,False,True,False,1
471,65.05000305175781,5.900000095367432,10.039999961853027,1.127020001411438,16,False,True,False,False,True,False,True,False,True,False,True,True,False,True,False,True,False,1
472,55.040000915527344,5.900000095367432,10.039999961853027,1.127020001411438,16,True,False,False,False,True,False,True,True,False,False,True,True,False,True,False,True,False,1
473,58.02000045776367,5.900000095367432,10.039999961853027,1.127020001411438,13,False,True,False,False,True,False,True,True,False,False,True,True,False,True,False,True,False,1
474,54.84000015258789,5.900000095367432,10.039999961853027,1.127020001411438,16,True,False,False,False,True,False,True,False,True,False,True,True,False,True,False,True,False,1
475,38.11000061035156,9.100000381469728,10.039999961853027,1.127020001411438,12,True,False,True,False,False,True,False,True,False,False,True,False,True,False,True,True,False,0
476,36.380001068115234,9.100000381469728,10.039999961853027,1.127020001411438,12,True,False,True,False,False,True,False,True,False,True,False,False,True,False,True,True,False,0
477,37.34000015258789,9.100000381469728,10.039999961853027,1.127020001411438,12,True,False,False,True,False,True,False,True,False,True,False,False,True,False,True,True,False,0
478,48.31999969482422,9.100000381469728,10.039999961853027,1.127020001411438,16,False,True,True,False,False,True,False,True,False,False,True,False,True,False,True,True,False,0
479,35.65999984741211,9.100000381469728,10.039999961853027,1.127020001411438,13,True,False,True,False,False,True,False,True,False,False,True,False,True,False,True,True,False,0
480,39.880001068115234,9.100000381469728,10.039999961853027,1.127020001411438,12,True,False,True,False,False,True,False,True,False,False,True,False,True,True,False,True,False,0
481,61.83000183105469,5.599999904632568,10.039999961853027,1.127020001411438,14,False,True,False,True,False,False,True,True,False,True,False,True,False,False,True,True,False,0
482,53.470001220703125,4.800000190734863,10.039999961853027,1.127020001411438,16,True,False,False,False,True,False,True,True,False,True,False,True,False,True,False,True,False,1
483,61.439998626708984,4.800000190734863,10.039999961853027,1.127020001411438,18,False,True,False,False,True,False,True,True,False,False,True,True,False,True,False,True,False,1
484,63.75,4.800000190734863,10.039999961853027,1.127020001411438,12,True,False,False,False,True,True,False,True,False,False,True,True,False,False,True,True,False,1
485,56.130001068115234,4.800000190734863,10.039999961853027,1.127020001411438,15,True,False,False,False,True,True,False,True,False,False,True,True,False,False,True,True,False,1
486,67.11000061035156,4.800000190734863,10.039999961853027,1.127020001411438,16,False,True,False,False,True,False,True,False,True,False,True,True,False,False,True,True,False,1
487,57.20000076293945,4.800000190734863,10.039999961853027,1.127020001411438,16,False,True,False,False,True,True,False,True,False,False,True,True,False,True,False,True,False,1
488,56.52000045776367,4.800000190734863,10.039999961853027,1.127020001411438,16,True,False,False,False,True,False,True,False,True,False,True,True,False,True,False,True,False,1
489,54.720001220703125,4.800000190734863,10.039999961853027,1.127020001411438,12,True,False,False,False,True,True,False,True,False,False,True,True,False,True,False,True,False,1
490,57.68000030517578,4.800000190734863,10.039999961853027,1.127020001411438,15,False,True,False,False,True,True,False,True,False,False,True,True,False,False,True,True,False,1
491,48.02000045776367,4.800000190734863,10.039999961853027,1.127020001411438,15,True,False,False,False,True,True,False,True,False,False,True,True,False,False,True,True,False,1
492,55.22999954223633,4.800000190734863,10.039999961853027,1.127020001411438,16,True,False,False,False,True,True,False,True,False,False,True,True,False,True,False,True,False,1
493,45.040000915527344,6.199999809265137,10.039999961853027,1.127020001411438,14,True,False,False,False,True,True,False,True,False,False,True,True,False,True,False,True,False,0
494,61.72999954223633,6.199999809265137,10.039999961853027,1.127020001411438,15,False,True,False,False,True,True,False,True,False,False,True,True,False,False,True,True,False,0
495,50.41999816894531,6.199999809265137,10.039999961853027,1.127020001411438,15,False,True,False,True,False,True,False,True,False,False,True,True,False,False,True,True,False,0
496,59.06999969482422,6.199999809265137,10.039999961853027,1.127020001411438,16,True,False,False,False,True,True,False,True,False,False,True,True,False,False,True,True,False,0
497,47.459999084472656,6.199999809265137,10.039999961853027,1.127020001411438,13,False,True,True,False,False,True,False,True,False,True,False,True,False,True,False,True,False,0
498,56.34000015258789,6.199999809265137,10.039999961853027,1.127020001411438,13,True,False,True,False,False,False,True,True,False,True,False,True,False,True,False,True,False,0
499,50.97999954223633,6.199999809265137,10.039999961853027,1.127020001411438,16,True,False,False,False,True,True,False,True,False,False,True,True,False,False,True,True,False,0
500,40.16999816894531,6.199999809265137,10.039999961853027,1.127020001411438,12,True,False,True,False,False,True,False,True,False,False,True,True,False,False,True,True,False,0
501,46.2400016784668,6.199999809265137,10.039999961853027,1.127020001411438,12,True,False,False,False,True,True,False,True,False,False,True,True,False,True,False,True,False,0
502,47.06999969482422,7.400000095367432,10.039999961853027,1.127020001411438,12,False,True,False,False,True,False,True,True,False,False,True,True,False,True,False,True,False,0
503,58.90999984741211,7.400000095367432,10.039999961853027,1.127020001411438,17,True,False,False,False,True,True,False,False,True,True,False,True,False,False,True,True,False,0
504,58.58000183105469,7.400000095367432,10.039999961853027,1.127020001411438,14,False,True,False,False,True,True,False,True,False,False,True,True,False,True,False,True,False,0
505,41.75,6.699999809265137,10.039999961853027,1.127020001411438,12,True,False,False,False,True,True,False,True,False,True,False,True,False,False,True,True,False,1
506,44.04999923706055,6.699999809265137,10.039999961853027,1.127020001411438,13,True,False,False,False,True,False,True,True,False,False,True,True,False,True,False,True,False,1
507,35.81999969482422,6.699999809265137,10.039999961853027,1.127020001411438,16,True,False,True,False,False,False,True,True,False,True,False,True,False,True,False,True,False,1
508,46.79999923706055,6.199999809265137,10.039999961853027,1.127020001411438,15,True,False,False,False,True,True,False,True,False,True,False,True,False,True,False,True,False,0
509,48.220001220703125,6.199999809265137,10.039999961853027,1.127020001411438,12,True,False,False,False,True,True,False,True,False,False,True,True,False,False,True,True,False,0
510,54.15999984741211,6.199999809265137,10.039999961853027,1.127020001411438,16,True,False,False,False,True,True,False,True,False,False,True,True,False,True,False,True,False,0
511,41.65999984741211,6.199999809265137,10.039999961853027,1.127020001411438,12,False,True,True,False,False,True,False,True,False,False,True,True,False,False,True,True,False,0
512,56.97999954223633,6.199999809265137,10.039999961853027,1.127020001411438,12,True,False,False,False,True,True,False,True,False,False,True,True,False,True,False,True,False,0
513,42.33000183105469,6.199999809265137,10.039999961853027,1.127020001411438,12,False,True,True,False,False,True,False,True,False,False,True,True,False,True,False,True,False,0
514,55.220001220703125,6.199999809265137,10.039999961853027,1.127020001411438,16,False,True,False,False,True,True,False,True,False,True,False,True,False,False,True,True,False,0
515,67.31999969482422,6.199999809265137,10.039999961853027,1.127020001411438,16,False,True,False,False,True,False,True,False,True,False,True,True,False,False,True,True,False,0
516,49.79999923706055,6.199999809265137,10.039999961853027,1.127020001411438,14,False,True,False,False,True,True,False,True,False,True,False,True,False,True,False,True,False,0
517,37.25,8.399999618530273,10.039999961853027,1.127020001411438,13,True,False,True,False,False,True,False,True,False,True,False,False,True,True,False,True,False,0
518,48.560001373291016,8.399999618530273,10.039999961853027,1.127020001411438,12,True,False,True,False,False,True,False,True,False,True,False,False,True,False,True,True,False,0
519,58.130001068115234,5.900000095367432,10.039999961853027,1.127020001411438,16,True,False,False,False,True,True,False,True,False,True,False,True,False,False,True,True,False,1
520,36.459999084472656,5.900000095367432,10.039999961853027,1.127020001411438,12,True,False,True,False,False,True,False,True,False,False,True,True,False,False,True,True,False,1
521,38.869998931884766,5.900000095367432,10.039999961853027,1.127020001411438,12,False,True,False,False,True,True,False,True,False,True,False,True,False,True,False,True,False,1
522,43.86000061035156,5.900000095367432,10.039999961853027,1.127020001411438,12,True,False,True,False,False,True,False,True,False,True,False,True,False,False,True,True,False,1
523,39.36000061035156,6.599999904632568,9.960000038146973,1.4041600227355957,12,False,True,True,False,False,True,False,True,False,False,True,False,True,False,True,True,False,0
524,38.56999969482422,6.599999904632568,9.960000038146973,1.4041600227355957,12,False,True,True,False,False,True,False,True,False,False,True,False,True,False,True,True,False,0
525,48.72999954223633,6.599999904632568,9.960000038146973,1.4041600227355957,13,False,True,True,False,False,True,False,True,False,False,True,False,True,False,True,True,False,0
526,62.70000076293945,5.599999904632568,9.960000038146973,1.4041600227355957,17,True,False,False,False,True,False,True,False,True,False,True,True,False,False,True,True,False,0
527,54.65999984741211,5.599999904632568,9.960000038146973,1.4041600227355957,12,False,True,False,False,True,False,True,False,True,False,True,True,False,False,True,True,False,0
528,63.630001068115234,5.599999904632568,9.960000038146973,1.4041600227355957,12,True,False,False,False,True,False,True,True,False,False,True,True,False,True,False,True,False,0
529,34.93000030517578,5.599999904632568,9.960000038146973,1.4041600227355957,12,False,True,False,False,True,False,True,True,False,False,True,True,False,False,True,True,False,0
530,59.0,5.900000095367432,9.960000038146973,1.4041600227355957,12,False,True,False,False,True,True,False,True,False,False,True,True,False,False,True,True,False,0
531,61.400001525878906,5.900000095367432,9.960000038146973,1.4041600227355957,16,True,False,False,False,True,False,True,True,False,False,True,True,False,False,True,True,False,0
532,51.25,5.900000095367432,9.960000038146973,1.4041600227355957,12,True,False,False,False,True,False,True,True,False,False,True,True,False,False,True,True,False,0
533,45.27000045776367,9.899999618530272,9.960000038146973,1.4041600227355957,12,False,True,False,False,True,True,False,True,False,False,True,False,True,False,True,True,False,0
534,53.279998779296875,9.899999618530272,9.960000038146973,1.4041600227355957,12,True,False,False,False,True,True,False,True,False,False,True,False,True,False,True,True,False,0
535,39.93000030517578,9.899999618530272,9.960000038146973,1.4041600227355957,12,False,True,False,False,True,True,False,True,False,False,True,False,True,False,True,True,False,0
536,46.22999954223633,5.199999809265137,9.960000038146973,1.4041600227355957,16,True,False,False,False,True,False,True,False,True,False,True,True,False,True,False,True,False,1
537,63.38999938964844,5.199999809265137,9.960000038146973,1.4041600227355957,16,True,False,False,False,True,False,True,True,False,False,True,True,False,True,False,True,False,1
538,48.36000061035156,5.199999809265137,9.960000038146973,1.4041600227355957,14,True,False,False,False,True,True,False,True,False,False,True,True,False,False,True,True,False,1
539,62.5099983215332,5.199999809265137,9.960000038146973,1.4041600227355957,17,True,False,False,False,True,False,True,False,True,False,True,True,False,True,False,True,False,1
540,54.09000015258789,5.199999809265137,9.960000038146973,1.4041600227355957,12,True,False,False,False,True,True,False,True,False,False,True,True,False,True,False,True,False,1
541,58.4900016784668,5.199999809265137,9.960000038146973,1.4041600227355957,13,True,False,False,False,True,False,True,True,False,False,True,True,False,True,False,True,False,1
542,62.439998626708984,5.199999809265137,9.960000038146973,1.4041600227355957,16,True,False,False,False,True,False,True,False,True,False,True,True,False,False,True,True,False,1
543,62.0,5.199999809265137,9.960000038146973,1.4041600227355957,17,False,True,False,False,True,False,True,True,False,True,False,True,False,False,True,True,False,1
544,47.5099983215332,5.199999809265137,9.960000038146973,1.4041600227355957,12,False,True,False,False,True,True,False,True,False,False,True,True,False,False,True,True,False,1
545,52.31999969482422,5.199999809265137,9.960000038146973,1.4041600227355957,13,False,True,False,False,True,True,False,True,False,False,True,True,False,True,False,True,False,1
546,43.099998474121094,12.100000381469728,9.960000038146973,1.4041600227355957,14,True,False,False,False,True,True,False,True,False,False,True,False,True,True,False,True,False,0
547,62.56999969482422,12.100000381469728,9.960000038146973,1.4041600227355957,15,True,False,False,False,True,True,False,True,False,False,True,False,True,False,True,True,False,0
548,63.16999816894531,12.100000381469728,9.960000038146973,1.4041600227355957,16,True,False,False,False,True,True,False,True,False,True,False,False,True,False,True,True,False,0
549,66.30999755859375,12.100000381469728,9.960000038146973,1.4041600227355957,12,False,True,False,False,True,True,False,True,False,False,True,False,True,False,True,True,False,0
550,50.83000183105469,12.100000381469728,9.960000038146973,1.4041600227355957,12,True,False,False,False,True,True,False,True,False,False,True,False,True,False,True,True,False,0
551,55.13999938964844,12.100000381469728,9.960000038146973,1.4041600227355957,16,True,False,False,False,True,True,False,True,False,False,True,False,True,True,False,True,False,0
552,35.70000076293945,12.100000381469728,9.960000038146973,1.4041600227355957,12,True,False,True,False,False,True,False,True,False,True,False,False,True,False,True,True,False,0
553,54.34000015258789,12.100000381469728,9.960000038146973,1.4041600227355957,14,False,True,False,False,True,True,False,True,False,False,True,False,True,True,False,True,False,0
554,53.22999954223633,12.100000381469728,9.960000038146973,1.4041600227355957,18,True,False,False,False,True,False,True,False,True,False,True,False,True,True,False,True,False,0
555,42.97999954223633,12.100000381469728,9.960000038146973,1.4041600227355957,13,True,False,False,False,True,True,False,True,False,False,True,False,True,True,False,True,False,0
556,61.86000061035156,6.599999904632568,9.960000038146973,1.4041600227355957,16,True,False,False,False,True,True,False,True,False,False,True,True,False,False,True,True,False,0
557,59.290000915527344,6.599999904632568,9.960000038146973,1.4041600227355957,12,False,True,False,False,True,True,False,True,False,False,True,True,False,False,True,True,False,0
558,54.849998474121094,6.599999904632568,9.960000038146973,1.4041600227355957,13,False,True,False,False,True,False,True,True,False,False,True,True,False,True,False,True,False,0
559,44.029998779296875,6.599999904632568,9.960000038146973,1.4041600227355957,12,False,True,False,False,True,False,True,False,True,False,True,True,False,True,False,True,False,0
560,42.31999969482422,6.599999904632568,9.960000038146973,1.4041600227355957,12,True,False,True,False,False,True,False,True,False,True,False,True,False,False,True,True,False,0
561,37.0,6.599999904632568,9.960000038146973,1.4041600227355957,12,True,False,False,False,True,True,False,True,False,True,False,True,False,False,True,True,False,0
562,48.0,11.0,9.960000038146973,1.4041600227355957,17,False,True,False,False,True,False,True,True,False,False,True,True,False,False,True,True,False,0
563,44.959999084472656,11.0,9.960000038146973,1.4041600227355957,12,False,True,False,True,False,True,False,True,False,False,True,True,False,False,True,True,False,0
564,55.7400016784668,11.0,9.960000038146973,1.4041600227355957,17,False,True,False,False,True,True,False,True,False,False,True,True,False,True,False,True,False,0
565,43.65999984741211,11.0,9.960000038146973,1.4041600227355957,14,False,True,False,False,True,True,False,True,False,False,True,True,False,False,True,True,False,0
566,38.849998474121094,11.0,9.960000038146973,1.4041600227355957,13,False,True,False,False,True,False,True,True,False,False,True,True,False,False,True,True,False,0
567,65.51000213623047,11.0,9.960000038146973,1.4041600227355957,16,False,True,True,False,False,False,True,True,False,False,True,True,False,False,True,True,False,0
568,54.959999084472656,6.900000095367432,9.960000038146973,1.4041600227355957,17,False,True,False,False,True,False,True,True,False,False,True,True,False,True,False,True,False,1
569,62.310001373291016,6.900000095367432,9.960000038146973,1.4041600227355957,16,True,False,False,False,True,False,True,True,False,False,True,True,False,False,True,True,False,1
570,47.470001220703125,6.900000095367432,9.960000038146973,1.4041600227355957,12,True,False,False,True,False,False,True,True,False,False,True,True,False,True,False,True,False,1
571,35.560001373291016,6.900000095367432,9.960000038146973,1.4041600227355957,12,True,False,False,False,True,True,False,True,False,True,False,True,False,False,True,True,False,1
572,64.93000030517578,6.900000095367432,9.960000038146973,1.4041600227355957,17,False,True,False,False,True,False,True,False,True,False,True,True,False,True,False,True,False,1
573,69.31999969482422,6.900000095367432,9.960000038146973,1.4041600227355957,16,True,False,False,False,True,True,False,True,False,False,True,True,False,False,True,True,False,1
574,50.88999938964844,6.900000095367432,9.960000038146973,1.4041600227355957,12,False,True,False,False,True,True,False,True,False,False,True,True,False,True,False,True,False,1
575,57.15999984741211,6.900000095367432,9.960000038146973,1.4041600227355957,14,True,False,False,False,True,True,False,True,False,False,True,True,False,False,True,True,False,1
576,55.040000915527344,9.0,9.960000038146973,1.4041600227355957,12,False,True,False,False,True,True,False,True,False,False,True,True,False,False,True,True,False,1
577,61.290000915527344,9.0,9.960000038146973,1.4041600227355957,12,True,False,False,False,True,True,False,True,False,False,True,True,False,False,True,True,False,1
578,65.0199966430664,9.0,9.960000038146973,1.4041600227355957,12,True,False,False,False,True,True,False,True,False,False,True,True,False,False,True,True,False,1
579,49.029998779296875,9.0,9.960000038146973,1.4041600227355957,12,False,True,False,False,True,True,False,True,False,False,True,True,False,False,True,True,False,1
580,52.790000915527344,9.0,9.960000038146973,1.4041600227355957,12,False,True,False,False,True,True,False,True,False,False,True,True,False,False,True,True,False,1
581,41.720001220703125,7.699999809265137,9.960000038146973,1.4041600227355957,14,False,True,True,False,False,True,False,True,False,False,True,False,True,False,True,True,False,0
582,56.58000183105469,7.699999809265137,9.960000038146973,1.4041600227355957,12,False,True,False,False,True,True,False,True,False,False,True,False,True,True,False,True,False,0
583,58.650001525878906,7.699999809265137,9.960000038146973,1.4041600227355957,13,False,True,True,False,False,True,False,True,False,False,True,False,True,False,True,True,False,0
584,38.119998931884766,7.699999809265137,9.960000038146973,1.4041600227355957,12,False,True,True,False,False,True,False,True,False,False,True,False,True,False,True,True,False,0
585,46.41999816894531,7.699999809265137,9.960000038146973,1.4041600227355957,14,False,True,True,False,False,True,False,True,False,True,False,False,True,False,True,True,False,0
586,50.810001373291016,7.699999809265137,9.960000038146973,1.4041600227355957,14,False,True,True,False,False,True,False,False,True,False,True,False,True,True,False,True,False,0
587,49.189998626708984,7.699999809265137,9.960000038146973,1.4041600227355957,15,True,False,False,False,True,True,False,True,False,True,False,False,True,False,True,True,False,0
588,38.56999969482422,7.699999809265137,9.960000038146973,1.4041600227355957,12,True,False,True,False,False,True,False,True,False,True,False,False,True,True,False,True,False,0
589,57.43000030517578,11.899999618530272,9.960000038146973,1.4041600227355957,12,True,False,False,False,True,True,False,True,False,False,True,True,False,False,True,True,False,0
590,61.290000915527344,11.899999618530272,9.960000038146973,1.4041600227355957,15,False,True,False,False,True,False,True,False,True,False,True,True,False,True,False,True,False,0
591,65.79000091552734,11.899999618530272,9.960000038146973,1.4041600227355957,14,False,True,False,False,True,True,False,True,False,True,False,True,False,False,True,True,False,0
592,59.470001220703125,11.899999618530272,9.960000038146973,1.4041600227355957,15,True,False,True,False,False,True,False,True,False,False,True,True,False,False,True,True,False,0
593,42.63999938964844,11.899999618530272,9.960000038146973,1.4041600227355957,12,False,True,False,False,True,True,False,True,False,False,True,True,False,False,True,True,False,0
594,41.47999954223633,8.199999809265137,9.960000038146973,1.4041600227355957,12,False,True,False,False,True,True,False,True,False,False,True,True,False,False,True,True,False,1
595,40.97999954223633,8.199999809265137,9.960000038146973,1.4041600227355957,12,False,True,True,False,False,True,False,True,False,False,True,True,False,True,False,True,False,1
596,36.939998626708984,8.199999809265137,9.960000038146973,1.4041600227355957,12,True,False,False,False,True,True,False,True,False,False,True,True,False,True,False,True,False,1
597,57.79999923706055,8.199999809265137,9.960000038146973,1.4041600227355957,12,False,True,False,False,True,True,False,True,False,False,True,True,False,False,True,True,False,1
598,56.189998626708984,8.199999809265137,9.960000038146973,1.4041600227355957,14,True,False,False,False,True,True,False,True,False,False,True,True,False,False,True,True,False,1
599,60.5099983215332,8.199999809265137,9.960000038146973,1.4041600227355957,15,False,True,False,False,True,True,False,True,False,False,True,True,False,False,True,True,False,1
600,34.15999984741211,7.699999809265137,9.960000038146973,1.4041600227355957,12,True,False,False,True,False,True,False,True,False,False,True,False,True,False,True,True,False,0
601,43.369998931884766,7.699999809265137,9.960000038146973,1.4041600227355957,13,True,False,False,True,False,True,False,True,False,False,True,False,True,False,True,True,False,0
602,40.150001525878906,6.599999904632568,9.960000038146973,1.4041600227355957,12,False,True,False,False,True,True,False,True,False,False,True,True,False,True,False,True,False,1
603,35.72999954223633,6.599999904632568,9.960000038146973,1.4041600227355957,12,False,True,False,False,True,False,True,False,True,False,True,True,False,False,True,True,False,1
604,38.72999954223633,9.399999618530272,9.960000038146973,1.4041600227355957,12,False,True,False,False,True,True,False,True,False,False,True,True,False,False,True,True,False,1
605,47.0,9.399999618530272,9.960000038146973,1.4041600227355957,12,False,True,False,False,True,True,False,True,False,False,True,True,False,False,True,True,False,1
606,37.40999984741211,9.399999618530272,9.960000038146973,1.4041600227355957,12,True,False,False,False,True,True,False,True,False,False,True,True,False,False,True,True,False,1
607,64.47000122070312,9.399999618530272,9.960000038146973,1.4041600227355957,13,False,True,False,False,True,True,False,True,False,False,True,True,False,False,True,True,False,1
608,62.25,9.399999618530272,9.960000038146973,1.4041600227355957,14,False,True,False,False,True,True,False,True,False,False,True,True,False,False,True,True,False,1
609,48.77000045776367,9.399999618530272,9.960000038146973,1.4041600227355957,12,False,True,False,False,True,True,False,True,False,False,True,True,False,False,True,True,False,1
610,51.900001525878906,9.5,9.960000038146973,1.4041600227355957,12,True,False,False,False,True,True,False,True,False,False,True,True,False,False,True,True,False,0
611,64.70999908447266,9.5,9.960000038146973,1.4041600227355957,15,False,True,False,False,True,False,True,False,True,False,True,True,False,False,True,True,False,0
612,46.45000076293945,9.5,9.960000038146973,1.4041600227355957,14,True,False,False,False,True,False,True,False,True,True,False,True,False,True,False,True,False,0
613,57.18000030517578,9.5,9.960000038146973,1.4041600227355957,12,False,True,False,False,True,True,False,True,False,False,True,True,False,False,True,True,False,0
614,43.709999084472656,9.5,9.960000038146973,1.4041600227355957,12,False,True,False,False,True,True,False,True,False,True,False,True,False,False,True,True,False,0
615,58.2400016784668,9.5,9.960000038146973,1.4041600227355957,12,False,True,False,False,True,True,False,True,False,False,True,True,False,False,True,True,False,0
616,45.619998931884766,9.5,9.960000038146973,1.4041600227355957,12,False,True,False,False,True,True,False,True,False,False,True,True,False,True,False,True,False,0
617,61.150001525878906,6.599999904632568,9.960000038146973,1.4041600227355957,13,True,False,False,False,True,True,False,True,False,False,True,True,False,True,False,True,False,0
618,46.58000183105469,6.599999904632568,9.960000038146973,1.4041600227355957,12,False,True,False,False,True,True,False,True,False,False,True,True,False,False,True,True,False,0
619,50.41999816894531,6.599999904632568,9.960000038146973,1.4041600227355957,12,True,False,False,False,True,True,False,True,False,True,False,True,False,False,True,True,False,0
620,36.09000015258789,6.599999904632568,9.960000038146973,1.4041600227355957,12,True,False,False,False,True,True,False,True,False,False,True,True,False,False,True,True,False,0
621,43.279998779296875,6.599999904632568,9.960000038146973,1.4041600227355957,12,False,True,False,False,True,True,False,True,False,False,True,True,False,False,True,True,False,0
622,35.099998474121094,7.5,9.960000038146973,1.4041600227355957,12,False,True,False,False,True,True,False,True,False,False,True,True,False,False,True,True,False,0
623,43.58000183105469,7.5,9.960000038146973,1.4041600227355957,14,True,False,False,False,True,True,False,False,True,False,True,True,False,False,True,True,False,0
624,64.16999816894531,7.5,9.960000038146973,1.4041600227355957,15,True,False,False,False,True,False,True,True,False,False,True,True,False,True,False,True,False,0
625,41.13999938964844,7.5,9.960000038146973,1.4041600227355957,12,False,True,True,False,False,True,False,True,False,False,True,True,False,False,True,True,False,0
626,41.11000061035156,7.5,9.960000038146973,1.4041600227355957,12,True,False,False,False,True,False,True,True,False,False,True,True,False,False,True,True,False,0
627,53.25,7.5,9.960000038146973,1.4041600227355957,12,True,False,False,False,True,True,False,True,False,False,True,True,False,False,True,True,False,0
628,49.279998779296875,7.5,9.960000038146973,1.4041600227355957,13,True,False,False,False,True,True,False,True,False,False,True,True,False,False,True,True,False,0
629,38.959999084472656,7.5,9.960000038146973,1.4041600227355957,12,False,True,True,False,False,True,False,True,False,True,False,True,False,False,True,True,False,0
630,62.65999984741211,7.5,9.960000038146973,1.4041600227355957,16,False,True,False,False,True,True,False,True,False,False,True,True,False,False,True,True,False,0
631,60.16999816894531,7.5,9.960000038146973,1.4041600227355957,15,True,False,False,False,True,True,False,True,False,False,True,True,False,False,True,True,False,0
632,40.970001220703125,7.5,9.960000038146973,1.4041600227355957,12,False,True,False,False,True,True,False,True,False,True,False,True,False,False,True,True,False,0
633,48.08000183105469,8.699999809265137,9.960000038146973,1.4041600227355957,12,False,True,False,False,True,True,False,True,False,False,True,True,False,False,True,True,False,1
634,52.61000061035156,8.699999809265137,9.960000038146973,1.4041600227355957,16,True,False,False,False,True,True,False,True,False,False,True,True,False,True,False,True,False,1
635,56.400001525878906,8.699999809265137,9.960000038146973,1.4041600227355957,12,True,False,False,False,True,True,False,True,False,True,False,True,False,False,True,True,False,1
636,58.029998779296875,8.699999809265137,9.960000038146973,1.4041600227355957,18,True,False,False,False,True,True,False,True,False,False,True,True,False,False,True,True,False,1
637,51.099998474121094,8.699999809265137,9.960000038146973,1.4041600227355957,13,True,False,False,False,True,False,True,True,False,False,True,True,False,False,True,True,False,1
638,65.79000091552734,8.699999809265137,9.960000038146973,1.4041600227355957,12,False,True,False,False,True,True,False,True,False,False,True,True,False,False,True,True,False,1
639,34.400001525878906,8.699999809265137,9.960000038146973,1.4041600227355957,13,True,False,False,False,True,True,False,True,False,False,True,True,False,True,False,True,False,1
640,61.220001220703125,8.699999809265137,9.960000038146973,1.4041600227355957,17,False,True,False,False,True,True,False,True,False,False,True,True,False,False,True,True,False,1
641,54.310001373291016,8.699999809265137,9.960000038146973,1.4041600227355957,16,True,False,False,False,True,True,False,True,False,False,True,True,False,False,True,True,False,1
642,61.810001373291016,8.699999809265137,9.960000038146973,1.4041600227355957,16,False,True,False,False,True,True,False,True,False,False,True,True,False,False,True,True,False,1
643,64.87000274658203,8.699999809265137,9.960000038146973,1.4041600227355957,17,False,True,False,False,True,False,True,True,False,False,True,True,False,True,False,True,False,1
644,45.849998474121094,6.599999904632568,9.960000038146973,1.4041600227355957,12,True,False,False,False,True,True,False,True,False,False,True,True,False,True,False,True,False,0
645,50.34000015258789,6.599999904632568,9.960000038146973,1.4041600227355957,16,False,True,True,False,False,False,True,True,False,False,True,True,False,True,False,True,False,0
646,38.220001220703125,6.599999904632568,9.960000038146973,1.4041600227355957,13,False,True,True,False,False,True,False,True,False,False,True,True,False,False,True,True,False,0
647,54.939998626708984,6.599999904632568,9.960000038146973,1.4041600227355957,12,True,False,False,False,True,True,False,True,False,False,True,True,False,False,True,True,False,0
648,42.130001068115234,10.199999809265137,9.960000038146973,1.4041600227355957,12,False,True,False,False,True,True,False,True,False,True,False,True,False,False,True,True,False,1
649,61.689998626708984,10.199999809265137,9.960000038146973,1.4041600227355957,16,False,True,False,False,True,True,False,True,False,True,False,True,False,False,True,True,False,1
650,64.52999877929688,10.199999809265137,9.960000038146973,1.4041600227355957,12,True,False,False,False,True,True,False,True,False,False,True,True,False,False,True,True,False,1
651,47.310001373291016,10.199999809265137,9.960000038146973,1.4041600227355957,12,False,True,False,False,True,True,False,True,False,False,True,True,False,False,True,True,False,1
652,40.22999954223633,10.199999809265137,9.960000038146973,1.4041600227355957,16,False,True,False,False,True,True,False,True,False,False,True,True,False,False,True,True,False,1
653,58.91999816894531,10.199999809265137,9.960000038146973,1.4041600227355957,12,True,False,False,False,True,True,False,True,False,False,True,True,False,False,True,True,False,1
654,52.939998626708984,6.599999904632568,9.960000038146973,1.4041600227355957,12,True,False,False,False,True,False,True,True,False,False,True,True,False,False,True,True,False,1
655,52.59000015258789,6.599999904632568,9.960000038146973,1.4041600227355957,12,False,True,False,False,True,True,False,True,False,False,True,True,False,True,False,True,False,1
656,48.86000061035156,6.599999904632568,9.960000038146973,1.4041600227355957,15,True,False,False,False,True,True,False,True,False,False,True,True,False,True,False,True,False,1
657,66.66999816894531,6.599999904632568,9.960000038146973,1.4041600227355957,14,False,True,False,False,True,True,False,True,False,False,True,True,False,True,False,True,False,1
658,45.970001220703125,13.399999618530272,9.960000038146973,1.4041600227355957,12,True,False,False,False,True,True,False,True,False,False,True,True,False,True,False,True,False,1
659,59.0099983215332,13.399999618530272,9.960000038146973,1.4041600227355957,13,True,False,False,False,True,True,False,True,False,False,True,True,False,False,True,True,False,1
660,41.02000045776367,13.399999618530272,9.960000038146973,1.4041600227355957,12,True,False,False,False,True,True,False,True,False,False,True,True,False,False,True,True,False,1
661,58.77000045776367,8.899999618530273,9.960000038146973,1.4041600227355957,15,False,True,False,False,True,True,False,True,False,False,True,True,False,False,True,True,False,1
662,48.54999923706055,8.899999618530273,9.960000038146973,1.4041600227355957,12,True,False,False,False,True,True,False,True,False,False,True,True,False,True,False,True,False,1
663,40.0099983215332,8.899999618530273,9.960000038146973,1.4041600227355957,12,True,False,False,False,True,True,False,True,False,False,True,True,False,False,True,True,False,1
664,59.150001525878906,8.899999618530273,9.960000038146973,1.4041600227355957,12,True,False,False,False,True,True,False,True,False,False,True,True,False,False,True,True,False,1
665,41.540000915527344,8.899999618530273,9.960000038146973,1.4041600227355957,12,False,True,False,False,True,True,False,True,False,False,True,True,False,False,True,True,False,1
666,54.369998931884766,8.899999618530273,9.960000038146973,1.4041600227355957,16,False,True,False,False,True,True,False,True,False,False,True,True,False,False,True,True,False,1
667,60.900001525878906,8.899999618530273,9.960000038146973,1.4041600227355957,12,True,False,False,False,True,True,False,True,False,False,True,True,False,False,True,True,False,1
668,35.72999954223633,8.899999618530273,9.960000038146973,1.4041600227355957,12,True,False,False,False,True,True,False,True,False,False,True,True,False,False,True,True,False,1
669,43.45000076293945,8.899999618530273,9.960000038146973,1.4041600227355957,15,False,True,False,False,True,False,True,False,True,False,True,True,False,True,False,True,False,1
670,65.41000366210938,8.899999618530273,9.960000038146973,1.4041600227355957,16,False,True,False,False,True,False,True,False,True,False,True,True,False,False,True,True,False,1
671,51.560001373291016,8.899999618530273,9.960000038146973,1.4041600227355957,15,False,True,False,False,True,True,False,True,False,False,True,True,False,True,False,True,False,1
672,56.2400016784668,8.899999618530273,9.960000038146973,1.4041600227355957,15,False,True,False,False,True,True,False,True,False,False,True,True,False,False,True,True,False,1
673,60.619998931884766,5.900000095367432,9.960000038146973,1.4041600227355957,13,True,False,False,False,True,True,False,False,True,False,True,True,False,True,False,True,False,0
674,57.900001525878906,5.900000095367432,9.960000038146973,1.4041600227355957,12,True,False,True,False,False,True,False,True,False,False,True,True,False,True,False,True,False,0
675,50.529998779296875,5.900000095367432,9.960000038146973,1.4041600227355957,13,False,True,True,False,False,True,False,True,False,False,True,True,False,True,False,True,False,0
676,54.63999938964844,5.900000095367432,9.960000038146973,1.4041600227355957,16,True,False,False,False,True,True,False,True,False,False,True,True,False,False,True,True,False,0
677,52.79999923706055,5.900000095367432,9.960000038146973,1.4041600227355957,14,True,False,True,False,False,True,False,True,False,False,True,True,False,True,False,True,False,0
678,44.7400016784668,5.900000095367432,9.960000038146973,1.4041600227355957,17,True,False,True,False,False,False,True,False,True,False,True,True,False,True,False,True,False,0
679,60.0,5.900000095367432,9.960000038146973,1.4041600227355957,17,True,False,False,False,True,True,False,True,False,False,True,True,False,False,True,True,False,0
680,36.790000915527344,7.099999904632568,9.960000038146973,1.4041600227355957,12,True,False,False,False,True,True,False,True,False,False,True,True,False,False,True,True,False,1
681,41.59000015258789,7.099999904632568,9.960000038146973,1.4041600227355957,12,False,True,False,False,True,True,False,True,False,False,True,True,False,False,True,True,False,1
682,46.529998779296875,7.099999904632568,9.960000038146973,1.4041600227355957,12,False,True,False,False,True,True,False,True,False,False,True,True,False,False,True,True,False,1
683,44.150001525878906,7.099999904632568,9.960000038146973,1.4041600227355957,12,False,True,False,False,True,True,False,True,False,False,True,True,False,False,True,True,False,1
684,38.790000915527344,7.099999904632568,9.960000038146973,1.4041600227355957,12,True,False,False,False,True,True,False,True,False,False,True,True,False,True,False,True,False,1
685,58.95000076293945,7.099999904632568,9.960000038146973,1.4041600227355957,12,True,False,False,False,True,True,False,True,False,False,True,True,False,False,True,True,False,1
686,64.33000183105469,7.099999904632568,9.960000038146973,1.4041600227355957,15,True,False,False,False,True,True,False,True,False,False,True,True,False,False,True,True,False,1
687,65.33999633789062,11.899999618530272,9.960000038146973,1.4041600227355957,15,True,False,False,False,True,True,False,True,False,False,True,True,False,False,True,True,False,1
688,48.959999084472656,11.899999618530272,9.960000038146973,1.4041600227355957,13,False,True,False,False,True,False,True,False,True,False,True,True,False,True,False,True,False,1
689,59.630001068115234,11.899999618530272,9.960000038146973,1.4041600227355957,12,True,False,False,False,True,True,False,True,False,False,True,True,False,False,True,True,False,1
690,40.4900016784668,11.899999618530272,9.960000038146973,1.4041600227355957,12,True,False,False,False,True,True,False,True,False,False,True,True,False,False,True,True,False,1
691,57.97999954223633,11.899999618530272,9.960000038146973,1.4041600227355957,12,True,False,False,False,True,True,False,True,False,False,True,True,False,True,False,True,False,1
692,44.11000061035156,11.899999618530272,9.960000038146973,1.4041600227355957,12,True,False,False,False,True,True,False,True,False,False,True,True,False,False,True,True,False,1
693,47.439998626708984,11.899999618530272,9.960000038146973,1.4041600227355957,12,True,False,False,False,True,True,False,True,False,True,False,True,False,False,True,True,False,1
694,54.939998626708984,11.899999618530272,9.960000038146973,1.4041600227355957,12,False,True,True,False,False,True,False,True,False,False,True,True,False,False,True,True,False,1
695,45.34000015258789,7.699999809265137,9.960000038146973,1.4041600227355957,12,False,True,True,False,False,True,False,True,False,False,True,False,True,False,True,True,False,0
696,36.189998626708984,7.699999809265137,9.960000038146973,1.4041600227355957,12,True,False,True,False,False,True,False,True,False,True,False,False,True,False,True,True,False,0
697,55.849998474121094,7.699999809265137,9.960000038146973,1.4041600227355957,13,False,True,True,False,False,True,False,True,False,True,False,False,True,False,True,True,False,0
698,43.15999984741211,7.699999809265137,9.960000038146973,1.4041600227355957,12,True,False,True,False,False,True,False,True,False,False,True,False,True,False,True,True,False,0
699,34.20000076293945,7.699999809265137,9.960000038146973,1.4041600227355957,12,True,False,True,False,False,True,False,False,True,False,True,False,True,False,True,True,False,0
700,39.150001525878906,6.599999904632568,9.960000038146973,1.4041600227355957,12,True,False,False,False,True,False,True,False,True,True,False,True,False,False,True,True,False,0
701,47.439998626708984,6.599999904632568,9.960000038146973,1.4041600227355957,15,True,False,False,False,True,True,False,True,False,False,True,True,False,True,False,True,False,0
702,56.52000045776367,6.599999904632568,9.960000038146973,1.4041600227355957,15,True,False,False,False,True,False,True,False,True,False,True,True,False,True,False,True,False,0
703,45.939998626708984,7.699999809265137,9.960000038146973,1.4041600227355957,14,False,True,True,False,False,True,False,True,False,False,True,False,True,False,True,True,False,0
704,55.47999954223633,7.699999809265137,9.960000038146973,1.4041600227355957,17,True,False,False,False,True,True,False,True,False,False,True,False,True,False,True,True,False,0
705,41.68000030517578,7.699999809265137,9.960000038146973,1.4041600227355957,17,True,False,True,False,False,False,True,True,False,False,True,False,True,True,False,True,False,0
706,49.5099983215332,7.699999809265137,9.960000038146973,1.4041600227355957,12,False,True,True,False,False,True,False,True,False,False,True,False,True,False,True,True,False,0
707,57.56999969482422,7.699999809265137,9.960000038146973,1.4041600227355957,12,True,False,False,False,True,True,False,True,False,False,True,False,True,False,True,True,False,0
708,59.54999923706055,7.699999809265137,9.960000038146973,1.4041600227355957,17,True,False,False,True,False,True,False,True,False,False,True,False,True,False,True,True,False,0
709,49.470001220703125,7.699999809265137,9.960000038146973,1.4041600227355957,12,True,False,True,False,False,True,False,True,False,False,True,False,True,True,False,True,False,0
710,60.2400016784668,7.699999809265137,9.960000038146973,1.4041600227355957,16,False,True,False,False,True,True,False,True,False,False,True,False,True,False,True,True,False,0
711,62.630001068115234,6.599999904632568,9.960000038146973,1.4041600227355957,15,False,True,False,False,True,True,False,True,False,False,True,False,True,False,True,True,False,0
712,51.630001068115234,6.599999904632568,9.960000038146973,1.4041600227355957,15,True,False,False,False,True,False,True,True,False,False,True,False,True,False,True,True,False,0
713,36.02000045776367,6.599999904632568,9.960000038146973,1.4041600227355957,13,True,False,True,False,False,True,False,True,False,True,False,False,True,False,True,True,False,0
714,67.5199966430664,11.300000190734863,9.960000038146973,1.4041600227355957,15,False,True,False,False,True,True,False,True,False,False,True,True,False,False,True,True,False,1
715,54.119998931884766,11.300000190734863,9.960000038146973,1.4041600227355957,12,False,True,False,False,True,True,False,True,False,False,True,True,False,False,True,True,False,1
716,55.529998779296875,11.300000190734863,9.960000038146973,1.4041600227355957,16,False,True,False,False,True,True,False,True,False,False,True,True,False,False,True,True,False,1
717,54.91999816894531,11.300000190734863,9.960000038146973,1.4041600227355957,15,True,False,False,False,True,True,False,False,True,False,True,True,False,True,False,True,False,1
718,48.540000915527344,11.300000190734863,9.960000038146973,1.4041600227355957,12,True,False,False,False,True,True,False,True,False,False,True,True,False,False,True,True,False,1
719,58.34000015258789,11.300000190734863,9.960000038146973,1.4041600227355957,17,True,False,False,False,True,True,False,True,False,False,True,True,False,False,True,True,False,1
720,49.88999938964844,11.300000190734863,9.960000038146973,1.4041600227355957,12,True,False,False,False,True,True,False,True,False,False,True,True,False,False,True,True,False,1
721,48.83000183105469,11.300000190734863,9.960000038146973,1.4041600227355957,12,True,False,False,False,True,True,False,True,False,False,True,True,False,False,True,True,False,1
722,42.650001525878906,8.100000381469727,9.960000038146973,1.4041600227355957,12,False,True,False,False,True,True,False,True,False,True,False,True,False,False,True,True,False,0
723,60.4900016784668,8.100000381469727,9.960000038146973,1.4041600227355957,14,True,False,False,False,True,True,False,True,False,True,False,True,False,False,True,True,False,0
724,46.65999984741211,8.100000381469727,9.960000038146973,1.4041600227355957,12,False,True,False,False,True,True,False,True,False,False,True,True,False,False,True,True,False,0
725,55.470001220703125,8.100000381469727,9.960000038146973,1.4041600227355957,13,False,True,False,False,True,True,False,True,False,False,True,True,False,True,False,True,False,0
726,38.43000030517578,8.100000381469727,9.960000038146973,1.4041600227355957,12,False,True,False,True,False,False,True,False,True,False,True,True,False,True,False,True,False,0
727,62.869998931884766,8.100000381469727,9.960000038146973,1.4041600227355957,15,True,False,False,False,True,True,False,True,False,False,True,True,False,False,True,True,False,0
728,40.77000045776367,8.100000381469727,9.960000038146973,1.4041600227355957,12,True,False,False,False,True,True,False,True,False,False,True,True,False,False,True,True,False,0
729,64.66999816894531,8.100000381469727,9.960000038146973,1.4041600227355957,15,True,False,False,False,True,True,False,True,False,False,True,True,False,False,True,True,False,0
730,51.560001373291016,3.4000000953674316,7.539999961853027,0.8187100291252136,17,True,False,False,False,True,True,False,True,False,True,False,True,False,True,False,True,False,1
731,61.7599983215332,3.4000000953674316,7.539999961853027,0.8187100291252136,16,True,False,False,False,True,False,True,True,False,False,True,True,False,True,False,True,False,1
732,47.38999938964844,3.4000000953674316,7.539999961853027,0.8187100291252136,15,False,True,True,False,False,True,False,False,True,False,True,True,False,False,True,True,False,1
733,49.59000015258789,3.4000000953674316,7.539999961853027,0.8187100291252136,12,True,False,False,False,True,True,False,True,False,False,True,True,False,True,False,True,False,1
734,43.79999923706055,5.5,7.539999961853027,0.8187100291252136,12,False,True,True,False,False,True,False,True,False,False,True,True,False,False,True,True,False,0
735,41.810001373291016,5.5,7.539999961853027,0.8187100291252136,15,True,False,True,False,False,True,False,True,False,False,True,True,False,False,True,True,False,0
736,55.900001525878906,5.5,7.539999961853027,0.8187100291252136,13,False,True,False,False,True,True,False,True,False,True,False,True,False,False,True,True,False,0
737,43.0,5.5,7.539999961853027,0.8187100291252136,12,True,False,True,False,False,True,False,True,False,True,False,True,False,False,True,True,False,0
738,45.849998474121094,5.599999904632568,7.539999961853027,0.8187100291252136,12,True,False,False,False,True,True,False,True,False,False,True,True,False,False,True,True,False,0
739,47.09000015258789,5.599999904632568,7.539999961853027,0.8187100291252136,13,False,True,False,False,True,True,False,True,False,False,True,True,False,True,False,True,False,0
740,50.68000030517578,5.599999904632568,7.539999961853027,0.8187100291252136,12,False,True,False,False,True,True,False,True,False,False,True,True,False,False,True,True,False,0
741,61.22999954223633,5.599999904632568,7.539999961853027,0.8187100291252136,12,True,False,False,False,True,True,False,True,False,False,True,True,False,False,True,True,False,0
742,43.869998931884766,5.599999904632568,7.539999961853027,0.8187100291252136,12,True,False,False,False,True,True,False,True,False,False,True,True,False,True,False,True,False,0
743,54.400001525878906,5.0,7.539999961853027,0.8187100291252136,12,False,True,False,True,False,True,False,True,False,False,True,False,True,False,True,True,False,0
744,43.22999954223633,5.0,7.539999961853027,0.8187100291252136,12,True,False,False,False,True,True,False,True,False,False,True,False,True,False,True,True,False,0
745,36.15999984741211,5.0,7.539999961853027,0.8187100291252136,12,True,False,False,False,True,True,False,True,False,False,True,False,True,False,True,True,False,0
746,59.63999938964844,5.5,7.349999904632568,0.7517299652099609,13,False,True,False,False,True,True,False,True,False,False,True,True,False,False,True,True,False,1
747,37.97999954223633,5.5,7.349999904632568,0.7517299652099609,12,True,False,False,False,True,True,False,True,False,False,True,True,False,False,True,True,False,1
748,34.63999938964844,5.5,7.349999904632568,0.7517299652099609,12,False,True,False,False,True,True,False,True,False,False,True,True,False,False,True,True,False,1
749,62.22999954223633,5.5,7.349999904632568,0.7517299652099609,12,True,False,False,False,True,True,False,True,False,False,True,True,False,False,True,True,False,1
750,52.59000015258789,5.5,7.349999904632568,0.7517299652099609,12,False,True,False,False,True,True,False,True,False,True,False,True,False,False,True,True,False,1
751,34.529998779296875,5.5,7.349999904632568,0.7517299652099609,12,False,True,True,False,False,True,False,True,False,False,True,True,False,False,True,True,False,1
752,42.43000030517578,4.199999809265137,9.68000030517578,1.0935300588607788,15,False,True,False,False,True,False,True,True,False,True,False,True,False,True,False,True,False,0
753,61.77000045776367,4.199999809265137,9.68000030517578,1.0935300588607788,12,True,False,True,False,False,True,False,True,False,True,False,True,False,False,True,True,False,0
754,48.459999084472656,4.199999809265137,9.68000030517578,1.0935300588607788,14,True,False,False,False,True,True,False,True,False,False,True,True,False,False,True,True,False,0
755,61.060001373291016,4.199999809265137,9.68000030517578,1.0935300588607788,14,True,False,False,False,True,False,True,False,True,False,True,True,False,False,True,True,False,0
756,43.15999984741211,4.199999809265137,9.68000030517578,1.0935300588607788,13,False,True,True,False,False,True,False,True,False,True,False,True,False,False,True,True,False,0
757,47.33000183105469,4.199999809265137,9.68000030517578,1.0935300588607788,12,False,True,False,False,True,True,False,True,False,False,True,True,False,False,True,True,False,0
758,47.54999923706055,4.199999809265137,9.68000030517578,1.0935300588607788,14,True,False,False,True,False,False,True,True,False,False,True,True,False,False,True,True,False,0
759,55.93000030517578,4.199999809265137,9.68000030517578,1.0935300588607788,12,False,True,False,False,True,True,False,True,False,True,False,True,False,False,True,True,False,0
760,39.31999969482422,4.199999809265137,9.68000030517578,1.0935300588607788,14,True,False,True,False,False,True,False,True,False,False,True,True,False,True,False,True,False,0
761,59.47999954223633,5.300000190734863,7.539999961853027,0.8187100291252136,12,False,True,False,False,True,False,True,False,True,False,True,True,False,True,False,True,False,0
762,43.540000915527344,5.300000190734863,7.539999961853027,0.8187100291252136,15,False,True,False,False,True,True,False,True,False,False,True,True,False,False,True,True,False,0
763,54.33000183105469,5.300000190734863,7.539999961853027,0.8187100291252136,14,True,False,False,False,True,False,True,False,True,False,True,True,False,False,True,True,False,0
764,51.25,5.300000190734863,7.539999961853027,0.8187100291252136,14,True,False,False,False,True,True,False,True,False,False,True,True,False,False,True,True,False,0
765,37.90999984741211,5.0,7.539999961853027,0.8187100291252136,12,False,True,False,False,True,True,False,True,False,False,True,False,True,False,True,True,False,0
766,46.77000045776367,5.0,7.539999961853027,0.8187100291252136,12,False,True,False,False,True,True,False,False,True,False,True,False,True,False,True,True,False,0
767,38.56999969482422,4.199999809265137,9.68000030517578,1.0935300588607788,12,True,False,True,False,False,True,False,False,True,True,False,True,False,True,False,True,False,0
768,64.01000213623047,4.199999809265137,9.68000030517578,1.0935300588607788,15,False,True,False,False,True,False,True,True,False,False,True,True,False,True,False,True,False,0
769,40.47999954223633,4.199999809265137,9.68000030517578,1.0935300588607788,14,True,False,False,True,False,True,False,True,False,True,False,True,False,False,True,True,False,0
770,58.189998626708984,4.199999809265137,9.68000030517578,1.0935300588607788,14,True,False,True,False,False,True,False,True,False,True,False,True,False,False,True,True,False,0
771,52.97999954223633,4.199999809265137,9.68000030517578,1.0935300588607788,15,True,False,False,False,True,False,True,False,True,False,True,True,False,False,True,True,False,0
772,48.81999969482422,4.199999809265137,9.68000030517578,1.0935300588607788,13,False,True,True,False,False,True,False,True,False,False,True,True,False,True,False,True,False,0
773,52.560001373291016,4.199999809265137,9.68000030517578,1.0935300588607788,16,True,False,True,False,False,True,False,True,False,False,True,True,False,True,False,True,False,0
774,55.11000061035156,4.199999809265137,9.68000030517578,1.0935300588607788,15,False,True,True,False,False,False,True,True,False,False,True,True,False,True,False,True,False,0
775,42.56999969482422,4.199999809265137,9.68000030517578,1.0935300588607788,12,True,False,True,False,False,True,False,True,False,False,True,True,False,False,True,True,False,0
776,51.4900016784668,5.300000190734863,7.539999961853027,0.8187100291252136,12,True,False,False,False,True,True,False,True,False,False,True,True,False,False,True,True,False,0
777,54.380001068115234,5.300000190734863,7.539999961853027,0.8187100291252136,12,False,True,False,False,True,False,True,True,False,False,True,True,False,False,True,True,False,0
778,43.70000076293945,5.300000190734863,7.539999961853027,0.8187100291252136,13,False,True,False,False,True,True,False,True,False,False,True,True,False,False,True,True,False,0
779,63.95000076293945,5.300000190734863,9.68000030517578,1.0935300588607788,16,False,True,False,False,True,True,False,True,False,True,False,True,False,False,True,True,False,1
780,53.34000015258789,5.300000190734863,9.68000030517578,1.0935300588607788,15,True,False,False,False,True,False,True,True,False,False,True,True,False,True,False,True,False,1
781,51.36000061035156,5.300000190734863,9.68000030517578,1.0935300588607788,14,False,True,False,False,True,True,False,True,False,False,True,True,False,False,True,True,False,1
782,53.66999816894531,5.300000190734863,9.68000030517578,1.0935300588607788,12,True,False,False,False,True,True,False,True,False,True,False,True,False,False,True,True,False,1
783,36.2599983215332,5.300000190734863,9.68000030517578,1.0935300588607788,12,False,True,False,False,True,True,False,False,True,False,True,True,False,False,True,True,False,1
784,46.939998626708984,5.300000190734863,9.68000030517578,1.0935300588607788,15,True,False,False,False,True,True,False,True,False,False,True,True,False,False,True,True,False,1
785,48.61000061035156,5.300000190734863,9.68000030517578,1.0935300588607788,12,False,True,False,False,True,True,False,True,False,True,False,True,False,False,True,True,False,1
786,56.38999938964844,5.300000190734863,9.68000030517578,1.0935300588607788,14,False,True,True,False,False,True,False,True,False,False,True,True,False,False,True,True,False,1
787,49.810001373291016,5.300000190734863,9.68000030517578,1.0935300588607788,12,True,False,False,False,True,True,False,True,False,False,True,True,False,False,True,True,False,1
788,62.38999938964844,3.0,9.68000030517578,1.0935300588607788,16,False,True,False,False,True,False,True,False,True,False,True,True,False,True,False,True,False,1
789,60.400001525878906,3.0,9.68000030517578,1.0935300588607788,13,False,True,False,False,True,True,False,True,False,False,True,True,False,False,True,True,False,1
790,61.720001220703125,3.0,9.68000030517578,1.0935300588607788,13,False,True,False,False,True,False,True,True,False,False,True,True,False,True,False,True,False,1
791,53.720001220703125,3.0,9.68000030517578,1.0935300588607788,15,True,False,False,False,True,False,True,True,False,False,True,True,False,True,False,True,False,1
792,49.380001068115234,3.0,9.68000030517578,1.0935300588607788,12,False,True,False,True,False,True,False,True,False,False,True,True,False,True,False,True,False,1
793,57.099998474121094,3.0,9.68000030517578,1.0935300588607788,16,True,False,True,False,False,False,True,False,True,False,True,True,False,True,False,True,False,1
794,50.060001373291016,3.0,9.68000030517578,1.0935300588607788,14,True,False,False,False,True,False,True,True,False,False,True,True,False,True,False,True,False,1
795,59.7599983215332,3.0,9.68000030517578,1.0935300588607788,16,True,False,False,False,True,False,True,True,False,False,True,True,False,False,True,True,False,1
796,53.15999984741211,3.0,9.68000030517578,1.0935300588607788,13,False,True,False,False,True,False,True,False,True,False,True,True,False,False,True,True,False,1
797,38.900001525878906,3.0,9.68000030517578,1.0935300588607788,15,True,False,False,False,True,True,False,True,False,False,True,True,False,False,True,True,False,1
798,52.31999969482422,3.0,9.68000030517578,1.0935300588607788,16,True,False,False,False,True,True,False,False,True,False,True,True,False,True,False,True,False,1
799,52.61000061035156,5.599999904632568,7.539999961853027,0.8187100291252136,14,False,True,False,False,True,False,True,False,True,False,True,True,False,True,False,True,False,1
800,63.7599983215332,4.599999904632568,7.349999904632568,0.7517299652099609,12,True,False,False,False,True,True,False,True,False,False,True,True,False,True,False,True,False,0
801,64.81999969482422,4.599999904632568,7.349999904632568,0.7517299652099609,17,True,False,False,False,True,True,False,True,False,False,True,True,False,False,True,True,False,0
802,48.75,4.599999904632568,7.349999904632568,0.7517299652099609,12,False,True,False,False,True,True,False,True,False,False,True,True,False,True,False,True,False,0
803,57.02000045776367,4.599999904632568,7.349999904632568,0.7517299652099609,16,True,False,False,False,True,True,False,True,False,False,True,True,False,True,False,True,False,0
804,53.02000045776367,2.5,7.179999828338623,1.1651300191879272,12,True,False,False,False,True,True,False,True,False,False,True,True,False,False,True,True,False,1
805,55.939998626708984,2.5,7.179999828338623,1.1651300191879272,13,True,False,False,False,True,False,True,False,True,False,True,True,False,True,False,True,False,1
806,58.59000015258789,2.5,7.179999828338623,1.1651300191879272,16,True,False,False,False,True,False,True,False,True,False,True,True,False,True,False,True,False,1
807,66.37000274658203,2.5,7.179999828338623,1.1651300191879272,14,False,True,False,False,True,False,True,False,True,False,True,True,False,True,False,True,False,1
808,52.810001373291016,2.5,7.179999828338623,1.1651300191879272,14,True,False,False,False,True,True,False,True,False,False,True,True,False,False,True,True,False,1
809,46.849998474121094,4.0,7.539999961853027,0.8187100291252136,13,True,False,False,False,True,True,False,True,False,False,True,True,False,False,True,True,False,1
810,59.810001373291016,4.0,7.539999961853027,0.8187100291252136,16,True,False,False,False,True,False,True,True,False,True,False,True,False,True,False,True,False,1
811,45.25,4.0,7.539999961853027,0.8187100291252136,17,False,True,False,False,True,False,True,True,False,False,True,True,False,False,True,True,False,1
812,32.099998474121094,4.0,7.539999961853027,0.8187100291252136,12,True,False,False,True,False,True,False,True,False,True,False,True,False,False,True,True,False,1
813,52.529998779296875,4.0,7.539999961853027,0.8187100291252136,12,False,True,False,False,True,True,False,True,False,False,True,True,False,False,True,True,False,1
814,56.81999969482422,4.0,7.539999961853027,0.8187100291252136,15,True,False,False,True,False,True,False,True,False,False,True,True,False,False,True,True,False,1
815,58.220001220703125,4.0,7.539999961853027,0.8187100291252136,13,False,True,True,False,False,True,False,True,False,False,True,True,False,False,True,True,False,1
816,55.779998779296875,5.099999904632568,7.349999904632568,0.7517299652099609,12,False,True,False,False,True,True,False,True,False,True,False,True,False,False,True,True,False,0
817,47.349998474121094,4.0,7.539999961853027,0.8187100291252136,17,True,False,False,False,True,True,False,False,True,False,True,True,False,True,False,True,False,0
818,59.9900016784668,4.0,7.539999961853027,0.8187100291252136,16,True,False,False,False,True,True,False,True,False,False,True,True,False,False,True,True,False,0
819,55.849998474121094,4.0,7.539999961853027,0.8187100291252136,17,True,False,True,False,False,True,False,True,False,False,True,True,False,False,True,True,False,0
820,62.43000030517578,4.0,7.539999961853027,0.8187100291252136,12,False,True,False,False,True,True,False,True,False,False,True,True,False,False,True,True,False,0
821,58.72999954223633,2.5,7.179999828338623,1.1651300191879272,15,True,False,False,True,False,True,False,True,False,False,True,True,False,True,False,True,False,1
822,62.720001220703125,2.5,7.179999828338623,1.1651300191879272,12,False,True,False,False,True,False,True,False,True,False,True,True,False,True,False,True,False,1
823,55.810001373291016,2.5,7.179999828338623,1.1651300191879272,12,True,False,False,False,True,True,False,True,False,False,True,True,False,False,True,True,False,1
824,54.06999969482422,2.5,7.179999828338623,1.1651300191879272,16,True,False,False,True,False,False,True,False,True,True,False,True,False,True,False,True,False,1
825,40.25,4.199999809265137,9.68000030517578,1.0935300588607788,12,True,False,True,False,False,True,False,True,False,True,False,True,False,False,True,True,False,0
826,59.02000045776367,4.199999809265137,9.68000030517578,1.0935300588607788,15,True,False,False,False,True,True,False,True,False,True,False,True,False,True,False,True,False,0
827,41.7400016784668,4.199999809265137,9.68000030517578,1.0935300588607788,12,False,True,False,False,True,True,False,True,False,False,True,True,False,False,True,True,False,0
828,45.86000061035156,4.199999809265137,9.68000030517578,1.0935300588607788,13,False,True,False,False,True,False,True,True,False,False,True,True,False,True,False,True,False,0
829,67.75,4.199999809265137,9.68000030517578,1.0935300588607788,16,False,True,False,False,True,False,True,True,False,False,True,True,False,True,False,True,False,0
830,49.72999954223633,4.199999809265137,9.68000030517578,1.0935300588607788,12,True,False,False,False,True,True,False,True,False,False,True,True,False,True,False,True,False,0
831,44.459999084472656,4.199999809265137,9.68000030517578,1.0935300588607788,12,False,True,False,False,True,False,True,True,False,False,True,True,False,False,True,True,False,0
832,45.20000076293945,4.199999809265137,9.68000030517578,1.0935300588607788,12,True,False,False,False,True,True,False,True,False,False,True,True,False,False,True,True,False,0
833,41.52000045776367,4.199999809265137,9.68000030517578,1.0935300588607788,12,True,False,False,False,True,True,False,True,False,False,True,True,False,False,True,True,False,0
834,64.75,6.300000190734863,9.68000030517578,1.0935300588607788,16,True,False,False,False,True,True,False,True,False,False,True,True,False,False,True,True,False,1
835,41.959999084472656,6.300000190734863,9.68000030517578,1.0935300588607788,12,True,False,True,False,False,True,False,True,False,True,False,True,False,False,True,True,False,1
836,44.2400016784668,6.300000190734863,9.68000030517578,1.0935300588607788,13,True,False,False,False,True,True,False,True,False,True,False,True,False,False,True,True,False,1
837,54.029998779296875,6.300000190734863,9.68000030517578,1.0935300588607788,12,False,True,False,False,True,True,False,True,False,False,True,True,False,False,True,True,False,1
838,44.779998779296875,8.300000190734863,7.539999961853027,0.8187100291252136,12,True,False,False,False,True,True,False,True,False,False,True,True,False,False,True,True,False,1
839,43.22999954223633,8.300000190734863,7.539999961853027,0.8187100291252136,12,True,False,True,False,False,True,False,True,False,False,True,True,False,False,True,True,False,1
840,51.56999969482422,8.300000190734863,7.539999961853027,0.8187100291252136,12,False,True,False,False,True,True,False,True,False,False,True,True,False,False,True,True,False,1
841,40.81999969482422,8.300000190734863,7.539999961853027,0.8187100291252136,13,False,True,True,False,False,True,False,True,False,False,True,True,False,False,True,True,False,1
842,33.95000076293945,6.800000190734863,7.329999923706055,0.6558899879455566,12,False,True,True,False,False,True,False,True,False,False,True,True,False,False,True,True,False,1
843,37.25,6.800000190734863,7.329999923706055,0.6558899879455566,12,False,True,True,False,False,True,False,True,False,True,False,True,False,False,True,True,False,1
844,43.68000030517578,6.800000190734863,7.329999923706055,0.6558899879455566,12,False,True,False,False,True,True,False,True,False,False,True,True,False,False,True,True,False,1
845,57.369998931884766,6.800000190734863,7.329999923706055,0.6558899879455566,13,False,True,False,False,True,False,True,True,False,False,True,True,False,False,True,True,False,1
846,50.150001525878906,6.800000190734863,7.329999923706055,0.6558899879455566,12,False,True,False,False,True,True,False,True,False,True,False,True,False,False,True,True,False,1
847,51.65999984741211,14.199999809265137,10.149999618530272,0.4341799914836883,12,True,False,False,False,True,True,False,True,False,False,True,True,False,False,True,True,False,1
848,50.16999816894531,14.199999809265137,10.149999618530272,0.4341799914836883,13,True,False,False,False,True,True,False,True,False,False,True,True,False,False,True,True,False,1
849,49.52000045776367,14.199999809265137,10.149999618530272,0.4341799914836883,14,True,False,False,False,True,True,False,True,False,True,False,True,False,False,True,True,False,1
850,68.95999908447266,14.199999809265137,10.149999618530272,0.4341799914836883,15,True,False,False,False,True,True,False,True,False,True,False,True,False,False,True,True,False,1
851,61.380001068115234,14.199999809265137,10.149999618530272,0.4341799914836883,12,True,False,False,False,True,True,False,True,False,False,True,True,False,False,True,True,False,1
852,56.34000015258789,14.199999809265137,10.149999618530272,0.4341799914836883,15,True,False,False,False,True,True,False,True,False,False,True,True,False,False,True,True,False,1
853,38.75,14.199999809265137,10.149999618530272,0.4341799914836883,12,True,False,False,False,True,True,False,True,False,False,True,True,False,False,True,True,False,1
854,61.31999969482422,14.199999809265137,10.149999618530272,0.4341799914836883,16,True,False,False,False,True,True,False,True,False,True,False,True,False,False,True,True,False,1
855,50.66999816894531,4.5,7.329999923706055,0.6558899879455566,12,True,False,False,False,True,True,False,True,False,True,False,True,False,True,False,True,False,1
856,44.13999938964844,4.5,7.329999923706055,0.6558899879455566,12,True,False,False,False,True,True,False,False,True,True,False,True,False,False,True,True,False,1
857,46.09000015258789,4.5,7.329999923706055,0.6558899879455566,12,True,False,False,False,True,True,False,True,False,False,True,True,False,False,True,True,False,1
858,59.560001373291016,4.5,7.329999923706055,0.6558899879455566,13,False,True,False,False,True,True,False,True,False,False,True,True,False,False,True,True,False,1
859,45.52000045776367,4.5,7.329999923706055,0.6558899879455566,13,True,False,False,False,True,True,False,False,True,False,True,True,False,False,True,True,False,1
860,54.029998779296875,7.199999809265137,7.329999923706055,0.6558899879455566,16,False,True,True,False,False,True,False,True,False,False,True,True,False,False,True,True,False,1
861,50.310001373291016,7.199999809265137,7.329999923706055,0.6558899879455566,13,True,False,False,False,True,True,False,True,False,False,True,True,False,False,True,True,False,1
862,35.77000045776367,7.199999809265137,7.329999923706055,0.6558899879455566,13,False,True,True,False,False,True,False,True,False,True,False,True,False,False,True,True,False,1
863,55.119998931884766,7.199999809265137,7.329999923706055,0.6558899879455566,12,False,True,False,False,True,True,False,True,False,False,True,True,False,False,True,True,False,1
864,44.56999969482422,7.199999809265137,7.329999923706055,0.6558899879455566,12,False,True,False,False,True,True,False,True,False,False,True,True,False,False,True,True,False,1
865,58.04999923706055,7.199999809265137,7.329999923706055,0.6558899879455566,12,False,True,False,False,True,True,False,True,False,True,False,True,False,False,True,True,False,1
866,38.810001373291016,7.199999809265137,7.329999923706055,0.6558899879455566,12,False,True,True,False,False,True,False,True,False,False,True,True,False,False,True,True,False,1
867,34.2400016784668,7.199999809265137,7.329999923706055,0.6558899879455566,12,False,True,True,False,False,True,False,True,False,False,True,True,False,False,True,True,False,1
868,38.560001373291016,7.199999809265137,7.329999923706055,0.6558899879455566,12,False,True,True,False,False,True,False,True,False,False,True,True,False,False,True,True,False,1
869,42.58000183105469,7.199999809265137,7.329999923706055,0.6558899879455566,12,True,False,False,False,True,True,False,True,False,False,True,True,False,False,True,True,False,1
870,40.18000030517578,7.199999809265137,7.329999923706055,0.6558899879455566,12,False,True,False,True,False,True,False,True,False,False,True,True,False,True,False,True,False,1
871,64.93000030517578,7.199999809265137,7.329999923706055,0.6558899879455566,16,True,False,False,False,True,True,False,True,False,False,True,True,False,True,False,True,False,1
872,47.31999969482422,7.199999809265137,7.329999923706055,0.6558899879455566,12,False,True,False,False,True,True,False,True,False,True,False,True,False,False,True,True,False,1
873,55.20000076293945,6.699999809265137,7.179999828338623,1.1651300191879272,12,True,False,False,False,True,True,False,True,False,False,True,True,False,True,False,True,False,0
874,40.900001525878906,6.699999809265137,7.179999828338623,1.1651300191879272,12,True,False,False,False,True,True,False,True,False,True,False,True,False,False,True,True,False,0
875,65.51000213623047,6.699999809265137,7.179999828338623,1.1651300191879272,15,False,True,False,False,True,True,False,True,False,False,True,True,False,False,True,True,False,0
876,59.86000061035156,6.699999809265137,7.179999828338623,1.1651300191879272,12,True,False,False,False,True,True,False,True,False,False,True,True,False,False,True,True,False,0
877,38.15999984741211,6.699999809265137,7.179999828338623,1.1651300191879272,15,False,True,False,False,True,True,False,True,False,False,True,True,False,True,False,True,False,0
878,41.810001373291016,12.600000381469728,10.149999618530272,0.4341799914836883,14,True,False,False,False,True,True,False,True,False,False,True,True,False,True,False,True,False,1
879,44.709999084472656,12.600000381469728,10.149999618530272,0.4341799914836883,16,True,False,False,False,True,True,False,True,False,False,True,True,False,True,False,True,False,1
880,45.380001068115234,12.600000381469728,10.149999618530272,0.4341799914836883,15,True,False,False,False,True,True,False,True,False,False,True,True,False,False,True,True,False,1
881,32.13999938964844,12.600000381469728,10.149999618530272,0.4341799914836883,12,True,False,False,False,True,True,False,True,False,False,True,True,False,False,True,True,False,1
882,37.88999938964844,12.600000381469728,10.149999618530272,0.4341799914836883,12,False,True,False,True,False,True,False,True,False,False,True,True,False,False,True,True,False,1
883,59.400001525878906,7.199999809265137,7.179999828338623,1.1651300191879272,15,True,False,False,False,True,True,False,True,False,False,True,True,False,False,True,True,False,1
884,55.380001068115234,7.199999809265137,7.179999828338623,1.1651300191879272,13,True,False,False,False,True,True,False,True,False,False,True,True,False,False,True,True,False,1
885,41.88999938964844,7.199999809265137,7.179999828338623,1.1651300191879272,12,True,False,False,False,True,True,False,True,False,True,False,True,False,False,True,True,False,1
886,36.099998474121094,7.199999809265137,7.179999828338623,1.1651300191879272,12,False,True,False,False,True,True,False,True,False,False,True,True,False,False,True,True,False,1
887,67.19000244140625,7.199999809265137,7.179999828338623,1.1651300191879272,16,False,True,False,False,True,False,True,False,True,False,True,True,False,True,False,True,False,1
888,40.349998474121094,7.199999809265137,7.179999828338623,1.1651300191879272,14,True,False,True,False,False,True,False,True,False,False,True,True,False,False,True,True,False,1
889,53.77000045776367,7.199999809265137,7.179999828338623,1.1651300191879272,13,True,False,False,False,True,True,False,True,False,False,True,True,False,False,True,True,False,1
890,62.970001220703125,7.199999809265137,7.179999828338623,1.1651300191879272,12,True,False,False,False,True,True,False,True,False,False,True,True,False,False,True,True,False,1
891,57.2599983215332,7.199999809265137,7.179999828338623,1.1651300191879272,16,False,True,False,False,True,True,False,False,True,False,True,True,False,False,True,True,False,1
892,47.56999969482422,7.199999809265137,7.179999828338623,1.1651300191879272,12,True,False,False,False,True,True,False,True,False,False,True,True,False,False,True,True,False,1
893,48.119998931884766,15.699999809265137,10.149999618530272,0.4341799914836883,13,True,False,False,False,True,True,False,True,False,False,True,True,False,False,True,True,False,1
894,57.400001525878906,15.699999809265137,10.149999618530272,0.4341799914836883,18,False,True,False,False,True,True,False,True,False,False,True,True,False,False,True,True,False,1
895,55.66999816894531,15.699999809265137,10.149999618530272,0.4341799914836883,15,False,True,False,False,True,True,False,True,False,False,True,True,False,False,True,True,False,1
896,53.7599983215332,15.699999809265137,10.149999618530272,0.4341799914836883,14,True,False,False,False,True,True,False,True,False,False,True,True,False,False,True,True,False,1
897,46.56999969482422,15.699999809265137,10.149999618530272,0.4341799914836883,12,True,False,False,False,True,True,False,True,False,False,True,True,False,False,True,True,False,1
898,58.43000030517578,15.699999809265137,10.149999618530272,0.4341799914836883,16,False,True,False,False,True,True,False,True,False,False,True,True,False,False,True,True,False,1
899,45.040000915527344,15.699999809265137,10.149999618530272,0.4341799914836883,12,True,False,False,True,False,True,False,True,False,True,False,True,False,False,True,True,False,1
900,54.75,15.699999809265137,10.149999618530272,0.4341799914836883,16,True,False,False,False,True,True,False,True,False,True,False,True,False,True,False,True,False,1
901,47.900001525878906,12.600000381469728,10.149999618530272,0.4341799914836883,12,False,True,False,True,False,True,False,True,False,False,True,True,False,False,True,True,False,1
902,45.560001373291016,12.600000381469728,10.149999618530272,0.4341799914836883,12,False,True,False,False,True,True,False,True,False,False,True,True,False,False,True,True,False,1
903,51.900001525878906,12.600000381469728,10.149999618530272,0.4341799914836883,12,True,False,False,False,True,True,False,True,False,False,True,True,False,False,True,True,False,1
904,36.25,12.600000381469728,10.149999618530272,0.4341799914836883,12,True,False,False,False,True,True,False,True,False,False,True,True,False,False,True,True,False,1
905,47.52000045776367,12.600000381469728,10.149999618530272,0.4341799914836883,13,True,False,False,False,True,True,False,True,False,False,True,True,False,False,True,True,False,1
906,43.810001373291016,12.600000381469728,10.149999618530272,0.4341799914836883,14,True,False,False,False,True,True,False,True,False,False,True,True,False,False,True,True,False,1
907,40.130001068115234,12.600000381469728,10.149999618530272,0.4341799914836883,12,False,True,False,False,True,True,False,True,False,False,True,True,False,False,True,True,False,1
908,36.54999923706055,12.600000381469728,10.149999618530272,0.4341799914836883,12,True,False,False,False,True,True,False,True,False,False,True,True,False,False,True,True,False,1
909,51.81999969482422,6.5,7.349999904632568,0.7517299652099609,12,True,False,False,False,True,True,False,True,False,True,False,True,False,False,True,True,False,0
910,55.75,6.5,7.349999904632568,0.7517299652099609,12,True,False,True,False,False,True,False,True,False,True,False,True,False,False,True,True,False,0
911,45.5,6.5,7.349999904632568,0.7517299652099609,12,False,True,True,False,False,True,False,True,False,True,False,True,False,False,True,True,False,0
912,43.66999816894531,6.5,7.349999904632568,0.7517299652099609,13,False,True,True,False,False,True,False,True,False,True,False,True,False,False,True,True,False,0
913,61.310001373291016,9.199999809265137,10.149999618530272,0.4341799914836883,12,False,True,False,False,True,True,False,True,False,True,False,True,False,False,True,True,False,0
914,38.529998779296875,9.199999809265137,10.149999618530272,0.4341799914836883,15,True,False,True,False,False,False,True,True,False,False,True,True,False,True,False,True,False,0
915,55.47999954223633,9.199999809265137,10.149999618530272,0.4341799914836883,12,True,False,True,False,False,True,False,False,True,False,True,True,False,False,True,True,False,0
916,44.08000183105469,9.199999809265137,10.149999618530272,0.4341799914836883,14,True,False,False,False,True,True,False,True,False,False,True,True,False,False,True,True,False,0
917,46.9900016784668,9.199999809265137,10.149999618530272,0.4341799914836883,13,False,True,True,False,False,False,True,True,False,False,True,True,False,False,True,True,False,0
918,55.369998931884766,9.199999809265137,10.149999618530272,0.4341799914836883,16,True,False,False,False,True,False,True,False,True,False,True,True,False,True,False,True,False,0
919,58.43000030517578,9.199999809265137,10.149999618530272,0.4341799914836883,16,True,False,False,False,True,False,True,False,True,False,True,True,False,False,True,True,False,0
920,49.689998626708984,9.199999809265137,10.149999618530272,0.4341799914836883,12,True,False,True,False,False,True,False,True,False,False,True,True,False,False,True,True,False,0
921,47.900001525878906,9.199999809265137,10.149999618530272,0.4341799914836883,14,True,False,True,False,False,True,False,True,False,True,False,True,False,False,True,True,False,0
922,35.68000030517578,9.199999809265137,10.149999618530272,0.4341799914836883,12,False,True,True,False,False,True,False,True,False,False,True,True,False,False,True,True,False,0
923,63.7599983215332,10.800000190734863,9.68000030517578,1.0935300588607788,15,False,True,False,False,True,False,True,True,False,False,True,True,False,False,True,True,False,0
924,49.75,10.800000190734863,9.68000030517578,1.0935300588607788,13,True,False,False,False,True,True,False,True,False,True,False,True,False,False,True,True,False,0
925,66.19000244140625,10.800000190734863,9.68000030517578,1.0935300588607788,12,True,False,False,False,True,True,False,True,False,False,True,True,False,False,True,True,False,0
926,45.59000015258789,10.800000190734863,9.68000030517578,1.0935300588607788,12,True,False,False,False,True,True,False,True,False,False,True,True,False,False,True,True,False,0
927,41.77000045776367,10.800000190734863,9.68000030517578,1.0935300588607788,12,False,True,False,False,True,True,False,True,False,False,True,True,False,True,False,True,False,0
928,46.16999816894531,7.300000190734863,9.68000030517578,1.0935300588607788,12,True,False,True,False,False,False,True,True,False,False,True,True,False,False,True,True,False,0
929,38.97999954223633,7.300000190734863,9.68000030517578,1.0935300588607788,12,False,True,True,False,False,True,False,True,False,False,True,True,False,False,True,True,False,0
930,40.630001068115234,7.300000190734863,9.68000030517578,1.0935300588607788,12,True,False,True,False,False,True,False,True,False,False,True,True,False,False,True,True,False,0
931,54.689998626708984,7.300000190734863,9.68000030517578,1.0935300588607788,12,False,True,True,False,False,True,False,True,False,False,True,True,False,False,True,True,False,0
932,56.13999938964844,7.300000190734863,9.68000030517578,1.0935300588607788,16,False,True,False,False,True,True,False,True,False,True,False,True,False,False,True,True,False,0
933,50.08000183105469,7.300000190734863,9.68000030517578,1.0935300588607788,12,True,False,False,False,True,True,False,True,False,False,True,True,False,False,True,True,False,0
934,51.310001373291016,6.300000190734863,7.329999923706055,0.6558899879455566,12,True,False,True,False,False,True,False,True,False,True,False,True,False,False,True,True,False,1
935,39.33000183105469,6.300000190734863,7.329999923706055,0.6558899879455566,12,True,False,True,False,False,True,False,True,False,False,True,True,False,False,True,True,False,1
936,56.5,6.300000190734863,7.329999923706055,0.6558899879455566,16,False,True,False,False,True,True,False,True,False,False,True,True,False,False,True,True,False,1
937,41.16999816894531,6.300000190734863,7.329999923706055,0.6558899879455566,14,True,False,True,False,False,True,False,True,False,True,False,True,False,False,True,True,False,1
938,47.369998931884766,6.300000190734863,7.329999923706055,0.6558899879455566,12,False,True,True,False,False,True,False,True,False,False,True,True,False,False,True,True,False,1
939,58.47999954223633,6.300000190734863,7.329999923706055,0.6558899879455566,15,True,False,False,False,True,True,False,True,False,False,True,True,False,False,True,True,False,1
940,52.63999938964844,6.300000190734863,7.329999923706055,0.6558899879455566,16,True,False,True,False,False,True,False,True,False,False,True,True,False,False,True,True,False,1
941,33.880001068115234,6.300000190734863,7.329999923706055,0.6558899879455566,13,True,False,True,False,False,True,False,True,False,True,False,True,False,False,True,True,False,1
942,51.630001068115234,8.699999809265137,7.539999961853027,0.8187100291252136,12,False,True,True,False,False,True,False,True,False,False,True,True,False,False,True,True,False,1
943,39.779998779296875,8.699999809265137,7.539999961853027,0.8187100291252136,13,False,True,False,False,True,True,False,True,False,False,True,True,False,True,False,True,False,1
944,43.279998779296875,8.699999809265137,7.539999961853027,0.8187100291252136,16,False,True,False,False,True,False,True,False,True,False,True,True,False,False,True,True,False,1
945,36.849998474121094,7.199999809265137,7.329999923706055,0.6558899879455566,12,True,False,True,False,False,True,False,True,False,False,True,True,False,False,True,True,False,1
946,48.119998931884766,7.199999809265137,7.329999923706055,0.6558899879455566,17,True,False,True,False,False,True,False,True,False,False,True,True,False,False,True,True,False,1
947,45.459999084472656,7.199999809265137,7.329999923706055,0.6558899879455566,16,True,False,False,False,True,True,False,True,False,False,True,True,False,False,True,True,False,1
948,38.650001525878906,7.199999809265137,7.329999923706055,0.6558899879455566,13,True,False,True,False,False,True,False,True,False,True,False,True,False,False,True,True,False,1
949,49.75,7.199999809265137,7.329999923706055,0.6558899879455566,15,False,True,False,True,False,True,False,True,False,False,True,True,False,True,False,True,False,1
950,56.38999938964844,7.199999809265137,7.329999923706055,0.6558899879455566,16,False,True,False,False,True,True,False,False,True,False,True,True,False,False,True,True,False,1
951,41.470001220703125,7.199999809265137,7.329999923706055,0.6558899879455566,12,False,True,True,False,False,True,False,True,False,False,True,True,False,False,True,True,False,1
952,56.560001373291016,7.199999809265137,7.329999923706055,0.6558899879455566,16,False,True,False,False,True,False,True,False,True,False,True,True,False,True,False,True,False,1
953,45.15999984741211,7.199999809265137,7.329999923706055,0.6558899879455566,15,False,True,True,False,False,True,False,True,False,False,True,True,False,False,True,True,False,1
954,35.11000061035156,7.199999809265137,7.329999923706055,0.6558899879455566,12,False,True,True,False,False,True,False,True,False,True,False,True,False,False,True,True,False,1
955,40.2599983215332,7.199999809265137,7.329999923706055,0.6558899879455566,12,True,False,True,False,False,True,False,True,False,False,True,True,False,False,True,True,False,1
956,36.66999816894531,7.199999809265137,7.329999923706055,0.6558899879455566,12,True,False,True,False,False,True,False,True,False,True,False,True,False,False,True,True,False,1
957,52.66999816894531,7.199999809265137,7.329999923706055,0.6558899879455566,13,False,True,False,False,True,True,False,True,False,False,True,True,False,False,True,True,False,1
958,58.04999923706055,6.900000095367432,7.179999828338623,1.1651300191879272,13,False,True,True,False,False,True,False,True,False,False,True,True,False,True,False,True,False,0
959,56.900001525878906,6.900000095367432,7.179999828338623,1.1651300191879272,13,False,True,False,False,True,True,False,True,False,False,True,True,False,False,True,True,False,0
960,44.43000030517578,6.900000095367432,7.179999828338623,1.1651300191879272,14,True,False,True,False,False,True,False,True,False,False,True,True,False,False,True,True,False,0
961,39.68000030517578,6.900000095367432,7.179999828338623,1.1651300191879272,12,False,True,True,False,False,True,False,True,False,False,True,True,False,True,False,True,False,0
962,58.630001068115234,6.900000095367432,7.179999828338623,1.1651300191879272,16,True,False,False,False,True,False,True,True,False,False,True,True,False,True,False,True,False,0
963,40.459999084472656,6.900000095367432,7.179999828338623,1.1651300191879272,12,True,False,False,False,True,True,False,True,False,False,True,True,False,False,True,True,False,0
964,53.029998779296875,8.0,7.539999961853027,0.8187100291252136,14,True,False,False,False,True,True,False,True,False,False,True,True,False,True,False,True,False,0
965,55.65999984741211,8.0,7.539999961853027,0.8187100291252136,12,True,False,False,False,True,True,False,True,False,False,True,True,False,False,True,True,False,0
966,51.5099983215332,8.0,7.539999961853027,0.8187100291252136,12,True,False,False,False,True,True,False,True,False,False,True,True,False,False,True,True,False,0
967,56.459999084472656,8.0,7.539999961853027,0.8187100291252136,14,False,True,False,False,True,True,False,True,False,False,True,True,False,False,True,True,False,0
968,37.959999084472656,8.0,7.539999961853027,0.8187100291252136,12,False,True,False,False,True,True,False,True,False,False,True,True,False,True,False,True,False,0
969,57.290000915527344,8.0,7.539999961853027,0.8187100291252136,16,False,True,True,False,False,True,False,False,True,False,True,True,False,True,False,True,False,0
970,44.959999084472656,8.0,7.539999961853027,0.8187100291252136,14,True,False,False,False,True,False,True,True,False,False,True,True,False,False,True,True,False,0
971,49.56999969482422,8.0,7.539999961853027,0.8187100291252136,12,True,False,False,True,False,True,False,True,False,False,True,True,False,False,True,True,False,0
972,64.22000122070312,8.0,7.539999961853027,0.8187100291252136,16,False,True,False,False,True,True,False,True,False,False,True,True,False,False,True,True,False,0
973,50.90999984741211,9.899999618530272,10.149999618530272,0.4341799914836883,14,False,True,False,False,True,True,False,True,False,False,True,True,False,False,True,True,False,1
974,47.470001220703125,9.899999618530272,10.149999618530272,0.4341799914836883,16,True,False,False,False,True,True,False,True,False,False,True,True,False,False,True,True,False,1
975,67.05999755859375,9.899999618530272,10.149999618530272,0.4341799914836883,15,False,True,False,False,True,True,False,True,False,False,True,True,False,False,True,True,False,1
976,43.119998931884766,9.899999618530272,10.149999618530272,0.4341799914836883,12,True,False,False,False,True,True,False,True,False,False,True,True,False,False,True,True,False,1
977,55.36000061035156,9.899999618530272,10.149999618530272,0.4341799914836883,14,True,False,False,False,True,False,True,True,False,False,True,True,False,True,False,True,False,1
978,48.150001525878906,5.099999904632568,7.349999904632568,0.7517299652099609,17,True,False,True,False,False,True,False,True,False,False,True,True,False,False,True,True,False,0
979,39.88999938964844,5.099999904632568,7.349999904632568,0.7517299652099609,13,True,False,True,False,False,True,False,True,False,True,False,True,False,False,True,True,False,0
980,39.25,5.099999904632568,7.349999904632568,0.7517299652099609,12,True,False,True,False,False,True,False,True,False,False,True,True,False,False,True,True,False,0
981,47.0,5.099999904632568,7.349999904632568,0.7517299652099609,12,False,True,True,False,False,True,False,True,False,True,False,True,False,False,True,True,False,0
982,40.209999084472656,5.099999904632568,7.349999904632568,0.7517299652099609,12,False,True,True,False,False,True,False,True,False,True,False,True,False,False,True,True,False,0
983,44.189998626708984,5.099999904632568,7.349999904632568,0.7517299652099609,16,True,False,True,False,False,True,False,True,False,True,False,True,False,False,True,True,False,0
984,47.810001373291016,5.099999904632568,7.349999904632568,0.7517299652099609,14,True,False,True,False,False,False,True,True,False,False,True,True,False,False,True,True,False,0
985,54.40999984741211,5.099999904632568,7.349999904632568,0.7517299652099609,16,True,False,True,False,False,True,False,True,False,False,True,True,False,True,False,True,False,0
986,43.38999938964844,5.099999904632568,7.349999904632568,0.7517299652099609,12,False,True,True,False,False,True,False,True,False,False,True,True,False,True,False,True,False,0
987,38.88999938964844,5.099999904632568,7.349999904632568,0.7517299652099609,13,True,False,True,False,False,True,False,True,False,False,True,True,False,False,True,True,False,0
988,43.2599983215332,5.099999904632568,7.349999904632568,0.7517299652099609,12,True,False,True,False,False,False,True,True,False,True,False,True,False,False,True,True,False,0
989,36.150001525878906,5.099999904632568,7.349999904632568,0.7517299652099609,12,True,False,True,False,False,True,False,True,False,True,False,True,False,False,True,True,False,0
990,42.20000076293945,5.099999904632568,7.349999904632568,0.7517299652099609,12,False,True,True,False,False,True,False,True,False,False,True,True,False,False,True,True,False,0
991,48.119998931884766,5.099999904632568,7.349999904632568,0.7517299652099609,12,False,True,True,False,False,True,False,True,False,True,False,True,False,False,True,True,False,0
992,38.16999816894531,5.300000190734863,7.539999961853027,0.8187100291252136,13,False,True,True,False,False,True,False,True,False,False,True,True,False,False,True,True,False,1
993,41.439998626708984,5.300000190734863,7.539999961853027,0.8187100291252136,14,True,False,True,False,False,False,True,False,True,False,True,True,False,True,False,True,False,1
994,41.599998474121094,5.300000190734863,7.539999961853027,0.8187100291252136,13,True,False,True,False,False,True,False,True,False,False,True,True,False,False,True,True,False,1
995,30.780000686645508,5.300000190734863,7.539999961853027,0.8187100291252136,12,False,True,True,False,False,True,False,True,False,True,False,True,False,False,True,True,False,1
996,48.52000045776367,5.300000190734863,7.539999961853027,0.8187100291252136,15,False,True,True,False,False,True,False,True,False,True,False,True,False,False,True,True,False,1
997,31.1200008392334,5.300000190734863,7.539999961853027,0.8187100291252136,12,False,True,True,False,False,True,False,True,False,True,False,True,False,True,False,True,False,1
998,35.150001525878906,5.300000190734863,7.539999961853027,0.8187100291252136,12,False,True,True,False,False,True,False,True,False,True,False,True,False,False,True,True,False,1
999,40.310001373291016,5.300000190734863,7.539999961853027,0.8187100291252136,16,True,False,True,False,False,True,False,True,False,False,True,True,False,False,True,True,False,1
1000,53.869998931884766,4.0,9.68000030517578,1.0935300588607788,16,False,True,True,False,False,True,False,True,False,False,True,True,False,True,False,True,False,1
1001,51.029998779296875,4.0,9.68000030517578,1.0935300588607788,12,True,False,False,False,True,True,False,False,True,True,False,True,False,True,False,True,False,1
1002,46.720001220703125,4.0,9.68000030517578,1.0935300588607788,12,False,True,True,False,False,True,False,True,False,False,True,True,False,True,False,True,False,1
1003,59.66999816894531,4.0,9.68000030517578,1.0935300588607788,16,True,False,False,False,True,False,True,True,False,False,True,True,False,True,False,True,False,1
1004,56.15999984741211,4.0,9.68000030517578,1.0935300588607788,15,True,False,False,False,True,True,False,True,False,False,True,True,False,False,True,True,False,1
1005,49.93000030517578,4.0,9.68000030517578,1.0935300588607788,12,True,False,True,False,False,True,False,True,False,False,True,True,False,True,False,True,False,1
1006,53.5,4.0,9.68000030517578,1.0935300588607788,13,False,True,False,False,True,True,False,False,True,False,True,True,False,False,True,True,False,1
1007,58.599998474121094,4.0,9.68000030517578,1.0935300588607788,15,False,True,False,False,True,True,False,True,False,False,True,True,False,True,False,True,False,1
1008,51.709999084472656,13.399999618530272,9.68000030517578,1.0935300588607788,14,True,False,False,False,True,False,True,True,False,False,True,True,False,False,True,True,False,1
1009,35.349998474121094,13.399999618530272,9.68000030517578,1.0935300588607788,12,True,False,True,False,False,True,False,True,False,False,True,True,False,False,True,True,False,1
1010,44.63999938964844,13.399999618530272,9.68000030517578,1.0935300588607788,14,True,False,False,False,True,False,True,True,False,False,True,True,False,False,True,True,False,1
1011,49.869998931884766,13.399999618530272,9.68000030517578,1.0935300588607788,12,False,True,True,False,False,True,False,True,False,False,True,True,False,False,True,True,False,1
1012,36.34000015258789,13.399999618530272,9.68000030517578,1.0935300588607788,12,False,True,False,True,False,True,False,True,False,False,True,True,False,False,True,True,False,1
1013,51.91999816894531,13.399999618530272,9.68000030517578,1.0935300588607788,16,True,False,False,False,True,True,False,True,False,False,True,True,False,True,False,True,False,1
1014,50.849998474121094,13.399999618530272,9.68000030517578,1.0935300588607788,13,False,True,True,False,False,True,False,True,False,False,True,True,False,False,True,True,False,1
1015,45.5099983215332,13.399999618530272,9.68000030517578,1.0935300588607788,12,True,False,True,False,False,True,False,True,False,False,True,True,False,True,False,True,False,1
1016,43.0,13.399999618530272,9.68000030517578,1.0935300588607788,13,False,True,True,False,False,False,True,True,False,True,False,True,False,False,True,True,False,1
1017,35.06999969482422,13.399999618530272,9.68000030517578,1.0935300588607788,12,True,False,True,False,False,True,False,True,False,False,True,True,False,False,True,True,False,1
1018,50.43000030517578,10.300000190734863,9.68000030517578,1.0935300588607788,12,False,True,True,False,False,True,False,True,False,False,True,True,False,False,True,True,False,0
1019,59.720001220703125,10.300000190734863,9.68000030517578,1.0935300588607788,14,False,True,True,False,False,True,False,True,False,True,False,True,False,False,True,True,False,0
1020,43.060001373291016,10.300000190734863,9.68000030517578,1.0935300588607788,12,True,False,True,False,False,True,False,True,False,False,True,True,False,False,True,True,False,0
1021,67.12000274658203,10.300000190734863,9.68000030517578,1.0935300588607788,16,False,True,False,False,True,False,True,False,True,False,True,True,False,False,True,True,False,0
1022,43.33000183105469,10.300000190734863,9.68000030517578,1.0935300588607788,12,True,False,True,False,False,False,True,True,False,False,True,True,False,False,True,True,False,0
1023,65.48999786376953,10.300000190734863,9.68000030517578,1.0935300588607788,12,False,True,False,False,True,True,False,True,False,True,False,True,False,False,True,True,False,0
1024,56.95000076293945,10.300000190734863,9.68000030517578,1.0935300588607788,16,False,True,False,False,True,True,False,False,True,False,True,True,False,True,False,True,False,0
1025,51.63999938964844,10.300000190734863,9.68000030517578,1.0935300588607788,12,False,True,True,False,False,True,False,True,False,False,True,True,False,False,True,True,False,0
1026,64.95999908447266,10.300000190734863,9.68000030517578,1.0935300588607788,16,True,False,False,False,True,False,True,False,True,False,True,True,False,False,True,True,False,0
1027,53.47999954223633,9.199999809265137,7.179999828338623,1.1651300191879272,16,True,False,True,False,False,True,False,True,False,True,False,True,False,False,True,True,False,1
1028,51.33000183105469,9.199999809265137,7.179999828338623,1.1651300191879272,12,False,True,True,False,False,True,False,True,False,False,True,True,False,False,True,True,False,1
1029,41.09000015258789,9.199999809265137,7.179999828338623,1.1651300191879272,12,False,True,True,False,False,True,False,True,False,False,True,True,False,False,True,True,False,1
1030,36.790000915527344,9.199999809265137,7.179999828338623,1.1651300191879272,12,True,False,True,False,False,True,False,True,False,False,True,True,False,True,False,True,False,1
1031,36.2400016784668,9.199999809265137,7.179999828338623,1.1651300191879272,12,True,False,True,False,False,True,False,True,False,True,False,True,False,False,True,True,False,1
1032,37.689998626708984,9.199999809265137,7.179999828338623,1.1651300191879272,12,False,True,True,False,False,True,False,True,False,True,False,True,False,False,True,True,False,1
1033,56.79999923706055,9.199999809265137,7.179999828338623,1.1651300191879272,16,True,False,False,False,True,True,False,True,False,True,False,True,False,True,False,True,False,1
1034,39.52000045776367,9.199999809265137,7.179999828338623,1.1651300191879272,15,True,False,True,False,False,True,False,True,False,True,False,True,False,False,True,True,False,1
1035,37.70000076293945,9.199999809265137,7.179999828338623,1.1651300191879272,12,False,True,True,False,False,True,False,True,False,True,False,True,False,False,True,True,False,1
1036,39.5099983215332,5.0,7.539999961853027,0.8187100291252136,17,True,False,True,False,False,True,False,True,False,False,True,True,False,False,True,True,False,1
1037,49.36000061035156,5.0,7.539999961853027,0.8187100291252136,12,True,False,False,True,False,True,False,True,False,False,True,True,False,False,True,True,False,1
1038,46.15999984741211,5.0,7.539999961853027,0.8187100291252136,14,False,True,False,True,False,True,False,True,False,False,True,True,False,True,False,True,False,1
1039,38.2400016784668,5.0,7.539999961853027,0.8187100291252136,12,True,False,True,False,False,True,False,True,False,False,True,True,False,False,True,True,False,0
1040,38.43000030517578,5.0,7.539999961853027,0.8187100291252136,14,True,False,True,False,False,True,False,True,False,False,True,True,False,False,True,True,False,0
1041,36.619998931884766,5.0,7.539999961853027,0.8187100291252136,12,True,False,True,False,False,True,False,True,False,False,True,True,False,False,True,True,False,0
1042,41.290000915527344,5.0,7.539999961853027,0.8187100291252136,12,True,False,True,False,False,True,False,True,False,False,True,True,False,False,True,True,False,0
1043,41.209999084472656,5.5,7.179999828338623,1.1651300191879272,14,False,True,True,False,False,True,False,False,True,False,True,False,True,False,True,True,False,0
1044,38.529998779296875,5.5,7.179999828338623,1.1651300191879272,12,False,True,True,False,False,False,True,False,True,True,False,False,True,False,True,True,False,0
1045,45.66999816894531,5.5,7.179999828338623,1.1651300191879272,15,False,True,True,False,False,True,False,True,False,False,True,False,True,False,True,True,False,0
1046,56.97999954223633,5.5,7.179999828338623,1.1651300191879272,14,False,True,True,False,False,True,False,False,True,False,True,False,True,False,True,True,False,0
1047,50.529998779296875,5.5,7.179999828338623,1.1651300191879272,12,False,True,False,False,True,True,False,True,False,False,True,False,True,False,True,True,False,0
1048,40.27000045776367,9.199999809265137,9.68000030517578,1.0935300588607788,12,False,True,True,False,False,True,False,True,False,True,False,False,True,False,True,True,False,0
1049,48.04999923706055,9.199999809265137,9.68000030517578,1.0935300588607788,12,False,True,True,False,False,True,False,True,False,True,False,False,True,False,True,True,False,0
1050,53.41999816894531,9.199999809265137,9.68000030517578,1.0935300588607788,16,False,True,True,False,False,True,False,True,False,True,False,False,True,False,True,True,False,0
1051,55.349998474121094,9.199999809265137,9.68000030517578,1.0935300588607788,15,False,True,True,False,False,True,False,True,False,False,True,False,True,False,True,True,False,0
1052,46.38999938964844,9.199999809265137,9.68000030517578,1.0935300588607788,12,True,False,True,False,False,True,False,True,False,True,False,False,True,True,False,True,False,0
1053,42.7400016784668,9.199999809265137,9.68000030517578,1.0935300588607788,12,True,False,True,False,False,True,False,True,False,True,False,False,True,False,True,True,False,0
1054,55.79999923706055,9.199999809265137,9.68000030517578,1.0935300588607788,13,True,False,True,False,False,True,False,False,True,False,True,False,True,True,False,True,False,0
1055,47.41999816894531,8.5,7.329999923706055,0.6558899879455566,16,True,False,True,False,False,True,False,True,False,False,True,True,False,False,True,True,False,0
1056,57.959999084472656,8.5,7.329999923706055,0.6558899879455566,17,False,True,True,False,False,False,True,True,False,False,True,True,False,True,False,True,False,0
1057,59.41999816894531,8.5,7.329999923706055,0.6558899879455566,14,True,False,False,False,True,True,False,True,False,False,True,True,False,True,False,True,False,0
1058,53.540000915527344,8.5,7.329999923706055,0.6558899879455566,12,False,True,False,False,True,True,False,True,False,False,True,True,False,True,False,True,False,0
1059,52.63999938964844,8.5,7.329999923706055,0.6558899879455566,15,False,True,False,True,False,True,False,True,False,False,True,True,False,False,True,True,False,0
1060,42.72999954223633,8.5,7.329999923706055,0.6558899879455566,12,True,False,True,False,False,True,False,True,False,False,True,True,False,False,True,True,False,0
1061,56.20000076293945,8.5,7.329999923706055,0.6558899879455566,18,False,True,False,False,True,True,False,True,False,False,True,True,False,True,False,True,False,0
1062,49.970001220703125,8.5,7.329999923706055,0.6558899879455566,16,True,False,True,False,False,True,False,False,True,False,True,True,False,False,True,True,False,0
1063,49.060001373291016,5.599999904632568,7.539999961853027,0.8187100291252136,12,True,False,False,False,True,True,False,True,False,False,True,True,False,False,True,True,False,1
1064,59.2599983215332,5.599999904632568,7.539999961853027,0.8187100291252136,12,False,True,False,False,True,True,False,False,True,False,True,True,False,False,True,True,False,1
1065,41.470001220703125,5.599999904632568,7.539999961853027,0.8187100291252136,16,True,False,False,False,True,True,False,True,False,False,True,True,False,False,True,True,False,1
1066,58.029998779296875,5.599999904632568,7.539999961853027,0.8187100291252136,13,False,True,False,False,True,True,False,False,True,False,True,True,False,True,False,True,False,1
1067,52.540000915527344,5.599999904632568,7.539999961853027,0.8187100291252136,14,True,False,True,False,False,True,False,True,False,False,True,True,False,False,True,True,False,1
1068,66.3499984741211,5.599999904632568,7.539999961853027,0.8187100291252136,15,False,True,False,False,True,True,False,True,False,False,True,True,False,False,True,True,False,1
1069,48.56999969482422,5.599999904632568,7.539999961853027,0.8187100291252136,13,False,True,False,False,True,True,False,True,False,False,True,True,False,False,True,True,False,1
1070,51.68000030517578,4.599999904632568,7.179999828338623,1.1651300191879272,15,True,False,True,False,False,True,False,True,False,False,True,False,True,False,True,True,False,0
1071,52.959999084472656,4.599999904632568,7.179999828338623,1.1651300191879272,15,True,False,True,False,False,True,False,True,False,False,True,False,True,False,True,True,False,0
1072,40.060001373291016,4.599999904632568,7.179999828338623,1.1651300191879272,15,False,True,True,False,False,True,False,True,False,False,True,False,True,True,False,True,False,0
1073,42.75,4.599999904632568,7.179999828338623,1.1651300191879272,12,True,False,False,False,True,True,False,True,False,False,True,False,True,True,False,True,False,0
1074,58.5,4.599999904632568,7.179999828338623,1.1651300191879272,14,False,True,True,False,False,False,True,False,True,False,True,False,True,False,True,True,False,0
1075,46.310001373291016,4.599999904632568,7.179999828338623,1.1651300191879272,12,True,False,True,False,False,False,True,True,False,True,False,False,True,True,False,True,False,0
1076,44.02000045776367,4.599999904632568,7.179999828338623,1.1651300191879272,13,True,False,True,False,False,True,False,True,False,False,True,False,True,False,True,True,False,0
1077,46.849998474121094,4.599999904632568,7.179999828338623,1.1651300191879272,14,False,True,True,False,False,True,False,True,False,False,True,False,True,False,True,True,False,0
1078,45.06999969482422,4.599999904632568,7.179999828338623,1.1651300191879272,14,True,False,True,False,False,True,False,True,False,False,True,False,True,False,True,True,False,0
1079,58.709999084472656,7.199999809265137,10.149999618530272,0.4341799914836883,14,True,False,True,False,False,True,False,True,False,False,True,True,False,False,True,True,False,1
1080,66.44999694824219,7.199999809265137,10.149999618530272,0.4341799914836883,13,False,True,False,False,True,False,True,True,False,True,False,True,False,False,True,True,False,1
1081,47.150001525878906,7.199999809265137,10.149999618530272,0.4341799914836883,12,True,False,False,False,True,True,False,True,False,False,True,True,False,False,True,True,False,1
1082,52.790000915527344,4.0,7.539999961853027,0.8187100291252136,14,False,True,False,False,True,False,True,True,False,False,True,True,False,False,True,True,False,1
1083,31.600000381469727,4.0,7.539999961853027,0.8187100291252136,12,True,False,True,False,False,True,False,True,False,True,False,True,False,False,True,True,False,1
1084,41.9900016784668,4.0,7.539999961853027,0.8187100291252136,12,False,True,True,False,False,True,False,True,False,False,True,True,False,False,True,True,False,1
1085,39.970001220703125,4.0,7.539999961853027,0.8187100291252136,15,True,False,False,False,True,True,False,True,False,True,False,True,False,False,True,True,False,1
1086,39.97999954223633,4.0,7.539999961853027,0.8187100291252136,13,False,True,False,False,True,True,False,True,False,False,True,True,False,False,True,True,False,1
1087,46.099998474121094,4.0,7.539999961853027,0.8187100291252136,12,False,True,False,False,True,True,False,False,True,False,True,True,False,True,False,True,False,1
1088,66.58999633789062,4.0,7.539999961853027,0.8187100291252136,15,False,True,False,False,True,True,False,False,True,False,True,True,False,False,True,True,False,1
1089,38.349998474121094,6.699999809265137,7.349999904632568,0.7517299652099609,16,True,False,True,False,False,True,False,True,False,False,True,False,True,True,False,True,False,0
1090,32.34000015258789,6.699999809265137,7.349999904632568,0.7517299652099609,12,False,True,True,False,False,True,False,True,False,True,False,False,True,False,True,True,False,0
1091,38.650001525878906,6.699999809265137,7.349999904632568,0.7517299652099609,12,False,True,True,False,False,True,False,True,False,False,True,False,True,False,True,True,False,0
1092,50.349998474121094,6.699999809265137,7.349999904632568,0.7517299652099609,12,False,True,True,False,False,True,False,True,False,True,False,False,True,False,True,True,False,0
1093,37.349998474121094,6.699999809265137,7.349999904632568,0.7517299652099609,12,True,False,True,False,False,True,False,True,False,False,True,False,True,False,True,True,False,0
1094,36.16999816894531,6.699999809265137,7.349999904632568,0.7517299652099609,15,True,False,True,False,False,True,False,False,True,False,True,False,True,False,True,True,False,0
1095,43.7400016784668,6.699999809265137,7.349999904632568,0.7517299652099609,12,False,True,True,False,False,True,False,True,False,False,True,False,True,True,False,True,False,0
1096,44.58000183105469,6.699999809265137,7.349999904632568,0.7517299652099609,12,False,True,False,False,True,True,False,True,False,False,True,False,True,False,True,True,False,0
1097,37.9900016784668,6.699999809265137,7.349999904632568,0.7517299652099609,13,True,False,True,False,False,False,True,False,True,False,True,False,True,False,True,True,False,0
1098,51.790000915527344,6.699999809265137,7.349999904632568,0.7517299652099609,14,True,False,False,False,True,True,False,True,False,False,True,False,True,False,True,True,False,0
1099,46.349998474121094,6.699999809265137,7.349999904632568,0.7517299652099609,14,False,True,True,False,False,True,False,True,False,False,True,False,True,False,True,True,False,0
1100,40.77000045776367,5.900000095367432,7.349999904632568,0.7517299652099609,12,True,False,True,False,False,True,False,True,False,False,True,True,False,False,True,True,False,1
1101,38.970001220703125,5.900000095367432,7.349999904632568,0.7517299652099609,12,False,True,False,False,True,True,False,True,False,False,True,True,False,False,True,True,False,1
1102,50.83000183105469,5.900000095367432,7.349999904632568,0.7517299652099609,12,True,False,False,False,True,True,False,True,False,False,True,True,False,True,False,True,False,1
1103,39.630001068115234,5.900000095367432,7.349999904632568,0.7517299652099609,12,True,False,True,False,False,True,False,True,False,True,False,True,False,False,True,True,False,1
1104,48.2599983215332,5.900000095367432,7.349999904632568,0.7517299652099609,12,True,False,False,False,True,True,False,True,False,False,True,True,False,False,True,True,False,1
1105,34.68000030517578,5.900000095367432,7.349999904632568,0.7517299652099609,12,False,True,False,True,False,True,False,True,False,False,True,True,False,False,True,True,False,1
1106,40.77000045776367,5.900000095367432,7.349999904632568,0.7517299652099609,17,True,False,False,False,True,True,False,True,False,False,True,True,False,True,False,True,False,1
1107,50.45000076293945,5.900000095367432,7.349999904632568,0.7517299652099609,15,False,True,True,False,False,True,False,True,False,False,True,True,False,False,True,True,False,1
1108,38.75,5.900000095367432,7.349999904632568,0.7517299652099609,12,True,False,True,False,False,True,False,True,False,False,True,True,False,False,True,True,False,1
1109,31.68000030517578,9.199999809265137,9.68000030517578,1.0935300588607788,12,True,False,True,False,False,True,False,True,False,False,True,False,True,False,True,True,False,0
1110,39.040000915527344,9.199999809265137,9.68000030517578,1.0935300588607788,13,True,False,True,False,False,True,False,True,False,True,False,False,True,False,True,True,False,0
1111,46.06999969482422,10.800000190734863,9.68000030517578,1.0935300588607788,12,False,True,False,False,True,True,False,True,False,False,True,True,False,False,True,True,False,0
1112,40.88999938964844,10.800000190734863,9.68000030517578,1.0935300588607788,12,False,True,False,False,True,False,True,True,False,True,False,True,False,False,True,True,False,0
1113,59.599998474121094,10.800000190734863,9.68000030517578,1.0935300588607788,14,False,True,False,False,True,True,False,True,False,False,True,True,False,False,True,True,False,0
1114,43.470001220703125,10.800000190734863,9.68000030517578,1.0935300588607788,15,False,True,False,False,True,True,False,True,False,False,True,True,False,True,False,True,False,0
1115,55.5,10.800000190734863,9.68000030517578,1.0935300588607788,14,False,True,False,False,True,True,False,True,False,False,True,True,False,False,True,True,False,0
1116,37.09000015258789,10.800000190734863,9.68000030517578,1.0935300588607788,12,True,False,False,False,True,True,False,True,False,False,True,True,False,False,True,True,False,0
1117,59.47999954223633,10.800000190734863,9.68000030517578,1.0935300588607788,13,True,False,False,False,True,True,False,True,False,False,True,True,False,False,True,True,False,0
1118,35.400001525878906,10.800000190734863,9.68000030517578,1.0935300588607788,12,True,False,False,False,True,True,False,True,False,False,True,True,False,False,True,True,False,0
1119,39.54999923706055,4.0,7.329999923706055,0.6558899879455566,16,True,False,True,False,False,True,False,True,False,False,True,True,False,False,True,True,False,0
1120,66.18000030517578,4.0,7.329999923706055,0.6558899879455566,17,False,True,False,False,True,False,True,True,False,False,True,True,False,False,True,True,False,0
1121,39.619998931884766,4.0,7.329999923706055,0.6558899879455566,12,True,False,True,False,False,True,False,True,False,True,False,True,False,False,True,True,False,0
1122,37.2400016784668,4.0,7.329999923706055,0.6558899879455566,12,True,False,True,False,False,True,False,True,False,False,True,True,False,False,True,True,False,0
1123,51.25,4.0,7.329999923706055,0.6558899879455566,18,False,True,True,False,False,True,False,False,True,False,True,True,False,True,False,True,False,0
1124,35.77000045776367,4.0,7.329999923706055,0.6558899879455566,16,True,False,True,False,False,True,False,True,False,True,False,True,False,False,True,True,False,0
1125,46.77000045776367,9.300000190734863,10.149999618530272,0.4341799914836883,13,False,True,False,False,True,False,True,False,True,False,True,False,True,True,False,True,False,0
1126,54.86000061035156,9.300000190734863,10.149999618530272,0.4341799914836883,16,True,False,False,False,True,True,False,True,False,False,True,False,True,False,True,True,False,0
1127,52.34000015258789,9.300000190734863,10.149999618530272,0.4341799914836883,12,False,True,False,False,True,True,False,True,False,False,True,False,True,False,True,True,False,0
1128,40.400001525878906,9.300000190734863,10.149999618530272,0.4341799914836883,12,True,False,False,False,True,True,False,True,False,False,True,False,True,False,True,True,False,0
1129,56.5,9.300000190734863,10.149999618530272,0.4341799914836883,17,True,False,False,False,True,False,True,True,False,False,True,False,True,False,True,True,False,0
1130,45.22999954223633,9.300000190734863,10.149999618530272,0.4341799914836883,14,False,True,False,False,True,True,False,True,False,False,True,False,True,True,False,True,False,0
1131,53.02000045776367,9.300000190734863,10.149999618530272,0.4341799914836883,13,False,True,False,False,True,False,True,True,False,True,False,False,True,False,True,True,False,0
1132,60.7599983215332,9.300000190734863,10.149999618530272,0.4341799914836883,16,True,False,False,False,True,True,False,False,True,False,True,False,True,True,False,True,False,0
1133,39.029998779296875,8.800000190734863,9.68000030517578,1.0935300588607788,12,True,False,False,False,True,True,False,True,False,False,True,True,False,False,True,True,False,0
1134,62.20000076293945,8.800000190734863,9.68000030517578,1.0935300588607788,14,False,True,False,False,True,True,False,True,False,False,True,True,False,False,True,True,False,0
1135,39.83000183105469,8.800000190734863,9.68000030517578,1.0935300588607788,12,False,True,False,True,False,True,False,False,True,False,True,True,False,True,False,True,False,0
1136,46.0,8.800000190734863,9.68000030517578,1.0935300588607788,12,True,False,False,False,True,True,False,True,False,False,True,True,False,False,True,True,False,0
1137,37.68000030517578,5.099999904632568,7.349999904632568,0.7517299652099609,12,False,True,True,False,False,True,False,True,False,False,True,True,False,False,True,True,False,0
1138,42.11000061035156,5.099999904632568,7.349999904632568,0.7517299652099609,12,True,False,True,False,False,True,False,True,False,False,True,True,False,False,True,True,False,0
1139,56.77000045776367,5.099999904632568,7.349999904632568,0.7517299652099609,15,False,True,False,False,True,True,False,True,False,False,True,True,False,False,True,True,False,0
1140,36.939998626708984,5.099999904632568,7.349999904632568,0.7517299652099609,14,True,False,True,False,False,False,True,False,True,False,True,True,False,False,True,True,False,0
1141,55.08000183105469,5.0,7.539999961853027,0.8187100291252136,14,True,False,True,False,False,True,False,True,False,True,False,False,True,False,True,True,False,1
1142,52.4900016784668,5.0,7.539999961853027,0.8187100291252136,17,False,True,True,False,False,False,True,True,False,False,True,False,True,True,False,True,False,1
1143,42.88999938964844,5.0,7.539999961853027,0.8187100291252136,16,True,False,False,False,True,True,False,False,True,False,True,False,True,False,True,True,False,1
1144,39.560001373291016,5.0,7.539999961853027,0.8187100291252136,12,False,True,True,False,False,True,False,True,False,True,False,False,True,False,True,True,False,1
1145,52.83000183105469,5.0,7.539999961853027,0.8187100291252136,14,True,False,False,False,True,True,False,True,False,False,True,False,True,True,False,True,False,1
1146,41.310001373291016,6.699999809265137,7.349999904632568,0.7517299652099609,13,True,False,True,False,False,True,False,True,False,True,False,False,True,False,True,True,False,0
1147,43.599998474121094,6.699999809265137,7.349999904632568,0.7517299652099609,14,False,True,True,False,False,True,False,True,False,True,False,False,True,False,True,True,False,0
1148,39.38999938964844,6.699999809265137,7.349999904632568,0.7517299652099609,12,True,False,True,False,False,True,False,True,False,True,False,False,True,False,True,True,False,0
1149,36.22999954223633,6.699999809265137,7.349999904632568,0.7517299652099609,12,True,False,True,False,False,True,False,True,False,True,False,False,True,False,True,True,False,0
1150,34.02000045776367,6.699999809265137,7.349999904632568,0.7517299652099609,12,True,False,True,False,False,True,False,True,False,False,True,False,True,False,True,True,False,0
1151,39.900001525878906,6.699999809265137,7.349999904632568,0.7517299652099609,16,True,False,True,False,False,True,False,True,False,False,True,False,True,False,True,True,False,0
1152,58.880001068115234,6.699999809265137,7.349999904632568,0.7517299652099609,16,True,False,True,False,False,True,False,True,False,True,False,False,True,False,True,True,False,0
1153,38.27000045776367,6.699999809265137,7.349999904632568,0.7517299652099609,12,False,True,True,False,False,True,False,True,False,False,True,False,True,False,True,True,False,0
1154,37.220001220703125,6.699999809265137,7.349999904632568,0.7517299652099609,14,False,True,False,True,False,True,False,True,False,False,True,False,True,False,True,True,False,0
1155,42.439998626708984,6.699999809265137,7.349999904632568,0.7517299652099609,13,True,False,True,False,False,True,False,True,False,True,False,False,True,False,True,True,False,0
1156,59.86000061035156,5.599999904632568,7.329999923706055,0.6558899879455566,12,False,True,False,False,True,True,False,True,False,False,True,True,False,False,True,True,False,1
1157,37.90999984741211,5.599999904632568,7.329999923706055,0.6558899879455566,12,False,True,True,False,False,True,False,True,False,True,False,True,False,False,True,True,False,1
1158,48.650001525878906,4.0,7.539999961853027,0.8187100291252136,13,True,False,False,False,True,True,False,True,False,False,True,True,False,True,False,True,False,1
1159,54.290000915527344,4.0,7.539999961853027,0.8187100291252136,16,False,True,False,False,True,True,False,True,False,False,True,True,False,False,True,True,False,1
1160,48.189998626708984,4.0,7.539999961853027,0.8187100291252136,14,False,True,False,False,True,True,False,True,False,False,True,True,False,False,True,True,False,1
1161,59.529998779296875,4.0,7.539999961853027,0.8187100291252136,16,True,False,False,False,True,False,True,True,False,False,True,True,False,True,False,True,False,1
1162,52.5099983215332,4.0,7.539999961853027,0.8187100291252136,14,True,False,False,False,True,False,True,False,True,True,False,True,False,False,True,True,False,1
1163,51.290000915527344,4.0,7.539999961853027,0.8187100291252136,16,False,True,False,False,True,False,True,False,True,False,True,True,False,False,True,True,False,1
1164,62.040000915527344,5.5,7.179999828338623,1.1651300191879272,16,False,True,False,False,True,False,True,False,True,False,True,False,True,True,False,True,False,0
1165,41.060001373291016,5.5,7.179999828338623,1.1651300191879272,12,True,False,False,False,True,True,False,True,False,True,False,False,True,False,True,True,False,0
1166,45.2599983215332,5.5,7.179999828338623,1.1651300191879272,12,False,True,False,False,True,True,False,True,False,True,False,False,True,False,True,True,False,0
1167,68.80999755859375,5.5,7.179999828338623,1.1651300191879272,16,True,False,False,False,True,False,True,False,True,False,True,False,True,False,True,True,False,0
1168,60.13999938964844,5.5,7.179999828338623,1.1651300191879272,16,True,False,False,False,True,False,True,False,True,False,True,False,True,True,False,True,False,0
1169,41.220001220703125,5.5,7.179999828338623,1.1651300191879272,12,False,True,False,True,False,True,False,True,False,True,False,False,True,False,True,True,False,0
1170,51.02000045776367,5.5,7.179999828338623,1.1651300191879272,12,False,True,False,False,True,True,False,True,False,False,True,False,True,False,True,True,False,0
1171,45.380001068115234,5.5,7.179999828338623,1.1651300191879272,16,True,False,True,False,False,True,False,True,False,False,True,False,True,False,True,True,False,0
1172,33.06999969482422,11.899999618530272,10.149999618530272,0.4341799914836883,12,False,True,False,False,True,True,False,True,False,False,True,True,False,False,True,True,False,1
1173,47.970001220703125,11.899999618530272,10.149999618530272,0.4341799914836883,13,True,False,False,False,True,True,False,True,False,False,True,True,False,False,True,True,False,1
1174,44.560001373291016,11.899999618530272,10.149999618530272,0.4341799914836883,12,False,True,False,False,True,True,False,True,False,False,True,True,False,False,True,True,False,1
1175,33.84000015258789,11.899999618530272,10.149999618530272,0.4341799914836883,12,True,False,False,False,True,True,False,True,False,False,True,True,False,False,True,True,False,1
1176,47.95000076293945,11.899999618530272,10.149999618530272,0.4341799914836883,12,False,True,False,False,True,True,False,True,False,False,True,True,False,False,True,True,False,1
1177,41.130001068115234,4.099999904632568,7.329999923706055,0.6558899879455566,12,True,False,True,False,False,True,False,True,False,False,True,True,False,True,False,True,False,0
1178,53.4900016784668,4.099999904632568,7.329999923706055,0.6558899879455566,12,False,True,False,False,True,True,False,True,False,False,True,True,False,False,True,True,False,0
1179,58.970001220703125,4.099999904632568,7.329999923706055,0.6558899879455566,15,False,True,False,False,True,True,False,True,False,False,True,True,False,True,False,True,False,0
1180,41.849998474121094,4.099999904632568,7.329999923706055,0.6558899879455566,12,True,False,True,False,False,True,False,True,False,True,False,True,False,False,True,True,False,0
1181,38.15999984741211,4.099999904632568,7.329999923706055,0.6558899879455566,12,True,False,False,True,False,True,False,True,False,False,True,True,False,False,True,True,False,0
1182,54.77000045776367,4.099999904632568,7.329999923706055,0.6558899879455566,18,True,False,False,False,True,False,True,False,True,False,True,True,False,True,False,True,False,0
1183,65.86000061035156,4.099999904632568,7.329999923706055,0.6558899879455566,15,True,False,False,False,True,True,False,True,False,False,True,True,False,False,True,True,False,0
1184,49.9900016784668,4.099999904632568,7.329999923706055,0.6558899879455566,12,True,False,False,False,True,True,False,True,False,False,True,True,False,False,True,True,False,0
1185,62.68000030517578,4.099999904632568,7.329999923706055,0.6558899879455566,16,True,False,False,False,True,True,False,True,False,False,True,True,False,True,False,True,False,0
1186,50.779998779296875,5.5,7.349999904632568,0.7517299652099609,16,True,False,False,False,True,True,False,True,False,False,True,True,False,False,True,True,False,1
1187,36.290000915527344,5.5,7.349999904632568,0.7517299652099609,14,True,False,True,False,False,True,False,True,False,False,True,True,False,False,True,True,False,1
1188,52.75,5.5,7.349999904632568,0.7517299652099609,16,True,False,True,False,False,True,False,True,False,False,True,True,False,False,True,True,False,1
1189,47.75,5.5,7.349999904632568,0.7517299652099609,16,True,False,True,False,False,True,False,True,False,True,False,True,False,False,True,True,False,1
1190,49.189998626708984,5.5,7.349999904632568,0.7517299652099609,12,True,False,True,False,False,True,False,True,False,False,True,True,False,False,True,True,False,1
1191,35.150001525878906,5.5,7.349999904632568,0.7517299652099609,15,False,True,True,False,False,True,False,True,False,False,True,True,False,False,True,True,False,1
1192,41.220001220703125,5.5,7.349999904632568,0.7517299652099609,12,True,False,True,False,False,True,False,True,False,True,False,True,False,False,True,True,False,1
1193,44.9900016784668,5.5,7.349999904632568,0.7517299652099609,12,False,True,False,False,True,True,False,True,False,False,True,True,False,True,False,True,False,1
1194,36.91999816894531,5.5,7.349999904632568,0.7517299652099609,12,False,True,True,False,False,True,False,True,False,True,False,True,False,False,True,True,False,1
1195,40.529998779296875,5.5,7.349999904632568,0.7517299652099609,12,True,False,True,False,False,True,False,True,False,False,True,True,False,False,True,True,False,1
1196,35.97999954223633,5.5,7.349999904632568,0.7517299652099609,12,True,False,True,False,False,True,False,True,False,True,False,True,False,False,True,True,False,1
1197,59.119998931884766,5.5,7.349999904632568,0.7517299652099609,12,False,True,False,False,True,True,False,True,False,False,True,True,False,False,True,True,False,1
1198,37.06999969482422,5.5,7.349999904632568,0.7517299652099609,12,False,True,False,True,False,True,False,True,False,False,True,True,False,False,True,True,False,1
1199,49.47999954223633,5.5,7.349999904632568,0.7517299652099609,15,True,False,True,False,False,True,False,True,False,False,True,True,False,False,True,True,False,1
1200,52.0099983215332,6.300000190734863,7.539999961853027,0.8187100291252136,16,False,True,False,False,True,False,True,True,False,False,True,True,False,False,True,True,False,1
1201,43.95000076293945,6.300000190734863,7.539999961853027,0.8187100291252136,13,False,True,False,True,False,False,True,True,False,True,False,True,False,True,False,True,False,1
1202,49.83000183105469,6.300000190734863,7.539999961853027,0.8187100291252136,16,False,True,False,False,True,False,True,True,False,False,True,True,False,True,False,True,False,1
1203,55.279998779296875,6.300000190734863,7.539999961853027,0.8187100291252136,14,False,True,False,False,True,True,False,True,False,True,False,True,False,False,True,True,False,1
1204,48.9900016784668,6.300000190734863,7.539999961853027,0.8187100291252136,12,False,True,False,False,True,True,False,True,False,False,True,True,False,False,True,True,False,1
1205,47.97999954223633,6.5,7.329999923706055,0.6558899879455566,12,False,True,False,False,True,True,False,True,False,False,True,True,False,False,True,True,False,1
1206,44.65999984741211,6.5,7.329999923706055,0.6558899879455566,12,False,True,False,False,True,True,False,False,True,False,True,True,False,False,True,True,False,1
1207,46.279998779296875,6.5,7.329999923706055,0.6558899879455566,13,False,True,False,True,False,True,False,True,False,False,True,True,False,False,True,True,False,1
1208,45.79999923706055,6.400000095367432,7.539999961853027,0.8187100291252136,13,True,False,False,False,True,False,True,True,False,False,True,True,False,True,False,True,False,1
1209,43.41999816894531,9.199999809265137,7.329999923706055,0.6558899879455566,16,True,False,False,False,True,True,False,True,False,False,True,True,False,False,True,True,False,0
1210,56.099998474121094,9.199999809265137,7.329999923706055,0.6558899879455566,14,True,False,False,False,True,True,False,True,False,False,True,True,False,False,True,True,False,0
1211,46.18000030517578,9.199999809265137,7.329999923706055,0.6558899879455566,12,True,False,False,False,True,True,False,True,False,True,False,True,False,False,True,True,False,0
1212,48.59000015258789,9.199999809265137,7.329999923706055,0.6558899879455566,12,True,False,True,False,False,True,False,True,False,False,True,True,False,False,True,True,False,0
1213,69.37999725341797,9.199999809265137,7.329999923706055,0.6558899879455566,17,False,True,False,False,True,False,True,False,True,False,True,True,False,True,False,True,False,0
1214,37.61000061035156,9.199999809265137,7.329999923706055,0.6558899879455566,13,False,True,True,False,False,True,False,True,False,False,True,True,False,False,True,True,False,0
1215,64.54000091552734,9.199999809265137,7.329999923706055,0.6558899879455566,16,False,True,False,False,True,False,True,True,False,False,True,True,False,True,False,True,False,0
1216,43.939998626708984,6.300000190734863,7.329999923706055,0.6558899879455566,14,True,False,True,False,False,True,False,True,False,False,True,True,False,False,True,True,False,1
1217,62.5099983215332,6.300000190734863,7.329999923706055,0.6558899879455566,13,True,False,False,False,True,True,False,True,False,True,False,True,False,False,True,True,False,1
1218,49.84000015258789,6.300000190734863,7.329999923706055,0.6558899879455566,12,True,False,True,False,False,True,False,True,False,False,True,True,False,False,True,True,False,1
1219,49.7400016784668,6.300000190734863,7.329999923706055,0.6558899879455566,16,True,False,False,False,True,True,False,True,False,False,True,True,False,False,True,True,False,1
1220,40.41999816894531,6.300000190734863,7.329999923706055,0.6558899879455566,13,True,False,True,False,False,True,False,True,False,False,True,True,False,False,True,True,False,1
1221,57.90999984741211,4.699999809265137,7.539999961853027,0.8187100291252136,13,False,True,False,False,True,True,False,True,False,True,False,True,False,False,True,True,False,0
1222,44.029998779296875,4.699999809265137,7.539999961853027,0.8187100291252136,13,True,False,False,False,True,True,False,False,True,False,True,True,False,False,True,True,False,0
1223,47.79999923706055,4.699999809265137,7.539999961853027,0.8187100291252136,12,False,True,False,False,True,True,False,True,False,False,True,True,False,False,True,True,False,0
1224,61.61000061035156,4.699999809265137,7.539999961853027,0.8187100291252136,18,True,False,False,False,True,False,True,True,False,False,True,True,False,True,False,True,False,0
1225,44.66999816894531,4.699999809265137,7.539999961853027,0.8187100291252136,12,True,False,False,False,True,True,False,True,False,False,True,True,False,True,False,True,False,0
1226,65.05000305175781,4.699999809265137,7.539999961853027,0.8187100291252136,16,True,False,False,False,True,False,True,True,False,True,False,True,False,False,True,True,False,0
1227,51.91999816894531,4.699999809265137,7.539999961853027,0.8187100291252136,13,False,True,False,False,True,False,True,True,False,False,True,True,False,True,False,True,False,0
1228,55.529998779296875,4.699999809265137,7.539999961853027,0.8187100291252136,12,True,False,False,False,True,True,False,True,False,True,False,True,False,False,True,True,False,0
1229,60.93000030517578,4.699999809265137,7.539999961853027,0.8187100291252136,12,True,False,False,False,True,False,True,True,False,False,True,True,False,False,True,True,False,0
1230,43.540000915527344,5.800000190734863,7.179999828338623,1.1651300191879272,14,True,False,True,False,False,True,False,True,False,False,True,True,False,False,True,True,False,0
1231,37.16999816894531,5.800000190734863,7.179999828338623,1.1651300191879272,12,True,False,True,False,False,True,False,True,False,False,True,True,False,False,True,True,False,0
1232,45.400001525878906,5.800000190734863,7.179999828338623,1.1651300191879272,12,True,False,False,False,True,False,True,True,False,False,True,True,False,True,False,True,False,0
1233,41.79999923706055,5.800000190734863,7.179999828338623,1.1651300191879272,13,True,False,False,False,True,True,False,True,False,True,False,True,False,False,True,True,False,0
1234,40.130001068115234,5.800000190734863,7.179999828338623,1.1651300191879272,12,True,False,True,False,False,True,False,True,False,False,True,True,False,True,False,True,False,0
1235,51.97999954223633,5.800000190734863,7.179999828338623,1.1651300191879272,12,True,False,False,False,True,True,False,True,False,False,True,True,False,True,False,True,False,0
1236,51.9900016784668,5.800000190734863,7.179999828338623,1.1651300191879272,12,False,True,False,False,True,False,True,True,False,True,False,True,False,False,True,True,False,0
1237,52.2599983215332,5.800000190734863,7.179999828338623,1.1651300191879272,16,True,False,False,False,True,True,False,True,False,False,True,True,False,False,True,True,False,0
1238,49.880001068115234,5.800000190734863,7.179999828338623,1.1651300191879272,16,False,True,False,True,False,False,True,True,False,False,True,True,False,False,True,True,False,0
1239,41.869998931884766,6.400000095367432,7.349999904632568,0.7517299652099609,13,False,True,True,False,False,True,False,True,False,False,True,True,False,False,True,True,False,0
1240,38.43000030517578,6.400000095367432,7.349999904632568,0.7517299652099609,12,True,False,True,False,False,True,False,True,False,True,False,True,False,False,True,True,False,0
1241,37.90999984741211,6.400000095367432,7.349999904632568,0.7517299652099609,12,False,True,True,False,False,True,False,True,False,False,True,True,False,False,True,True,False,0
1242,54.310001373291016,6.400000095367432,7.349999904632568,0.7517299652099609,14,False,True,True,False,False,True,False,True,False,False,True,True,False,False,True,True,False,0
1243,36.22999954223633,6.400000095367432,7.349999904632568,0.7517299652099609,12,False,True,True,False,False,True,False,True,False,False,True,True,False,False,True,True,False,0
1244,61.369998931884766,5.599999904632568,7.329999923706055,0.6558899879455566,14,False,True,True,False,False,True,False,True,False,False,True,False,True,False,True,True,False,0
1245,42.349998474121094,5.599999904632568,7.329999923706055,0.6558899879455566,12,True,False,True,False,False,True,False,True,False,True,False,False,True,False,True,True,False,0
1246,51.720001220703125,5.599999904632568,7.329999923706055,0.6558899879455566,15,True,False,True,False,False,True,False,True,False,False,True,False,True,False,True,True,False,0
1247,42.349998474121094,5.599999904632568,7.329999923706055,0.6558899879455566,15,False,True,False,False,True,False,True,True,False,False,True,False,True,False,True,True,False,0
1248,46.130001068115234,5.599999904632568,7.329999923706055,0.6558899879455566,13,False,True,False,False,True,True,False,True,False,False,True,False,True,False,True,True,False,0
1249,57.099998474121094,5.599999904632568,7.329999923706055,0.6558899879455566,14,False,True,False,False,True,True,False,True,False,True,False,False,True,False,True,True,False,0
1250,45.900001525878906,5.599999904632568,7.329999923706055,0.6558899879455566,12,False,True,False,False,True,True,False,True,False,True,False,False,True,False,True,True,False,0
1251,54.369998931884766,5.599999904632568,7.329999923706055,0.6558899879455566,16,True,False,False,False,True,False,True,False,True,False,True,False,True,True,False,True,False,0
1252,39.88999938964844,5.599999904632568,7.329999923706055,0.6558899879455566,12,True,False,True,False,False,True,False,True,False,True,False,False,True,False,True,True,False,0
1253,47.7599983215332,5.599999904632568,7.329999923706055,0.6558899879455566,16,True,False,False,False,True,True,False,True,False,False,True,False,True,False,True,True,False,0
1254,50.0099983215332,5.699999809265137,7.179999828338623,1.1651300191879272,12,True,False,True,False,False,True,False,True,False,False,True,False,True,False,True,True,False,0
1255,44.16999816894531,5.699999809265137,7.179999828338623,1.1651300191879272,12,False,True,True,False,False,True,False,True,False,False,True,False,True,False,True,True,False,0
1256,54.5,5.699999809265137,7.179999828338623,1.1651300191879272,12,False,True,False,True,False,True,False,True,False,False,True,False,True,False,True,True,False,0
1257,63.09000015258789,5.699999809265137,7.179999828338623,1.1651300191879272,15,True,False,False,False,True,False,True,True,False,False,True,False,True,True,False,True,False,0
1258,60.86000061035156,5.699999809265137,7.179999828338623,1.1651300191879272,16,False,True,False,False,True,True,False,True,False,False,True,False,True,False,True,True,False,0
1259,56.5099983215332,5.699999809265137,7.179999828338623,1.1651300191879272,16,False,True,False,False,True,True,False,True,False,False,True,False,True,True,False,True,False,0
1260,52.72999954223633,5.699999809265137,7.179999828338623,1.1651300191879272,16,False,True,False,False,True,False,True,False,True,False,True,False,True,False,True,True,False,0
1261,46.279998779296875,5.699999809265137,7.179999828338623,1.1651300191879272,14,True,False,True,False,False,True,False,True,False,True,False,False,True,False,True,True,False,0
1262,54.209999084472656,5.699999809265137,7.179999828338623,1.1651300191879272,16,True,False,False,False,True,True,False,True,False,True,False,False,True,True,False,True,False,0
1263,65.94999694824219,5.699999809265137,7.179999828338623,1.1651300191879272,16,True,False,False,False,True,False,True,True,False,False,True,False,True,False,True,True,False,0
1264,40.779998779296875,5.699999809265137,7.179999828338623,1.1651300191879272,12,True,False,True,False,False,True,False,True,False,False,True,False,True,False,True,True,False,0
1265,64.69000244140625,5.699999809265137,7.179999828338623,1.1651300191879272,17,True,False,True,False,False,True,False,True,False,False,True,False,True,False,True,True,False,0
1266,47.45000076293945,5.699999809265137,7.179999828338623,1.1651300191879272,13,False,True,True,False,False,True,False,True,False,True,False,False,True,False,True,True,False,0
1267,39.900001525878906,4.599999904632568,7.329999923706055,0.6558899879455566,14,False,True,False,True,False,True,False,True,False,False,True,False,True,False,True,True,False,0
1268,50.84000015258789,4.599999904632568,7.329999923706055,0.6558899879455566,16,True,False,False,False,True,True,False,False,True,False,True,False,True,False,True,True,False,0
1269,62.86000061035156,4.599999904632568,7.329999923706055,0.6558899879455566,15,True,False,False,False,True,True,False,True,False,False,True,False,True,True,False,True,False,0
1270,56.849998474121094,4.599999904632568,7.329999923706055,0.6558899879455566,16,True,False,False,False,True,True,False,True,False,True,False,False,True,False,True,True,False,0
1271,44.939998626708984,4.599999904632568,7.329999923706055,0.6558899879455566,13,True,False,False,False,True,True,False,True,False,False,True,False,True,False,True,True,False,0
1272,34.290000915527344,4.599999904632568,7.329999923706055,0.6558899879455566,12,False,True,False,False,True,True,False,True,False,True,False,False,True,False,True,True,False,0
1273,37.13999938964844,4.599999904632568,7.329999923706055,0.6558899879455566,12,False,True,True,False,False,True,False,True,False,False,True,False,True,True,False,True,False,0
1274,36.2400016784668,4.599999904632568,7.329999923706055,0.6558899879455566,12,False,True,True,False,False,True,False,True,False,False,True,False,True,False,True,True,False,0
1275,48.95000076293945,4.599999904632568,7.329999923706055,0.6558899879455566,16,True,False,False,False,True,True,False,True,False,False,True,False,True,False,True,True,False,0
1276,63.970001220703125,4.599999904632568,7.329999923706055,0.6558899879455566,17,False,True,False,False,True,False,True,False,True,False,True,False,True,True,False,True,False,0
1277,59.45000076293945,4.599999904632568,7.329999923706055,0.6558899879455566,12,False,True,False,False,True,True,False,True,False,True,False,False,True,False,True,True,False,0
1278,39.02000045776367,4.599999904632568,7.329999923706055,0.6558899879455566,14,True,False,True,False,False,False,True,True,False,False,True,False,True,True,False,True,False,0
1279,53.13999938964844,5.300000190734863,7.539999961853027,0.8187100291252136,15,True,False,True,False,False,True,False,True,False,True,False,True,False,False,True,True,False,1
1280,36.7599983215332,5.300000190734863,7.539999961853027,0.8187100291252136,12,False,True,True,False,False,True,False,True,False,False,True,True,False,False,True,True,False,1
1281,38.0099983215332,5.300000190734863,7.539999961853027,0.8187100291252136,12,True,False,False,False,True,True,False,True,False,False,True,True,False,False,True,True,False,1
1282,47.310001373291016,5.300000190734863,7.539999961853027,0.8187100291252136,16,False,True,False,False,True,True,False,True,False,False,True,True,False,True,False,True,False,1
1283,50.02000045776367,5.300000190734863,7.539999961853027,0.8187100291252136,13,True,False,True,False,False,True,False,True,False,False,True,True,False,False,True,True,False,1
1284,39.040000915527344,5.300000190734863,7.539999961853027,0.8187100291252136,12,True,False,True,False,False,True,False,True,False,False,True,True,False,False,True,True,False,1
1285,46.61000061035156,5.300000190734863,7.539999961853027,0.8187100291252136,15,True,False,True,False,False,True,False,True,False,False,True,True,False,False,True,True,False,1
1286,60.220001220703125,5.300000190734863,7.539999961853027,0.8187100291252136,17,True,False,False,False,True,False,True,False,True,False,True,True,False,False,True,True,False,1
1287,53.13999938964844,9.300000190734863,7.400000095367432,0.8833699822425842,12,False,True,False,True,False,True,False,True,False,False,True,True,False,False,True,True,False,1
1288,52.5,9.300000190734863,7.400000095367432,0.8833699822425842,12,True,False,False,False,True,True,False,True,False,False,True,True,False,False,True,True,False,1
1289,53.9900016784668,5.199999809265137,8.260000228881836,0.6154699921607971,12,False,True,False,False,True,False,True,False,True,False,True,True,False,True,False,True,False,0
1290,53.720001220703125,5.199999809265137,8.260000228881836,0.6154699921607971,15,False,True,False,False,True,False,True,False,True,False,True,True,False,True,False,True,False,0
1291,61.150001525878906,5.199999809265137,8.260000228881836,0.6154699921607971,14,False,True,False,False,True,True,False,False,True,False,True,True,False,False,True,True,False,0
1292,36.43000030517578,5.199999809265137,8.260000228881836,0.6154699921607971,12,False,True,False,True,False,True,False,True,False,True,False,True,False,False,True,True,False,0
1293,55.52000045776367,5.199999809265137,8.260000228881836,0.6154699921607971,12,True,False,False,False,True,True,False,True,False,True,False,True,False,False,True,True,False,0
1294,52.060001373291016,5.5,7.400000095367432,0.8833699822425842,16,False,True,False,False,True,True,False,True,False,False,True,True,False,False,True,True,False,0
1295,43.59000015258789,5.5,7.400000095367432,0.8833699822425842,13,True,False,False,False,True,False,True,True,False,False,True,True,False,True,False,True,False,0
1296,55.099998474121094,5.5,7.400000095367432,0.8833699822425842,13,False,True,False,False,True,True,False,True,False,True,False,True,False,False,True,True,False,0
1297,49.68000030517578,5.5,7.400000095367432,0.8833699822425842,13,False,True,False,False,True,True,False,True,False,False,True,True,False,False,True,True,False,0
1298,48.279998779296875,5.5,7.400000095367432,0.8833699822425842,18,False,True,False,False,True,False,True,False,True,False,True,True,False,False,True,True,False,0
1299,59.0099983215332,5.5,7.400000095367432,0.8833699822425842,16,True,False,False,False,True,True,False,True,False,False,True,False,True,True,False,True,False,0
1300,58.08000183105469,5.5,7.400000095367432,0.8833699822425842,16,False,True,False,False,True,True,False,True,False,False,True,False,True,False,True,True,False,0
1301,56.720001220703125,5.5,7.400000095367432,0.8833699822425842,16,True,False,False,True,False,False,True,True,False,False,True,False,True,True,False,True,False,0
1302,44.279998779296875,5.5,7.400000095367432,0.8833699822425842,12,True,False,False,False,True,False,True,True,False,False,True,False,True,False,True,True,False,0
1303,38.650001525878906,5.5,7.400000095367432,0.8833699822425842,12,True,False,False,False,True,True,False,True,False,True,False,False,True,False,True,True,False,0
1304,55.9900016784668,5.5,7.400000095367432,0.8833699822425842,16,True,False,False,False,True,True,False,True,False,True,False,False,True,False,True,True,False,0
1305,48.65999984741211,5.5,7.400000095367432,0.8833699822425842,16,False,True,False,False,True,True,False,True,False,False,True,False,True,False,True,True,False,0
1306,55.279998779296875,5.5,7.400000095367432,0.8833699822425842,18,False,True,True,False,False,True,False,True,False,True,False,False,True,False,True,True,False,0
1307,42.380001068115234,6.400000095367432,8.260000228881836,0.6154699921607971,12,True,False,False,False,True,True,False,True,False,True,False,True,False,False,True,True,False,0
1308,38.599998474121094,6.400000095367432,8.260000228881836,0.6154699921607971,12,False,True,True,False,False,True,False,True,False,True,False,True,False,False,True,True,False,0
1309,61.2400016784668,6.400000095367432,8.260000228881836,0.6154699921607971,16,False,True,False,False,True,True,False,True,False,False,True,True,False,False,True,True,False,0
1310,43.720001220703125,6.400000095367432,8.260000228881836,0.6154699921607971,12,False,True,False,False,True,False,True,False,True,True,False,True,False,True,False,True,False,0
1311,49.119998931884766,6.400000095367432,8.260000228881836,0.6154699921607971,16,True,False,False,False,True,True,False,True,False,False,True,True,False,True,False,True,False,0
1312,52.650001525878906,3.700000047683716,7.400000095367432,0.8833699822425842,16,True,False,False,False,True,False,True,False,True,True,False,True,False,True,False,True,False,0
1313,42.119998931884766,3.700000047683716,7.400000095367432,0.8833699822425842,16,True,False,False,False,True,True,False,True,False,False,True,True,False,True,False,True,False,0
1314,45.68000030517578,3.700000047683716,7.400000095367432,0.8833699822425842,16,True,False,False,False,True,False,True,True,False,False,True,True,False,True,False,True,False,0
1315,55.15999984741211,3.700000047683716,7.400000095367432,0.8833699822425842,12,False,True,False,False,True,True,False,True,False,False,True,True,False,False,True,True,False,0
1316,52.619998931884766,3.700000047683716,7.400000095367432,0.8833699822425842,13,True,False,False,False,True,True,False,True,False,False,True,True,False,False,True,True,False,0
1317,57.70000076293945,3.700000047683716,7.400000095367432,0.8833699822425842,13,True,False,False,False,True,True,False,True,False,True,False,True,False,False,True,True,False,0
1318,35.790000915527344,3.700000047683716,7.400000095367432,0.8833699822425842,12,False,True,False,False,True,True,False,True,False,False,True,True,False,False,True,True,False,0
1319,39.40999984741211,12.100000381469728,9.06999969482422,0.6697499752044678,12,True,False,True,False,False,True,False,True,False,False,True,True,False,False,True,True,False,1
1320,49.13999938964844,12.100000381469728,9.06999969482422,0.6697499752044678,12,False,True,False,False,True,True,False,True,False,False,True,True,False,False,True,True,False,1
1321,64.62999725341797,12.100000381469728,9.06999969482422,0.6697499752044678,16,True,False,False,False,True,False,True,False,True,False,True,True,False,False,True,True,False,1
1322,43.560001373291016,12.100000381469728,9.06999969482422,0.6697499752044678,12,False,True,False,True,False,True,False,True,False,False,True,True,False,False,True,True,False,1
1323,37.720001220703125,12.100000381469728,9.06999969482422,0.6697499752044678,12,False,True,False,False,True,True,False,True,False,False,True,True,False,False,True,True,False,1
1324,48.560001373291016,12.100000381469728,9.06999969482422,0.6697499752044678,13,True,False,False,False,True,True,False,True,False,False,True,True,False,False,True,True,False,1
1325,36.93000030517578,12.100000381469728,9.06999969482422,0.6697499752044678,12,False,True,False,False,True,True,False,True,False,False,True,True,False,False,True,True,False,1
1326,49.58000183105469,12.100000381469728,9.06999969482422,0.6697499752044678,14,True,False,False,False,True,True,False,True,False,False,True,True,False,False,True,True,False,1
1327,56.08000183105469,5.699999809265137,8.260000228881836,0.6154699921607971,12,True,False,False,False,True,False,True,True,False,False,True,False,True,False,True,True,False,0
1328,58.2400016784668,5.699999809265137,8.260000228881836,0.6154699921607971,16,True,False,False,False,True,True,False,True,False,False,True,False,True,True,False,True,False,0
1329,51.290000915527344,5.699999809265137,8.260000228881836,0.6154699921607971,12,False,True,False,False,True,True,False,True,False,False,True,False,True,False,True,True,False,0
1330,55.040000915527344,5.699999809265137,8.260000228881836,0.6154699921607971,12,False,True,False,False,True,True,False,True,False,False,True,False,True,True,False,True,False,0
1331,54.869998931884766,5.699999809265137,8.260000228881836,0.6154699921607971,16,True,False,False,False,True,True,False,True,False,False,True,False,True,False,True,True,False,0
1332,61.09000015258789,9.0,7.489999771118164,0.8048499822616577,15,True,False,False,False,True,True,False,True,False,False,True,True,False,False,True,True,False,1
1333,58.22999954223633,9.0,7.489999771118164,0.8048499822616577,12,True,False,False,False,True,True,False,True,False,False,True,True,False,False,True,True,False,1
1334,34.150001525878906,9.0,7.489999771118164,0.8048499822616577,12,False,True,False,False,True,True,False,True,False,False,True,True,False,True,False,True,False,1
1335,51.5,10.199999809265137,7.489999771118164,0.8048499822616577,12,True,False,False,False,True,True,False,True,False,False,True,True,False,False,True,True,False,1
1336,38.83000183105469,10.199999809265137,7.489999771118164,0.8048499822616577,12,True,False,False,False,True,True,False,True,False,False,True,True,False,True,False,True,False,1
1337,46.93000030517578,10.199999809265137,7.489999771118164,0.8048499822616577,12,False,True,False,False,True,True,False,True,False,False,True,True,False,False,True,True,False,1
1338,59.20000076293945,10.199999809265137,7.489999771118164,0.8048499822616577,13,False,True,False,False,True,True,False,True,False,False,True,True,False,False,True,True,False,1
1339,38.20000076293945,8.899999618530273,7.489999771118164,0.8048499822616577,12,False,True,True,False,False,True,False,False,True,False,True,True,False,False,True,True,False,1
1340,46.91999816894531,8.899999618530273,7.489999771118164,0.8048499822616577,13,False,True,False,False,True,False,True,False,True,False,True,True,False,True,False,True,False,1
1341,54.22999954223633,8.899999618530273,7.489999771118164,0.8048499822616577,15,False,True,False,False,True,True,False,True,False,False,True,True,False,True,False,True,False,1
1342,38.349998474121094,8.899999618530273,7.489999771118164,0.8048499822616577,12,True,False,False,True,False,True,False,True,False,True,False,True,False,False,True,True,False,1
1343,63.56999969482422,8.899999618530273,7.489999771118164,0.8048499822616577,16,True,False,False,False,True,True,False,True,False,False,True,True,False,False,True,True,False,1
1344,36.63999938964844,8.899999618530273,7.489999771118164,0.8048499822616577,12,False,True,True,False,False,True,False,True,False,True,False,True,False,False,True,True,False,1
1345,37.81999969482422,8.899999618530273,7.489999771118164,0.8048499822616577,12,True,False,True,False,False,True,False,True,False,False,True,True,False,False,True,True,False,1
1346,59.369998931884766,13.399999618530272,8.260000228881836,0.6154699921607971,12,True,False,False,False,True,True,False,True,False,False,True,True,False,False,True,True,False,1
1347,59.59000015258789,13.399999618530272,8.260000228881836,0.6154699921607971,12,True,False,False,False,True,True,False,True,False,True,False,True,False,False,True,True,False,1
1348,54.040000915527344,13.399999618530272,8.260000228881836,0.6154699921607971,15,False,True,False,False,True,True,False,True,False,False,True,True,False,False,True,True,False,1
1349,39.470001220703125,13.399999618530272,8.260000228881836,0.6154699921607971,12,True,False,False,False,True,True,False,True,False,False,True,True,False,True,False,True,False,1
1350,57.63999938964844,13.399999618530272,8.260000228881836,0.6154699921607971,16,False,True,False,False,True,False,True,True,False,False,True,True,False,False,True,True,False,1
1351,63.75,13.399999618530272,8.260000228881836,0.6154699921607971,16,True,False,False,False,True,True,False,True,False,False,True,True,False,False,True,True,False,1
1352,59.27000045776367,10.800000190734863,8.260000228881836,0.6154699921607971,17,True,False,False,False,True,True,False,True,False,False,True,True,False,False,True,True,False,1
1353,39.849998474121094,10.800000190734863,8.260000228881836,0.6154699921607971,12,True,False,True,False,False,True,False,True,False,False,True,True,False,False,True,True,False,1
1354,52.0099983215332,10.800000190734863,8.260000228881836,0.6154699921607971,15,False,True,False,False,True,True,False,True,False,False,True,True,False,True,False,True,False,1
1355,51.189998626708984,10.800000190734863,8.260000228881836,0.6154699921607971,12,True,False,False,False,True,True,False,True,False,False,True,True,False,True,False,True,False,1
1356,52.81999969482422,10.800000190734863,8.260000228881836,0.6154699921607971,17,False,True,False,False,True,True,False,True,False,False,True,True,False,False,True,True,False,1
1357,46.25,10.800000190734863,8.260000228881836,0.6154699921607971,14,True,False,True,False,False,True,False,True,False,False,True,True,False,False,True,True,False,1
1358,66.47000122070312,10.800000190734863,8.260000228881836,0.6154699921607971,13,False,True,False,False,True,False,True,False,True,False,True,True,False,False,True,True,False,1
1359,55.16999816894531,10.800000190734863,8.260000228881836,0.6154699921607971,13,True,False,False,False,True,True,False,True,False,False,True,True,False,False,True,True,False,1
1360,34.33000183105469,8.5,8.260000228881836,0.6154699921607971,13,False,True,False,False,True,False,True,True,False,False,True,True,False,False,True,True,False,1
1361,44.79999923706055,8.5,8.260000228881836,0.6154699921607971,12,False,True,False,False,True,True,False,True,False,False,True,True,False,False,True,True,False,1
1362,40.220001220703125,8.5,8.260000228881836,0.6154699921607971,12,True,False,False,False,True,True,False,True,False,False,True,True,False,False,True,True,False,1
1363,49.83000183105469,8.5,8.260000228881836,0.6154699921607971,16,True,False,False,False,True,True,False,False,True,False,True,True,False,True,False,True,False,1
1364,52.45000076293945,8.5,8.260000228881836,0.6154699921607971,12,False,True,False,False,True,True,False,False,True,False,True,True,False,True,False,True,False,1
1365,61.810001373291016,8.5,8.260000228881836,0.6154699921607971,16,True,False,False,False,True,True,False,True,False,False,True,True,False,False,True,True,False,1
1366,48.33000183105469,8.5,8.260000228881836,0.6154699921607971,16,True,False,False,False,True,False,True,False,True,True,False,True,False,False,True,True,False,1
1367,59.41999816894531,14.899999618530272,8.260000228881836,0.6154699921607971,12,True,False,False,False,True,True,False,True,False,False,True,True,False,False,True,True,False,1
1368,46.11000061035156,14.899999618530272,8.260000228881836,0.6154699921607971,13,True,False,False,False,True,True,False,True,False,False,True,True,False,False,True,True,False,1
1369,34.41999816894531,14.899999618530272,8.260000228881836,0.6154699921607971,12,False,True,False,False,True,True,False,True,False,False,True,True,False,False,True,True,False,1
1370,67.0,14.899999618530272,8.260000228881836,0.6154699921607971,13,True,False,False,False,True,True,False,True,False,False,True,True,False,False,True,True,False,1
1371,50.349998474121094,14.899999618530272,8.260000228881836,0.6154699921607971,14,False,True,False,False,True,True,False,True,False,False,True,True,False,False,True,True,False,1
1372,58.91999816894531,14.899999618530272,8.260000228881836,0.6154699921607971,12,False,True,False,False,True,True,False,True,False,True,False,True,False,False,True,True,False,1
1373,62.95000076293945,14.899999618530272,8.260000228881836,0.6154699921607971,16,True,False,False,False,True,True,False,False,True,False,True,True,False,False,True,True,False,1
1374,40.4900016784668,14.899999618530272,8.260000228881836,0.6154699921607971,12,True,False,False,False,True,True,False,True,False,False,True,True,False,False,True,True,False,1
1375,41.20000076293945,6.099999904632568,7.489999771118164,0.8048499822616577,12,False,True,True,False,False,True,False,True,False,False,True,True,False,False,True,True,False,0
1376,44.33000183105469,6.099999904632568,7.489999771118164,0.8048499822616577,12,True,False,True,False,False,True,False,True,False,True,False,True,False,False,True,True,False,0
1377,44.900001525878906,6.099999904632568,7.489999771118164,0.8048499822616577,13,True,False,False,False,True,True,False,True,False,False,True,True,False,True,False,True,False,0
1378,46.720001220703125,6.099999904632568,7.489999771118164,0.8048499822616577,14,True,False,True,False,False,True,False,True,False,False,True,True,False,False,True,True,False,0
1379,36.560001373291016,6.099999904632568,7.489999771118164,0.8048499822616577,12,False,True,True,False,False,False,True,True,False,True,False,True,False,False,True,True,False,0
1380,45.59000015258789,6.099999904632568,7.489999771118164,0.8048499822616577,12,False,True,False,False,True,True,False,True,False,False,True,True,False,False,True,True,False,0
1381,35.33000183105469,6.099999904632568,7.489999771118164,0.8048499822616577,12,True,False,True,False,False,True,False,True,False,False,True,True,False,False,True,True,False,0
1382,41.720001220703125,6.099999904632568,7.489999771118164,0.8048499822616577,12,True,False,True,False,False,True,False,True,False,False,True,True,False,False,True,True,False,0
1383,56.970001220703125,6.099999904632568,7.489999771118164,0.8048499822616577,12,True,False,False,False,True,True,False,True,False,False,True,True,False,False,True,True,False,0
1384,44.099998474121094,13.399999618530272,8.260000228881836,0.6154699921607971,13,True,False,False,True,False,False,True,True,False,True,False,True,False,False,True,True,False,1
1385,33.599998474121094,13.399999618530272,8.260000228881836,0.6154699921607971,12,False,True,False,False,True,True,False,True,False,False,True,True,False,False,True,True,False,1
1386,37.279998779296875,13.399999618530272,8.260000228881836,0.6154699921607971,12,False,True,False,False,True,True,False,True,False,False,True,True,False,False,True,True,False,1
1387,41.06999969482422,13.399999618530272,8.260000228881836,0.6154699921607971,13,True,False,True,False,False,True,False,True,False,False,True,True,False,False,True,True,False,1
1388,49.0099983215332,13.399999618530272,8.260000228881836,0.6154699921607971,12,True,False,False,False,True,True,False,True,False,False,True,True,False,False,True,True,False,1
1389,42.84000015258789,13.399999618530272,8.260000228881836,0.6154699921607971,12,True,False,False,False,True,True,False,True,False,True,False,True,False,False,True,True,False,1
1390,39.66999816894531,13.399999618530272,8.260000228881836,0.6154699921607971,12,True,False,False,False,True,True,False,True,False,False,True,True,False,True,False,True,False,1
1391,47.7400016784668,9.5,7.400000095367432,0.8833699822425842,17,True,False,False,False,True,False,True,True,False,False,True,True,False,True,False,True,False,1
1392,53.16999816894531,9.5,7.400000095367432,0.8833699822425842,14,True,False,False,False,True,True,False,True,False,False,True,True,False,False,True,True,False,1
1393,47.90999984741211,9.5,7.400000095367432,0.8833699822425842,14,True,False,False,False,True,True,False,False,True,False,True,True,False,True,False,True,False,1
1394,60.88999938964844,9.5,7.400000095367432,0.8833699822425842,16,False,True,False,False,True,False,True,True,False,False,True,True,False,False,True,True,False,1
1395,62.13999938964844,11.5,7.489999771118164,0.8048499822616577,16,False,True,False,False,True,True,False,True,False,False,True,True,False,False,True,True,False,1
1396,57.97999954223633,11.5,7.489999771118164,0.8048499822616577,12,True,False,False,False,True,True,False,True,False,False,True,True,False,False,True,True,False,1
1397,47.630001068115234,11.5,7.489999771118164,0.8048499822616577,12,True,False,False,False,True,True,False,True,False,False,True,True,False,False,True,True,False,1
1398,53.91999816894531,11.5,7.489999771118164,0.8048499822616577,12,True,False,False,False,True,True,False,True,False,False,True,True,False,False,True,True,False,1
1399,47.31999969482422,11.5,7.489999771118164,0.8048499822616577,14,True,False,True,False,False,True,False,True,False,False,True,True,False,False,True,True,False,1
1400,54.2400016784668,9.600000381469728,9.06999969482422,0.6697499752044678,16,True,False,False,False,True,True,False,True,False,False,True,True,False,False,True,True,False,1
1401,48.970001220703125,9.600000381469728,9.06999969482422,0.6697499752044678,12,True,False,False,False,True,True,False,True,False,False,True,True,False,False,True,True,False,1
1402,52.130001068115234,9.600000381469728,9.06999969482422,0.6697499752044678,13,True,False,False,False,True,True,False,False,True,False,True,True,False,False,True,True,False,1
1403,49.439998626708984,9.600000381469728,9.06999969482422,0.6697499752044678,12,False,True,False,False,True,True,False,True,False,False,True,True,False,False,True,True,False,1
1404,66.0199966430664,9.600000381469728,9.06999969482422,0.6697499752044678,12,True,False,False,False,True,True,False,True,False,False,True,True,False,False,True,True,False,1
1405,49.689998626708984,9.600000381469728,9.06999969482422,0.6697499752044678,15,False,True,False,False,True,True,False,True,False,False,True,True,False,True,False,True,False,1
1406,51.709999084472656,9.399999618530272,9.06999969482422,0.6697499752044678,12,False,True,False,False,True,True,False,True,False,False,True,True,False,False,True,True,False,1
1407,37.310001373291016,9.399999618530272,9.06999969482422,0.6697499752044678,12,False,True,False,False,True,False,True,False,True,True,False,True,False,False,True,True,False,1
1408,47.779998779296875,9.399999618530272,9.06999969482422,0.6697499752044678,16,False,True,False,False,True,True,False,True,False,False,True,True,False,False,True,True,False,1
1409,55.9900016784668,9.399999618530272,9.06999969482422,0.6697499752044678,12,True,False,False,False,True,True,False,True,False,False,True,True,False,False,True,True,False,1
1410,33.790000915527344,9.399999618530272,9.06999969482422,0.6697499752044678,12,True,False,False,False,True,True,False,True,False,True,False,True,False,False,True,True,False,1
1411,59.45000076293945,9.399999618530272,9.06999969482422,0.6697499752044678,14,False,True,False,False,True,True,False,True,False,True,False,True,False,False,True,True,False,1
1412,60.459999084472656,9.399999618530272,9.06999969482422,0.6697499752044678,12,True,False,False,False,True,True,False,True,False,False,True,True,False,False,True,True,False,1
1413,45.439998626708984,9.399999618530272,9.06999969482422,0.6697499752044678,12,False,True,False,False,True,True,False,True,False,False,True,True,False,False,True,True,False,1
1414,58.189998626708984,9.399999618530272,9.06999969482422,0.6697499752044678,13,True,False,False,False,True,True,False,True,False,False,True,True,False,False,True,True,False,1
1415,58.459999084472656,9.399999618530272,9.06999969482422,0.6697499752044678,12,False,True,False,False,True,True,False,True,False,False,True,True,False,False,True,True,False,1
1416,53.09000015258789,9.399999618530272,9.06999969482422,0.6697499752044678,12,True,False,False,False,True,True,False,True,False,True,False,True,False,False,True,True,False,1
1417,47.88999938964844,7.800000190734863,9.06999969482422,0.6697499752044678,17,False,True,True,False,False,True,False,True,False,True,False,True,False,False,True,True,False,1
1418,57.939998626708984,7.800000190734863,9.06999969482422,0.6697499752044678,12,False,True,False,False,True,True,False,True,False,False,True,True,False,False,True,True,False,1
1419,52.41999816894531,7.800000190734863,9.06999969482422,0.6697499752044678,17,True,False,False,False,True,False,True,False,True,False,True,True,False,False,True,True,False,1
1420,63.43000030517578,7.800000190734863,9.06999969482422,0.6697499752044678,18,False,True,False,False,True,False,True,True,False,False,True,True,False,True,False,True,False,1
1421,48.25,7.800000190734863,9.06999969482422,0.6697499752044678,13,False,True,True,False,False,True,False,True,False,False,True,True,False,False,True,True,False,1
1422,45.220001220703125,7.800000190734863,9.06999969482422,0.6697499752044678,12,False,True,False,False,True,True,False,True,False,True,False,True,False,False,True,True,False,1
1423,38.43000030517578,5.900000095367432,8.260000228881836,0.6154699921607971,12,True,False,True,False,False,True,False,True,False,False,True,False,True,False,True,True,False,0
1424,53.040000915527344,5.900000095367432,8.260000228881836,0.6154699921607971,15,False,True,True,False,False,True,False,True,False,False,True,False,True,False,True,True,False,0
1425,37.90999984741211,5.900000095367432,8.260000228881836,0.6154699921607971,14,True,False,True,False,False,True,False,True,False,False,True,False,True,False,True,True,False,0
1426,50.709999084472656,5.900000095367432,8.260000228881836,0.6154699921607971,14,False,True,True,False,False,True,False,True,False,False,True,False,True,False,True,True,False,0
1427,56.13999938964844,5.900000095367432,8.260000228881836,0.6154699921607971,12,False,True,True,False,False,True,False,True,False,False,True,False,True,False,True,True,False,0
1428,43.599998474121094,5.900000095367432,8.260000228881836,0.6154699921607971,12,False,True,True,False,False,True,False,True,False,True,False,False,True,True,False,True,False,0
1429,53.16999816894531,5.900000095367432,8.260000228881836,0.6154699921607971,17,False,True,True,False,False,True,False,True,False,False,True,False,True,False,True,True,False,0
1430,40.7599983215332,5.900000095367432,8.260000228881836,0.6154699921607971,12,True,False,True,False,False,False,True,True,False,True,False,False,True,False,True,True,False,0
1431,33.97999954223633,5.900000095367432,8.260000228881836,0.6154699921607971,14,True,False,True,False,False,True,False,True,False,False,True,False,True,False,True,True,False,0
1432,40.380001068115234,5.900000095367432,8.260000228881836,0.6154699921607971,13,False,True,True,False,False,True,False,False,True,False,True,False,True,False,True,True,False,0
1433,37.75,5.900000095367432,8.260000228881836,0.6154699921607971,12,False,True,True,False,False,True,False,True,False,True,False,False,True,False,True,True,False,0
1434,45.400001525878906,5.699999809265137,8.260000228881836,0.6154699921607971,12,False,True,True,False,False,True,False,True,False,True,False,False,True,True,False,True,False,0
1435,51.72999954223633,5.699999809265137,8.260000228881836,0.6154699921607971,13,True,False,True,False,False,True,False,False,True,False,True,False,True,False,True,True,False,0
1436,52.83000183105469,5.699999809265137,8.260000228881836,0.6154699921607971,16,True,False,True,False,False,True,False,True,False,False,True,False,True,True,False,True,False,0
1437,42.5,5.699999809265137,8.260000228881836,0.6154699921607971,15,True,False,False,False,True,False,True,False,True,False,True,False,True,False,True,True,False,0
1438,34.279998779296875,5.699999809265137,8.260000228881836,0.6154699921607971,12,False,True,True,False,False,True,False,True,False,False,True,False,True,False,True,True,False,0
1439,51.810001373291016,5.699999809265137,8.260000228881836,0.6154699921607971,15,False,True,False,False,True,False,True,True,False,False,True,False,True,False,True,True,False,0
1440,32.189998626708984,8.199999809265137,8.260000228881836,0.6154699921607971,12,False,True,True,False,False,True,False,True,False,True,False,True,False,False,True,True,False,1
1441,55.040000915527344,7.5,7.489999771118164,0.8048499822616577,16,True,False,False,False,True,True,False,True,False,False,True,False,True,True,False,True,False,0
1442,35.2599983215332,7.5,7.489999771118164,0.8048499822616577,14,True,False,True,False,False,True,False,True,False,True,False,False,True,False,True,True,False,0
1443,44.04999923706055,7.5,7.489999771118164,0.8048499822616577,12,True,False,False,False,True,True,False,True,False,False,True,False,True,False,True,True,False,0
1444,56.97999954223633,7.5,7.489999771118164,0.8048499822616577,12,True,False,False,True,False,True,False,True,False,False,True,False,True,False,True,True,False,0
1445,51.93000030517578,7.5,7.489999771118164,0.8048499822616577,12,True,False,False,False,True,True,False,True,False,False,True,False,True,False,True,True,False,0
1446,41.439998626708984,7.5,7.489999771118164,0.8048499822616577,12,True,False,True,False,False,True,False,True,False,True,False,False,True,False,True,True,False,0
1447,49.310001373291016,7.5,7.489999771118164,0.8048499822616577,14,False,True,False,False,True,False,True,True,False,False,True,False,True,True,False,True,False,0
1448,59.86000061035156,7.5,7.489999771118164,0.8048499822616577,13,True,False,False,False,True,False,True,True,False,False,True,False,True,True,False,True,False,0
1449,39.02000045776367,5.900000095367432,8.260000228881836,0.6154699921607971,15,False,True,False,False,True,False,True,True,False,True,False,False,True,True,False,True,False,1
1450,41.65999984741211,5.900000095367432,8.260000228881836,0.6154699921607971,12,False,True,False,False,True,True,False,True,False,True,False,False,True,True,False,True,False,1
1451,38.36000061035156,5.900000095367432,8.260000228881836,0.6154699921607971,12,True,False,True,False,False,True,False,True,False,False,True,False,True,False,True,True,False,1
1452,36.88999938964844,5.900000095367432,8.260000228881836,0.6154699921607971,16,False,True,True,False,False,True,False,True,False,False,True,False,True,False,True,True,False,1
1453,61.84000015258789,5.900000095367432,8.260000228881836,0.6154699921607971,16,False,True,False,False,True,False,True,True,False,False,True,False,True,False,True,True,False,1
1454,45.9900016784668,5.900000095367432,8.260000228881836,0.6154699921607971,12,True,False,False,False,True,True,False,True,False,False,True,False,True,False,True,True,False,1
1455,44.849998474121094,5.800000190734863,7.400000095367432,0.8833699822425842,12,True,False,False,False,True,True,False,True,False,False,True,True,False,True,False,True,False,1
1456,46.09000015258789,5.800000190734863,7.400000095367432,0.8833699822425842,12,True,False,False,False,True,True,False,True,False,False,True,True,False,True,False,True,False,1
1457,42.16999816894531,5.800000190734863,7.400000095367432,0.8833699822425842,12,False,True,True,False,False,True,False,True,False,False,True,True,False,True,False,True,False,1
1458,39.88999938964844,9.0,7.489999771118164,0.8048499822616577,12,True,False,False,False,True,True,False,True,False,False,True,True,False,False,True,True,False,1
1459,37.22999954223633,9.0,7.489999771118164,0.8048499822616577,12,False,True,False,True,False,True,False,True,False,False,True,True,False,False,True,True,False,1
1460,34.709999084472656,9.0,7.489999771118164,0.8048499822616577,12,True,False,True,False,False,True,False,True,False,False,True,True,False,False,True,True,False,1
1461,38.58000183105469,9.0,7.489999771118164,0.8048499822616577,12,True,False,False,False,True,False,True,False,True,False,True,True,False,True,False,True,False,1
1462,40.939998626708984,9.0,7.489999771118164,0.8048499822616577,12,False,True,False,False,True,True,False,True,False,False,True,True,False,True,False,True,False,1
1463,52.5099983215332,9.0,7.489999771118164,0.8048499822616577,16,True,False,False,False,True,True,False,True,False,False,True,True,False,False,True,True,False,1
1464,41.439998626708984,9.0,7.489999771118164,0.8048499822616577,12,True,False,True,False,False,True,False,True,False,False,True,True,False,False,True,True,False,1
1465,38.529998779296875,9.0,7.489999771118164,0.8048499822616577,14,True,False,False,False,True,True,False,True,False,True,False,True,False,False,True,True,False,1
1466,49.83000183105469,6.900000095367432,8.260000228881836,0.6154699921607971,13,False,True,True,False,False,True,False,True,False,False,True,True,False,False,True,True,False,1
1467,38.2400016784668,6.900000095367432,8.260000228881836,0.6154699921607971,12,False,True,False,False,True,True,False,True,False,True,False,True,False,False,True,True,False,1
1468,46.70000076293945,6.900000095367432,8.260000228881836,0.6154699921607971,16,True,False,False,False,True,True,False,True,False,False,True,True,False,False,True,True,False,1
1469,53.97999954223633,6.900000095367432,8.260000228881836,0.6154699921607971,12,True,False,False,True,False,True,False,True,False,False,True,True,False,False,True,True,False,1
1470,40.47999954223633,6.900000095367432,8.260000228881836,0.6154699921607971,12,False,True,False,False,True,True,False,True,False,True,False,True,False,False,True,True,False,1
1471,37.56999969482422,6.900000095367432,8.260000228881836,0.6154699921607971,12,False,True,False,False,True,True,False,True,False,False,True,True,False,True,False,True,False,1
1472,34.70000076293945,6.900000095367432,8.260000228881836,0.6154699921607971,15,True,False,True,False,False,True,False,True,False,False,True,True,False,False,True,True,False,1
1473,44.08000183105469,8.0,7.400000095367432,0.8833699822425842,12,True,False,True,False,False,True,False,True,False,False,True,True,False,False,True,True,False,0
1474,36.59000015258789,8.0,7.400000095367432,0.8833699822425842,14,False,True,True,False,False,True,False,True,False,True,False,True,False,False,True,True,False,0
1475,40.4900016784668,8.0,7.400000095367432,0.8833699822425842,13,True,False,True,False,False,True,False,True,False,True,False,True,False,False,True,True,False,0
1476,39.150001525878906,8.0,7.400000095367432,0.8833699822425842,13,False,True,True,False,False,True,False,True,False,True,False,True,False,False,True,True,False,0
1477,45.29999923706055,8.0,7.400000095367432,0.8833699822425842,12,False,True,False,False,True,True,False,True,False,False,True,True,False,False,True,True,False,0
1478,52.9900016784668,8.0,7.400000095367432,0.8833699822425842,16,True,False,False,False,True,False,True,True,False,False,True,True,False,False,True,True,False,0
1479,35.22999954223633,9.699999809265137,7.489999771118164,0.8048499822616577,12,True,False,True,False,False,True,False,True,False,False,True,True,False,False,True,True,False,1
1480,55.16999816894531,9.699999809265137,7.489999771118164,0.8048499822616577,12,False,True,False,False,True,True,False,True,False,False,True,True,False,False,True,True,False,1
1481,39.95000076293945,9.699999809265137,7.489999771118164,0.8048499822616577,12,True,False,True,False,False,True,False,True,False,True,False,True,False,False,True,True,False,1
1482,44.619998931884766,9.699999809265137,7.489999771118164,0.8048499822616577,16,True,False,True,False,False,True,False,True,False,False,True,True,False,False,True,True,False,1
1483,41.9900016784668,9.699999809265137,7.489999771118164,0.8048499822616577,16,True,False,True,False,False,True,False,True,False,False,True,True,False,False,True,True,False,1
1484,32.720001220703125,9.699999809265137,7.489999771118164,0.8048499822616577,16,True,False,True,False,False,True,False,True,False,True,False,True,False,False,True,True,False,1
1485,55.02000045776367,9.699999809265137,7.489999771118164,0.8048499822616577,13,True,False,False,False,True,True,False,True,False,False,True,True,False,False,True,True,False,1
1486,36.540000915527344,5.900000095367432,7.400000095367432,0.8833699822425842,13,True,False,True,False,False,True,False,True,False,True,False,True,False,False,True,True,False,0
1487,37.41999816894531,5.900000095367432,7.400000095367432,0.8833699822425842,15,True,False,True,False,False,True,False,False,True,False,True,True,False,False,True,True,False,0
1488,54.400001525878906,7.5,7.489999771118164,0.8048499822616577,15,False,True,True,False,False,True,False,True,False,False,True,False,True,False,True,True,False,0
1489,45.93000030517578,7.5,7.489999771118164,0.8048499822616577,12,False,True,True,False,False,True,False,True,False,True,False,False,True,False,True,True,False,0
1490,45.02000045776367,7.5,7.489999771118164,0.8048499822616577,12,True,False,True,False,False,True,False,True,False,False,True,False,True,True,False,True,False,0
1491,44.59000015258789,6.0,7.400000095367432,0.8833699822425842,12,True,False,True,False,False,True,False,True,False,False,True,True,False,False,True,True,False,1
1492,44.68000030517578,6.0,7.400000095367432,0.8833699822425842,12,True,False,True,False,False,True,False,True,False,False,True,True,False,False,True,True,False,1
1493,40.43000030517578,6.0,7.400000095367432,0.8833699822425842,12,False,True,True,False,False,True,False,True,False,False,True,True,False,False,True,True,False,1
1494,39.83000183105469,6.0,7.400000095367432,0.8833699822425842,12,True,False,True,False,False,True,False,True,False,False,True,True,False,False,True,True,False,1
1495,47.310001373291016,6.0,7.400000095367432,0.8833699822425842,16,True,False,True,False,False,True,False,True,False,False,True,True,False,False,True,True,False,1
1496,44.38999938964844,6.0,7.400000095367432,0.8833699822425842,16,True,False,True,False,False,True,False,True,False,False,True,True,False,False,True,True,False,1
1497,39.869998931884766,6.0,7.400000095367432,0.8833699822425842,14,True,False,True,False,False,True,False,True,False,False,True,True,False,False,True,True,False,1
1498,40.68000030517578,6.0,7.400000095367432,0.8833699822425842,13,True,False,True,False,False,True,False,True,False,False,True,True,False,False,True,True,False,1
1499,57.959999084472656,12.5,9.06999969482422,0.6697499752044678,13,False,True,False,False,True,True,False,True,False,False,True,True,False,False,True,True,False,1
1500,34.86000061035156,12.5,9.06999969482422,0.6697499752044678,12,False,True,False,False,True,True,False,True,False,True,False,True,False,False,True,True,False,1
1501,53.5099983215332,12.5,9.06999969482422,0.6697499752044678,16,True,False,False,False,True,True,False,True,False,True,False,True,False,False,True,True,False,1
1502,36.529998779296875,12.5,9.06999969482422,0.6697499752044678,12,False,True,False,False,True,False,True,False,True,False,True,True,False,True,False,True,False,1
1503,44.95000076293945,10.300000190734863,7.489999771118164,0.8048499822616577,16,True,False,False,False,True,True,False,True,False,False,True,True,False,True,False,True,False,1
1504,47.52000045776367,10.300000190734863,7.489999771118164,0.8048499822616577,17,True,False,False,False,True,True,False,True,False,False,True,True,False,False,True,True,False,1
1505,63.709999084472656,10.300000190734863,7.489999771118164,0.8048499822616577,17,False,True,False,False,True,True,False,True,False,False,True,True,False,False,True,True,False,1
1506,33.400001525878906,10.300000190734863,7.489999771118164,0.8048499822616577,14,False,True,False,False,True,True,False,True,False,False,True,True,False,False,True,True,False,1
1507,51.65999984741211,10.300000190734863,7.489999771118164,0.8048499822616577,13,True,False,False,False,True,True,False,True,False,True,False,True,False,False,True,True,False,1
1508,43.560001373291016,8.399999618530273,8.260000228881836,0.6154699921607971,12,False,True,False,False,True,False,True,True,False,True,False,True,False,False,True,True,False,1
1509,60.2400016784668,8.399999618530273,8.260000228881836,0.6154699921607971,14,True,False,False,False,True,True,False,True,False,True,False,True,False,False,True,True,False,1
1510,46.13999938964844,8.399999618530273,8.260000228881836,0.6154699921607971,16,False,True,True,False,False,True,False,True,False,False,True,True,False,False,True,True,False,1
1511,36.290000915527344,8.399999618530273,8.260000228881836,0.6154699921607971,12,True,False,True,False,False,True,False,True,False,True,False,True,False,False,True,True,False,1
1512,48.619998931884766,8.399999618530273,8.260000228881836,0.6154699921607971,13,False,True,False,False,True,True,False,True,False,False,True,True,False,False,True,True,False,1
1513,64.79000091552734,8.399999618530273,8.260000228881836,0.6154699921607971,17,True,False,False,False,True,False,True,False,True,False,True,True,False,False,True,True,False,1
1514,54.91999816894531,8.399999618530273,8.260000228881836,0.6154699921607971,13,True,False,False,False,True,True,False,True,False,True,False,True,False,False,True,True,False,1
1515,40.29999923706055,10.199999809265137,8.260000228881836,0.6154699921607971,12,False,True,False,False,True,True,False,True,False,False,True,True,False,False,True,True,False,1
1516,43.88999938964844,10.199999809265137,8.260000228881836,0.6154699921607971,12,False,True,False,False,True,True,False,True,False,False,True,True,False,False,True,True,False,1
1517,57.91999816894531,10.199999809265137,8.260000228881836,0.6154699921607971,12,False,True,False,False,True,True,False,True,False,False,True,True,False,False,True,True,False,1
1518,34.16999816894531,10.199999809265137,8.260000228881836,0.6154699921607971,12,False,True,False,False,True,True,False,True,False,False,True,True,False,False,True,True,False,1
1519,55.959999084472656,10.199999809265137,8.260000228881836,0.6154699921607971,12,True,False,False,False,True,True,False,True,False,False,True,True,False,False,True,True,False,1
1520,42.91999816894531,5.5,7.400000095367432,0.8833699822425842,12,True,False,True,False,False,True,False,True,False,False,True,False,True,False,True,True,False,0
1521,34.65999984741211,5.5,7.400000095367432,0.8833699822425842,13,True,False,True,False,False,True,False,True,False,True,False,False,True,False,True,True,False,0
1522,48.630001068115234,5.5,7.400000095367432,0.8833699822425842,16,True,False,True,False,False,True,False,True,False,True,False,False,True,False,True,True,False,0
1523,36.970001220703125,5.5,7.400000095367432,0.8833699822425842,12,True,False,True,False,False,True,False,True,False,True,False,False,True,False,True,True,False,0
1524,42.65999984741211,5.5,7.400000095367432,0.8833699822425842,12,False,True,False,True,False,True,False,True,False,False,True,False,True,False,True,True,False,0
1525,43.20000076293945,5.5,7.400000095367432,0.8833699822425842,12,True,False,True,False,False,True,False,True,False,False,True,False,True,False,True,True,False,0
1526,34.83000183105469,11.199999809265137,9.06999969482422,0.6697499752044678,13,True,False,False,True,False,True,False,True,False,False,True,True,False,False,True,True,False,1
1527,43.380001068115234,11.199999809265137,9.06999969482422,0.6697499752044678,12,True,False,False,False,True,True,False,True,False,False,True,True,False,False,True,True,False,1
1528,47.0099983215332,11.199999809265137,9.06999969482422,0.6697499752044678,13,False,True,False,False,True,True,False,True,False,False,True,True,False,False,True,True,False,1
1529,40.400001525878906,7.199999809265137,8.260000228881836,0.6154699921607971,15,True,False,False,False,True,True,False,True,False,False,True,True,False,False,True,True,False,1
1530,43.560001373291016,7.199999809265137,8.260000228881836,0.6154699921607971,16,True,False,False,False,True,False,True,False,True,False,True,True,False,True,False,True,False,1
1531,49.189998626708984,7.199999809265137,8.260000228881836,0.6154699921607971,12,False,True,False,False,True,False,True,True,False,False,True,True,False,False,True,True,False,1
1532,36.400001525878906,7.199999809265137,8.260000228881836,0.6154699921607971,12,True,False,False,False,True,True,False,True,False,False,True,True,False,True,False,True,False,1
1533,34.470001220703125,7.199999809265137,8.260000228881836,0.6154699921607971,12,False,True,False,False,True,True,False,True,False,False,True,True,False,False,True,True,False,1
1534,60.630001068115234,7.199999809265137,8.260000228881836,0.6154699921607971,13,False,True,False,False,True,True,False,True,False,False,True,True,False,True,False,True,False,1
1535,54.63999938964844,5.900000095367432,8.260000228881836,0.6154699921607971,16,True,False,False,False,True,False,True,True,False,True,False,True,False,True,False,True,False,0
1536,43.880001068115234,5.900000095367432,8.260000228881836,0.6154699921607971,12,False,True,False,False,True,True,False,True,False,False,True,True,False,True,False,True,False,0
1537,50.150001525878906,5.900000095367432,8.260000228881836,0.6154699921607971,12,False,True,False,False,True,True,False,True,False,False,True,True,False,False,True,True,False,0
1538,53.939998626708984,5.900000095367432,8.260000228881836,0.6154699921607971,12,False,True,False,False,True,True,False,False,True,True,False,True,False,True,False,True,False,0
1539,54.43000030517578,6.0,10.029999732971191,0.5242499709129333,13,True,False,False,False,True,True,False,False,True,False,True,True,False,False,True,True,False,1
1540,57.0,6.0,10.029999732971191,0.5242499709129333,14,True,False,False,False,True,True,False,True,False,False,True,True,False,False,True,True,False,1
1541,42.5099983215332,6.0,10.029999732971191,0.5242499709129333,12,True,False,False,False,True,True,False,True,False,False,True,True,False,False,True,True,False,1
1542,59.65999984741211,6.0,10.029999732971191,0.5242499709129333,17,True,False,False,False,True,True,False,True,False,False,True,True,False,False,True,True,False,1
1543,31.049999237060547,6.0,10.029999732971191,0.5242499709129333,12,False,True,False,False,True,True,False,True,False,False,True,True,False,True,False,True,False,1
1544,38.7400016784668,6.0,10.029999732971191,0.5242499709129333,12,True,False,False,False,True,True,False,True,False,False,True,True,False,False,True,True,False,1
1545,53.459999084472656,3.5,10.029999732971191,0.5242499709129333,12,False,True,False,False,True,True,False,True,False,False,True,True,False,False,True,True,False,0
1546,46.5,3.5,10.029999732971191,0.5242499709129333,14,False,True,False,False,True,True,False,True,False,False,True,True,False,False,True,True,False,0
1547,47.349998474121094,3.5,10.029999732971191,0.5242499709129333,12,True,False,False,False,True,True,False,True,False,False,True,True,False,False,True,True,False,0
1548,46.959999084472656,3.5,10.029999732971191,0.5242499709129333,16,False,True,False,False,True,True,False,True,False,False,True,True,False,True,False,True,False,0
1549,55.81999969482422,6.300000190734863,9.899999618530272,0.6732100248336792,14,True,False,True,False,False,True,False,True,False,True,False,True,False,False,True,True,False,0
1550,38.060001373291016,6.300000190734863,9.899999618530272,0.6732100248336792,12,False,True,True,False,False,True,False,True,False,True,False,True,False,False,True,True,False,0
1551,57.119998931884766,6.300000190734863,9.899999618530272,0.6732100248336792,16,True,False,False,False,True,True,False,True,False,False,True,True,False,False,True,True,False,0
1552,62.91999816894531,6.300000190734863,9.899999618530272,0.6732100248336792,16,False,True,False,True,False,True,False,True,False,True,False,True,False,False,True,True,False,0
1553,59.279998779296875,6.300000190734863,9.899999618530272,0.6732100248336792,14,True,False,False,False,True,True,False,True,False,False,True,True,False,True,False,True,False,0
1554,52.939998626708984,6.300000190734863,9.899999618530272,0.6732100248336792,17,True,False,True,False,False,True,False,True,False,True,False,True,False,False,True,True,False,0
1555,44.790000915527344,5.400000095367432,6.590000152587891,0.692840039730072,12,False,True,False,False,True,True,False,True,False,False,True,False,True,True,False,True,False,1
1556,56.86000061035156,5.400000095367432,6.590000152587891,0.692840039730072,16,True,False,False,False,True,False,True,True,False,False,True,False,True,False,True,True,False,1
1557,57.65999984741211,5.400000095367432,6.590000152587891,0.692840039730072,16,True,False,True,False,False,True,False,False,True,True,False,False,True,False,True,True,False,1
1558,43.06999969482422,5.400000095367432,6.590000152587891,0.692840039730072,14,True,False,True,False,False,True,False,True,False,False,True,False,True,False,True,True,False,1
1559,58.66999816894531,5.400000095367432,6.590000152587891,0.692840039730072,14,True,False,False,False,True,True,False,True,False,False,True,False,True,False,True,True,False,1
1560,53.9900016784668,5.400000095367432,6.590000152587891,0.692840039730072,13,True,False,False,False,True,True,False,True,False,False,True,False,True,False,True,True,False,1
1561,65.94999694824219,5.400000095367432,6.590000152587891,0.692840039730072,15,False,True,False,False,True,True,False,True,False,False,True,False,True,False,True,True,False,1
1562,56.11000061035156,8.100000381469727,9.899999618530272,0.6732100248336792,15,True,False,False,False,True,True,False,True,False,False,True,True,False,False,True,True,False,0
1563,45.209999084472656,8.100000381469727,9.899999618530272,0.6732100248336792,14,False,True,False,True,False,True,False,True,False,False,True,True,False,False,True,True,False,0
1564,60.95000076293945,8.100000381469727,9.899999618530272,0.6732100248336792,13,False,True,False,False,True,True,False,True,False,True,False,True,False,False,True,True,False,0
1565,34.2400016784668,8.100000381469727,9.899999618530272,0.6732100248336792,13,False,True,True,False,False,True,False,True,False,False,True,True,False,False,True,True,False,0
1566,43.0,8.100000381469727,9.899999618530272,0.6732100248336792,15,False,True,True,False,False,True,False,True,False,False,True,True,False,False,True,True,False,0
1567,45.11000061035156,8.100000381469727,9.899999618530272,0.6732100248336792,15,False,True,True,False,False,True,False,True,False,False,True,True,False,False,True,True,False,0
1568,53.470001220703125,6.0,10.029999732971191,0.5242499709129333,15,False,True,False,False,True,True,False,True,False,False,True,True,False,False,True,True,False,1
1569,39.75,6.0,10.029999732971191,0.5242499709129333,12,False,True,False,False,True,True,False,True,False,False,True,True,False,False,True,True,False,1
1570,37.650001525878906,6.0,10.029999732971191,0.5242499709129333,12,True,False,False,False,True,True,False,True,False,False,True,True,False,False,True,True,False,1
1571,60.0099983215332,8.5,9.899999618530272,0.6732100248336792,17,True,False,True,False,False,False,True,False,True,False,True,True,False,True,False,True,False,1
1572,42.63999938964844,8.5,9.899999618530272,0.6732100248336792,16,True,False,True,False,False,True,False,True,False,False,True,True,False,False,True,True,False,1
1573,39.33000183105469,8.5,9.899999618530272,0.6732100248336792,12,True,False,True,False,False,True,False,True,False,False,True,True,False,False,True,True,False,1
1574,35.43000030517578,8.5,9.899999618530272,0.6732100248336792,16,True,False,True,False,False,True,False,True,False,False,True,True,False,False,True,True,False,1
1575,34.31999969482422,8.5,9.899999618530272,0.6732100248336792,12,True,False,False,True,False,True,False,True,False,False,True,True,False,False,True,True,False,1
1576,44.15999984741211,8.5,9.899999618530272,0.6732100248336792,16,True,False,True,False,False,True,False,True,False,True,False,True,False,False,True,True,False,1
1577,32.650001525878906,8.5,9.899999618530272,0.6732100248336792,12,False,True,True,False,False,True,False,True,False,False,True,True,False,False,True,True,False,1
1578,35.7400016784668,8.5,9.899999618530272,0.6732100248336792,12,False,True,True,False,False,True,False,True,False,False,True,True,False,False,True,True,False,1
1579,41.0099983215332,8.399999618530273,10.029999732971191,0.5242499709129333,12,True,False,True,False,False,True,False,True,False,False,True,True,False,False,True,True,False,1
1580,47.2599983215332,8.399999618530273,10.029999732971191,0.5242499709129333,12,False,True,False,False,True,True,False,True,False,False,True,True,False,False,True,True,False,1
1581,46.130001068115234,8.399999618530273,10.029999732971191,0.5242499709129333,12,True,False,False,False,True,True,False,True,False,False,True,True,False,True,False,True,False,1
1582,36.540000915527344,4.900000095367432,10.029999732971191,0.5242499709129333,12,False,True,True,False,False,True,False,True,False,False,True,True,False,False,True,True,False,1
1583,36.90999984741211,4.900000095367432,10.029999732971191,0.5242499709129333,12,True,False,False,True,False,True,False,True,False,False,True,True,False,False,True,True,False,1
1584,44.619998931884766,4.900000095367432,10.029999732971191,0.5242499709129333,13,True,False,False,False,True,True,False,True,False,False,True,True,False,False,True,True,False,1
1585,60.599998474121094,4.900000095367432,10.029999732971191,0.5242499709129333,15,False,True,False,False,True,True,False,True,False,False,True,True,False,False,True,True,False,1
1586,42.029998779296875,4.900000095367432,10.029999732971191,0.5242499709129333,13,True,False,False,False,True,True,False,True,False,False,True,True,False,False,True,True,False,1
1587,54.43000030517578,6.900000095367432,9.899999618530272,0.6732100248336792,13,False,True,False,False,True,True,False,True,False,False,True,True,False,False,True,True,False,0
1588,44.2400016784668,6.900000095367432,9.899999618530272,0.6732100248336792,14,False,True,False,False,True,True,False,True,False,False,True,True,False,False,True,True,False,0
1589,38.5,6.900000095367432,9.899999618530272,0.6732100248336792,12,True,False,True,False,False,True,False,True,False,False,True,True,False,False,True,True,False,0
1590,46.31999969482422,6.900000095367432,9.899999618530272,0.6732100248336792,16,True,False,False,False,True,False,True,False,True,False,True,True,False,False,True,True,False,0
1591,38.06999969482422,6.900000095367432,9.899999618530272,0.6732100248336792,14,True,False,True,False,False,True,False,True,False,False,True,True,False,False,True,True,False,0
1592,50.25,7.800000190734863,10.029999732971191,0.5242499709129333,13,False,True,False,False,True,True,False,True,False,False,True,True,False,False,True,True,False,1
1593,40.380001068115234,7.800000190734863,10.029999732971191,0.5242499709129333,14,True,False,False,False,True,False,True,True,False,False,True,True,False,False,True,True,False,1
1594,43.18000030517578,7.800000190734863,10.029999732971191,0.5242499709129333,15,False,True,True,False,False,True,False,False,True,False,True,True,False,False,True,True,False,1
1595,41.13999938964844,7.800000190734863,10.029999732971191,0.5242499709129333,12,True,False,False,False,True,True,False,True,False,False,True,True,False,False,True,True,False,1
1596,52.58000183105469,7.800000190734863,10.029999732971191,0.5242499709129333,18,False,True,False,False,True,True,False,True,False,True,False,True,False,False,True,True,False,1
1597,59.400001525878906,7.800000190734863,10.029999732971191,0.5242499709129333,16,False,True,False,False,True,False,True,True,False,False,True,True,False,True,False,True,False,1
1598,46.54999923706055,7.800000190734863,10.029999732971191,0.5242499709129333,12,True,False,False,False,True,True,False,True,False,True,False,True,False,False,True,True,False,1
1599,43.93000030517578,7.800000190734863,10.029999732971191,0.5242499709129333,16,True,False,False,False,True,True,False,True,False,False,True,True,False,False,True,True,False,1
1600,39.86000061035156,7.800000190734863,10.029999732971191,0.5242499709129333,13,True,False,False,False,True,True,False,True,False,False,True,True,False,False,True,True,False,1
1601,50.970001220703125,7.800000190734863,10.029999732971191,0.5242499709129333,14,True,False,False,False,True,True,False,True,False,False,True,True,False,False,True,True,False,1
1602,49.93000030517578,7.099999904632568,6.590000152587891,0.692840039730072,12,False,True,False,False,True,True,False,True,False,False,True,True,False,False,True,True,False,0
1603,38.4900016784668,4.199999809265137,10.029999732971191,0.5242499709129333,12,True,False,False,False,True,True,False,True,False,False,True,True,False,False,True,True,False,1
1604,43.97999954223633,4.199999809265137,10.029999732971191,0.5242499709129333,12,True,False,False,False,True,True,False,True,False,True,False,True,False,False,True,True,False,1
1605,50.31999969482422,4.199999809265137,10.029999732971191,0.5242499709129333,12,True,False,False,False,True,False,True,False,True,True,False,True,False,False,True,True,False,1
1606,42.7400016784668,4.199999809265137,10.029999732971191,0.5242499709129333,12,False,True,False,False,True,True,False,True,False,False,True,True,False,False,True,True,False,1
1607,44.02000045776367,4.199999809265137,10.029999732971191,0.5242499709129333,13,False,True,False,False,True,True,False,True,False,True,False,True,False,False,True,True,False,1
1608,40.529998779296875,4.199999809265137,10.029999732971191,0.5242499709129333,12,False,True,False,False,True,True,False,True,False,False,True,True,False,False,True,True,False,1
1609,45.130001068115234,7.900000095367432,6.590000152587891,0.692840039730072,12,False,True,False,False,True,True,False,True,False,True,False,True,False,False,True,True,False,1
1610,35.959999084472656,7.900000095367432,6.590000152587891,0.692840039730072,12,True,False,True,False,False,True,False,True,False,True,False,True,False,False,True,True,False,1
1611,50.43000030517578,7.900000095367432,6.590000152587891,0.692840039730072,12,True,False,False,False,True,True,False,True,False,False,True,True,False,False,True,True,False,1
1612,33.02000045776367,7.900000095367432,6.590000152587891,0.692840039730072,12,False,True,True,False,False,True,False,True,False,True,False,True,False,False,True,True,False,1
1613,35.70000076293945,7.900000095367432,6.590000152587891,0.692840039730072,13,False,True,True,False,False,True,False,True,False,False,True,True,False,False,True,True,False,1
1614,36.810001373291016,7.900000095367432,6.590000152587891,0.692840039730072,17,False,True,False,False,True,True,False,True,False,False,True,True,False,False,True,True,False,1
1615,41.15999984741211,7.900000095367432,6.590000152587891,0.692840039730072,12,False,True,True,False,False,True,False,True,False,False,True,True,False,False,True,True,False,1
1616,44.5099983215332,7.900000095367432,6.590000152587891,0.692840039730072,12,False,True,False,False,True,True,False,True,False,False,True,True,False,False,True,True,False,1
1617,52.5099983215332,4.5,10.029999732971191,0.5242499709129333,12,True,False,False,False,True,False,True,True,False,False,True,True,False,False,True,True,False,1
1618,41.689998626708984,4.5,10.029999732971191,0.5242499709129333,13,False,True,False,False,True,True,False,True,False,False,True,True,False,True,False,True,False,1
1619,42.68000030517578,4.5,10.029999732971191,0.5242499709129333,12,True,False,False,False,True,True,False,True,False,True,False,True,False,False,True,True,False,1
1620,41.0099983215332,4.5,10.029999732971191,0.5242499709129333,12,False,True,False,False,True,False,True,False,True,False,True,True,False,True,False,True,False,1
1621,57.439998626708984,4.5,10.029999732971191,0.5242499709129333,15,True,False,False,False,True,True,False,True,False,False,True,True,False,True,False,True,False,1
1622,60.5099983215332,4.5,10.029999732971191,0.5242499709129333,12,True,False,False,False,True,True,False,True,False,True,False,True,False,False,True,True,False,1
1623,52.0099983215332,6.300000190734863,6.590000152587891,0.692840039730072,12,True,False,False,False,True,True,False,True,False,False,True,True,False,False,True,True,False,0
1624,35.27000045776367,6.300000190734863,6.590000152587891,0.692840039730072,12,True,False,True,False,False,True,False,True,False,False,True,True,False,False,True,True,False,0
1625,40.369998931884766,6.300000190734863,6.590000152587891,0.692840039730072,12,False,True,True,False,False,True,False,True,False,False,True,True,False,False,True,True,False,0
1626,50.33000183105469,9.899999618530272,6.590000152587891,0.692840039730072,12,True,False,False,False,True,True,False,True,False,False,True,True,False,False,True,True,False,1
1627,45.880001068115234,9.899999618530272,6.590000152587891,0.692840039730072,13,True,False,True,False,False,True,False,True,False,False,True,True,False,False,True,True,False,1
1628,32.439998626708984,4.699999809265137,10.029999732971191,0.5242499709129333,12,False,True,False,False,True,True,False,True,False,False,True,True,False,True,False,True,False,1
1629,51.130001068115234,4.699999809265137,10.029999732971191,0.5242499709129333,12,False,True,False,False,True,True,False,True,False,False,True,True,False,False,True,True,False,1
1630,47.130001068115234,4.699999809265137,10.029999732971191,0.5242499709129333,12,True,False,False,False,True,True,False,True,False,False,True,True,False,False,True,True,False,1
1631,51.470001220703125,4.699999809265137,10.029999732971191,0.5242499709129333,12,True,False,False,False,True,True,False,True,False,False,True,True,False,True,False,True,False,1
1632,47.560001373291016,6.0,10.029999732971191,0.5242499709129333,16,False,True,False,False,True,True,False,True,False,False,True,False,True,False,True,True,False,0
1633,56.459999084472656,6.0,10.029999732971191,0.5242499709129333,12,True,False,True,False,False,True,False,True,False,False,True,False,True,False,True,True,False,0
1634,50.599998474121094,6.0,10.029999732971191,0.5242499709129333,15,False,True,True,False,False,True,False,True,False,True,False,False,True,False,True,True,False,0
1635,66.30999755859375,6.0,10.029999732971191,0.5242499709129333,18,True,False,False,False,True,False,True,False,True,False,True,False,True,True,False,True,False,0
1636,55.31999969482422,6.0,10.029999732971191,0.5242499709129333,15,True,False,True,False,False,True,False,True,False,False,True,False,True,True,False,True,False,0
1637,54.650001525878906,9.699999809265137,9.899999618530272,0.6732100248336792,15,True,False,True,False,False,False,True,False,True,False,True,True,False,False,True,True,False,1
1638,44.61000061035156,9.699999809265137,9.899999618530272,0.6732100248336792,12,False,True,True,False,False,True,False,True,False,False,True,True,False,False,True,True,False,1
1639,48.849998474121094,9.699999809265137,9.899999618530272,0.6732100248336792,16,True,False,True,False,False,True,False,True,False,False,True,True,False,False,True,True,False,1
1640,40.400001525878906,9.699999809265137,9.899999618530272,0.6732100248336792,12,False,True,True,False,False,True,False,True,False,True,False,True,False,False,True,True,False,1
1641,37.04999923706055,9.699999809265137,9.899999618530272,0.6732100248336792,16,True,False,True,False,False,True,False,True,False,False,True,True,False,False,True,True,False,1
1642,44.95000076293945,9.699999809265137,9.899999618530272,0.6732100248336792,12,True,False,False,False,True,True,False,True,False,False,True,True,False,False,True,True,False,1
1643,40.150001525878906,9.699999809265137,9.899999618530272,0.6732100248336792,12,False,True,True,False,False,True,False,True,False,False,True,True,False,False,True,True,False,1
1644,54.189998626708984,9.699999809265137,9.899999618530272,0.6732100248336792,15,False,True,True,False,False,True,False,True,False,False,True,True,False,False,True,True,False,1
1645,56.20000076293945,9.699999809265137,9.899999618530272,0.6732100248336792,16,True,False,False,False,True,True,False,True,False,False,True,True,False,False,True,True,False,1
1646,31.700000762939453,9.699999809265137,9.899999618530272,0.6732100248336792,12,True,False,True,False,False,True,False,True,False,False,True,True,False,False,True,True,False,1
1647,39.40999984741211,5.199999809265137,9.899999618530272,0.6732100248336792,14,True,False,True,False,False,True,False,True,False,True,False,True,False,False,True,True,False,0
1648,48.61000061035156,5.199999809265137,9.899999618530272,0.6732100248336792,14,True,False,True,False,False,True,False,True,False,False,True,True,False,False,True,True,False,0
1649,38.61000061035156,5.199999809265137,9.899999618530272,0.6732100248336792,18,True,False,False,True,False,True,False,False,True,False,True,True,False,False,True,True,False,0
1650,40.45000076293945,5.199999809265137,9.899999618530272,0.6732100248336792,12,True,False,True,False,False,True,False,True,False,False,True,True,False,True,False,True,False,0
1651,41.209999084472656,5.199999809265137,9.899999618530272,0.6732100248336792,12,True,False,False,False,True,True,False,True,False,False,True,True,False,False,True,True,False,0
1652,39.2599983215332,5.199999809265137,9.899999618530272,0.6732100248336792,12,True,False,True,False,False,False,True,False,True,True,False,True,False,False,True,True,False,0
1653,38.36000061035156,5.199999809265137,9.899999618530272,0.6732100248336792,12,True,False,True,False,False,True,False,True,False,True,False,True,False,False,True,True,False,0
1654,33.810001373291016,7.099999904632568,6.590000152587891,0.692840039730072,12,False,True,True,False,False,True,False,True,False,False,True,True,False,False,True,True,False,1
1655,28.950000762939453,4.099999904632568,10.029999732971191,0.5242499709129333,12,False,True,True,False,False,True,False,True,False,False,True,False,True,True,False,True,False,0
1656,56.150001525878906,4.099999904632568,10.029999732971191,0.5242499709129333,15,True,False,False,False,True,True,False,True,False,False,True,False,True,False,True,True,False,0
1657,57.0,4.099999904632568,10.029999732971191,0.5242499709129333,13,False,True,False,False,True,True,False,True,False,False,True,False,True,False,True,True,False,0
1658,46.02000045776367,4.099999904632568,10.029999732971191,0.5242499709129333,14,False,True,False,False,True,False,True,True,False,False,True,False,True,False,True,True,False,0
1659,55.900001525878906,4.099999904632568,10.029999732971191,0.5242499709129333,17,False,True,False,False,True,True,False,True,False,False,True,False,True,False,True,True,False,0
1660,37.06999969482422,8.5,6.590000152587891,0.692840039730072,12,True,False,True,False,False,True,False,True,False,True,False,True,False,False,True,True,False,1
1661,46.91999816894531,8.5,6.590000152587891,0.692840039730072,12,False,True,False,False,True,True,False,True,False,True,False,True,False,False,True,True,False,1
1662,30.90999984741211,8.5,6.590000152587891,0.692840039730072,12,True,False,True,False,False,True,False,True,False,False,True,True,False,False,True,True,False,1
1663,42.380001068115234,8.5,6.590000152587891,0.692840039730072,15,True,False,True,False,False,True,False,True,False,False,True,True,False,False,True,True,False,1
1664,45.459999084472656,8.5,6.590000152587891,0.692840039730072,12,True,False,True,False,False,True,False,True,False,False,True,True,False,False,True,True,False,1
1665,44.88999938964844,8.5,6.590000152587891,0.692840039730072,12,True,False,True,False,False,True,False,True,False,True,False,True,False,False,True,True,False,1
1666,44.22999954223633,8.5,6.590000152587891,0.692840039730072,12,False,True,False,False,True,True,False,True,False,False,True,True,False,True,False,True,False,1
1667,35.790000915527344,8.5,6.590000152587891,0.692840039730072,12,True,False,True,False,False,True,False,True,False,True,False,True,False,True,False,True,False,1
1668,39.88999938964844,8.5,6.590000152587891,0.692840039730072,13,True,False,True,False,False,True,False,True,False,True,False,True,False,False,True,True,False,1
1669,43.31999969482422,4.300000190734863,10.029999732971191,0.5242499709129333,14,True,False,False,False,True,False,True,True,False,False,True,False,True,False,True,True,False,0
1670,49.060001373291016,4.300000190734863,10.029999732971191,0.5242499709129333,12,True,False,False,False,True,True,False,True,False,False,True,False,True,False,True,True,False,0
1671,38.16999816894531,4.300000190734863,10.029999732971191,0.5242499709129333,13,True,False,False,False,True,True,False,True,False,True,False,False,True,True,False,True,False,0
1672,46.869998931884766,4.300000190734863,10.029999732971191,0.5242499709129333,15,False,True,False,False,True,True,False,True,False,False,True,False,True,False,True,True,False,0
1673,49.06999969482422,4.300000190734863,10.029999732971191,0.5242499709129333,13,False,True,True,False,False,True,False,True,False,False,True,False,True,False,True,True,False,0
1674,39.47999954223633,4.300000190734863,10.029999732971191,0.5242499709129333,12,True,False,False,False,True,True,False,True,False,False,True,False,True,True,False,True,False,0
1675,42.29999923706055,4.300000190734863,10.029999732971191,0.5242499709129333,12,False,True,True,False,False,True,False,True,False,False,True,False,True,True,False,True,False,0
1676,47.959999084472656,4.300000190734863,10.029999732971191,0.5242499709129333,13,False,True,False,False,True,True,False,True,False,False,True,False,True,True,False,True,False,0
1677,48.45000076293945,4.300000190734863,10.029999732971191,0.5242499709129333,13,False,True,True,False,False,True,False,True,False,False,True,False,True,False,True,True,False,0
1678,47.65999984741211,4.300000190734863,9.920000076293944,0.4549700021743774,12,False,True,False,True,False,True,False,True,False,False,True,False,True,False,True,True,False,0
1679,61.16999816894531,4.300000190734863,9.920000076293944,0.4549700021743774,12,False,True,False,False,True,True,False,True,False,False,True,False,True,False,True,True,False,0
1680,51.529998779296875,4.300000190734863,9.920000076293944,0.4549700021743774,14,False,True,False,False,True,False,True,False,True,False,True,False,True,True,False,True,False,0
1681,41.9900016784668,4.300000190734863,9.920000076293944,0.4549700021743774,12,True,False,False,True,False,True,False,False,True,True,False,False,True,False,True,True,False,0
1682,65.16999816894531,4.300000190734863,9.920000076293944,0.4549700021743774,16,False,True,False,False,True,False,True,False,True,False,True,False,True,True,False,True,False,0
1683,53.13999938964844,4.300000190734863,9.920000076293944,0.4549700021743774,17,False,True,True,False,False,True,False,True,False,False,True,False,True,False,True,True,False,0
1684,39.939998626708984,4.300000190734863,9.920000076293944,0.4549700021743774,12,False,True,True,False,False,True,False,True,False,False,True,False,True,False,True,True,False,0
1685,59.380001068115234,4.300000190734863,9.920000076293944,0.4549700021743774,16,False,True,False,True,False,True,False,True,False,False,True,False,True,False,True,True,False,0
1686,57.04999923706055,4.300000190734863,9.920000076293944,0.4549700021743774,13,True,False,True,False,False,True,False,True,False,False,True,False,True,False,True,True,False,0
1687,57.189998626708984,4.300000190734863,9.920000076293944,0.4549700021743774,15,False,True,True,False,False,True,False,True,False,False,True,False,True,False,True,True,False,0
1688,37.16999816894531,3.700000047683716,9.920000076293944,0.4549700021743774,12,False,True,False,False,True,True,False,True,False,False,True,True,False,True,False,True,False,0
1689,45.810001373291016,3.700000047683716,9.920000076293944,0.4549700021743774,12,False,True,False,False,True,False,True,True,False,False,True,True,False,True,False,True,False,0
1690,40.56999969482422,3.700000047683716,9.920000076293944,0.4549700021743774,12,True,False,False,False,True,True,False,True,False,True,False,True,False,False,True,True,False,0
1691,38.970001220703125,3.700000047683716,9.920000076293944,0.4549700021743774,12,True,False,False,True,False,True,False,True,False,False,True,True,False,False,True,True,False,0
1692,57.29999923706055,3.700000047683716,9.920000076293944,0.4549700021743774,15,False,True,False,False,True,True,False,True,False,False,True,True,False,True,False,True,False,0
1693,41.20000076293945,3.700000047683716,9.920000076293944,0.4549700021743774,13,True,False,False,True,False,True,False,True,False,False,True,True,False,False,True,True,False,0
1694,42.58000183105469,3.700000047683716,9.920000076293944,0.4549700021743774,12,True,False,False,False,True,True,False,True,False,False,True,True,False,False,True,True,False,0
1695,59.5,3.700000047683716,9.920000076293944,0.4549700021743774,12,True,False,False,False,True,True,False,True,False,False,True,True,False,True,False,True,False,0
1696,40.560001373291016,3.700000047683716,9.920000076293944,0.4549700021743774,12,True,False,False,True,False,True,False,True,False,False,True,True,False,False,True,True,False,0
1697,46.060001373291016,6.900000095367432,9.920000076293944,0.4549700021743774,13,True,False,False,False,True,True,False,True,False,False,True,True,False,False,True,True,False,1
1698,48.86000061035156,6.900000095367432,9.920000076293944,0.4549700021743774,13,True,False,False,True,False,True,False,True,False,False,True,True,False,False,True,True,False,1
1699,64.18000030517578,6.900000095367432,9.920000076293944,0.4549700021743774,13,True,False,True,False,False,True,False,True,False,False,True,True,False,False,True,True,False,1
1700,48.54999923706055,6.900000095367432,9.920000076293944,0.4549700021743774,13,False,True,False,True,False,False,True,True,False,False,True,True,False,False,True,True,False,1
1701,60.40999984741211,6.900000095367432,9.920000076293944,0.4549700021743774,12,True,False,False,False,True,True,False,True,False,False,True,True,False,False,True,True,False,1
1702,51.66999816894531,6.900000095367432,9.920000076293944,0.4549700021743774,16,True,False,True,False,False,True,False,True,False,False,True,True,False,False,True,True,False,1
1703,58.81999969482422,6.900000095367432,9.920000076293944,0.4549700021743774,17,False,True,False,False,True,True,False,True,False,False,True,True,False,False,True,True,False,1
1704,62.27000045776367,6.900000095367432,9.920000076293944,0.4549700021743774,12,False,True,False,False,True,True,False,True,False,False,True,True,False,False,True,True,False,1
1705,53.45000076293945,6.900000095367432,9.920000076293944,0.4549700021743774,13,True,False,False,False,True,True,False,True,False,False,True,True,False,True,False,True,False,1
1706,49.189998626708984,6.900000095367432,9.920000076293944,0.4549700021743774,14,False,True,False,False,True,True,False,True,False,False,True,True,False,False,True,True,False,1
1707,59.369998931884766,4.5,9.920000076293944,0.4549700021743774,13,False,True,False,False,True,True,False,True,False,False,True,True,False,False,True,True,False,1
1708,43.790000915527344,4.5,9.920000076293944,0.4549700021743774,13,False,True,False,False,True,True,False,True,False,False,True,True,False,True,False,True,False,1
1709,38.040000915527344,4.5,9.920000076293944,0.4549700021743774,12,True,False,False,True,False,True,False,True,False,False,True,True,False,True,False,True,False,1
1710,53.650001525878906,4.5,9.920000076293944,0.4549700021743774,13,True,False,False,False,True,True,False,True,False,False,True,True,False,False,True,True,False,1
1711,57.810001373291016,4.5,9.920000076293944,0.4549700021743774,15,True,False,False,False,True,False,True,True,False,False,True,True,False,True,False,True,False,1
1712,48.720001220703125,4.5,9.920000076293944,0.4549700021743774,13,False,True,False,False,True,True,False,True,False,False,True,True,False,False,True,True,False,1
1713,50.59000015258789,4.5,9.920000076293944,0.4549700021743774,15,True,False,False,False,True,False,True,True,False,False,True,True,False,True,False,True,False,1
1714,59.27000045776367,4.5,9.920000076293944,0.4549700021743774,12,True,False,False,False,True,True,False,True,False,False,True,True,False,False,True,True,False,1
1715,51.18000030517578,4.5,9.920000076293944,0.4549700021743774,12,True,False,False,False,True,True,False,True,False,False,True,True,False,True,False,True,False,1
1716,56.439998626708984,4.599999904632568,9.920000076293944,0.4549700021743774,12,True,False,False,False,True,True,False,True,False,False,True,True,False,False,True,True,False,1
1717,46.47999954223633,4.599999904632568,9.920000076293944,0.4549700021743774,12,True,False,False,False,True,True,False,True,False,False,True,True,False,False,True,True,False,1
1718,39.9900016784668,4.599999904632568,9.920000076293944,0.4549700021743774,12,False,True,False,True,False,True,False,True,False,True,False,True,False,False,True,True,False,1
1719,49.650001525878906,4.599999904632568,9.920000076293944,0.4549700021743774,12,False,True,False,False,True,True,False,True,False,False,True,True,False,False,True,True,False,1
1720,45.529998779296875,4.599999904632568,9.920000076293944,0.4549700021743774,12,True,False,False,True,False,True,False,True,False,True,False,True,False,False,True,True,False,1
1721,52.2400016784668,4.599999904632568,9.920000076293944,0.4549700021743774,12,False,True,False,True,False,False,True,False,True,False,True,True,False,False,True,True,False,1
1722,41.029998779296875,4.599999904632568,9.920000076293944,0.4549700021743774,16,True,False,False,False,True,True,False,True,False,False,True,True,False,True,False,True,False,1
1723,52.70000076293945,4.599999904632568,9.920000076293944,0.4549700021743774,16,True,False,False,True,False,False,True,True,False,False,True,True,False,False,True,True,False,1
1724,64.44999694824219,4.599999904632568,9.920000076293944,0.4549700021743774,15,True,False,False,False,True,False,True,False,True,False,True,True,False,True,False,True,False,1
1725,39.290000915527344,4.599999904632568,9.920000076293944,0.4549700021743774,14,False,True,False,False,True,True,False,False,True,True,False,True,False,False,True,True,False,1
1726,59.650001525878906,4.599999904632568,9.920000076293944,0.4549700021743774,13,True,False,False,False,True,True,False,True,False,False,True,True,False,False,True,True,False,1
1727,41.22999954223633,5.099999904632568,9.920000076293944,0.4549700021743774,14,True,False,True,False,False,True,False,True,False,False,True,True,False,False,True,True,False,1
1728,53.11000061035156,5.099999904632568,9.920000076293944,0.4549700021743774,15,False,True,False,False,True,False,True,True,False,True,False,True,False,False,True,True,False,1
1729,44.150001525878906,5.099999904632568,9.920000076293944,0.4549700021743774,12,True,False,False,False,True,True,False,True,False,False,True,True,False,False,True,True,False,1
1730,57.400001525878906,5.099999904632568,9.920000076293944,0.4549700021743774,15,False,True,True,False,False,True,False,False,True,False,True,True,False,False,True,True,False,1
1731,38.709999084472656,5.099999904632568,9.920000076293944,0.4549700021743774,15,True,False,True,False,False,True,False,True,False,False,True,True,False,False,True,True,False,1
1732,44.33000183105469,4.900000095367432,9.920000076293944,0.4549700021743774,15,True,False,False,False,True,True,False,True,False,False,True,False,True,False,True,True,False,0
1733,37.630001068115234,4.900000095367432,9.920000076293944,0.4549700021743774,13,False,True,False,False,True,True,False,True,False,False,True,False,True,False,True,True,False,0
1734,48.810001373291016,4.900000095367432,9.920000076293944,0.4549700021743774,14,True,False,False,True,False,True,False,True,False,False,True,False,True,False,True,True,False,0
1735,54.90999984741211,4.900000095367432,9.920000076293944,0.4549700021743774,13,True,False,True,False,False,False,True,True,False,False,True,False,True,False,True,True,False,0
1736,37.400001525878906,4.900000095367432,9.920000076293944,0.4549700021743774,12,False,True,True,False,False,True,False,True,False,False,True,False,True,False,True,True,False,0
1737,53.599998474121094,3.5,9.920000076293944,0.4549700021743774,12,True,False,False,False,True,False,True,True,False,False,True,True,False,True,False,True,False,0
1738,48.56999969482422,3.5,9.920000076293944,0.4549700021743774,14,False,True,False,True,False,False,True,True,False,False,True,True,False,True,False,True,False,0
1739,51.119998931884766,3.5,9.920000076293944,0.4549700021743774,13,True,False,False,False,True,True,False,True,False,False,True,True,False,False,True,True,False,0
1740,40.31999969482422,3.5,9.920000076293944,0.4549700021743774,12,True,False,True,False,False,False,True,True,False,False,True,True,False,True,False,True,False,0
1741,51.93000030517578,3.5,9.920000076293944,0.4549700021743774,12,True,False,False,False,True,False,True,True,False,False,True,True,False,True,False,True,False,0
1742,45.209999084472656,3.5,9.920000076293944,0.4549700021743774,12,False,True,False,False,True,True,False,True,False,True,False,True,False,False,True,True,False,0
1743,60.25,3.5,9.920000076293944,0.4549700021743774,16,True,False,False,True,False,True,False,True,False,False,True,True,False,False,True,True,False,0
1744,43.380001068115234,5.099999904632568,9.920000076293944,0.4549700021743774,16,False,True,False,True,False,True,False,True,False,False,True,False,True,True,False,True,False,0
1745,56.599998474121094,5.099999904632568,9.920000076293944,0.4549700021743774,12,False,True,False,False,True,True,False,True,False,False,True,False,True,False,True,True,False,0
1746,48.540000915527344,5.099999904632568,9.920000076293944,0.4549700021743774,14,False,True,True,False,False,True,False,False,True,True,False,False,True,False,True,True,False,0
1747,58.630001068115234,5.099999904632568,9.920000076293944,0.4549700021743774,15,False,True,False,False,True,False,True,True,False,False,True,False,True,False,True,True,False,0
1748,45.220001220703125,5.099999904632568,9.920000076293944,0.4549700021743774,16,True,False,True,False,False,True,False,False,True,False,True,False,True,False,True,True,False,0
1749,40.9900016784668,5.099999904632568,9.920000076293944,0.4549700021743774,13,True,False,True,False,False,False,True,True,False,False,True,False,True,True,False,True,False,0
1750,48.09000015258789,5.099999904632568,9.920000076293944,0.4549700021743774,16,True,False,True,False,False,True,False,True,False,False,True,False,True,False,True,True,False,0
1751,35.38999938964844,5.099999904632568,9.920000076293944,0.4549700021743774,12,False,True,False,True,False,True,False,True,False,False,True,False,True,False,True,True,False,0
1752,51.29999923706055,7.5,9.920000076293944,0.4549700021743774,15,True,False,False,False,True,True,False,True,False,False,True,True,False,False,True,True,False,1
1753,40.619998931884766,7.5,9.920000076293944,0.4549700021743774,12,True,False,True,False,False,True,False,True,False,False,True,True,False,False,True,True,False,1
1754,51.900001525878906,7.5,9.920000076293944,0.4549700021743774,13,True,False,False,False,True,True,False,True,False,False,True,True,False,False,True,True,False,1
1755,57.939998626708984,7.5,9.920000076293944,0.4549700021743774,13,False,True,False,False,True,False,True,True,False,False,True,True,False,True,False,True,False,1
1756,46.33000183105469,7.5,9.920000076293944,0.4549700021743774,12,False,True,False,False,True,False,True,True,False,False,True,True,False,False,True,True,False,1
1757,67.91999816894531,7.5,9.920000076293944,0.4549700021743774,15,True,False,False,False,True,True,False,True,False,False,True,True,False,False,True,True,False,1
1758,52.029998779296875,7.5,9.920000076293944,0.4549700021743774,12,False,True,False,False,True,True,False,True,False,False,True,True,False,False,True,True,False,1
1759,37.08000183105469,5.599999904632568,9.920000076293944,0.4549700021743774,15,True,False,True,False,False,True,False,True,False,False,True,True,False,False,True,True,False,1
1760,42.349998474121094,5.599999904632568,9.920000076293944,0.4549700021743774,12,True,False,False,True,False,True,False,True,False,False,True,True,False,False,True,True,False,1
1761,42.5099983215332,5.599999904632568,9.920000076293944,0.4549700021743774,12,False,True,True,False,False,True,False,True,False,False,True,True,False,False,True,True,False,1
1762,50.31999969482422,5.599999904632568,9.920000076293944,0.4549700021743774,13,True,False,True,False,False,True,False,True,False,False,True,True,False,False,True,True,False,1
1763,34.20000076293945,5.599999904632568,9.920000076293944,0.4549700021743774,13,False,True,True,False,False,True,False,True,False,False,True,True,False,True,False,True,False,1
1764,46.36000061035156,5.599999904632568,9.920000076293944,0.4549700021743774,14,True,False,True,False,False,True,False,False,True,False,True,True,False,False,True,True,False,1
1765,48.38999938964844,5.599999904632568,9.920000076293944,0.4549700021743774,15,True,False,True,False,False,True,False,True,False,False,True,True,False,False,True,True,False,1
1766,40.70000076293945,6.199999809265137,9.920000076293944,0.4549700021743774,12,False,True,False,False,True,True,False,True,False,False,True,True,False,False,True,True,False,1
1767,55.599998474121094,6.199999809265137,9.920000076293944,0.4549700021743774,12,False,True,False,False,True,True,False,True,False,False,True,True,False,True,False,True,False,1
1768,59.33000183105469,6.199999809265137,9.920000076293944,0.4549700021743774,14,True,False,False,False,True,True,False,True,False,False,True,True,False,True,False,True,False,1
1769,36.65999984741211,6.199999809265137,9.920000076293944,0.4549700021743774,12,False,True,False,True,False,True,False,True,False,False,True,True,False,False,True,True,False,1
1770,37.9900016784668,3.5999999046325684,9.920000076293944,0.4549700021743774,12,True,False,False,False,True,True,False,True,False,True,False,True,False,False,True,True,False,1
1771,54.43000030517578,3.900000095367432,9.920000076293944,0.4549700021743774,14,True,False,False,False,True,False,True,True,False,True,False,True,False,False,True,True,False,1
1772,63.75,3.900000095367432,9.920000076293944,0.4549700021743774,17,False,True,False,False,True,True,False,True,False,False,True,True,False,False,True,True,False,1
1773,50.529998779296875,3.900000095367432,9.920000076293944,0.4549700021743774,12,False,True,False,False,True,True,False,True,False,False,True,True,False,False,True,True,False,1
1774,46.2400016784668,3.900000095367432,9.920000076293944,0.4549700021743774,12,False,True,False,True,False,True,False,True,False,False,True,True,False,False,True,True,False,1
1775,42.290000915527344,8.100000381469727,9.920000076293944,0.4549700021743774,12,True,False,False,False,True,True,False,True,False,True,False,True,False,True,False,True,False,1
1776,55.970001220703125,8.100000381469727,9.920000076293944,0.4549700021743774,15,False,True,False,False,True,True,False,True,False,False,True,True,False,True,False,True,False,1
1777,40.52000045776367,8.100000381469727,9.920000076293944,0.4549700021743774,16,True,False,True,False,False,True,False,True,False,False,True,True,False,False,True,True,False,1
1778,39.45000076293945,8.100000381469727,9.920000076293944,0.4549700021743774,12,False,True,False,False,True,True,False,True,False,True,False,True,False,False,True,True,False,1
1779,37.81999969482422,8.100000381469727,9.920000076293944,0.4549700021743774,12,True,False,True,False,False,True,False,True,False,False,True,True,False,False,True,True,False,1
1780,43.310001373291016,8.100000381469727,9.920000076293944,0.4549700021743774,15,True,False,True,False,False,True,False,True,False,False,True,True,False,False,True,True,False,1
1781,61.779998779296875,8.100000381469727,9.920000076293944,0.4549700021743774,17,True,False,False,False,True,False,True,False,True,False,True,True,False,True,False,True,False,1
1782,40.189998626708984,8.100000381469727,9.920000076293944,0.4549700021743774,14,False,True,False,True,False,True,False,True,False,False,True,True,False,True,False,True,False,1
1783,47.90999984741211,8.100000381469727,9.920000076293944,0.4549700021743774,12,True,False,True,False,False,True,False,True,False,False,True,True,False,False,True,True,False,1
1784,41.16999816894531,8.100000381469727,9.920000076293944,0.4549700021743774,12,False,True,False,False,True,True,False,True,False,True,False,True,False,False,True,True,False,1
1785,67.8499984741211,4.900000095367432,9.920000076293944,0.4549700021743774,12,False,True,False,False,True,True,False,True,False,False,True,False,True,False,True,True,False,0
1786,66.02999877929688,4.900000095367432,9.920000076293944,0.4549700021743774,15,False,True,False,False,True,False,True,False,True,False,True,False,True,True,False,True,False,0
1787,38.86000061035156,4.900000095367432,9.920000076293944,0.4549700021743774,12,False,True,True,False,False,True,False,True,False,True,False,False,True,False,True,True,False,0
1788,68.58000183105469,4.900000095367432,9.920000076293944,0.4549700021743774,17,False,True,False,False,True,True,False,False,True,False,True,False,True,True,False,True,False,0
1789,42.689998626708984,4.900000095367432,9.920000076293944,0.4549700021743774,13,False,True,False,True,False,True,False,True,False,False,True,False,True,False,True,True,False,0
1790,56.060001373291016,4.900000095367432,9.920000076293944,0.4549700021743774,13,True,False,True,False,False,True,False,True,False,False,True,False,True,False,True,True,False,0
1791,51.970001220703125,4.900000095367432,9.920000076293944,0.4549700021743774,15,True,False,False,False,True,True,False,True,False,True,False,False,True,True,False,True,False,0
1792,46.529998779296875,4.900000095367432,9.920000076293944,0.4549700021743774,15,False,True,False,False,True,True,False,True,False,False,True,False,True,True,False,True,False,0
1793,33.779998779296875,4.900000095367432,9.920000076293944,0.4549700021743774,12,True,False,False,True,False,True,False,True,False,False,True,False,True,False,True,True,False,0
1794,38.84000015258789,4.900000095367432,9.920000076293944,0.4549700021743774,12,False,True,False,False,True,True,False,True,False,False,True,True,False,False,True,True,False,1
1795,64.2300033569336,6.0,9.920000076293944,0.4549700021743774,16,True,False,False,False,True,True,False,True,False,False,True,True,False,False,True,True,False,1
1796,47.88999938964844,6.0,9.920000076293944,0.4549700021743774,12,True,False,False,False,True,True,False,True,False,False,True,True,False,False,True,True,False,1
1797,44.349998474121094,6.0,9.920000076293944,0.4549700021743774,12,False,True,False,False,True,True,False,True,False,False,True,True,False,False,True,True,False,1
1798,53.689998626708984,6.0,9.920000076293944,0.4549700021743774,12,True,False,False,False,True,True,False,True,False,False,True,True,False,False,True,True,False,1
1799,39.45000076293945,6.0,9.920000076293944,0.4549700021743774,12,True,False,True,False,False,True,False,True,False,False,True,True,False,False,True,True,False,1
1800,44.849998474121094,4.300000190734863,9.920000076293944,0.4549700021743774,15,False,True,True,False,False,True,False,True,False,False,True,True,False,False,True,True,False,1
1801,40.209999084472656,4.300000190734863,9.920000076293944,0.4549700021743774,12,False,True,True,False,False,True,False,True,False,False,True,True,False,False,True,True,False,1
1802,43.83000183105469,4.300000190734863,9.920000076293944,0.4549700021743774,12,True,False,True,False,False,True,False,True,False,False,True,True,False,False,True,True,False,1
1803,45.40999984741211,4.300000190734863,9.920000076293944,0.4549700021743774,13,True,False,True,False,False,True,False,True,False,False,True,True,False,False,True,True,False,1
1804,40.529998779296875,4.300000190734863,9.920000076293944,0.4549700021743774,12,False,True,True,False,False,True,False,True,False,False,True,True,False,False,True,True,False,1
1805,42.36000061035156,4.300000190734863,9.920000076293944,0.4549700021743774,12,True,False,False,False,True,True,False,True,False,True,False,True,False,False,True,True,False,1
1806,42.59000015258789,4.300000190734863,9.920000076293944,0.4549700021743774,13,False,True,True,False,False,True,False,True,False,False,True,True,False,False,True,True,False,1
1807,56.65999984741211,4.300000190734863,9.920000076293944,0.4549700021743774,16,False,True,False,False,True,True,False,True,False,False,True,True,False,False,True,True,False,1
1808,33.65999984741211,4.300000190734863,9.920000076293944,0.4549700021743774,12,True,False,True,False,False,True,False,True,False,False,True,True,False,False,True,True,False,1
1809,39.56999969482422,4.300000190734863,9.920000076293944,0.4549700021743774,12,False,True,True,False,False,True,False,True,False,False,True,True,False,False,True,True,False,1
1810,35.7400016784668,4.300000190734863,9.920000076293944,0.4549700021743774,12,True,False,False,True,False,True,False,True,False,False,True,True,False,False,True,True,False,1
1811,46.380001068115234,4.300000190734863,9.920000076293944,0.4549700021743774,12,True,False,False,False,True,True,False,True,False,False,True,False,True,False,True,True,False,1
1812,41.220001220703125,4.300000190734863,9.920000076293944,0.4549700021743774,12,False,True,False,False,True,True,False,True,False,False,True,False,True,False,True,True,False,1
1813,44.45000076293945,4.300000190734863,9.920000076293944,0.4549700021743774,16,True,False,False,False,True,False,True,False,True,True,False,False,True,False,True,True,False,1
1814,62.83000183105469,4.300000190734863,9.920000076293944,0.4549700021743774,14,False,True,False,False,True,True,False,True,False,False,True,False,True,True,False,True,False,1
1815,48.470001220703125,4.300000190734863,9.920000076293944,0.4549700021743774,15,True,False,True,False,False,True,False,True,False,False,True,False,True,False,True,True,False,1
1816,38.5,4.300000190734863,9.920000076293944,0.4549700021743774,12,False,True,False,False,True,True,False,True,False,False,True,False,True,False,True,True,False,1
1817,54.66999816894531,4.300000190734863,9.920000076293944,0.4549700021743774,12,True,False,False,False,True,True,False,True,False,True,False,False,True,False,True,True,False,1
1818,53.83000183105469,4.300000190734863,9.920000076293944,0.4549700021743774,12,True,False,False,False,True,True,False,True,False,False,True,False,True,True,False,True,False,1
1819,35.56999969482422,4.300000190734863,9.920000076293944,0.4549700021743774,12,False,True,True,False,False,True,False,True,False,False,True,False,True,False,True,True,False,1
1820,54.63999938964844,4.300000190734863,9.920000076293944,0.4549700021743774,16,True,False,False,False,True,True,False,True,False,False,True,False,True,False,True,True,False,1
1821,63.52000045776367,3.0999999046325684,9.920000076293944,0.4549700021743774,16,True,False,False,False,True,True,False,True,False,False,True,True,False,True,False,True,False,0
1822,51.5099983215332,3.0999999046325684,9.920000076293944,0.4549700021743774,15,False,True,False,False,True,False,True,True,False,False,True,True,False,True,False,True,False,0
1823,42.65999984741211,3.0999999046325684,9.920000076293944,0.4549700021743774,15,True,False,False,False,True,True,False,True,False,True,False,True,False,True,False,True,False,0
1824,45.15999984741211,3.0999999046325684,9.920000076293944,0.4549700021743774,14,True,False,False,False,True,False,True,True,False,False,True,True,False,True,False,True,False,0
1825,61.70000076293945,3.0999999046325684,9.920000076293944,0.4549700021743774,12,False,True,False,False,True,False,True,True,False,False,True,True,False,True,False,True,False,0
1826,49.97999954223633,3.0999999046325684,9.920000076293944,0.4549700021743774,12,True,False,False,False,True,True,False,True,False,True,False,True,False,False,True,True,False,0
1827,53.619998931884766,3.0999999046325684,9.920000076293944,0.4549700021743774,14,True,False,False,False,True,True,False,True,False,False,True,True,False,False,True,True,False,0
1828,49.380001068115234,3.0999999046325684,9.920000076293944,0.4549700021743774,15,False,True,False,False,True,True,False,True,False,False,True,True,False,True,False,True,False,0
1829,57.560001373291016,3.0999999046325684,9.920000076293944,0.4549700021743774,16,False,True,False,False,True,True,False,False,True,False,True,True,False,True,False,True,False,0
1830,49.650001525878906,3.700000047683716,9.920000076293944,0.4549700021743774,17,True,False,False,False,True,False,True,False,True,False,True,True,False,True,False,True,False,0
1831,57.939998626708984,3.700000047683716,9.920000076293944,0.4549700021743774,13,True,False,False,True,False,True,False,True,False,False,True,True,False,False,True,True,False,0
1832,62.36000061035156,3.700000047683716,9.920000076293944,0.4549700021743774,12,True,False,False,False,True,True,False,True,False,False,True,True,False,False,True,True,False,0
1833,47.709999084472656,3.700000047683716,9.920000076293944,0.4549700021743774,12,False,True,False,False,True,False,True,False,True,False,True,True,False,False,True,True,False,0
1834,52.040000915527344,3.700000047683716,9.920000076293944,0.4549700021743774,12,True,False,False,False,True,True,False,True,False,False,True,True,False,True,False,True,False,0
1835,53.38999938964844,3.700000047683716,9.920000076293944,0.4549700021743774,12,True,False,False,False,True,False,True,True,False,False,True,True,False,False,True,True,False,0
1836,46.33000183105469,3.700000047683716,9.920000076293944,0.4549700021743774,12,True,False,False,False,True,False,True,True,False,False,True,True,False,False,True,True,False,0
1837,56.189998626708984,7.199999809265137,11.619999885559082,1.248270034790039,13,False,True,False,False,True,True,False,True,False,False,True,True,False,True,False,True,False,0
1838,64.7699966430664,7.199999809265137,11.619999885559082,1.248270034790039,16,False,True,False,False,True,True,False,True,False,False,True,True,False,True,False,True,False,0
1839,55.38999938964844,7.199999809265137,11.619999885559082,1.248270034790039,15,True,False,False,False,True,True,False,True,False,False,True,True,False,False,True,True,False,0
1840,49.86000061035156,7.199999809265137,11.619999885559082,1.248270034790039,12,False,True,False,False,True,True,False,True,False,True,False,True,False,False,True,True,False,0
1841,50.83000183105469,7.199999809265137,11.619999885559082,1.248270034790039,12,False,True,False,False,True,True,False,True,False,False,True,True,False,False,True,True,False,0
1842,47.97999954223633,7.199999809265137,11.619999885559082,1.248270034790039,12,False,True,False,False,True,True,False,True,False,False,True,True,False,False,True,True,False,0
1843,51.77000045776367,8.0,11.619999885559082,1.248270034790039,12,False,True,False,False,True,True,False,True,False,False,True,True,False,False,True,True,False,1
1844,51.720001220703125,8.0,11.619999885559082,1.248270034790039,13,False,True,False,False,True,True,False,True,False,False,True,True,False,False,True,True,False,1
1845,55.369998931884766,8.0,11.619999885559082,1.248270034790039,17,True,False,False,False,True,False,True,False,True,False,True,True,False,False,True,True,False,1
1846,39.220001220703125,7.199999809265137,11.619999885559082,1.248270034790039,12,True,False,False,False,True,True,False,True,False,True,False,True,False,False,True,True,False,0
1847,34.720001220703125,7.199999809265137,11.619999885559082,1.248270034790039,12,True,False,True,False,False,True,False,True,False,True,False,True,False,False,True,True,False,0
1848,41.65999984741211,7.199999809265137,11.619999885559082,1.248270034790039,12,True,False,False,False,True,True,False,True,False,False,True,True,False,True,False,True,False,0
1849,53.099998474121094,7.199999809265137,11.619999885559082,1.248270034790039,12,False,True,False,False,True,True,False,True,False,False,True,True,False,False,True,True,False,0
1850,52.95000076293945,8.899999618530273,11.619999885559082,1.248270034790039,14,False,True,False,False,True,True,False,True,False,False,True,True,False,False,True,True,False,0
1851,32.63999938964844,8.899999618530273,11.619999885559082,1.248270034790039,12,False,True,False,False,True,True,False,True,False,False,True,True,False,False,True,True,False,0
1852,52.119998931884766,8.899999618530273,11.619999885559082,1.248270034790039,16,True,False,False,False,True,False,True,True,False,True,False,True,False,False,True,True,False,0
1853,53.83000183105469,8.899999618530273,11.619999885559082,1.248270034790039,12,False,True,False,False,True,True,False,True,False,False,True,True,False,True,False,True,False,0
1854,59.0099983215332,8.899999618530273,11.619999885559082,1.248270034790039,15,True,False,False,False,True,True,False,True,False,False,True,True,False,False,True,True,False,0
1855,48.09000015258789,7.800000190734863,11.619999885559082,1.248270034790039,14,True,False,False,False,True,True,False,True,False,False,True,True,False,True,False,True,False,1
1856,63.02000045776367,7.800000190734863,11.619999885559082,1.248270034790039,14,False,True,False,False,True,False,True,False,True,False,True,True,False,True,False,True,False,1
1857,55.209999084472656,7.800000190734863,11.619999885559082,1.248270034790039,15,False,True,False,True,False,True,False,True,False,False,True,True,False,True,False,True,False,1
1858,41.560001373291016,7.800000190734863,11.619999885559082,1.248270034790039,12,True,False,False,False,True,True,False,True,False,False,True,True,False,False,True,True,False,1
1859,62.08000183105469,9.300000190734863,11.619999885559082,1.248270034790039,14,False,True,False,False,True,True,False,True,False,True,False,False,True,False,True,True,False,1
1860,51.0099983215332,9.300000190734863,11.619999885559082,1.248270034790039,15,True,False,False,True,False,False,True,True,False,False,True,False,True,True,False,True,False,1
1861,58.459999084472656,9.300000190734863,11.619999885559082,1.248270034790039,14,False,True,True,False,False,True,False,True,False,True,False,False,True,False,True,True,False,1
1862,52.77000045776367,9.300000190734863,11.619999885559082,1.248270034790039,13,True,False,False,False,True,False,True,True,False,False,True,False,True,False,True,True,False,1
1863,61.599998474121094,9.300000190734863,11.619999885559082,1.248270034790039,15,True,False,False,False,True,True,False,True,False,True,False,False,True,False,True,True,False,1
1864,50.650001525878906,9.300000190734863,11.619999885559082,1.248270034790039,13,True,False,True,False,False,True,False,True,False,False,True,False,True,False,True,True,False,1
1865,43.70000076293945,9.300000190734863,11.619999885559082,1.248270034790039,13,False,True,False,False,True,True,False,True,False,True,False,False,True,False,True,True,False,1
1866,49.5099983215332,9.300000190734863,11.619999885559082,1.248270034790039,12,False,True,False,False,True,True,False,True,False,False,True,False,True,True,False,True,False,1
1867,55.630001068115234,9.300000190734863,11.619999885559082,1.248270034790039,16,True,False,False,False,True,False,True,True,False,False,True,False,True,True,False,True,False,1
1868,56.43000030517578,7.199999809265137,11.619999885559082,1.248270034790039,12,False,True,False,True,False,True,False,True,False,False,True,False,True,False,True,True,False,0
1869,46.40999984741211,7.199999809265137,11.619999885559082,1.248270034790039,12,True,False,False,False,True,True,False,True,False,False,True,False,True,False,True,True,False,0
1870,55.58000183105469,7.199999809265137,11.619999885559082,1.248270034790039,14,True,False,False,False,True,True,False,True,False,False,True,True,False,False,True,True,False,0
1871,59.08000183105469,7.199999809265137,11.619999885559082,1.248270034790039,15,False,True,False,False,True,True,False,True,False,False,True,True,False,True,False,True,False,0
1872,53.45000076293945,7.199999809265137,11.619999885559082,1.248270034790039,12,True,False,False,False,True,True,False,True,False,False,True,True,False,True,False,True,False,0
1873,58.27000045776367,7.199999809265137,11.619999885559082,1.248270034790039,14,False,True,False,False,True,False,True,True,False,False,True,True,False,False,True,True,False,0
1874,40.83000183105469,7.199999809265137,11.619999885559082,1.248270034790039,14,False,True,False,False,True,True,False,True,False,True,False,True,False,False,True,True,False,0
1875,55.599998474121094,7.199999809265137,11.619999885559082,1.248270034790039,12,True,False,False,False,True,True,False,True,False,False,True,True,False,True,False,True,False,0
1876,60.65999984741211,7.199999809265137,11.619999885559082,1.248270034790039,16,False,True,False,False,True,False,True,True,False,False,True,True,False,True,False,True,False,0
1877,42.689998626708984,7.199999809265137,11.619999885559082,1.248270034790039,16,True,False,False,False,True,True,False,True,False,False,True,True,False,False,True,True,False,0
1878,51.189998626708984,7.199999809265137,11.619999885559082,1.248270034790039,16,False,True,False,False,True,False,True,True,False,False,True,True,False,True,False,True,False,0
1879,55.459999084472656,7.199999809265137,11.619999885559082,1.248270034790039,13,True,False,False,False,True,False,True,True,False,False,True,True,False,False,True,True,False,0
1880,61.61000061035156,7.199999809265137,11.619999885559082,1.248270034790039,14,True,False,False,False,True,False,True,False,True,False,True,True,False,True,False,True,False,0
1881,57.25,10.300000190734863,11.619999885559082,1.248270034790039,16,True,False,False,False,True,True,False,True,False,True,False,True,False,False,True,True,False,0
1882,35.0,10.300000190734863,11.619999885559082,1.248270034790039,12,True,False,False,True,False,True,False,True,False,True,False,True,False,False,True,True,False,0
1883,39.33000183105469,10.300000190734863,11.619999885559082,1.248270034790039,12,True,False,False,False,True,True,False,True,False,False,True,True,False,True,False,True,False,0
1884,53.84000015258789,10.300000190734863,11.619999885559082,1.248270034790039,12,False,True,False,False,True,True,False,True,False,False,True,True,False,False,True,True,False,0
1885,45.4900016784668,8.899999618530273,11.619999885559082,1.248270034790039,16,False,True,False,False,True,True,False,True,False,False,True,True,False,False,True,True,False,0
1886,65.81999969482422,8.899999618530273,11.619999885559082,1.248270034790039,12,True,False,False,False,True,True,False,True,False,False,True,True,False,False,True,True,False,0
1887,60.22999954223633,8.899999618530273,11.619999885559082,1.248270034790039,13,False,True,False,False,True,True,False,True,False,False,True,True,False,False,True,True,False,0
1888,52.790000915527344,8.899999618530273,11.619999885559082,1.248270034790039,12,False,True,False,False,True,False,True,False,True,False,True,True,False,False,True,True,False,0
1889,47.04999923706055,7.699999809265137,11.619999885559082,1.248270034790039,12,True,False,False,False,True,True,False,True,False,False,True,True,False,False,True,True,False,1
1890,59.31999969482422,7.699999809265137,11.619999885559082,1.248270034790039,14,False,True,False,False,True,True,False,True,False,False,True,True,False,False,True,True,False,1
1891,42.540000915527344,7.699999809265137,11.619999885559082,1.248270034790039,12,True,False,False,False,True,True,False,True,False,False,True,True,False,True,False,True,False,1
1892,61.060001373291016,7.699999809265137,11.619999885559082,1.248270034790039,16,False,True,False,False,True,True,False,True,False,False,True,True,False,True,False,True,False,1
1893,65.94000244140625,7.699999809265137,11.619999885559082,1.248270034790039,12,True,False,False,False,True,True,False,True,False,True,False,True,False,False,True,True,False,1
1894,51.279998779296875,8.899999618530273,11.619999885559082,1.248270034790039,12,False,True,False,False,True,False,True,False,True,False,True,True,False,False,True,True,False,0
1895,52.88999938964844,8.899999618530273,11.619999885559082,1.248270034790039,16,False,True,False,False,True,True,False,True,False,False,True,True,False,False,True,True,False,0
1896,42.13999938964844,8.899999618530273,11.619999885559082,1.248270034790039,12,True,False,False,False,True,True,False,True,False,False,True,True,False,False,True,True,False,0
1897,47.290000915527344,8.899999618530273,11.619999885559082,1.248270034790039,14,True,False,False,False,True,False,True,True,False,False,True,True,False,True,False,True,False,0
1898,57.58000183105469,8.899999618530273,11.619999885559082,1.248270034790039,14,True,False,False,False,True,True,False,True,False,False,True,True,False,True,False,True,False,0
1899,49.29999923706055,8.899999618530273,11.619999885559082,1.248270034790039,15,False,True,False,False,True,True,False,True,False,False,True,True,False,True,False,True,False,0
1900,44.5,8.899999618530273,11.619999885559082,1.248270034790039,12,False,True,False,False,True,True,False,True,False,False,True,True,False,False,True,True,False,0
1901,53.529998779296875,8.899999618530273,11.619999885559082,1.248270034790039,15,True,False,False,False,True,True,False,True,False,False,True,True,False,False,True,True,False,0
1902,51.650001525878906,8.899999618530273,11.619999885559082,1.248270034790039,12,True,False,False,False,True,True,False,True,False,False,True,True,False,False,True,True,False,0
1903,54.90999984741211,11.600000381469728,11.619999885559082,1.248270034790039,12,False,True,False,False,True,True,False,True,False,False,True,True,False,False,True,True,False,0
1904,49.689998626708984,11.600000381469728,11.619999885559082,1.248270034790039,16,False,True,False,True,False,True,False,True,False,False,True,True,False,False,True,True,False,0
1905,56.43000030517578,11.600000381469728,11.619999885559082,1.248270034790039,16,False,True,False,False,True,True,False,True,False,False,True,True,False,False,True,True,False,0
1906,45.06999969482422,11.600000381469728,11.619999885559082,1.248270034790039,14,False,True,False,False,True,True,False,True,False,False,True,True,False,False,True,True,False,0
1907,49.150001525878906,11.600000381469728,11.619999885559082,1.248270034790039,13,True,False,False,False,True,True,False,True,False,False,True,True,False,False,True,True,False,0
1908,33.790000915527344,11.600000381469728,11.619999885559082,1.248270034790039,12,True,False,False,False,True,True,False,True,False,False,True,True,False,False,True,True,False,0
1909,44.15999984741211,11.600000381469728,11.619999885559082,1.248270034790039,12,True,False,False,False,True,True,False,True,False,False,True,True,False,False,True,True,False,0
1910,64.73999786376953,11.600000381469728,11.619999885559082,1.248270034790039,12,False,True,False,False,True,True,False,True,False,False,True,True,False,False,True,True,False,0
1911,47.619998931884766,11.600000381469728,11.619999885559082,1.248270034790039,12,False,True,False,False,True,True,False,True,False,False,True,True,False,True,False,True,False,0
1912,65.97000122070312,8.5,11.619999885559082,1.248270034790039,17,True,False,False,False,True,False,True,True,False,False,True,True,False,False,True,True,False,1
1913,54.20000076293945,8.5,11.619999885559082,1.248270034790039,13,True,False,False,False,True,True,False,True,False,False,True,True,False,False,True,True,False,1
1914,58.68000030517578,8.5,11.619999885559082,1.248270034790039,15,False,True,False,False,True,True,False,True,False,True,False,True,False,False,True,True,False,1
1915,41.02000045776367,8.5,11.619999885559082,1.248270034790039,12,True,False,False,False,True,True,False,True,False,False,True,True,False,False,True,True,False,1
1916,41.0099983215332,8.5,11.619999885559082,1.248270034790039,12,False,True,False,False,True,True,False,True,False,False,True,True,False,False,True,True,False,1
1917,50.150001525878906,6.300000190734863,11.619999885559082,1.248270034790039,13,True,False,False,False,True,True,False,True,False,False,True,True,False,False,True,True,False,0
1918,38.25,6.300000190734863,11.619999885559082,1.248270034790039,12,True,False,False,True,False,True,False,True,False,False,True,True,False,False,True,True,False,0
1919,62.5099983215332,6.300000190734863,11.619999885559082,1.248270034790039,15,False,True,False,False,True,False,True,False,True,False,True,True,False,False,True,True,False,0
1920,47.119998931884766,6.300000190734863,11.619999885559082,1.248270034790039,12,False,True,False,False,True,True,False,True,False,False,True,True,False,False,True,True,False,0
1921,65.79000091552734,6.300000190734863,11.619999885559082,1.248270034790039,16,False,True,False,False,True,True,False,True,False,False,True,True,False,False,True,True,False,0
1922,59.9900016784668,6.300000190734863,11.619999885559082,1.248270034790039,12,True,False,False,False,True,True,False,True,False,False,True,True,False,True,False,True,False,0
1923,40.47999954223633,6.300000190734863,11.619999885559082,1.248270034790039,12,False,True,False,False,True,True,False,True,False,False,True,True,False,False,True,True,False,0
1924,39.83000183105469,6.400000095367432,11.619999885559082,1.248270034790039,14,False,True,True,False,False,True,False,False,True,False,True,True,False,False,True,True,False,0
1925,68.20999908447266,6.400000095367432,11.619999885559082,1.248270034790039,16,False,True,False,False,True,True,False,True,False,False,True,True,False,True,False,True,False,0
1926,54.70000076293945,8.199999809265137,11.619999885559082,1.248270034790039,15,False,True,False,False,True,True,False,True,False,False,True,True,False,False,True,True,False,1
1927,54.560001373291016,8.199999809265137,11.619999885559082,1.248270034790039,16,True,False,False,False,True,True,False,True,False,False,True,True,False,True,False,True,False,1
1928,56.41999816894531,8.199999809265137,11.619999885559082,1.248270034790039,14,True,False,False,False,True,True,False,True,False,False,True,True,False,True,False,True,False,1
1929,46.9900016784668,8.199999809265137,11.619999885559082,1.248270034790039,15,False,True,False,False,True,True,False,True,False,False,True,True,False,True,False,True,False,1
1930,57.36000061035156,7.199999809265137,11.619999885559082,1.248270034790039,13,True,False,False,False,True,True,False,True,False,False,True,True,False,True,False,True,False,0
1931,65.44000244140625,7.199999809265137,11.619999885559082,1.248270034790039,16,False,True,False,False,True,False,True,False,True,False,True,True,False,True,False,True,False,0
1932,60.79999923706055,7.199999809265137,11.619999885559082,1.248270034790039,13,True,False,False,False,True,True,False,True,False,False,True,True,False,True,False,True,False,0
1933,62.56999969482422,7.199999809265137,11.619999885559082,1.248270034790039,16,True,False,False,False,True,False,True,True,False,False,True,True,False,True,False,True,False,0
1934,64.7300033569336,7.199999809265137,11.619999885559082,1.248270034790039,16,False,True,False,False,True,True,False,True,False,False,True,True,False,False,True,True,False,0
1935,40.5099983215332,7.699999809265137,11.619999885559082,1.248270034790039,12,False,True,False,False,True,True,False,True,False,False,True,True,False,True,False,True,False,1
1936,42.68000030517578,7.699999809265137,11.619999885559082,1.248270034790039,15,True,False,False,False,True,True,False,True,False,False,True,True,False,False,True,True,False,1
1937,37.88999938964844,7.699999809265137,11.619999885559082,1.248270034790039,12,False,True,False,False,True,True,False,False,True,False,True,True,False,True,False,True,False,1
1938,52.95000076293945,7.699999809265137,11.619999885559082,1.248270034790039,12,True,False,False,False,True,True,False,True,False,True,False,True,False,False,True,True,False,1
1939,58.459999084472656,7.699999809265137,11.619999885559082,1.248270034790039,12,True,False,False,False,True,True,False,True,False,False,True,True,False,True,False,True,False,1
1940,65.93000030517578,7.699999809265137,11.619999885559082,1.248270034790039,15,True,False,False,False,True,True,False,True,False,False,True,True,False,False,True,True,False,1
1941,57.709999084472656,7.0,11.619999885559082,1.248270034790039,12,True,False,False,False,True,True,False,True,False,False,True,True,False,False,True,True,False,1
1942,50.689998626708984,7.0,11.619999885559082,1.248270034790039,12,True,False,False,False,True,True,False,True,False,False,True,True,False,False,True,True,False,1
1943,61.099998474121094,7.0,11.619999885559082,1.248270034790039,15,False,True,False,False,True,False,True,True,False,False,True,True,False,False,True,True,False,1
1944,47.15999984741211,7.0,11.619999885559082,1.248270034790039,12,True,False,False,False,True,False,True,False,True,False,True,True,False,False,True,True,False,1
1945,47.91999816894531,7.0,11.619999885559082,1.248270034790039,12,True,False,False,False,True,True,False,True,False,False,True,True,False,True,False,True,False,1
1946,50.209999084472656,7.0,11.619999885559082,1.248270034790039,12,True,False,False,False,True,True,False,True,False,False,True,True,False,False,True,True,False,1
1947,51.310001373291016,10.0,11.619999885559082,1.248270034790039,14,False,True,False,False,True,True,False,True,False,True,False,True,False,False,True,True,False,0
1948,65.51000213623047,10.0,11.619999885559082,1.248270034790039,15,True,False,False,False,True,True,False,True,False,False,True,True,False,False,True,True,False,0
1949,53.439998626708984,10.0,11.619999885559082,1.248270034790039,12,False,True,False,True,False,True,False,True,False,False,True,True,False,True,False,True,False,0
1950,51.709999084472656,10.0,11.619999885559082,1.248270034790039,12,True,False,False,False,True,True,False,True,False,True,False,True,False,False,True,True,False,0
1951,54.06999969482422,10.0,11.619999885559082,1.248270034790039,13,True,False,False,False,True,True,False,True,False,True,False,True,False,False,True,True,False,0
1952,48.83000183105469,11.600000381469728,11.619999885559082,1.248270034790039,12,False,True,False,False,True,True,False,True,False,False,True,True,False,False,True,True,False,0
1953,60.06999969482422,11.600000381469728,11.619999885559082,1.248270034790039,13,False,True,False,False,True,True,False,True,False,False,True,True,False,True,False,True,False,0
1954,40.290000915527344,11.600000381469728,11.619999885559082,1.248270034790039,13,True,False,False,True,False,True,False,False,True,False,True,True,False,True,False,True,False,0
1955,62.810001373291016,11.600000381469728,11.619999885559082,1.248270034790039,14,True,False,False,False,True,True,False,True,False,False,True,True,False,False,True,True,False,0
1956,59.400001525878906,11.600000381469728,11.619999885559082,1.248270034790039,12,True,False,False,False,True,False,True,True,False,False,True,True,False,False,True,True,False,0
1957,41.75,11.600000381469728,11.619999885559082,1.248270034790039,12,False,True,False,False,True,True,False,True,False,True,False,True,False,False,True,True,False,0
1958,51.189998626708984,6.699999809265137,11.619999885559082,1.248270034790039,16,False,True,False,False,True,True,False,True,False,False,True,True,False,False,True,True,False,0
1959,54.40999984741211,6.699999809265137,11.619999885559082,1.248270034790039,12,False,True,False,False,True,True,False,True,False,False,True,True,False,True,False,True,False,0
1960,60.20000076293945,6.699999809265137,11.619999885559082,1.248270034790039,12,True,False,False,False,True,True,False,True,False,True,False,True,False,False,True,True,False,0
1961,59.18000030517578,6.699999809265137,11.619999885559082,1.248270034790039,14,False,True,False,False,True,False,True,True,False,False,True,True,False,True,False,True,False,0
1962,56.0099983215332,7.199999809265137,11.619999885559082,1.248270034790039,16,True,False,True,False,False,True,False,True,False,False,True,False,True,False,True,True,False,0
1963,39.16999816894531,7.199999809265137,11.619999885559082,1.248270034790039,12,True,False,True,False,False,True,False,True,False,True,False,False,True,True,False,True,False,0
1964,34.58000183105469,7.199999809265137,11.619999885559082,1.248270034790039,12,True,False,True,False,False,True,False,True,False,False,True,False,True,False,True,True,False,0
1965,45.0,7.199999809265137,11.619999885559082,1.248270034790039,13,False,True,True,False,False,True,False,True,False,False,True,False,True,False,True,True,False,0
1966,43.86000061035156,7.699999809265137,11.619999885559082,1.248270034790039,13,True,False,True,False,False,True,False,True,False,False,True,False,True,False,True,True,False,0
1967,42.33000183105469,7.699999809265137,11.619999885559082,1.248270034790039,12,True,False,True,False,False,True,False,True,False,False,True,False,True,True,False,True,False,0
1968,53.0,7.699999809265137,11.619999885559082,1.248270034790039,16,True,False,True,False,False,True,False,True,False,False,True,False,True,False,True,True,False,0
1969,48.61000061035156,7.699999809265137,11.619999885559082,1.248270034790039,12,True,False,False,False,True,True,False,True,False,False,True,False,True,True,False,True,False,0
1970,51.77000045776367,7.699999809265137,11.619999885559082,1.248270034790039,16,True,False,False,False,True,True,False,True,False,False,True,False,True,False,True,True,False,0
1971,45.119998931884766,7.199999809265137,11.619999885559082,1.248270034790039,14,True,False,True,False,False,True,False,True,False,False,True,False,True,False,True,True,False,0
1972,48.90999984741211,7.199999809265137,11.619999885559082,1.248270034790039,17,False,True,True,False,False,False,True,True,False,True,False,False,True,False,True,True,False,0
1973,48.880001068115234,7.199999809265137,11.619999885559082,1.248270034790039,15,True,False,True,False,False,True,False,True,False,True,False,False,True,False,True,True,False,0
1974,48.18000030517578,13.5,11.619999885559082,1.248270034790039,13,True,False,False,False,True,False,True,False,True,False,True,True,False,True,False,True,False,1
1975,57.47999954223633,13.5,11.619999885559082,1.248270034790039,16,True,False,False,False,True,True,False,True,False,False,True,True,False,False,True,True,False,1
1976,48.2400016784668,13.5,11.619999885559082,1.248270034790039,18,False,True,False,False,True,True,False,True,False,False,True,True,False,False,True,True,False,1
1977,65.52999877929688,13.5,11.619999885559082,1.248270034790039,16,False,True,False,False,True,False,True,True,False,False,True,True,False,False,True,True,False,1
1978,50.41999816894531,13.5,11.619999885559082,1.248270034790039,14,True,False,False,False,True,True,False,True,False,False,True,True,False,False,True,True,False,1
1979,54.43000030517578,13.5,11.619999885559082,1.248270034790039,12,True,False,False,False,True,True,False,True,False,False,True,True,False,False,True,True,False,1
1980,44.470001220703125,7.699999809265137,11.619999885559082,1.248270034790039,15,False,True,True,False,False,True,False,True,False,False,True,False,True,False,True,True,False,0
1981,57.060001373291016,13.699999809265137,11.619999885559082,1.248270034790039,12,False,True,True,False,False,True,False,True,False,False,True,True,False,False,True,True,False,1
1982,59.25,13.699999809265137,11.619999885559082,1.248270034790039,16,False,True,False,False,True,False,True,True,False,False,True,True,False,False,True,True,False,1
1983,61.470001220703125,13.699999809265137,11.619999885559082,1.248270034790039,12,True,False,False,False,True,False,True,False,True,False,True,True,False,True,False,True,False,1
1984,48.86000061035156,13.699999809265137,11.619999885559082,1.248270034790039,16,True,False,False,False,True,False,True,True,False,False,True,True,False,True,False,True,False,1
1985,58.900001525878906,11.199999809265137,11.619999885559082,1.248270034790039,13,True,False,False,False,True,True,False,True,False,False,True,True,False,False,True,True,False,1
1986,38.959999084472656,11.199999809265137,11.619999885559082,1.248270034790039,12,True,False,False,False,True,True,False,True,False,False,True,True,False,False,True,True,False,1
1987,50.11000061035156,11.199999809265137,11.619999885559082,1.248270034790039,12,True,False,False,False,True,True,False,True,False,True,False,True,False,True,False,True,False,1
1988,65.55999755859375,8.0,11.619999885559082,1.248270034790039,12,False,True,False,False,True,True,False,True,False,False,True,False,True,True,False,True,False,1
1989,63.209999084472656,8.0,11.619999885559082,1.248270034790039,16,False,True,False,False,True,False,True,False,True,False,True,False,True,True,False,True,False,1
1990,50.779998779296875,8.0,11.619999885559082,1.248270034790039,12,False,True,False,False,True,True,False,True,False,True,False,False,True,False,True,True,False,1
1991,45.40999984741211,8.0,11.619999885559082,1.248270034790039,13,True,False,False,False,True,True,False,True,False,False,True,False,True,True,False,True,False,1
1992,66.44999694824219,8.0,11.619999885559082,1.248270034790039,15,False,True,False,False,True,False,True,False,True,True,False,False,True,False,True,True,False,1
1993,40.97999954223633,11.5,11.619999885559082,1.248270034790039,12,True,False,False,False,True,True,False,True,False,True,False,True,False,False,True,True,False,1
1994,59.0,7.199999809265137,11.619999885559082,1.248270034790039,17,False,True,False,False,True,True,False,True,False,True,False,True,False,False,True,True,False,0
1995,64.08999633789062,7.199999809265137,11.619999885559082,1.248270034790039,15,False,True,False,False,True,False,True,False,True,False,True,True,False,True,False,True,False,0
1996,48.59000015258789,7.199999809265137,11.619999885559082,1.248270034790039,16,False,True,False,False,True,False,True,True,False,False,True,True,False,True,False,True,False,0
1997,33.2400016784668,7.199999809265137,11.619999885559082,1.248270034790039,12,True,False,True,False,False,True,False,True,False,True,False,True,False,True,False,True,False,0
1998,51.130001068115234,7.199999809265137,11.619999885559082,1.248270034790039,14,True,False,True,False,False,False,True,False,True,False,True,True,False,True,False,True,False,0
1999,52.040000915527344,7.199999809265137,11.619999885559082,1.248270034790039,13,True,False,True,False,False,True,False,True,False,True,False,True,False,False,True,True,False,0
2000,51.349998474121094,7.199999809265137,11.619999885559082,1.248270034790039,13,True,False,True,False,False,True,False,True,False,False,True,True,False,False,True,True,False,0
2001,48.61000061035156,7.199999809265137,11.619999885559082,1.248270034790039,14,False,True,True,False,False,True,False,True,False,False,True,True,False,False,True,True,False,0
2002,48.16999816894531,7.199999809265137,11.619999885559082,1.248270034790039,12,True,False,True,False,False,False,True,True,False,False,True,True,False,False,True,True,False,0
2003,43.41999816894531,7.199999809265137,11.619999885559082,1.248270034790039,12,True,False,True,False,False,True,False,True,False,False,True,True,False,True,False,True,False,0
2004,49.849998474121094,7.199999809265137,11.619999885559082,1.248270034790039,13,False,True,True,False,False,True,False,True,False,False,True,True,False,True,False,True,False,0
2005,45.310001373291016,7.199999809265137,11.619999885559082,1.248270034790039,13,True,False,True,False,False,True,False,True,False,False,True,True,False,False,True,True,False,0
2006,50.59000015258789,8.399999618530273,11.619999885559082,1.248270034790039,16,False,True,False,False,True,False,True,True,False,False,True,True,False,True,False,True,False,1
2007,57.900001525878906,8.399999618530273,11.619999885559082,1.248270034790039,13,True,False,False,False,True,False,True,True,False,False,True,True,False,True,False,True,False,1
2008,51.88999938964844,8.399999618530273,11.619999885559082,1.248270034790039,13,True,False,False,False,True,True,False,True,False,False,True,True,False,False,True,True,False,1
2009,35.86000061035156,6.599999904632568,11.619999885559082,1.248270034790039,12,True,False,False,False,True,True,False,True,False,True,False,True,False,False,True,True,False,0
2010,56.52000045776367,6.599999904632568,11.619999885559082,1.248270034790039,17,False,True,False,False,True,False,True,True,False,False,True,True,False,True,False,True,False,0
2011,53.810001373291016,6.599999904632568,11.619999885559082,1.248270034790039,15,True,False,False,False,True,True,False,True,False,False,True,True,False,True,False,True,False,0
2012,53.29999923706055,6.599999904632568,11.619999885559082,1.248270034790039,16,False,True,False,False,True,False,True,False,True,False,True,True,False,True,False,True,False,0
2013,51.810001373291016,10.399999618530272,11.619999885559082,1.248270034790039,18,False,True,False,False,True,False,True,True,False,False,True,True,False,False,True,True,False,1
2014,56.43000030517578,10.399999618530272,11.619999885559082,1.248270034790039,12,False,True,False,False,True,True,False,True,False,False,True,True,False,False,True,True,False,1
2015,62.04999923706055,10.399999618530272,11.619999885559082,1.248270034790039,16,True,False,False,False,True,False,True,False,True,True,False,True,False,False,True,True,False,1
2016,50.90999984741211,10.399999618530272,11.619999885559082,1.248270034790039,16,False,True,False,False,True,False,True,True,False,False,True,True,False,True,False,True,False,1
2017,54.68000030517578,10.399999618530272,11.619999885559082,1.248270034790039,15,True,False,False,False,True,False,True,True,False,False,True,True,False,True,False,True,False,1
2018,48.06999969482422,10.399999618530272,11.619999885559082,1.248270034790039,16,True,False,False,False,True,True,False,True,False,False,True,True,False,True,False,True,False,1
2019,55.790000915527344,10.399999618530272,11.619999885559082,1.248270034790039,16,False,True,False,False,True,True,False,True,False,False,True,True,False,False,True,True,False,1
2020,54.209999084472656,10.399999618530272,11.619999885559082,1.248270034790039,15,True,False,False,False,True,True,False,False,True,False,True,True,False,True,False,True,False,1
2021,58.849998474121094,10.399999618530272,11.619999885559082,1.248270034790039,16,True,False,False,False,True,True,False,True,False,False,True,True,False,True,False,True,False,1
2022,56.029998779296875,7.199999809265137,11.619999885559082,1.248270034790039,16,True,False,False,False,True,True,False,True,False,False,True,True,False,False,True,True,False,1
2023,56.189998626708984,7.199999809265137,11.619999885559082,1.248270034790039,16,False,True,False,False,True,True,False,True,False,False,True,True,False,False,True,True,False,1
2024,51.52000045776367,7.199999809265137,11.619999885559082,1.248270034790039,17,True,False,False,False,True,True,False,False,True,False,True,True,False,True,False,True,False,1
2025,55.31999969482422,7.199999809265137,11.619999885559082,1.248270034790039,13,False,True,False,False,True,False,True,True,False,False,True,True,False,True,False,True,False,1
2026,47.04999923706055,7.199999809265137,11.619999885559082,1.248270034790039,13,False,True,False,False,True,True,False,True,False,False,True,True,False,False,True,True,False,1
2027,52.90999984741211,7.199999809265137,11.619999885559082,1.248270034790039,13,False,True,False,False,True,False,True,True,False,False,True,True,False,True,False,True,False,1
2028,44.29999923706055,7.199999809265137,11.619999885559082,1.248270034790039,16,True,False,False,False,True,False,True,False,True,False,True,True,False,True,False,True,False,1
2029,52.81999969482422,7.199999809265137,11.619999885559082,1.248270034790039,14,False,True,False,False,True,True,False,True,False,False,True,True,False,False,True,True,False,1
2030,54.34000015258789,7.199999809265137,11.619999885559082,1.248270034790039,15,True,False,False,False,True,False,True,True,False,False,True,True,False,True,False,True,False,1
2031,64.26000213623047,7.199999809265137,11.619999885559082,1.248270034790039,15,False,True,False,False,True,True,False,True,False,False,True,True,False,False,True,True,False,1
2032,48.16999816894531,5.5,11.619999885559082,1.248270034790039,14,False,True,False,False,True,True,False,True,False,False,True,False,True,True,False,True,False,0
2033,60.95000076293945,5.5,11.619999885559082,1.248270034790039,16,False,True,False,False,True,True,False,True,False,False,True,False,True,False,True,True,False,0
2034,62.790000915527344,5.5,11.619999885559082,1.248270034790039,13,False,True,False,False,True,False,True,True,False,False,True,False,True,False,True,True,False,0
2035,57.29999923706055,5.5,11.619999885559082,1.248270034790039,16,False,True,False,False,True,False,True,True,False,False,True,False,True,True,False,True,False,0
2036,57.959999084472656,5.5,11.619999885559082,1.248270034790039,15,False,True,False,False,True,False,True,False,True,False,True,False,True,True,False,True,False,0
2037,62.15999984741211,5.5,11.619999885559082,1.248270034790039,16,True,False,False,False,True,False,True,False,True,False,True,False,True,True,False,True,False,0
2038,54.25,5.5,11.619999885559082,1.248270034790039,15,False,True,False,False,True,True,False,True,False,False,True,False,True,False,True,True,False,0
2039,64.13999938964844,5.5,11.619999885559082,1.248270034790039,14,False,True,False,False,True,False,True,False,True,False,True,False,True,True,False,True,False,0
2040,62.869998931884766,5.599999904632568,10.149999618530272,1.0161700248718262,16,False,True,False,False,True,False,True,False,True,False,True,False,True,True,False,True,False,0
2041,52.59000015258789,5.599999904632568,10.149999618530272,1.0161700248718262,15,True,False,False,False,True,False,True,True,False,False,True,False,True,True,False,True,False,0
2042,55.72999954223633,5.599999904632568,10.149999618530272,1.0161700248718262,12,True,False,False,False,True,False,True,True,False,False,True,False,True,True,False,True,False,0
2043,59.099998474121094,5.599999904632568,10.149999618530272,1.0161700248718262,17,False,True,False,False,True,True,False,True,False,False,True,False,True,True,False,True,False,0
2044,48.16999816894531,5.599999904632568,10.149999618530272,1.0161700248718262,12,True,False,False,False,True,True,False,True,False,False,True,False,True,False,True,True,False,0
2045,47.08000183105469,5.599999904632568,10.149999618530272,1.0161700248718262,16,False,True,False,False,True,True,False,True,False,False,True,False,True,False,True,True,False,0
2046,44.93000030517578,11.800000190734863,10.8100004196167,1.1258699893951416,12,False,True,False,False,True,False,True,True,False,True,False,False,True,True,False,True,False,0
2047,44.709999084472656,11.800000190734863,10.8100004196167,1.1258699893951416,12,True,False,False,False,True,True,False,True,False,False,True,False,True,False,True,True,False,0
2048,53.13999938964844,11.800000190734863,10.8100004196167,1.1258699893951416,12,True,False,False,False,True,True,False,True,False,True,False,False,True,False,True,True,False,0
2049,38.65999984741211,11.800000190734863,10.8100004196167,1.1258699893951416,12,False,True,False,False,True,True,False,True,False,False,True,False,True,True,False,True,False,0
2050,36.220001220703125,11.800000190734863,10.8100004196167,1.1258699893951416,12,False,True,False,False,True,True,False,True,False,False,True,False,True,False,True,True,False,0
2051,55.150001525878906,14.0,12.149999618530272,1.1662800312042236,16,True,False,False,False,True,True,False,True,False,False,True,True,False,False,True,True,False,1
2052,53.90999984741211,14.0,12.149999618530272,1.1662800312042236,14,False,True,False,False,True,True,False,True,False,False,True,True,False,False,True,True,False,1
2053,49.380001068115234,14.0,12.149999618530272,1.1662800312042236,17,False,True,False,True,False,True,False,True,False,False,True,True,False,False,True,True,False,1
2054,46.93000030517578,14.0,12.149999618530272,1.1662800312042236,12,False,True,False,False,True,True,False,True,False,False,True,True,False,True,False,True,False,1
2055,58.22999954223633,14.0,12.149999618530272,1.1662800312042236,14,False,True,False,False,True,True,False,True,False,False,True,True,False,False,True,True,False,1
2056,43.75,5.599999904632568,10.149999618530272,1.0161700248718262,12,True,False,False,False,True,True,False,True,False,False,True,False,True,False,True,True,False,0
2057,40.779998779296875,5.599999904632568,10.149999618530272,1.0161700248718262,17,True,False,False,False,True,True,False,True,False,False,True,False,True,False,True,True,False,0
2058,61.959999084472656,5.599999904632568,10.149999618530272,1.0161700248718262,16,False,True,False,False,True,True,False,True,False,False,True,False,True,False,True,True,False,0
2059,47.619998931884766,11.100000381469728,12.149999618530272,1.1662800312042236,12,True,False,False,False,True,True,False,True,False,False,True,True,False,True,False,True,False,1
2060,61.130001068115234,11.100000381469728,12.149999618530272,1.1662800312042236,16,True,False,False,False,True,False,True,True,False,False,True,True,False,True,False,True,False,1
2061,61.099998474121094,11.100000381469728,12.149999618530272,1.1662800312042236,16,True,False,False,False,True,False,True,False,True,False,True,True,False,True,False,True,False,1
2062,67.0999984741211,11.100000381469728,12.149999618530272,1.1662800312042236,16,True,False,False,False,True,False,True,True,False,False,True,True,False,True,False,True,False,1
2063,50.720001220703125,11.100000381469728,12.149999618530272,1.1662800312042236,12,False,True,False,True,False,True,False,True,False,False,True,True,False,True,False,True,False,1
2064,57.2599983215332,11.100000381469728,12.149999618530272,1.1662800312042236,16,False,True,False,False,True,False,True,False,True,False,True,True,False,True,False,True,False,1
2065,67.91999816894531,11.100000381469728,12.149999618530272,1.1662800312042236,16,True,False,False,False,True,False,True,False,True,True,False,True,False,False,True,True,False,1
2066,48.369998931884766,11.100000381469728,12.149999618530272,1.1662800312042236,16,True,False,False,False,True,True,False,True,False,False,True,True,False,True,False,True,False,1
2067,52.880001068115234,7.800000190734863,10.149999618530272,1.0161700248718262,12,True,False,False,False,True,True,False,True,False,False,True,False,True,False,True,True,False,0
2068,47.02000045776367,7.800000190734863,10.149999618530272,1.0161700248718262,12,False,True,False,False,True,True,False,True,False,False,True,False,True,False,True,True,False,0
2069,60.66999816894531,7.800000190734863,10.149999618530272,1.0161700248718262,16,True,False,False,False,True,False,True,False,True,False,True,False,True,True,False,True,False,0
2070,54.40999984741211,7.800000190734863,10.149999618530272,1.0161700248718262,12,False,True,False,False,True,True,False,True,False,False,True,False,True,True,False,True,False,0
2071,54.5099983215332,7.800000190734863,10.149999618530272,1.0161700248718262,15,True,False,False,False,True,True,False,True,False,False,True,False,True,True,False,True,False,0
2072,53.59000015258789,7.800000190734863,10.149999618530272,1.0161700248718262,14,False,True,False,False,True,True,False,True,False,False,True,False,True,False,True,True,False,0
2073,62.029998779296875,7.800000190734863,10.149999618530272,1.0161700248718262,12,False,True,False,False,True,False,True,True,False,False,True,False,True,True,False,True,False,0
2074,55.88999938964844,7.800000190734863,10.149999618530272,1.0161700248718262,15,False,True,False,False,True,True,False,True,False,True,False,False,True,False,True,True,False,0
2075,63.09000015258789,7.800000190734863,10.149999618530272,1.0161700248718262,12,True,False,False,False,True,True,False,True,False,False,True,False,True,True,False,True,False,0
2076,42.369998931884766,7.800000190734863,10.149999618530272,1.0161700248718262,14,True,False,False,False,True,True,False,True,False,False,True,False,True,False,True,True,False,0
2077,54.400001525878906,13.800000190734863,12.149999618530272,1.1662800312042236,12,False,True,False,False,True,False,True,True,False,False,True,True,False,True,False,True,False,1
2078,57.54999923706055,13.800000190734863,12.149999618530272,1.1662800312042236,16,True,False,False,False,True,True,False,True,False,False,True,True,False,True,False,True,False,1
2079,56.83000183105469,13.800000190734863,12.149999618530272,1.1662800312042236,15,True,False,False,False,True,True,False,True,False,False,True,True,False,False,True,True,False,1
2080,47.70000076293945,13.800000190734863,12.149999618530272,1.1662800312042236,13,False,True,False,False,True,False,True,False,True,False,True,True,False,False,True,True,False,1
2081,51.209999084472656,13.800000190734863,12.149999618530272,1.1662800312042236,16,False,True,False,False,True,True,False,False,True,False,True,True,False,True,False,True,False,1
2082,56.619998931884766,13.800000190734863,12.149999618530272,1.1662800312042236,13,False,True,False,False,True,True,False,True,False,False,True,True,False,True,False,True,False,1
2083,52.709999084472656,6.300000190734863,10.149999618530272,1.0161700248718262,15,False,True,False,False,True,True,False,True,False,False,True,False,True,True,False,True,False,0
2084,47.099998474121094,6.300000190734863,10.149999618530272,1.0161700248718262,16,False,True,True,False,False,True,False,True,False,False,True,False,True,False,True,True,False,0
2085,53.459999084472656,6.300000190734863,10.149999618530272,1.0161700248718262,18,True,False,False,False,True,True,False,True,False,False,True,False,True,False,True,True,False,0
2086,51.310001373291016,6.300000190734863,10.149999618530272,1.0161700248718262,15,False,True,False,False,True,True,False,True,False,False,True,False,True,False,True,True,False,0
2087,45.279998779296875,6.300000190734863,10.149999618530272,1.0161700248718262,13,True,False,True,False,False,True,False,True,False,False,True,False,True,False,True,True,False,0
2088,65.2300033569336,11.800000190734863,10.8100004196167,1.1258699893951416,17,True,False,False,False,True,True,False,True,False,False,True,False,True,False,True,True,False,0
2089,61.619998931884766,11.800000190734863,10.8100004196167,1.1258699893951416,12,True,False,False,False,True,True,False,True,False,True,False,False,True,False,True,True,False,0
2090,63.66999816894531,11.800000190734863,10.8100004196167,1.1258699893951416,16,False,True,False,False,True,True,False,True,False,False,True,False,True,False,True,True,False,0
2091,54.31999969482422,17.700000762939453,12.149999618530272,1.1662800312042236,13,True,False,False,False,True,True,False,True,False,True,False,True,False,True,False,True,False,1
2092,49.2400016784668,17.700000762939453,12.149999618530272,1.1662800312042236,16,False,True,False,False,True,False,True,False,True,False,True,True,False,True,False,True,False,1
2093,55.380001068115234,17.700000762939453,12.149999618530272,1.1662800312042236,16,False,True,False,False,True,True,False,True,False,False,True,True,False,True,False,True,False,1
2094,58.849998474121094,17.700000762939453,12.149999618530272,1.1662800312042236,12,False,True,False,False,True,False,True,True,False,False,True,True,False,True,False,True,False,1
2095,49.650001525878906,17.700000762939453,12.149999618530272,1.1662800312042236,14,False,True,False,False,True,True,False,True,False,False,True,True,False,False,True,True,False,1
2096,37.22999954223633,17.700000762939453,12.149999618530272,1.1662800312042236,15,False,True,False,False,True,True,False,True,False,False,True,True,False,False,True,True,False,1
2097,47.13999938964844,17.700000762939453,12.149999618530272,1.1662800312042236,13,True,False,False,False,True,True,False,True,False,False,True,True,False,False,True,True,False,1
2098,38.66999816894531,17.700000762939453,12.149999618530272,1.1662800312042236,14,True,False,False,False,True,True,False,True,False,True,False,True,False,True,False,True,False,1
2099,51.029998779296875,17.700000762939453,12.149999618530272,1.1662800312042236,12,False,True,False,False,True,True,False,True,False,False,True,True,False,True,False,True,False,1
2100,52.47999954223633,7.699999809265137,12.149999618530272,1.1662800312042236,12,True,False,False,False,True,True,False,True,False,False,True,True,False,False,True,True,False,1
2101,49.349998474121094,7.699999809265137,12.149999618530272,1.1662800312042236,12,False,True,False,False,True,True,False,False,True,False,True,True,False,False,True,True,False,1
2102,66.80000305175781,7.699999809265137,12.149999618530272,1.1662800312042236,16,True,False,False,False,True,True,False,True,False,False,True,True,False,False,True,True,False,1
2103,53.880001068115234,7.699999809265137,12.149999618530272,1.1662800312042236,16,False,True,False,False,True,True,False,True,False,False,True,True,False,True,False,True,False,1
2104,45.939998626708984,7.300000190734863,10.149999618530272,1.0161700248718262,12,False,True,False,False,True,True,False,False,True,False,True,True,False,False,True,True,False,1
2105,58.900001525878906,7.300000190734863,10.149999618530272,1.0161700248718262,12,True,False,False,False,True,True,False,True,False,False,True,True,False,False,True,True,False,1
2106,65.19999694824219,7.300000190734863,10.149999618530272,1.0161700248718262,17,False,True,False,False,True,False,True,False,True,False,True,True,False,True,False,True,False,1
2107,48.25,5.300000190734863,10.149999618530272,1.0161700248718262,12,True,False,False,False,True,True,False,True,False,False,True,True,False,False,True,True,False,1
2108,68.77999877929688,5.300000190734863,10.149999618530272,1.0161700248718262,16,True,False,False,False,True,False,True,False,True,False,True,True,False,False,True,True,False,1
2109,56.0,5.300000190734863,10.149999618530272,1.0161700248718262,15,False,True,False,False,True,True,False,True,False,False,True,True,False,True,False,True,False,1
2110,61.540000915527344,5.300000190734863,10.149999618530272,1.0161700248718262,16,False,True,False,False,True,False,True,True,False,False,True,True,False,False,True,True,False,1
2111,48.619998931884766,5.300000190734863,10.149999618530272,1.0161700248718262,15,False,True,False,False,True,False,True,True,False,False,True,True,False,True,False,True,False,1
2112,44.720001220703125,5.300000190734863,10.149999618530272,1.0161700248718262,12,True,False,False,False,True,True,False,False,True,False,True,True,False,False,True,True,False,1
2113,36.61000061035156,5.300000190734863,10.149999618530272,1.0161700248718262,12,False,True,False,False,True,True,False,True,False,False,True,True,False,False,True,True,False,1
2114,55.630001068115234,5.300000190734863,10.149999618530272,1.0161700248718262,16,True,False,False,False,True,True,False,True,False,False,True,True,False,False,True,True,False,1
2115,36.189998626708984,5.300000190734863,10.149999618530272,1.0161700248718262,12,False,True,False,False,True,True,False,True,False,False,True,True,False,True,False,True,False,1
2116,44.400001525878906,5.300000190734863,10.149999618530272,1.0161700248718262,12,False,True,False,False,True,True,False,True,False,False,True,True,False,False,True,True,False,1
2117,48.54999923706055,5.300000190734863,10.149999618530272,1.0161700248718262,17,True,False,False,False,True,True,False,True,False,False,True,True,False,False,True,True,False,1
2118,55.02000045776367,4.900000095367432,10.149999618530272,1.0161700248718262,12,False,True,False,False,True,True,False,True,False,False,True,True,False,False,True,True,False,1
2119,63.369998931884766,4.900000095367432,10.149999618530272,1.0161700248718262,17,False,True,False,False,True,True,False,True,False,False,True,True,False,False,True,True,False,1
2120,54.790000915527344,4.900000095367432,10.149999618530272,1.0161700248718262,17,False,True,False,False,True,True,False,True,False,False,True,True,False,True,False,True,False,1
2121,59.619998931884766,4.900000095367432,10.149999618530272,1.0161700248718262,15,True,False,False,False,True,False,True,False,True,False,True,True,False,True,False,True,False,1
2122,55.439998626708984,4.900000095367432,10.149999618530272,1.0161700248718262,16,True,False,False,False,True,False,True,False,True,False,True,True,False,True,False,True,False,1
2123,61.75,14.0,12.149999618530272,1.1662800312042236,17,True,False,False,False,True,True,False,True,False,False,True,True,False,True,False,True,False,0
2124,54.81999969482422,14.0,12.149999618530272,1.1662800312042236,15,False,True,False,False,True,False,True,True,False,False,True,True,False,True,False,True,False,0
2125,55.09000015258789,14.0,12.149999618530272,1.1662800312042236,14,True,False,False,False,True,True,False,True,False,False,True,True,False,True,False,True,False,0
2126,41.13999938964844,14.0,12.149999618530272,1.1662800312042236,12,True,False,False,False,True,True,False,True,False,False,True,True,False,False,True,True,False,1
2127,55.0,14.0,12.149999618530272,1.1662800312042236,12,False,True,False,False,True,True,False,True,False,False,True,True,False,False,True,True,False,1
2128,58.0,14.0,12.149999618530272,1.1662800312042236,16,True,False,False,False,True,True,False,False,True,False,True,True,False,True,False,True,False,1
2129,60.27000045776367,14.0,12.149999618530272,1.1662800312042236,12,False,True,False,False,True,True,False,True,False,False,True,True,False,False,True,True,False,1
2130,46.400001525878906,14.0,12.149999618530272,1.1662800312042236,14,False,True,True,False,False,True,False,True,False,False,True,True,False,False,True,True,False,1
2131,44.86000061035156,13.800000190734863,12.149999618530272,1.1662800312042236,12,True,False,False,True,False,True,False,True,False,False,True,True,False,False,True,True,False,1
2132,64.51000213623047,13.800000190734863,12.149999618530272,1.1662800312042236,16,True,False,False,False,True,True,False,True,False,False,True,True,False,False,True,True,False,1
2133,48.34000015258789,13.800000190734863,12.149999618530272,1.1662800312042236,13,False,True,False,False,True,True,False,True,False,False,True,True,False,True,False,True,False,1
2134,51.9900016784668,13.800000190734863,12.149999618530272,1.1662800312042236,16,False,True,False,False,True,True,False,True,False,False,True,True,False,False,True,True,False,1
2135,64.0,13.800000190734863,12.149999618530272,1.1662800312042236,15,False,True,False,False,True,True,False,True,False,False,True,True,False,True,False,True,False,1
2136,45.099998474121094,13.800000190734863,12.149999618530272,1.1662800312042236,12,True,False,False,False,True,True,False,True,False,False,True,True,False,False,True,True,False,0
2137,41.66999816894531,11.100000381469728,12.149999618530272,1.1662800312042236,12,True,False,False,False,True,True,False,True,False,False,True,True,False,True,False,True,False,1
2138,56.2599983215332,11.100000381469728,12.149999618530272,1.1662800312042236,13,True,False,False,False,True,True,False,True,False,False,True,True,False,False,True,True,False,1
2139,45.06999969482422,11.100000381469728,12.149999618530272,1.1662800312042236,15,True,False,True,False,False,False,True,True,False,False,True,True,False,True,False,True,False,1
2140,53.08000183105469,13.800000190734863,12.149999618530272,1.1662800312042236,15,True,False,False,False,True,True,False,True,False,False,True,True,False,True,False,True,False,1
2141,60.310001373291016,13.800000190734863,12.149999618530272,1.1662800312042236,16,True,False,False,False,True,True,False,True,False,False,True,True,False,False,True,True,False,1
2142,57.06999969482422,14.0,12.149999618530272,1.1662800312042236,14,True,False,False,False,True,True,False,True,False,False,True,True,False,True,False,True,False,1
2143,49.90999984741211,14.0,12.149999618530272,1.1662800312042236,13,True,False,False,False,True,True,False,True,False,False,True,True,False,True,False,True,False,1
2144,65.12000274658203,14.0,12.149999618530272,1.1662800312042236,14,False,True,False,False,True,True,False,True,False,False,True,True,False,False,True,True,False,1
2145,43.7599983215332,14.0,12.149999618530272,1.1662800312042236,12,True,False,False,False,True,True,False,True,False,True,False,True,False,False,True,True,False,1
2146,38.27000045776367,14.0,12.149999618530272,1.1662800312042236,12,False,True,False,False,True,True,False,True,False,False,True,True,False,False,True,True,False,1
2147,55.650001525878906,7.599999904632568,10.149999618530272,1.0161700248718262,14,False,True,False,False,True,True,False,True,False,False,True,True,False,True,False,True,False,0
2148,45.220001220703125,7.599999904632568,10.149999618530272,1.0161700248718262,15,False,True,False,False,True,True,False,True,False,False,True,True,False,False,True,True,False,0
2149,55.40999984741211,7.599999904632568,10.149999618530272,1.0161700248718262,12,True,False,False,False,True,True,False,True,False,False,True,True,False,False,True,True,False,0
2150,54.400001525878906,7.599999904632568,10.149999618530272,1.0161700248718262,16,True,False,False,False,True,True,False,False,True,False,True,True,False,False,True,True,False,0
2151,44.20000076293945,7.599999904632568,10.149999618530272,1.0161700248718262,14,False,True,False,False,True,True,False,True,False,True,False,True,False,False,True,True,False,0
2152,62.709999084472656,7.599999904632568,10.149999618530272,1.0161700248718262,16,True,False,False,False,True,True,False,True,False,False,True,True,False,False,True,True,False,0
2153,55.310001373291016,7.599999904632568,10.149999618530272,1.0161700248718262,16,True,False,False,False,True,True,False,True,False,False,True,True,False,False,True,True,False,0
2154,51.290000915527344,7.599999904632568,10.149999618530272,1.0161700248718262,15,True,False,False,False,True,True,False,True,False,False,True,True,False,False,True,True,False,0
2155,42.63999938964844,7.599999904632568,10.149999618530272,1.0161700248718262,12,False,True,False,False,True,True,False,True,False,False,True,True,False,False,True,True,False,0
2156,50.18000030517578,7.599999904632568,10.149999618530272,1.0161700248718262,13,False,True,False,False,True,True,False,False,True,False,True,True,False,False,True,True,False,0
2157,37.93000030517578,7.599999904632568,10.149999618530272,1.0161700248718262,12,False,True,False,False,True,True,False,True,False,False,True,True,False,True,False,True,False,0
2158,54.70000076293945,7.599999904632568,10.149999618530272,1.0161700248718262,16,True,False,False,False,True,True,False,True,False,False,True,True,False,False,True,True,False,0
2159,54.369998931884766,7.599999904632568,10.149999618530272,1.0161700248718262,12,True,False,False,False,True,True,False,True,False,False,True,True,False,True,False,True,False,0
2160,39.279998779296875,7.300000190734863,10.149999618530272,1.0161700248718262,12,False,True,False,False,True,True,False,True,False,False,True,True,False,False,True,True,False,1
2161,45.119998931884766,7.300000190734863,10.149999618530272,1.0161700248718262,18,True,False,False,False,True,True,False,True,False,False,True,True,False,False,True,True,False,1
2162,64.01000213623047,7.300000190734863,10.149999618530272,1.0161700248718262,16,False,True,False,False,True,False,True,True,False,False,True,True,False,False,True,True,False,1
2163,38.06999969482422,7.300000190734863,10.149999618530272,1.0161700248718262,16,True,False,False,False,True,True,False,True,False,False,True,True,False,False,True,True,False,1
2164,56.959999084472656,14.0,12.149999618530272,1.1662800312042236,14,False,True,False,False,True,False,True,False,True,False,True,True,False,True,False,True,False,1
2165,40.61000061035156,14.0,12.149999618530272,1.1662800312042236,12,True,False,False,False,True,True,False,True,False,False,True,True,False,False,True,True,False,1
2166,56.58000183105469,14.0,12.149999618530272,1.1662800312042236,12,False,True,False,False,True,True,False,True,False,False,True,True,False,True,False,True,False,1
2167,46.540000915527344,14.0,12.149999618530272,1.1662800312042236,15,True,False,False,False,True,True,False,True,False,False,True,True,False,False,True,True,False,1
2168,52.06999969482422,14.0,12.149999618530272,1.1662800312042236,12,True,False,False,False,True,True,False,True,False,False,True,True,False,False,True,True,False,1
2169,55.15999984741211,14.0,12.149999618530272,1.1662800312042236,14,False,True,False,False,True,True,False,True,False,False,True,True,False,False,True,True,False,1
2170,41.650001525878906,14.0,12.149999618530272,1.1662800312042236,14,True,False,False,False,True,False,True,False,True,False,True,True,False,False,True,True,False,1
2171,36.70000076293945,14.0,12.149999618530272,1.1662800312042236,12,True,False,False,False,True,True,False,True,False,False,True,True,False,True,False,True,False,1
2172,39.09000015258789,14.0,12.149999618530272,1.1662800312042236,12,False,True,False,False,True,True,False,True,False,False,True,True,False,False,True,True,False,1
2173,58.959999084472656,14.0,12.149999618530272,1.1662800312042236,14,False,True,False,False,True,True,False,True,False,False,True,True,False,False,True,True,False,1
2174,65.58999633789062,14.0,12.149999618530272,1.1662800312042236,18,True,False,False,False,True,True,False,True,False,False,True,True,False,False,True,True,False,1
2175,48.16999816894531,9.300000190734863,12.149999618530272,1.1662800312042236,12,False,True,False,False,True,True,False,True,False,False,True,True,False,False,True,True,False,0
2176,47.7599983215332,9.300000190734863,12.149999618530272,1.1662800312042236,12,False,True,False,False,True,True,False,True,False,False,True,True,False,False,True,True,False,0
2177,52.25,9.300000190734863,12.149999618530272,1.1662800312042236,12,True,False,False,False,True,True,False,True,False,False,True,True,False,False,True,True,False,0
2178,56.59000015258789,9.300000190734863,12.149999618530272,1.1662800312042236,12,False,True,False,False,True,True,False,True,False,False,True,True,False,False,True,True,False,0
2179,47.220001220703125,9.300000190734863,12.149999618530272,1.1662800312042236,14,False,True,False,False,True,True,False,True,False,False,True,True,False,False,True,True,False,0
2180,55.779998779296875,9.300000190734863,12.149999618530272,1.1662800312042236,12,False,True,False,False,True,True,False,True,False,False,True,True,False,True,False,True,False,0
2181,55.86000061035156,16.0,10.8100004196167,1.1258699893951416,16,False,True,False,False,True,True,False,True,False,True,False,True,False,True,False,True,False,1
2182,61.810001373291016,16.0,10.8100004196167,1.1258699893951416,15,True,False,False,False,True,True,False,False,True,False,True,True,False,False,True,True,False,1
2183,43.189998626708984,16.0,10.8100004196167,1.1258699893951416,12,True,False,False,False,True,True,False,True,False,False,True,True,False,True,False,True,False,1
2184,65.79000091552734,16.0,10.8100004196167,1.1258699893951416,16,False,True,False,False,True,True,False,True,False,False,True,True,False,False,True,True,False,1
2185,44.099998474121094,16.0,10.8100004196167,1.1258699893951416,12,True,False,False,False,True,True,False,False,True,False,True,True,False,False,True,True,False,1
2186,62.61000061035156,16.0,10.8100004196167,1.1258699893951416,13,True,False,False,False,True,False,True,False,True,False,True,True,False,False,True,True,False,1
2187,53.91999816894531,10.0,10.8100004196167,1.1258699893951416,12,False,True,False,False,True,True,False,True,False,False,True,True,False,True,False,True,False,1
2188,65.11000061035156,10.0,10.8100004196167,1.1258699893951416,17,False,True,False,True,False,False,True,False,True,False,True,True,False,False,True,True,False,1
2189,63.95000076293945,10.0,10.8100004196167,1.1258699893951416,14,False,True,False,False,True,True,False,True,False,False,True,True,False,True,False,True,False,1
2190,54.66999816894531,10.0,10.8100004196167,1.1258699893951416,12,True,False,False,False,True,True,False,True,False,False,True,True,False,False,True,True,False,1
2191,52.88999938964844,10.0,10.8100004196167,1.1258699893951416,16,False,True,False,False,True,True,False,True,False,True,False,True,False,False,True,True,False,1
2192,46.97999954223633,12.300000190734863,10.8100004196167,1.1258699893951416,16,True,False,False,False,True,True,False,True,False,False,True,True,False,False,True,True,False,1
2193,60.20000076293945,12.300000190734863,10.8100004196167,1.1258699893951416,16,False,True,False,False,True,True,False,True,False,False,True,True,False,False,True,True,False,1
2194,59.09000015258789,8.399999618530273,10.149999618530272,1.0161700248718262,12,False,True,False,False,True,True,False,True,False,False,True,True,False,False,True,True,False,1
2195,44.93000030517578,8.399999618530273,10.149999618530272,1.0161700248718262,16,True,False,False,False,True,True,False,True,False,False,True,True,False,False,True,True,False,1
2196,47.08000183105469,8.399999618530273,10.149999618530272,1.0161700248718262,13,True,False,False,False,True,True,False,True,False,False,True,True,False,False,True,True,False,1
2197,57.2599983215332,8.399999618530273,10.149999618530272,1.0161700248718262,12,True,False,False,False,True,True,False,True,False,False,True,True,False,False,True,True,False,1
2198,64.08000183105469,8.399999618530273,10.149999618530272,1.0161700248718262,16,False,True,False,False,True,True,False,True,False,False,True,True,False,False,True,True,False,1
2199,58.2400016784668,8.399999618530273,10.149999618530272,1.0161700248718262,12,True,False,False,False,True,True,False,True,False,False,True,True,False,False,True,True,False,1
2200,55.2400016784668,8.399999618530273,10.149999618530272,1.0161700248718262,13,False,True,False,False,True,False,True,True,False,False,True,True,False,False,True,True,False,1
2201,58.02000045776367,15.899999618530272,12.149999618530272,1.1662800312042236,16,False,True,False,False,True,True,False,True,False,False,True,True,False,True,False,True,False,1
2202,59.84000015258789,15.899999618530272,12.149999618530272,1.1662800312042236,16,False,True,False,False,True,True,False,True,False,False,True,True,False,True,False,True,False,1
2203,57.41999816894531,15.899999618530272,12.149999618530272,1.1662800312042236,12,False,True,False,False,True,True,False,True,False,False,True,True,False,True,False,True,False,1
2204,59.779998779296875,15.899999618530272,12.149999618530272,1.1662800312042236,13,True,False,False,False,True,True,False,True,False,False,True,True,False,False,True,True,False,1
2205,45.52000045776367,15.899999618530272,12.149999618530272,1.1662800312042236,13,True,False,False,False,True,True,False,True,False,False,True,True,False,False,True,True,False,1
2206,38.540000915527344,15.899999618530272,12.149999618530272,1.1662800312042236,12,True,False,False,False,True,True,False,True,False,False,True,True,False,False,True,True,False,1
2207,40.93000030517578,15.899999618530272,12.149999618530272,1.1662800312042236,12,True,False,False,False,True,True,False,True,False,False,True,True,False,False,True,True,False,1
2208,48.470001220703125,7.800000190734863,10.149999618530272,1.0161700248718262,12,False,True,False,False,True,True,False,True,False,False,True,True,False,False,True,True,False,1
2209,58.2599983215332,7.800000190734863,10.149999618530272,1.0161700248718262,15,True,False,False,False,True,True,False,True,False,False,True,True,False,False,True,True,False,1
2210,50.119998931884766,7.800000190734863,10.149999618530272,1.0161700248718262,16,True,False,False,False,True,True,False,True,False,True,False,True,False,True,False,True,False,1
2211,64.16999816894531,7.800000190734863,10.149999618530272,1.0161700248718262,12,True,False,False,False,True,True,False,True,False,True,False,True,False,False,True,True,False,1
2212,58.900001525878906,7.800000190734863,10.149999618530272,1.0161700248718262,12,False,True,True,False,False,True,False,False,True,False,True,True,False,True,False,True,False,1
2213,59.7400016784668,7.5,10.8100004196167,1.1258699893951416,15,False,True,False,False,True,True,False,True,False,False,True,True,False,True,False,True,False,1
2214,40.310001373291016,7.5,10.8100004196167,1.1258699893951416,12,True,False,False,False,True,True,False,True,False,False,True,True,False,False,True,True,False,1
2215,61.290000915527344,7.5,10.8100004196167,1.1258699893951416,16,True,False,False,False,True,True,False,True,False,False,True,True,False,False,True,True,False,1
2216,54.0099983215332,10.100000381469728,10.8100004196167,1.1258699893951416,12,False,True,False,False,True,True,False,False,True,True,False,True,False,False,True,True,False,1
2217,59.38999938964844,10.100000381469728,10.8100004196167,1.1258699893951416,12,False,True,False,False,True,True,False,True,False,False,True,True,False,False,True,True,False,1
2218,55.09000015258789,10.100000381469728,10.8100004196167,1.1258699893951416,12,True,False,False,False,True,True,False,True,False,False,True,True,False,False,True,True,False,1
2219,51.400001525878906,10.100000381469728,10.8100004196167,1.1258699893951416,16,False,True,False,False,True,True,False,True,False,False,True,True,False,True,False,True,False,1
2220,46.060001373291016,10.100000381469728,10.8100004196167,1.1258699893951416,12,True,False,False,False,True,True,False,True,False,True,False,True,False,False,True,True,False,1
2221,50.31999969482422,10.100000381469728,10.8100004196167,1.1258699893951416,12,True,False,False,False,True,True,False,True,False,False,True,True,False,False,True,True,False,1
2222,58.279998779296875,8.899999618530273,10.149999618530272,1.0161700248718262,12,True,False,False,False,True,True,False,True,False,False,True,True,False,False,True,True,False,1
2223,57.0,8.899999618530273,10.149999618530272,1.0161700248718262,16,False,True,False,False,True,True,False,True,False,False,True,True,False,False,True,True,False,1
2224,50.75,8.899999618530273,10.149999618530272,1.0161700248718262,12,False,True,False,False,True,True,False,True,False,True,False,True,False,False,True,True,False,1
2225,46.2400016784668,8.899999618530273,10.149999618530272,1.0161700248718262,12,True,False,False,False,True,True,False,True,False,False,True,True,False,False,True,True,False,1
2226,56.7599983215332,8.899999618530273,10.149999618530272,1.0161700248718262,14,False,True,False,False,True,True,False,True,False,False,True,True,False,False,True,True,False,1
2227,44.5,14.800000190734863,10.8100004196167,1.1258699893951416,12,True,False,False,False,True,True,False,True,False,False,True,True,False,False,True,True,False,1
2228,62.810001373291016,14.800000190734863,10.8100004196167,1.1258699893951416,16,True,False,False,False,True,True,False,True,False,False,True,True,False,True,False,True,False,1
2229,56.0099983215332,14.800000190734863,10.8100004196167,1.1258699893951416,12,True,False,False,False,True,True,False,True,False,False,True,True,False,False,True,True,False,1
2230,61.189998626708984,8.899999618530273,10.149999618530272,1.0161700248718262,16,False,True,False,False,True,True,False,True,False,False,True,True,False,False,True,True,False,1
2231,64.94000244140625,8.899999618530273,10.149999618530272,1.0161700248718262,16,False,True,False,False,True,True,False,True,False,False,True,True,False,False,True,True,False,1
2232,42.470001220703125,8.899999618530273,10.149999618530272,1.0161700248718262,12,False,True,False,False,True,True,False,True,False,False,True,True,False,True,False,True,False,1
2233,67.45999908447266,8.899999618530273,10.149999618530272,1.0161700248718262,12,True,False,False,False,True,True,False,True,False,False,True,True,False,False,True,True,False,1
2234,60.34000015258789,8.899999618530273,10.149999618530272,1.0161700248718262,14,False,True,False,False,True,True,False,True,False,True,False,True,False,False,True,True,False,1
2235,48.93000030517578,8.899999618530273,10.149999618530272,1.0161700248718262,12,True,False,False,True,False,True,False,True,False,False,True,True,False,False,True,True,False,1
2236,61.029998779296875,8.899999618530273,10.149999618530272,1.0161700248718262,16,True,False,False,False,True,True,False,True,False,False,True,True,False,False,True,True,False,1
2237,54.709999084472656,8.899999618530273,10.149999618530272,1.0161700248718262,18,True,False,False,False,True,True,False,True,False,False,True,True,False,True,False,True,False,1
2238,50.560001373291016,8.899999618530273,10.149999618530272,1.0161700248718262,12,True,False,False,False,True,False,True,True,False,False,True,True,False,False,True,True,False,1
2239,60.709999084472656,8.899999618530273,10.149999618530272,1.0161700248718262,14,False,True,False,False,True,True,False,True,False,False,True,True,False,False,True,True,False,1
2240,39.54999923706055,11.899999618530272,12.149999618530272,1.1662800312042236,12,False,True,False,False,True,True,False,True,False,False,True,True,False,False,True,True,False,0
2241,46.43000030517578,11.899999618530272,12.149999618530272,1.1662800312042236,12,True,False,False,False,True,True,False,True,False,False,True,True,False,False,True,True,False,0
2242,36.0099983215332,11.899999618530272,12.149999618530272,1.1662800312042236,12,False,True,False,False,True,True,False,True,False,False,True,True,False,True,False,True,False,0
2243,44.7599983215332,11.899999618530272,12.149999618530272,1.1662800312042236,12,True,False,False,True,False,True,False,True,False,True,False,True,False,False,True,True,False,0
2244,59.540000915527344,11.899999618530272,12.149999618530272,1.1662800312042236,12,True,False,False,False,True,True,False,False,True,False,True,True,False,True,False,True,False,0
2245,69.37999725341797,6.699999809265137,10.149999618530272,1.0161700248718262,12,True,False,False,False,True,True,False,True,False,False,True,True,False,False,True,True,False,1
2246,61.18000030517578,6.699999809265137,10.149999618530272,1.0161700248718262,16,False,True,False,False,True,True,False,True,False,False,True,True,False,False,True,True,False,1
2247,50.75,6.699999809265137,10.149999618530272,1.0161700248718262,12,False,True,False,False,True,True,False,True,False,False,True,True,False,True,False,True,False,1
2248,58.380001068115234,6.699999809265137,10.149999618530272,1.0161700248718262,12,False,True,False,False,True,True,False,True,False,False,True,True,False,False,True,True,False,1
2249,55.06999969482422,6.699999809265137,10.149999618530272,1.0161700248718262,12,False,True,False,False,True,True,False,True,False,True,False,True,False,False,True,True,False,1
2250,55.52000045776367,6.699999809265137,10.149999618530272,1.0161700248718262,12,False,True,False,False,True,True,False,True,False,False,True,True,False,False,True,True,False,1
2251,51.27000045776367,6.699999809265137,10.149999618530272,1.0161700248718262,16,True,False,False,False,True,True,False,True,False,False,True,True,False,False,True,True,False,1
2252,67.9800033569336,6.699999809265137,10.149999618530272,1.0161700248718262,16,False,True,False,False,True,True,False,True,False,False,True,True,False,False,True,True,False,1
2253,52.029998779296875,7.800000190734863,10.149999618530272,1.0161700248718262,16,True,False,False,False,True,False,True,False,True,False,True,True,False,False,True,True,False,1
2254,52.150001525878906,7.800000190734863,10.149999618530272,1.0161700248718262,12,False,True,False,False,True,True,False,True,False,False,True,True,False,False,True,True,False,1
2255,54.15999984741211,7.800000190734863,10.149999618530272,1.0161700248718262,15,False,True,False,False,True,True,False,True,False,False,True,True,False,False,True,True,False,1
2256,40.349998474121094,7.800000190734863,10.149999618530272,1.0161700248718262,12,False,True,False,False,True,True,False,True,False,False,True,True,False,False,True,True,False,1
2257,57.18000030517578,7.800000190734863,10.149999618530272,1.0161700248718262,17,False,True,False,False,True,True,False,True,False,False,True,True,False,False,True,True,False,1
2258,51.849998474121094,11.800000190734863,10.8100004196167,1.1258699893951416,14,False,True,False,True,False,True,False,True,False,False,True,False,True,False,True,True,False,0
2259,61.84000015258789,11.800000190734863,10.8100004196167,1.1258699893951416,12,True,False,False,True,False,True,False,True,False,False,True,False,True,False,True,True,False,0
2260,49.45000076293945,11.800000190734863,10.8100004196167,1.1258699893951416,16,True,False,False,False,True,True,False,True,False,False,True,False,True,False,True,True,False,0
2261,35.869998931884766,11.800000190734863,10.8100004196167,1.1258699893951416,12,False,True,True,False,False,True,False,True,False,False,True,False,True,True,False,True,False,0
2262,51.68000030517578,11.800000190734863,10.8100004196167,1.1258699893951416,16,False,True,False,True,False,True,False,True,False,False,True,False,True,False,True,True,False,0
2263,46.849998474121094,11.800000190734863,10.8100004196167,1.1258699893951416,16,True,False,True,False,False,True,False,True,False,False,True,False,True,True,False,True,False,0
2264,59.540000915527344,10.399999618530272,10.8100004196167,1.1258699893951416,12,False,True,False,False,True,True,False,True,False,False,True,True,False,False,True,True,False,1
2265,61.22999954223633,10.399999618530272,10.8100004196167,1.1258699893951416,12,False,True,False,False,True,True,False,False,True,False,True,True,False,True,False,True,False,1
2266,68.04000091552734,10.399999618530272,10.8100004196167,1.1258699893951416,16,True,False,False,False,True,False,True,True,False,False,True,True,False,True,False,True,False,1
2267,39.63999938964844,10.399999618530272,10.8100004196167,1.1258699893951416,12,True,False,False,False,True,True,False,True,False,False,True,True,False,False,True,True,False,1
2268,43.0099983215332,11.800000190734863,10.8100004196167,1.1258699893951416,13,True,False,True,False,False,True,False,True,False,False,True,False,True,False,True,True,False,0
2269,44.29999923706055,11.800000190734863,10.8100004196167,1.1258699893951416,12,True,False,False,True,False,True,False,True,False,False,True,False,True,False,True,True,False,0
2270,40.790000915527344,11.800000190734863,10.8100004196167,1.1258699893951416,13,True,False,True,False,False,True,False,True,False,False,True,False,True,False,True,True,False,0
2271,40.86000061035156,11.800000190734863,10.8100004196167,1.1258699893951416,13,False,True,True,False,False,True,False,True,False,False,True,False,True,False,True,True,False,0
2272,39.790000915527344,11.800000190734863,10.8100004196167,1.1258699893951416,12,False,True,True,False,False,True,False,True,False,False,True,False,True,False,True,True,False,0
2273,35.849998474121094,11.800000190734863,10.8100004196167,1.1258699893951416,12,True,False,True,False,False,True,False,True,False,True,False,False,True,True,False,True,False,0
2274,35.369998931884766,11.800000190734863,10.8100004196167,1.1258699893951416,12,True,False,True,False,False,True,False,True,False,False,True,False,True,False,True,True,False,0
2275,40.630001068115234,11.800000190734863,10.8100004196167,1.1258699893951416,12,True,False,True,False,False,True,False,True,False,False,True,False,True,False,True,True,False,0
2276,50.02000045776367,11.800000190734863,10.8100004196167,1.1258699893951416,12,True,False,True,False,False,True,False,True,False,False,True,False,True,False,True,True,False,0
2277,41.86000061035156,11.800000190734863,10.8100004196167,1.1258699893951416,14,True,False,True,False,False,True,False,True,False,False,True,False,True,False,True,True,False,0
2278,39.25,11.800000190734863,10.8100004196167,1.1258699893951416,12,True,False,True,False,False,True,False,True,False,False,True,False,True,False,True,True,False,0
2279,38.720001220703125,13.800000190734863,12.149999618530272,1.1662800312042236,13,True,False,True,False,False,True,False,True,False,False,True,False,True,False,True,True,False,0
2280,37.0099983215332,13.800000190734863,12.149999618530272,1.1662800312042236,16,True,False,True,False,False,True,False,True,False,False,True,False,True,True,False,True,False,0
2281,51.459999084472656,13.800000190734863,12.149999618530272,1.1662800312042236,12,True,False,True,False,False,True,False,True,False,False,True,False,True,False,True,True,False,0
2282,36.16999816894531,13.800000190734863,12.149999618530272,1.1662800312042236,12,True,False,True,False,False,True,False,True,False,False,True,False,True,False,True,True,False,0
2283,34.88999938964844,13.800000190734863,12.149999618530272,1.1662800312042236,12,True,False,False,False,True,True,False,True,False,False,True,False,True,True,False,True,False,0
2284,65.25,9.899999618530272,12.149999618530272,1.1662800312042236,17,False,True,False,False,True,False,True,False,True,False,True,True,False,False,True,True,False,0
2285,47.5,9.899999618530272,12.149999618530272,1.1662800312042236,13,False,True,True,False,False,False,True,False,True,False,True,True,False,True,False,True,False,0
2286,43.09000015258789,9.899999618530272,12.149999618530272,1.1662800312042236,14,True,False,False,False,True,False,True,True,False,False,True,True,False,True,False,True,False,0
2287,57.189998626708984,9.899999618530272,12.149999618530272,1.1662800312042236,12,True,False,False,False,True,True,False,True,False,False,True,True,False,False,True,True,False,0
2288,64.36000061035156,9.899999618530272,12.149999618530272,1.1662800312042236,16,False,True,False,False,True,False,True,False,True,False,True,True,False,True,False,True,False,0
2289,65.05000305175781,9.899999618530272,12.149999618530272,1.1662800312042236,16,False,True,False,False,True,False,True,True,False,False,True,True,False,False,True,True,False,0
2290,42.380001068115234,9.899999618530272,12.149999618530272,1.1662800312042236,12,True,False,False,False,True,False,True,True,False,False,True,True,False,False,True,True,False,0
2291,40.290000915527344,11.5,12.149999618530272,1.1662800312042236,12,True,False,False,False,True,True,False,True,False,False,True,False,True,False,True,True,False,1
2292,60.61000061035156,11.5,12.149999618530272,1.1662800312042236,16,False,True,False,False,True,False,True,False,True,False,True,False,True,True,False,True,False,1
2293,45.9900016784668,11.5,12.149999618530272,1.1662800312042236,13,True,False,False,False,True,True,False,False,True,False,True,False,True,False,True,True,False,1
2294,62.33000183105469,11.5,12.149999618530272,1.1662800312042236,13,True,False,True,False,False,True,False,True,False,False,True,False,True,False,True,True,False,1
2295,59.41999816894531,11.5,12.149999618530272,1.1662800312042236,16,False,True,False,False,True,True,False,True,False,False,True,False,True,True,False,True,False,1
2296,50.25,11.5,12.149999618530272,1.1662800312042236,13,False,True,False,False,True,True,False,True,False,False,True,False,True,True,False,True,False,1
2297,42.61000061035156,11.5,12.149999618530272,1.1662800312042236,13,True,False,True,False,False,True,False,True,False,False,True,False,True,False,True,True,False,1
2298,44.9900016784668,13.0,12.149999618530272,1.1662800312042236,14,True,False,False,False,True,True,False,True,False,False,True,True,False,False,True,True,False,0
2299,49.290000915527344,13.0,12.149999618530272,1.1662800312042236,12,True,False,False,False,True,False,True,True,False,False,True,True,False,False,True,True,False,0
2300,53.310001373291016,13.0,12.149999618530272,1.1662800312042236,13,False,True,False,False,True,True,False,True,False,False,True,True,False,False,True,True,False,0
2301,55.36000061035156,13.0,12.149999618530272,1.1662800312042236,14,True,False,False,False,True,True,False,False,True,False,True,True,False,True,False,True,False,0
2302,58.099998474121094,13.0,12.149999618530272,1.1662800312042236,13,False,True,False,False,True,True,False,True,False,False,True,True,False,True,False,True,False,0
2303,49.27000045776367,13.0,12.149999618530272,1.1662800312042236,16,False,True,False,False,True,False,True,True,False,False,True,True,False,True,False,True,False,0
2304,54.2599983215332,13.0,12.149999618530272,1.1662800312042236,12,True,False,False,False,True,True,False,True,False,False,True,True,False,False,True,True,False,0
2305,43.04999923706055,7.699999809265137,10.8100004196167,1.1258699893951416,12,True,False,True,False,False,True,False,True,False,False,True,False,True,False,True,True,False,0
2306,49.869998931884766,7.699999809265137,10.8100004196167,1.1258699893951416,12,True,False,False,False,True,True,False,True,False,False,True,False,True,True,False,True,False,0
2307,48.849998474121094,7.699999809265137,10.8100004196167,1.1258699893951416,12,True,False,False,False,True,True,False,True,False,False,True,False,True,False,True,True,False,0
2308,37.150001525878906,7.699999809265137,10.8100004196167,1.1258699893951416,12,True,False,True,False,False,True,False,True,False,True,False,False,True,False,True,True,False,0
2309,53.189998626708984,7.699999809265137,10.8100004196167,1.1258699893951416,14,True,False,False,False,True,True,False,True,False,False,True,False,True,True,False,True,False,0
2310,66.83999633789062,10.300000190734863,10.8100004196167,1.1258699893951416,17,True,False,False,False,True,False,True,False,True,False,True,True,False,True,False,True,False,1
2311,57.90999984741211,10.300000190734863,10.8100004196167,1.1258699893951416,13,True,False,False,False,True,True,False,True,False,True,False,True,False,False,True,True,False,1
2312,54.97999954223633,10.300000190734863,10.8100004196167,1.1258699893951416,12,True,False,False,False,True,True,False,True,False,False,True,True,False,False,True,True,False,1
2313,39.54999923706055,10.300000190734863,10.8100004196167,1.1258699893951416,12,True,False,False,False,True,True,False,True,False,True,False,True,False,False,True,True,False,1
2314,57.0,10.300000190734863,10.8100004196167,1.1258699893951416,15,True,False,False,False,True,True,False,False,True,False,True,True,False,False,True,True,False,1
2315,51.810001373291016,8.399999618530273,10.8100004196167,1.1258699893951416,16,True,False,False,False,True,False,True,True,False,False,True,True,False,True,False,True,False,1
2316,39.75,8.399999618530273,10.8100004196167,1.1258699893951416,12,False,True,False,False,True,True,False,True,False,False,True,True,False,False,True,True,False,1
2317,47.5099983215332,8.399999618530273,10.8100004196167,1.1258699893951416,12,True,False,False,True,False,True,False,True,False,False,True,True,False,True,False,True,False,1
2318,61.40999984741211,8.399999618530273,10.8100004196167,1.1258699893951416,12,False,True,False,False,True,True,False,True,False,True,False,True,False,False,True,True,False,1
2319,64.80999755859375,8.399999618530273,10.8100004196167,1.1258699893951416,16,False,True,False,True,False,True,False,True,False,False,True,True,False,False,True,True,False,1
2320,57.439998626708984,8.399999618530273,10.8100004196167,1.1258699893951416,15,True,False,False,False,True,True,False,True,False,False,True,True,False,True,False,True,False,1
2321,63.43000030517578,8.399999618530273,10.8100004196167,1.1258699893951416,12,True,False,False,False,True,True,False,True,False,False,True,True,False,False,True,True,False,1
2322,49.689998626708984,8.399999618530273,10.8100004196167,1.1258699893951416,12,True,False,False,False,True,False,True,True,False,False,True,True,False,False,True,True,False,1
2323,55.290000915527344,12.0,12.149999618530272,1.1662800312042236,16,True,False,False,False,True,False,True,False,True,False,True,True,False,False,True,True,False,0
2324,52.22999954223633,12.0,12.149999618530272,1.1662800312042236,12,True,False,False,False,True,True,False,True,False,False,True,True,False,False,True,True,False,0
2325,63.27000045776367,12.0,12.149999618530272,1.1662800312042236,18,True,False,False,False,True,False,True,False,True,False,True,True,False,True,False,True,False,0
2326,44.59000015258789,12.0,12.149999618530272,1.1662800312042236,12,False,True,False,False,True,True,False,True,False,False,True,True,False,False,True,True,False,0
2327,53.22999954223633,12.0,12.149999618530272,1.1662800312042236,15,False,True,False,False,True,False,True,False,True,False,True,True,False,True,False,True,False,0
2328,46.84000015258789,12.0,12.149999618530272,1.1662800312042236,13,True,False,False,False,True,True,False,True,False,False,True,True,False,False,True,True,False,0
2329,57.34000015258789,12.0,12.149999618530272,1.1662800312042236,15,True,False,False,False,True,False,True,False,True,False,True,True,False,False,True,True,False,0
2330,64.87999725341797,12.0,12.149999618530272,1.1662800312042236,13,True,False,False,False,True,True,False,True,False,False,True,True,False,False,True,True,False,0
2331,40.709999084472656,12.0,12.149999618530272,1.1662800312042236,12,True,False,False,True,False,True,False,True,False,True,False,True,False,False,True,True,False,0
2332,46.90999984741211,12.0,12.149999618530272,1.1662800312042236,12,False,True,False,True,False,True,False,True,False,False,True,True,False,True,False,True,False,0
2333,35.209999084472656,12.0,12.149999618530272,1.1662800312042236,12,False,True,False,False,True,True,False,True,False,False,True,True,False,False,True,True,False,0
2334,42.63999938964844,11.800000190734863,10.8100004196167,1.1258699893951416,13,False,True,True,False,False,True,False,True,False,False,True,True,False,False,True,True,False,0
2335,38.06999969482422,11.800000190734863,10.8100004196167,1.1258699893951416,13,False,True,True,False,False,True,False,True,False,False,True,True,False,False,True,True,False,0
2336,53.349998474121094,11.800000190734863,10.8100004196167,1.1258699893951416,18,False,True,False,False,True,False,True,False,True,False,True,True,False,False,True,True,False,0
2337,55.060001373291016,11.800000190734863,10.8100004196167,1.1258699893951416,17,True,False,False,False,True,False,True,False,True,False,True,True,False,True,False,True,False,0
2338,37.810001373291016,11.800000190734863,10.8100004196167,1.1258699893951416,13,False,True,False,False,True,True,False,True,False,False,True,True,False,False,True,True,False,0
2339,51.90999984741211,11.800000190734863,10.8100004196167,1.1258699893951416,15,False,True,False,True,False,True,False,True,False,True,False,True,False,False,True,True,False,0
2340,60.9900016784668,11.800000190734863,10.8100004196167,1.1258699893951416,12,False,True,False,False,True,True,False,True,False,False,True,True,False,False,True,True,False,0
2341,59.79999923706055,6.300000190734863,10.149999618530272,1.0161700248718262,12,True,False,False,False,True,True,False,True,False,False,True,False,True,False,True,True,False,0
2342,60.4900016784668,6.300000190734863,10.149999618530272,1.0161700248718262,17,False,True,False,False,True,True,False,True,False,False,True,False,True,False,True,True,False,0
2343,60.68000030517578,6.300000190734863,10.149999618530272,1.0161700248718262,12,False,True,False,False,True,True,False,True,False,False,True,False,True,False,True,True,False,0
2344,52.7599983215332,6.300000190734863,10.149999618530272,1.0161700248718262,12,False,True,False,False,True,True,False,True,False,False,True,False,True,True,False,True,False,0
2345,39.2400016784668,6.300000190734863,10.149999618530272,1.0161700248718262,12,True,False,True,False,False,False,True,False,True,False,True,False,True,False,True,True,False,0
2346,40.58000183105469,6.300000190734863,10.149999618530272,1.0161700248718262,13,False,True,False,True,False,True,False,True,False,False,True,False,True,False,True,True,False,0
2347,39.380001068115234,6.300000190734863,10.149999618530272,1.0161700248718262,12,False,True,True,False,False,True,False,True,False,False,True,False,True,False,True,True,False,0
2348,51.95000076293945,6.300000190734863,10.149999618530272,1.0161700248718262,12,True,False,False,False,True,True,False,True,False,False,True,False,True,False,True,True,False,0
2349,51.630001068115234,11.399999618530272,10.8100004196167,1.1258699893951416,12,True,False,False,False,True,True,False,True,False,False,True,True,False,False,True,True,False,1
2350,67.01000213623047,11.399999618530272,10.8100004196167,1.1258699893951416,17,False,True,False,False,True,False,True,True,False,False,True,True,False,True,False,True,False,1
2351,53.869998931884766,11.399999618530272,10.8100004196167,1.1258699893951416,12,True,False,False,False,True,True,False,True,False,False,True,True,False,False,True,True,False,1
2352,58.290000915527344,11.399999618530272,10.8100004196167,1.1258699893951416,15,False,True,False,False,True,True,False,True,False,True,False,True,False,False,True,True,False,1
2353,45.2599983215332,11.399999618530272,10.8100004196167,1.1258699893951416,12,True,False,False,False,True,True,False,True,False,False,True,True,False,False,True,True,False,1
2354,51.099998474121094,8.899999618530273,12.149999618530272,1.1662800312042236,12,False,True,False,False,True,True,False,True,False,False,True,True,False,True,False,True,False,1
2355,47.880001068115234,8.899999618530273,12.149999618530272,1.1662800312042236,12,False,True,False,False,True,True,False,True,False,False,True,True,False,False,True,True,False,1
2356,61.349998474121094,8.899999618530273,12.149999618530272,1.1662800312042236,12,True,False,False,False,True,False,True,True,False,False,True,True,False,False,True,True,False,1
2357,54.939998626708984,8.899999618530273,12.149999618530272,1.1662800312042236,12,False,True,False,True,False,True,False,True,False,False,True,True,False,False,True,True,False,1
2358,54.90999984741211,8.899999618530273,12.149999618530272,1.1662800312042236,13,False,True,False,True,False,True,False,True,False,False,True,True,False,True,False,True,False,1
2359,56.52000045776367,8.899999618530273,12.149999618530272,1.1662800312042236,13,True,False,False,False,True,True,False,True,False,False,True,True,False,False,True,True,False,1
2360,58.91999816894531,11.100000381469728,12.149999618530272,1.1662800312042236,16,False,True,False,False,True,True,False,True,False,False,True,True,False,False,True,True,False,0
2361,38.68000030517578,11.100000381469728,12.149999618530272,1.1662800312042236,12,False,True,False,False,True,True,False,True,False,False,True,True,False,False,True,True,False,0
2362,51.650001525878906,11.100000381469728,12.149999618530272,1.1662800312042236,13,False,True,False,False,True,True,False,True,False,False,True,True,False,True,False,True,False,0
2363,38.93000030517578,9.699999809265137,10.279999732971191,0.9318699836730956,12,True,False,False,False,True,True,False,True,False,False,True,False,True,False,True,True,False,0
2364,42.779998779296875,9.699999809265137,10.279999732971191,0.9318699836730956,13,False,True,False,False,True,True,False,True,False,False,True,False,True,False,True,True,False,0
2365,34.45000076293945,9.699999809265137,10.279999732971191,0.9318699836730956,12,False,True,False,False,True,True,False,True,False,False,True,False,True,False,True,True,False,0
2366,68.80000305175781,6.900000095367432,10.279999732971191,0.9318699836730956,16,False,True,False,False,True,True,False,False,True,False,True,True,False,True,False,True,False,0
2367,57.369998931884766,6.900000095367432,10.279999732971191,0.9318699836730956,16,True,False,False,False,True,False,True,False,True,False,True,True,False,True,False,True,False,0
2368,65.05000305175781,6.900000095367432,10.279999732971191,0.9318699836730956,16,True,False,False,False,True,False,True,False,True,False,True,True,False,True,False,True,False,0
2369,62.65999984741211,6.900000095367432,10.279999732971191,0.9318699836730956,17,False,True,False,False,True,True,False,True,False,False,True,True,False,False,True,True,False,0
2370,63.95000076293945,6.900000095367432,10.279999732971191,0.9318699836730956,16,False,True,False,False,True,False,True,False,True,False,True,True,False,True,False,True,False,0
2371,50.66999816894531,6.900000095367432,10.279999732971191,0.9318699836730956,12,True,False,False,False,True,True,False,True,False,True,False,True,False,True,False,True,False,0
2372,40.849998474121094,6.900000095367432,10.279999732971191,0.9318699836730956,12,False,True,False,True,False,True,False,True,False,True,False,True,False,False,True,True,False,0
2373,56.47999954223633,6.900000095367432,10.279999732971191,0.9318699836730956,16,False,True,False,False,True,True,False,True,False,True,False,True,False,False,True,True,False,0
2374,54.540000915527344,6.900000095367432,10.279999732971191,0.9318699836730956,17,False,True,False,False,True,False,True,False,True,False,True,True,False,True,False,True,False,0
2375,54.11000061035156,6.900000095367432,10.279999732971191,0.9318699836730956,15,False,True,False,False,True,False,True,True,False,False,True,True,False,True,False,True,False,0
2376,68.72000122070312,6.900000095367432,10.279999732971191,0.9318699836730956,17,True,False,False,False,True,False,True,False,True,False,True,True,False,True,False,True,False,0
2377,62.380001068115234,8.0,10.279999732971191,0.9318699836730956,16,False,True,False,False,True,False,True,False,True,False,True,True,False,True,False,True,False,0
2378,55.79999923706055,8.0,10.279999732971191,0.9318699836730956,17,False,True,False,False,True,False,True,True,False,False,True,True,False,True,False,True,False,0
2379,36.20000076293945,7.300000190734863,10.279999732971191,0.9318699836730956,12,True,False,True,False,False,True,False,True,False,True,False,False,True,False,True,True,False,1
2380,32.47999954223633,7.300000190734863,10.279999732971191,0.9318699836730956,12,True,False,True,False,False,True,False,True,False,True,False,False,True,False,True,True,False,1
2381,41.720001220703125,7.300000190734863,10.279999732971191,0.9318699836730956,16,True,False,True,False,False,True,False,True,False,False,True,False,True,False,True,True,False,1
2382,46.9900016784668,7.300000190734863,10.279999732971191,0.9318699836730956,12,False,True,False,False,True,True,False,True,False,False,True,False,True,True,False,True,False,1
2383,58.939998626708984,7.300000190734863,10.279999732971191,0.9318699836730956,14,True,False,False,False,True,False,True,True,False,False,True,False,True,False,True,True,False,1
2384,42.439998626708984,5.5,10.279999732971191,0.9318699836730956,12,False,True,False,True,False,True,False,True,False,False,True,True,False,False,True,True,False,0
2385,62.59000015258789,8.0,10.279999732971191,0.9318699836730956,17,False,True,False,False,True,True,False,True,False,True,False,True,False,False,True,True,False,1
2386,57.86000061035156,5.5,10.279999732971191,0.9318699836730956,16,True,False,False,False,True,True,False,True,False,False,True,True,False,True,False,True,False,0
2387,66.38999938964844,5.5,10.279999732971191,0.9318699836730956,16,False,True,False,False,True,True,False,True,False,False,True,True,False,False,True,True,False,0
2388,64.2300033569336,5.5,10.279999732971191,0.9318699836730956,16,False,True,False,False,True,True,False,True,False,False,True,True,False,False,True,True,False,0
2389,54.849998474121094,5.5,10.279999732971191,0.9318699836730956,16,False,True,False,False,True,True,False,True,False,False,True,True,False,False,True,True,False,0
2390,62.060001373291016,5.5,10.279999732971191,0.9318699836730956,12,False,True,False,False,True,True,False,True,False,False,True,True,False,False,True,True,False,0
2391,57.380001068115234,8.0,10.279999732971191,0.9318699836730956,17,True,False,False,True,False,False,True,True,False,False,True,True,False,True,False,True,False,1
2392,57.9900016784668,8.0,10.279999732971191,0.9318699836730956,12,True,False,False,False,True,True,False,True,False,False,True,True,False,True,False,True,False,1
2393,59.130001068115234,6.099999904632568,10.279999732971191,0.9318699836730956,17,True,False,True,False,False,False,True,False,True,False,True,False,True,True,False,True,False,0
2394,55.279998779296875,6.099999904632568,10.279999732971191,0.9318699836730956,16,True,False,False,False,True,True,False,True,False,False,True,False,True,True,False,True,False,0
2395,62.869998931884766,6.099999904632568,10.279999732971191,0.9318699836730956,13,False,True,False,False,True,False,True,False,True,False,True,False,True,True,False,True,False,0
2396,47.18000030517578,6.099999904632568,10.279999732971191,0.9318699836730956,12,True,False,False,False,True,True,False,True,False,True,False,False,True,False,True,True,False,0
2397,54.43000030517578,6.099999904632568,10.279999732971191,0.9318699836730956,15,True,False,False,False,True,False,True,True,False,False,True,False,True,True,False,True,False,0
2398,67.04000091552734,6.099999904632568,10.279999732971191,0.9318699836730956,12,False,True,False,False,True,False,True,False,True,False,True,False,True,True,False,True,False,0
2399,54.04999923706055,6.099999904632568,10.279999732971191,0.9318699836730956,13,False,True,True,False,False,True,False,True,False,False,True,False,True,False,True,True,False,0
2400,56.119998931884766,7.900000095367432,10.279999732971191,0.9318699836730956,14,True,False,False,False,True,False,True,False,True,False,True,True,False,False,True,True,False,0
2401,61.099998474121094,7.900000095367432,10.279999732971191,0.9318699836730956,13,False,True,False,False,True,False,True,True,False,False,True,True,False,True,False,True,False,0
2402,56.75,7.900000095367432,10.279999732971191,0.9318699836730956,14,False,True,False,False,True,True,False,True,False,False,True,True,False,False,True,True,False,0
2403,57.810001373291016,7.900000095367432,10.279999732971191,0.9318699836730956,12,True,False,False,False,True,True,False,False,True,False,True,True,False,False,True,True,False,0
2404,39.959999084472656,7.900000095367432,10.279999732971191,0.9318699836730956,15,False,True,False,False,True,True,False,True,False,False,True,True,False,False,True,True,False,0
2405,46.41999816894531,7.900000095367432,10.279999732971191,0.9318699836730956,16,True,False,False,True,False,True,False,True,False,False,True,True,False,False,True,True,False,0
2406,57.16999816894531,7.900000095367432,10.279999732971191,0.9318699836730956,17,False,True,False,False,True,True,False,True,False,False,True,True,False,False,True,True,False,0
2407,60.11000061035156,5.5,10.279999732971191,0.9318699836730956,16,False,True,False,False,True,False,True,False,True,False,True,True,False,True,False,True,False,0
2408,55.65999984741211,5.5,10.279999732971191,0.9318699836730956,12,False,True,True,False,False,True,False,False,True,False,True,True,False,True,False,True,False,0
2409,67.45999908447266,5.5,10.279999732971191,0.9318699836730956,16,True,False,False,False,True,True,False,True,False,True,False,True,False,False,True,True,False,0
2410,36.70000076293945,8.0,10.279999732971191,0.9318699836730956,12,True,False,True,False,False,True,False,True,False,False,True,True,False,False,True,True,False,0
2411,50.689998626708984,8.0,10.279999732971191,0.9318699836730956,13,False,True,False,True,False,True,False,True,False,True,False,True,False,False,True,True,False,0
2412,51.880001068115234,8.699999809265137,10.279999732971191,0.9318699836730956,13,False,True,False,False,True,True,False,True,False,False,True,True,False,False,True,True,False,0
2413,58.13999938964844,8.699999809265137,10.279999732971191,0.9318699836730956,16,False,True,False,False,True,False,True,True,False,False,True,True,False,False,True,True,False,0
2414,55.36000061035156,8.699999809265137,10.279999732971191,0.9318699836730956,16,False,True,False,False,True,True,False,True,False,False,True,True,False,False,True,True,False,0
2415,40.81999969482422,8.699999809265137,10.279999732971191,0.9318699836730956,14,False,True,True,False,False,True,False,False,True,False,True,True,False,False,True,True,False,0
2416,46.97999954223633,8.699999809265137,10.279999732971191,0.9318699836730956,12,True,False,False,False,True,True,False,True,False,False,True,True,False,False,True,True,False,0
2417,37.720001220703125,7.699999809265137,10.279999732971191,0.9318699836730956,12,True,False,False,False,True,True,False,True,False,False,True,True,False,False,True,True,False,1
2418,56.58000183105469,7.699999809265137,10.279999732971191,0.9318699836730956,16,False,True,False,False,True,False,True,True,False,False,True,True,False,False,True,True,False,1
2419,32.27000045776367,7.699999809265137,10.279999732971191,0.9318699836730956,13,True,False,False,False,True,True,False,True,False,False,True,True,False,False,True,True,False,1
2420,44.900001525878906,7.699999809265137,10.279999732971191,0.9318699836730956,16,True,False,False,False,True,True,False,True,False,False,True,True,False,False,True,True,False,1
2421,50.16999816894531,6.900000095367432,10.279999732971191,0.9318699836730956,16,True,False,False,True,False,True,False,True,False,False,True,True,False,False,True,True,False,1
2422,63.0099983215332,6.900000095367432,10.279999732971191,0.9318699836730956,16,True,False,False,True,False,False,True,False,True,True,False,True,False,False,True,True,False,1
2423,47.439998626708984,6.900000095367432,10.279999732971191,0.9318699836730956,13,True,False,False,False,True,True,False,False,True,False,True,True,False,True,False,True,False,1
2424,50.06999969482422,6.900000095367432,10.279999732971191,0.9318699836730956,12,False,True,False,False,True,True,False,True,False,False,True,True,False,False,True,True,False,1
2425,62.93000030517578,6.900000095367432,10.279999732971191,0.9318699836730956,16,True,False,False,False,True,True,False,True,False,False,True,True,False,False,True,True,False,1
2426,43.70000076293945,8.699999809265137,10.279999732971191,0.9318699836730956,12,True,False,False,False,True,False,True,False,True,False,True,True,False,False,True,True,False,1
2427,60.29999923706055,8.699999809265137,10.279999732971191,0.9318699836730956,15,True,False,False,False,True,True,False,True,False,False,True,True,False,True,False,True,False,1
2428,54.349998474121094,8.699999809265137,10.279999732971191,0.9318699836730956,12,False,True,False,False,True,True,False,True,False,False,True,True,False,False,True,True,False,1
2429,63.369998931884766,10.899999618530272,10.279999732971191,0.9318699836730956,15,True,False,False,False,True,True,False,True,False,False,True,True,False,False,True,True,False,1
2430,56.560001373291016,10.899999618530272,10.279999732971191,0.9318699836730956,15,True,False,False,False,True,True,False,True,False,True,False,True,False,True,False,True,False,1
2431,55.16999816894531,10.899999618530272,10.279999732971191,0.9318699836730956,12,True,False,False,False,True,True,False,True,False,False,True,True,False,False,True,True,False,1
2432,56.7400016784668,8.0,10.279999732971191,0.9318699836730956,16,False,True,True,False,False,True,False,True,False,True,False,True,False,True,False,True,False,0
2433,57.880001068115234,8.0,10.279999732971191,0.9318699836730956,16,True,False,False,False,True,False,True,False,True,False,True,True,False,True,False,True,False,0
2434,56.34000015258789,8.0,10.279999732971191,0.9318699836730956,16,True,False,False,False,True,False,True,True,False,False,True,True,False,False,True,True,False,0
2435,52.029998779296875,8.0,10.279999732971191,0.9318699836730956,15,True,False,False,False,True,False,True,False,True,True,False,True,False,True,False,True,False,0
2436,58.650001525878906,8.0,10.279999732971191,0.9318699836730956,16,True,False,False,False,True,False,True,False,True,False,True,True,False,True,False,True,False,0
2437,49.93000030517578,6.900000095367432,10.279999732971191,0.9318699836730956,12,False,True,False,False,True,True,False,True,False,False,True,True,False,False,True,True,False,0
2438,55.20000076293945,6.900000095367432,10.279999732971191,0.9318699836730956,13,False,True,False,False,True,True,False,True,False,False,True,True,False,False,True,True,False,0
2439,40.56999969482422,6.900000095367432,10.279999732971191,0.9318699836730956,12,False,True,False,False,True,True,False,True,False,True,False,True,False,True,False,True,False,0
2440,41.22999954223633,6.900000095367432,10.279999732971191,0.9318699836730956,15,True,False,False,False,True,False,True,True,False,False,True,True,False,False,True,True,False,0
2441,52.349998474121094,6.900000095367432,10.279999732971191,0.9318699836730956,16,False,True,False,False,True,False,True,False,True,False,True,True,False,True,False,True,False,0
2442,67.26000213623047,14.100000381469728,10.279999732971191,0.9318699836730956,16,False,True,False,False,True,True,False,False,True,False,True,True,False,True,False,True,False,1
2443,59.2599983215332,14.100000381469728,10.279999732971191,0.9318699836730956,16,False,True,False,False,True,True,False,True,False,False,True,True,False,True,False,True,False,1
2444,48.33000183105469,10.0,10.279999732971191,0.9318699836730956,12,False,True,False,False,True,False,True,True,False,False,True,True,False,True,False,True,False,1
2445,51.40999984741211,10.0,10.279999732971191,0.9318699836730956,12,True,False,False,False,True,True,False,True,False,False,True,True,False,False,True,True,False,1
2446,57.720001220703125,10.0,10.279999732971191,0.9318699836730956,16,False,True,False,False,True,True,False,True,False,False,True,True,False,False,True,True,False,1
2447,68.72000122070312,10.0,10.279999732971191,0.9318699836730956,16,False,True,False,False,True,False,True,False,True,True,False,True,False,False,True,True,False,1
2448,46.2599983215332,10.0,10.279999732971191,0.9318699836730956,13,True,False,False,False,True,True,False,True,False,False,True,True,False,False,True,True,False,1
2449,38.47999954223633,10.0,10.279999732971191,0.9318699836730956,12,False,True,True,False,False,True,False,True,False,True,False,True,False,True,False,True,False,1
2450,42.91999816894531,10.0,10.279999732971191,0.9318699836730956,12,True,False,True,False,False,True,False,True,False,False,True,True,False,False,True,True,False,1
2451,59.34000015258789,10.0,10.279999732971191,0.9318699836730956,12,False,True,False,False,True,True,False,True,False,False,True,True,False,False,True,True,False,1
2452,52.79999923706055,10.0,10.279999732971191,0.9318699836730956,13,True,False,False,False,True,True,False,True,False,False,True,True,False,False,True,True,False,1
2453,47.959999084472656,10.0,10.279999732971191,0.9318699836730956,12,False,True,False,False,True,True,False,True,False,False,True,True,False,False,True,True,False,1
2454,41.220001220703125,10.0,10.279999732971191,0.9318699836730956,12,False,True,False,False,True,True,False,True,False,False,True,True,False,False,True,True,False,1
2455,53.970001220703125,11.199999809265137,10.279999732971191,0.9318699836730956,14,False,True,False,False,True,True,False,True,False,False,True,True,False,False,True,True,False,1
2456,49.630001068115234,11.199999809265137,10.279999732971191,0.9318699836730956,16,False,True,False,False,True,True,False,True,False,False,True,True,False,False,True,True,False,1
2457,59.939998626708984,8.0,10.279999732971191,0.9318699836730956,13,True,False,False,True,False,True,False,True,False,False,True,False,True,False,True,True,False,0
2458,53.27000045776367,8.0,10.279999732971191,0.9318699836730956,12,False,True,False,False,True,False,True,False,True,False,True,False,True,False,True,True,False,0
2459,63.849998474121094,8.0,10.279999732971191,0.9318699836730956,12,False,True,False,False,True,True,False,True,False,True,False,False,True,False,True,True,False,0
2460,63.25,8.0,10.279999732971191,0.9318699836730956,13,False,True,False,False,True,True,False,True,False,True,False,False,True,False,True,True,False,0
2461,61.970001220703125,8.0,10.279999732971191,0.9318699836730956,17,False,True,False,False,True,True,False,True,False,False,True,False,True,True,False,True,False,0
2462,38.04999923706055,9.399999618530272,10.279999732971191,0.9318699836730956,12,True,False,False,False,True,True,False,True,False,False,True,True,False,False,True,True,False,1
2463,62.36000061035156,9.399999618530272,10.279999732971191,0.9318699836730956,16,False,True,False,False,True,True,False,False,True,False,True,True,False,False,True,True,False,1
2464,42.90999984741211,9.399999618530272,10.279999732971191,0.9318699836730956,12,False,True,False,False,True,True,False,True,False,False,True,True,False,False,True,True,False,1
2465,64.11000061035156,8.199999809265137,10.279999732971191,0.9318699836730956,16,False,True,False,False,True,False,True,True,False,False,True,True,False,False,True,True,False,1
2466,49.709999084472656,8.199999809265137,10.279999732971191,0.9318699836730956,13,True,False,False,False,True,True,False,True,False,False,True,True,False,False,True,True,False,1
2467,47.22999954223633,8.199999809265137,10.279999732971191,0.9318699836730956,15,True,False,False,False,True,True,False,True,False,False,True,True,False,False,True,True,False,1
2468,47.599998474121094,7.300000190734863,10.279999732971191,0.9318699836730956,12,True,False,False,False,True,True,False,True,False,False,True,True,False,False,True,True,False,0
2469,65.38999938964844,7.300000190734863,10.279999732971191,0.9318699836730956,17,False,True,False,False,True,True,False,True,False,False,True,True,False,False,True,True,False,0
2470,66.16999816894531,7.300000190734863,10.279999732971191,0.9318699836730956,12,False,True,False,False,True,True,False,True,False,False,True,True,False,False,True,True,False,0
2471,63.88999938964844,6.900000095367432,10.279999732971191,0.9318699836730956,12,True,False,False,False,True,True,False,True,False,False,True,True,False,False,True,True,False,1
2472,41.04999923706055,6.900000095367432,10.279999732971191,0.9318699836730956,12,False,True,False,False,True,True,False,True,False,False,True,True,False,False,True,True,False,1
2473,55.220001220703125,6.900000095367432,10.279999732971191,0.9318699836730956,12,True,False,False,False,True,True,False,True,False,True,False,True,False,False,True,True,False,1
2474,57.689998626708984,6.900000095367432,10.279999732971191,0.9318699836730956,14,True,False,False,False,True,True,False,True,False,False,True,True,False,False,True,True,False,1
2475,49.36000061035156,8.399999618530273,10.279999732971191,0.9318699836730956,12,False,True,False,False,True,True,False,True,False,False,True,True,False,True,False,True,False,1
2476,45.02000045776367,8.399999618530273,10.279999732971191,0.9318699836730956,13,True,False,False,False,True,True,False,True,False,False,True,True,False,False,True,True,False,1
2477,44.040000915527344,8.399999618530273,10.279999732971191,0.9318699836730956,12,True,False,False,False,True,True,False,True,False,False,True,True,False,False,True,True,False,1
2478,53.369998931884766,10.699999809265137,10.279999732971191,0.9318699836730956,14,False,True,False,False,True,True,False,False,True,False,True,True,False,True,False,True,False,1
2479,41.689998626708984,10.699999809265137,10.279999732971191,0.9318699836730956,13,True,False,False,False,True,True,False,True,False,False,True,True,False,False,True,True,False,1
2480,39.650001525878906,10.699999809265137,10.279999732971191,0.9318699836730956,12,True,False,False,False,True,True,False,True,False,False,True,True,False,False,True,True,False,1
2481,48.959999084472656,10.699999809265137,10.279999732971191,0.9318699836730956,17,True,False,False,False,True,True,False,True,False,False,True,True,False,False,True,True,False,1
2482,45.400001525878906,8.300000190734863,10.279999732971191,0.9318699836730956,13,False,True,False,False,True,True,False,True,False,False,True,True,False,False,True,True,False,1
2483,52.720001220703125,8.300000190734863,10.279999732971191,0.9318699836730956,15,True,False,False,False,True,True,False,True,False,False,True,True,False,False,True,True,False,1
2484,48.40999984741211,8.300000190734863,10.279999732971191,0.9318699836730956,12,True,False,False,False,True,True,False,True,False,False,True,True,False,False,True,True,False,1
2485,51.099998474121094,8.300000190734863,10.279999732971191,0.9318699836730956,14,True,False,False,False,True,True,False,True,False,False,True,True,False,False,True,True,False,1
2486,40.68000030517578,8.300000190734863,10.279999732971191,0.9318699836730956,12,True,False,False,False,True,True,False,True,False,False,True,True,False,False,True,True,False,1
2487,50.470001220703125,8.0,10.279999732971191,0.9318699836730956,13,False,True,True,False,False,True,False,True,False,False,True,True,False,True,False,True,False,1
2488,54.400001525878906,8.0,10.279999732971191,0.9318699836730956,16,False,True,False,False,True,True,False,True,False,False,True,True,False,False,True,True,False,1
2489,44.959999084472656,8.0,10.279999732971191,0.9318699836730956,12,False,True,False,True,False,True,False,True,False,True,False,True,False,False,True,True,False,1
2490,56.220001220703125,8.0,10.279999732971191,0.9318699836730956,16,True,False,False,False,True,True,False,True,False,False,True,False,True,False,True,True,False,0
2491,50.75,8.0,10.279999732971191,0.9318699836730956,15,False,True,False,False,True,True,False,True,False,False,True,False,True,False,True,True,False,0
2492,48.22999954223633,8.0,10.279999732971191,0.9318699836730956,16,True,False,True,False,False,True,False,True,False,True,False,False,True,False,True,True,False,0
2493,41.810001373291016,8.0,10.279999732971191,0.9318699836730956,12,True,False,True,False,False,True,False,True,False,False,True,False,True,False,True,True,False,0
2494,52.09000015258789,8.0,10.279999732971191,0.9318699836730956,13,True,False,False,False,True,True,False,True,False,False,True,False,True,False,True,True,False,0
2495,40.4900016784668,8.0,10.279999732971191,0.9318699836730956,14,True,False,True,False,False,True,False,True,False,False,True,False,True,False,True,True,False,0
2496,34.939998626708984,8.0,10.279999732971191,0.9318699836730956,12,True,False,True,False,False,True,False,True,False,True,False,False,True,False,True,True,False,0
2497,66.73999786376953,9.699999809265137,10.279999732971191,0.9318699836730956,15,False,True,False,False,True,False,True,True,False,False,True,False,True,False,True,True,False,0
2498,53.470001220703125,9.699999809265137,10.279999732971191,0.9318699836730956,12,True,False,False,False,True,True,False,True,False,False,True,False,True,False,True,True,False,0
2499,56.380001068115234,9.699999809265137,10.279999732971191,0.9318699836730956,16,False,True,False,False,True,False,True,True,False,False,True,False,True,False,True,True,False,0
2500,37.54999923706055,8.0,10.279999732971191,0.9318699836730956,12,True,False,True,False,False,True,False,True,False,False,True,False,True,False,True,True,False,0
2501,51.369998931884766,8.0,10.279999732971191,0.9318699836730956,15,False,True,True,False,False,True,False,True,False,False,True,False,True,False,True,True,False,0
2502,38.54999923706055,8.0,10.279999732971191,0.9318699836730956,12,False,True,True,False,False,True,False,True,False,False,True,False,True,True,False,True,False,0
2503,36.959999084472656,8.0,10.279999732971191,0.9318699836730956,13,True,False,True,False,False,True,False,True,False,False,True,False,True,False,True,True,False,0
2504,43.63999938964844,8.0,10.279999732971191,0.9318699836730956,12,False,True,False,False,True,False,True,False,True,True,False,False,True,False,True,True,False,0
2505,37.0,8.0,10.279999732971191,0.9318699836730956,12,True,False,False,True,False,True,False,True,False,True,False,False,True,False,True,True,False,0
2506,49.27000045776367,8.0,10.279999732971191,0.9318699836730956,12,False,True,False,False,True,False,True,False,True,False,True,False,True,False,True,True,False,0
2507,45.31999969482422,8.0,10.279999732971191,0.9318699836730956,16,True,False,False,False,True,True,False,True,False,True,False,False,True,False,True,True,False,0
2508,38.77000045776367,8.0,10.279999732971191,0.9318699836730956,15,True,False,False,False,True,True,False,True,False,False,True,False,True,False,True,True,False,0
2509,40.619998931884766,8.0,10.279999732971191,0.9318699836730956,16,False,True,False,True,False,True,False,True,False,True,False,False,True,False,True,True,False,0
2510,52.880001068115234,8.0,10.279999732971191,0.9318699836730956,15,True,False,True,False,False,True,False,True,False,False,True,False,True,False,True,True,False,0
2511,35.18000030517578,8.0,10.279999732971191,0.9318699836730956,13,True,False,True,False,False,True,False,True,False,False,True,False,True,True,False,True,False,0
2512,44.310001373291016,8.0,10.279999732971191,0.9318699836730956,12,False,True,True,False,False,True,False,True,False,False,True,False,True,False,True,True,False,0
2513,47.310001373291016,8.0,10.279999732971191,0.9318699836730956,14,True,False,True,False,False,True,False,True,False,False,True,False,True,False,True,True,False,0
2514,45.79999923706055,8.0,10.279999732971191,0.9318699836730956,12,True,False,True,False,False,True,False,True,False,False,True,False,True,False,True,True,False,0
2515,62.720001220703125,8.0,10.279999732971191,0.9318699836730956,15,False,True,True,False,False,True,False,True,False,False,True,False,True,True,False,True,False,0
2516,40.52000045776367,8.0,10.279999732971191,0.9318699836730956,15,False,True,True,False,False,True,False,False,True,False,True,False,True,False,True,True,False,0
2517,37.06999969482422,8.0,10.279999732971191,0.9318699836730956,12,True,False,True,False,False,True,False,False,True,False,True,False,True,False,True,True,False,0
2518,45.900001525878906,8.0,10.279999732971191,0.9318699836730956,12,True,False,True,False,False,True,False,True,False,True,False,False,True,False,True,True,False,0
2519,49.45000076293945,8.0,10.279999732971191,0.9318699836730956,16,True,False,True,False,False,True,False,True,False,False,True,False,True,False,True,True,False,0
2520,42.68000030517578,8.0,10.279999732971191,0.9318699836730956,12,False,True,True,False,False,True,False,True,False,False,True,False,True,False,True,True,False,0
2521,36.97999954223633,8.0,10.279999732971191,0.9318699836730956,12,True,False,False,True,False,True,False,True,False,True,False,False,True,True,False,True,False,0
2522,42.380001068115234,8.0,10.279999732971191,0.9318699836730956,12,True,False,True,False,False,True,False,True,False,False,True,False,True,False,True,True,False,0
2523,38.93000030517578,8.0,10.279999732971191,0.9318699836730956,12,True,False,True,False,False,True,False,True,False,True,False,False,True,True,False,True,False,0
2524,36.439998626708984,8.0,10.279999732971191,0.9318699836730956,12,True,False,True,False,False,True,False,True,False,True,False,False,True,False,True,True,False,0
2525,59.45000076293945,8.0,10.279999732971191,0.9318699836730956,15,False,True,False,False,True,True,False,True,False,False,True,False,True,False,True,True,False,1
2526,35.810001373291016,8.0,10.279999732971191,0.9318699836730956,12,True,False,False,True,False,True,False,True,False,False,True,False,True,False,True,True,False,1
2527,59.7599983215332,8.0,10.279999732971191,0.9318699836730956,16,True,False,False,False,True,False,True,False,True,False,True,False,True,True,False,True,False,1
2528,54.84000015258789,8.0,10.279999732971191,0.9318699836730956,16,True,False,False,False,True,True,False,True,False,False,True,False,True,True,False,True,False,1
2529,42.310001373291016,8.0,10.279999732971191,0.9318699836730956,16,False,True,False,True,False,True,False,True,False,False,True,False,True,True,False,True,False,0
2530,35.7400016784668,8.0,10.279999732971191,0.9318699836730956,12,False,True,True,False,False,True,False,True,False,False,True,False,True,False,True,True,False,0
2531,34.869998931884766,8.0,10.279999732971191,0.9318699836730956,12,True,False,True,False,False,True,False,True,False,True,False,False,True,False,True,True,False,0
2532,46.0099983215332,8.0,10.279999732971191,0.9318699836730956,13,True,False,True,False,False,True,False,True,False,True,False,False,True,False,True,True,False,0
2533,36.060001373291016,8.0,10.279999732971191,0.9318699836730956,12,False,True,True,False,False,True,False,True,False,True,False,False,True,False,True,True,False,0
2534,30.979999542236328,8.0,10.279999732971191,0.9318699836730956,12,False,True,True,False,False,True,False,True,False,True,False,False,True,False,True,True,False,0
2535,48.06999969482422,8.0,10.279999732971191,0.9318699836730956,15,True,False,True,False,False,True,False,True,False,True,False,False,True,False,True,True,False,0
2536,42.91999816894531,9.699999809265137,10.279999732971191,0.9318699836730956,14,True,False,False,False,True,True,False,True,False,False,True,True,False,True,False,True,False,1
2537,54.529998779296875,9.699999809265137,10.279999732971191,0.9318699836730956,12,True,False,False,False,True,True,False,True,False,False,True,True,False,False,True,True,False,1
2538,53.939998626708984,9.699999809265137,10.279999732971191,0.9318699836730956,16,True,False,True,False,False,True,False,True,False,True,False,True,False,False,True,True,False,1
2539,66.33999633789062,8.0,10.279999732971191,0.9318699836730956,12,True,False,False,False,True,False,True,False,True,False,True,True,False,True,False,True,False,0
2540,51.0,8.0,10.279999732971191,0.9318699836730956,16,True,False,False,False,True,False,True,False,True,True,False,True,False,True,False,True,False,0
2541,59.099998474121094,10.899999618530272,10.279999732971191,0.9318699836730956,16,True,False,False,False,True,True,False,True,False,False,True,True,False,False,True,True,False,1
2542,52.77000045776367,10.899999618530272,10.279999732971191,0.9318699836730956,16,False,True,False,False,True,True,False,True,False,False,True,True,False,True,False,True,False,1
2543,53.09000015258789,10.899999618530272,10.279999732971191,0.9318699836730956,12,False,True,False,True,False,True,False,True,False,True,False,True,False,False,True,True,False,1
2544,40.779998779296875,10.899999618530272,10.279999732971191,0.9318699836730956,12,True,False,False,False,True,True,False,True,False,False,True,True,False,False,True,True,False,1
2545,58.31999969482422,8.0,10.279999732971191,0.9318699836730956,12,False,True,False,False,True,True,False,True,False,False,True,True,False,True,False,True,False,1
2546,58.209999084472656,8.0,10.279999732971191,0.9318699836730956,16,False,True,False,False,True,False,True,False,True,False,True,True,False,True,False,True,False,1
2547,55.58000183105469,12.800000190734863,10.279999732971191,0.9318699836730956,12,True,False,False,False,True,True,False,True,False,False,True,True,False,False,True,True,False,1
2548,39.38999938964844,12.800000190734863,10.279999732971191,0.9318699836730956,12,False,True,False,True,False,True,False,True,False,False,True,True,False,False,True,True,False,1
2549,54.22999954223633,12.800000190734863,10.279999732971191,0.9318699836730956,12,False,True,False,False,True,True,False,True,False,False,True,True,False,False,True,True,False,1
2550,52.189998626708984,12.800000190734863,10.279999732971191,0.9318699836730956,12,False,True,False,False,True,True,False,True,False,False,True,True,False,False,True,True,False,1
2551,39.209999084472656,11.100000381469728,10.279999732971191,0.9318699836730956,12,True,False,False,False,True,True,False,True,False,False,True,True,False,True,False,True,False,1
2552,44.060001373291016,11.100000381469728,10.279999732971191,0.9318699836730956,14,True,False,False,False,True,True,False,True,False,True,False,True,False,False,True,True,False,1
2553,43.369998931884766,11.100000381469728,10.279999732971191,0.9318699836730956,12,True,False,False,False,True,True,False,True,False,False,True,True,False,False,True,True,False,1
2554,41.869998931884766,11.100000381469728,10.279999732971191,0.9318699836730956,12,False,True,False,False,True,True,False,True,False,False,True,True,False,True,False,True,False,1
2555,50.75,11.100000381469728,10.279999732971191,0.9318699836730956,14,False,True,False,False,True,True,False,True,False,False,True,True,False,True,False,True,False,1
2556,43.34000015258789,11.100000381469728,10.279999732971191,0.9318699836730956,12,False,True,False,False,True,True,False,True,False,False,True,True,False,False,True,True,False,1
2557,46.2599983215332,11.100000381469728,10.279999732971191,0.9318699836730956,14,False,True,False,False,True,False,True,True,False,False,True,True,False,False,True,True,False,1
2558,54.599998474121094,11.100000381469728,10.279999732971191,0.9318699836730956,15,False,True,False,False,True,True,False,True,False,False,True,True,False,True,False,True,False,1
2559,46.779998779296875,11.199999809265137,10.279999732971191,0.9318699836730956,12,True,False,False,False,True,True,False,True,False,False,True,True,False,False,True,True,False,0
2560,43.65999984741211,11.199999809265137,10.279999732971191,0.9318699836730956,12,True,False,False,False,True,False,True,True,False,False,True,True,False,False,True,True,False,0
2561,43.59000015258789,11.199999809265137,10.279999732971191,0.9318699836730956,12,False,True,False,True,False,False,True,True,False,False,True,True,False,False,True,True,False,0
2562,38.40999984741211,11.199999809265137,10.279999732971191,0.9318699836730956,12,False,True,False,False,True,True,False,True,False,False,True,True,False,False,True,True,False,0
2563,48.34000015258789,11.199999809265137,10.279999732971191,0.9318699836730956,13,True,False,False,False,True,True,False,False,True,False,True,True,False,False,True,True,False,0
2564,59.470001220703125,11.199999809265137,10.279999732971191,0.9318699836730956,12,True,False,False,False,True,True,False,True,False,False,True,True,False,False,True,True,False,0
2565,60.27000045776367,8.0,10.279999732971191,0.9318699836730956,17,True,False,False,False,True,False,True,True,False,False,True,True,False,False,True,True,False,1
2566,56.91999816894531,8.0,10.279999732971191,0.9318699836730956,15,True,False,False,False,True,True,False,True,False,False,True,True,False,True,False,True,False,1
2567,55.59000015258789,8.0,10.279999732971191,0.9318699836730956,12,True,False,False,False,True,False,True,True,False,False,True,True,False,True,False,True,False,1
2568,53.83000183105469,8.0,10.279999732971191,0.9318699836730956,16,False,True,False,False,True,True,False,True,False,False,True,True,False,True,False,True,False,1
2569,52.189998626708984,8.0,10.279999732971191,0.9318699836730956,15,False,True,True,False,False,False,True,False,True,False,True,True,False,True,False,True,False,1
2570,49.2400016784668,4.099999904632568,10.510000228881836,0.8244799971580505,12,True,False,False,False,True,True,False,True,False,False,True,True,False,False,True,True,False,0
2571,52.7400016784668,4.099999904632568,10.510000228881836,0.8244799971580505,14,True,False,False,False,True,False,True,False,True,False,True,True,False,True,False,True,False,0
2572,67.8499984741211,4.099999904632568,10.510000228881836,0.8244799971580505,16,False,True,False,False,True,True,False,True,False,False,True,True,False,False,True,True,False,0
2573,50.5,4.099999904632568,10.510000228881836,0.8244799971580505,12,False,True,False,False,True,True,False,True,False,False,True,True,False,False,True,True,False,0
2574,53.790000915527344,4.400000095367432,10.510000228881836,0.8244799971580505,12,True,False,False,False,True,False,True,True,False,False,True,True,False,True,False,True,False,1
2575,55.45000076293945,4.400000095367432,10.510000228881836,0.8244799971580505,13,False,True,False,False,True,True,False,True,False,False,True,True,False,True,False,True,False,1
2576,54.4900016784668,4.400000095367432,10.510000228881836,0.8244799971580505,13,True,False,False,False,True,True,False,True,False,False,True,True,False,False,True,True,False,1
2577,62.11000061035156,4.400000095367432,10.510000228881836,0.8244799971580505,16,False,True,False,False,True,True,False,True,False,False,True,True,False,False,True,True,False,1
2578,46.790000915527344,4.400000095367432,10.510000228881836,0.8244799971580505,13,True,False,False,False,True,True,False,True,False,False,True,True,False,True,False,True,False,1
2579,42.25,4.400000095367432,10.510000228881836,0.8244799971580505,12,True,False,False,False,True,True,False,True,False,False,True,True,False,False,True,True,False,1
2580,58.900001525878906,8.0,9.760000228881836,0.4849900007247925,13,False,True,True,False,False,True,False,True,False,False,True,False,True,False,True,True,False,0
2581,48.41999816894531,8.0,9.760000228881836,0.4849900007247925,12,False,True,False,False,True,True,False,True,False,False,True,False,True,False,True,True,False,0
2582,33.7400016784668,8.0,9.760000228881836,0.4849900007247925,14,False,True,False,False,True,True,False,True,False,False,True,False,True,False,True,True,False,0
2583,52.52000045776367,8.0,9.760000228881836,0.4849900007247925,12,True,False,False,False,True,True,False,True,False,False,True,False,True,False,True,True,False,0
2584,43.81999969482422,8.0,9.760000228881836,0.4849900007247925,12,True,False,False,False,True,True,False,True,False,False,True,False,True,False,True,True,False,0
2585,62.63999938964844,3.700000047683716,9.289999961853027,0.7690500020980835,17,False,True,False,False,True,False,True,True,False,False,True,True,False,True,False,True,False,0
2586,63.18000030517578,3.700000047683716,9.289999961853027,0.7690500020980835,14,False,True,False,True,False,False,True,True,False,False,True,True,False,True,False,True,False,0
2587,56.150001525878906,3.700000047683716,9.289999961853027,0.7690500020980835,14,False,True,False,False,True,False,True,True,False,False,True,True,False,True,False,True,False,0
2588,62.75,3.700000047683716,9.289999961853027,0.7690500020980835,16,True,False,False,False,True,True,False,True,False,False,True,True,False,True,False,True,False,0
2589,54.70000076293945,3.700000047683716,9.289999961853027,0.7690500020980835,15,True,False,False,False,True,False,True,False,True,False,True,True,False,True,False,True,False,0
2590,58.93000030517578,4.699999809265137,10.510000228881836,0.8244799971580505,16,False,True,False,False,True,True,False,True,False,False,True,False,True,True,False,True,False,0
2591,53.619998931884766,4.699999809265137,10.510000228881836,0.8244799971580505,12,True,False,False,False,True,True,False,True,False,False,True,False,True,False,True,True,False,0
2592,50.36000061035156,4.699999809265137,10.510000228881836,0.8244799971580505,12,False,True,False,False,True,True,False,True,False,False,True,False,True,False,True,True,False,0
2593,50.959999084472656,4.699999809265137,10.510000228881836,0.8244799971580505,15,True,False,False,False,True,False,True,False,True,False,True,False,True,True,False,True,False,0
2594,63.43000030517578,4.699999809265137,10.510000228881836,0.8244799971580505,13,False,True,False,False,True,True,False,True,False,False,True,False,True,True,False,True,False,0
2595,57.09000015258789,4.099999904632568,10.510000228881836,0.8244799971580505,14,False,True,False,False,True,True,False,True,False,False,True,False,True,False,True,True,False,0
2596,56.040000915527344,4.099999904632568,10.510000228881836,0.8244799971580505,12,True,False,False,False,True,True,False,True,False,False,True,False,True,False,True,True,False,0
2597,67.47000122070312,4.099999904632568,10.510000228881836,0.8244799971580505,17,False,True,False,False,True,True,False,False,True,False,True,False,True,False,True,True,False,0
2598,67.48999786376953,4.099999904632568,10.510000228881836,0.8244799971580505,15,True,False,False,False,True,True,False,True,False,False,True,False,True,False,True,True,False,0
2599,43.11000061035156,4.300000190734863,10.510000228881836,0.8244799971580505,13,True,False,False,True,False,True,False,True,False,False,True,False,True,False,True,True,False,1
2600,61.18000030517578,4.300000190734863,10.510000228881836,0.8244799971580505,15,True,False,False,False,True,False,True,True,False,False,True,False,True,True,False,True,False,1
2601,65.87000274658203,4.300000190734863,10.510000228881836,0.8244799971580505,16,False,True,False,False,True,False,True,True,False,False,True,False,True,False,True,True,False,1
2602,53.04999923706055,6.5,11.079999923706056,0.8937600255012512,12,False,True,False,False,True,True,False,True,False,False,True,False,True,False,True,True,False,0
2603,56.380001068115234,6.5,11.079999923706056,0.8937600255012512,15,True,False,False,False,True,False,True,True,False,False,True,False,True,False,True,True,False,0
2604,52.86000061035156,6.5,11.079999923706056,0.8937600255012512,14,False,True,False,False,True,True,False,True,False,False,True,False,True,True,False,True,False,0
2605,59.7599983215332,6.5,11.079999923706056,0.8937600255012512,17,False,True,False,True,False,True,False,False,True,False,True,False,True,True,False,True,False,0
2606,60.439998626708984,6.5,11.079999923706056,0.8937600255012512,17,True,False,True,False,False,False,True,True,False,False,True,False,True,False,True,True,False,0
2607,45.7400016784668,4.099999904632568,10.510000228881836,0.8244799971580505,12,False,True,False,False,True,True,False,True,False,False,True,True,False,False,True,True,False,1
2608,55.84000015258789,4.099999904632568,10.510000228881836,0.8244799971580505,14,False,True,False,False,True,True,False,True,False,False,True,True,False,False,True,True,False,1
2609,42.66999816894531,4.099999904632568,10.510000228881836,0.8244799971580505,12,False,True,False,False,True,True,False,True,False,True,False,True,False,False,True,True,False,1
2610,67.2300033569336,6.400000095367432,11.079999923706056,0.8937600255012512,16,False,True,False,False,True,True,False,True,False,False,True,False,True,False,True,True,False,0
2611,65.25,6.400000095367432,11.079999923706056,0.8937600255012512,17,False,True,False,False,True,True,False,False,True,True,False,False,True,False,True,True,False,0
2612,43.060001373291016,6.400000095367432,11.079999923706056,0.8937600255012512,12,True,False,False,False,True,False,True,True,False,True,False,False,True,False,True,True,False,0
2613,58.41999816894531,6.400000095367432,11.079999923706056,0.8937600255012512,16,True,False,False,False,True,True,False,True,False,False,True,False,True,True,False,True,False,0
2614,40.7400016784668,4.900000095367432,8.649999618530273,0.6847600340843201,12,True,False,False,False,True,True,False,False,True,False,True,True,False,True,False,True,False,0
2615,62.16999816894531,4.900000095367432,8.649999618530273,0.6847600340843201,16,False,True,False,False,True,True,False,True,False,True,False,True,False,False,True,True,False,0
2616,65.55000305175781,4.900000095367432,8.649999618530273,0.6847600340843201,16,True,False,False,False,True,False,True,False,True,False,True,True,False,False,True,True,False,0
2617,44.34000015258789,4.900000095367432,8.649999618530273,0.6847600340843201,12,False,True,False,False,True,True,False,True,False,False,True,True,False,False,True,True,False,0
2618,39.25,4.900000095367432,8.649999618530273,0.6847600340843201,12,True,False,False,False,True,True,False,True,False,False,True,True,False,True,False,True,False,0
2619,49.54999923706055,4.900000095367432,8.649999618530273,0.6847600340843201,12,True,False,False,False,True,True,False,True,False,False,True,True,False,True,False,True,False,0
2620,45.130001068115234,9.300000190734863,9.760000228881836,0.4849900007247925,12,True,False,False,False,True,True,False,True,False,True,False,True,False,False,True,True,False,1
2621,45.060001373291016,9.300000190734863,9.760000228881836,0.4849900007247925,12,False,True,False,False,True,True,False,True,False,False,True,True,False,False,True,True,False,1
2622,57.7400016784668,9.300000190734863,9.760000228881836,0.4849900007247925,12,False,True,False,False,True,True,False,True,False,True,False,True,False,False,True,True,False,1
2623,52.040000915527344,9.300000190734863,9.760000228881836,0.4849900007247925,12,True,False,False,False,True,True,False,True,False,False,True,True,False,True,False,True,False,1
2624,59.18000030517578,9.300000190734863,9.760000228881836,0.4849900007247925,12,False,True,False,False,True,True,False,True,False,False,True,True,False,False,True,True,False,1
2625,61.11000061035156,9.300000190734863,9.760000228881836,0.4849900007247925,14,False,True,False,False,True,False,True,False,True,False,True,True,False,True,False,True,False,1
2626,67.0199966430664,9.300000190734863,9.760000228881836,0.4849900007247925,15,False,True,False,True,False,True,False,True,False,False,True,True,False,False,True,True,False,1
2627,59.290000915527344,9.300000190734863,9.760000228881836,0.4849900007247925,17,True,False,False,False,True,True,False,True,False,False,True,True,False,False,True,True,False,1
2628,43.099998474121094,3.200000047683716,9.289999961853027,0.7690500020980835,12,True,False,False,False,True,True,False,True,False,True,False,True,False,False,True,True,False,1
2629,41.060001373291016,4.099999904632568,10.510000228881836,0.8244799971580505,12,False,True,False,True,False,True,False,True,False,False,True,True,False,False,True,True,False,1
2630,37.849998474121094,4.099999904632568,10.510000228881836,0.8244799971580505,12,True,False,True,False,False,False,True,False,True,False,True,True,False,True,False,True,False,1
2631,53.75,4.099999904632568,10.510000228881836,0.8244799971580505,14,True,False,False,False,True,True,False,True,False,False,True,True,False,False,True,True,False,1
2632,54.59000015258789,4.099999904632568,10.510000228881836,0.8244799971580505,16,False,True,False,False,True,False,True,False,True,False,True,True,False,True,False,True,False,1
2633,58.52000045776367,4.099999904632568,10.510000228881836,0.8244799971580505,16,False,True,False,False,True,False,True,False,True,False,True,True,False,True,False,True,False,1
2634,62.459999084472656,3.700000047683716,9.289999961853027,0.7690500020980835,16,False,True,False,False,True,True,False,True,False,False,True,True,False,False,True,True,False,1
2635,48.97999954223633,3.700000047683716,9.289999961853027,0.7690500020980835,16,False,True,False,False,True,True,False,True,False,False,True,True,False,False,True,True,False,1
2636,49.380001068115234,3.700000047683716,9.289999961853027,0.7690500020980835,14,False,True,True,False,False,True,False,True,False,False,True,True,False,False,True,True,False,1
2637,56.099998474121094,3.700000047683716,9.289999961853027,0.7690500020980835,14,True,False,False,False,True,False,True,True,False,False,True,True,False,True,False,True,False,1
2638,62.650001525878906,6.699999809265137,9.760000228881836,0.4849900007247925,13,True,False,False,False,True,True,False,True,False,True,False,True,False,False,True,True,False,0
2639,38.75,6.699999809265137,9.760000228881836,0.4849900007247925,12,False,True,False,False,True,True,False,True,False,False,True,True,False,True,False,True,False,0
2640,54.5,6.699999809265137,9.760000228881836,0.4849900007247925,15,True,False,False,False,True,True,False,True,False,False,True,True,False,False,True,True,False,0
2641,61.779998779296875,4.800000190734863,10.510000228881836,0.8244799971580505,12,True,False,False,False,True,True,False,True,False,False,True,True,False,False,True,True,False,1
2642,45.61000061035156,4.800000190734863,10.510000228881836,0.8244799971580505,12,False,True,False,False,True,True,False,True,False,False,True,True,False,False,True,True,False,1
2643,43.220001220703125,4.800000190734863,10.510000228881836,0.8244799971580505,12,True,False,False,False,True,True,False,True,False,False,True,True,False,False,True,True,False,1
2644,56.7400016784668,4.800000190734863,10.510000228881836,0.8244799971580505,12,True,False,False,False,True,True,False,True,False,False,True,True,False,False,True,True,False,1
2645,56.91999816894531,4.800000190734863,10.510000228881836,0.8244799971580505,13,False,True,False,False,True,True,False,True,False,False,True,True,False,True,False,True,False,1
2646,54.56999969482422,4.800000190734863,10.510000228881836,0.8244799971580505,12,True,False,False,False,True,False,True,True,False,True,False,True,False,False,True,True,False,1
2647,53.65999984741211,4.800000190734863,10.510000228881836,0.8244799971580505,15,True,False,False,False,True,True,False,True,False,False,True,True,False,False,True,True,False,1
2648,57.650001525878906,4.699999809265137,10.510000228881836,0.8244799971580505,16,False,True,False,False,True,True,False,True,False,False,True,True,False,True,False,True,False,1
2649,41.11000061035156,4.699999809265137,10.510000228881836,0.8244799971580505,13,False,True,False,False,True,True,False,True,False,False,True,True,False,True,False,True,False,1
2650,50.529998779296875,4.699999809265137,10.510000228881836,0.8244799971580505,12,False,True,False,False,True,True,False,True,False,False,True,True,False,True,False,True,False,1
2651,53.689998626708984,4.699999809265137,10.510000228881836,0.8244799971580505,16,True,False,False,False,True,True,False,True,False,False,True,True,False,False,True,True,False,1
2652,37.56999969482422,4.699999809265137,10.510000228881836,0.8244799971580505,12,True,False,False,False,True,True,False,True,False,False,True,True,False,False,True,True,False,1
2653,56.209999084472656,4.699999809265137,10.510000228881836,0.8244799971580505,12,True,False,False,False,True,True,False,True,False,False,True,True,False,False,True,True,False,1
2654,50.9900016784668,4.699999809265137,10.510000228881836,0.8244799971580505,13,False,True,False,True,False,True,False,True,False,False,True,True,False,False,True,True,False,1
2655,49.849998474121094,1.399999976158142,9.289999961853027,0.7690500020980835,12,False,True,False,False,True,True,False,True,False,False,True,True,False,True,False,True,False,1
2656,44.220001220703125,1.399999976158142,9.289999961853027,0.7690500020980835,16,True,False,False,False,True,True,False,True,False,False,True,True,False,False,True,True,False,1
2657,53.7400016784668,1.399999976158142,9.289999961853027,0.7690500020980835,12,False,True,False,False,True,True,False,True,False,False,True,True,False,False,True,True,False,1
2658,54.630001068115234,1.399999976158142,9.289999961853027,0.7690500020980835,15,False,True,False,False,True,False,True,False,True,False,True,True,False,False,True,True,False,1
2659,47.59000015258789,1.399999976158142,9.289999961853027,0.7690500020980835,12,True,False,False,False,True,True,False,True,False,False,True,True,False,False,True,True,False,1
2660,57.7400016784668,6.900000095367432,11.079999923706056,0.8937600255012512,14,True,False,False,False,True,False,True,False,True,False,True,True,False,True,False,True,False,1
2661,58.02000045776367,6.900000095367432,11.079999923706056,0.8937600255012512,16,True,False,False,False,True,True,False,True,False,False,True,True,False,False,True,True,False,1
2662,48.20000076293945,6.900000095367432,11.079999923706056,0.8937600255012512,12,False,True,False,False,True,True,False,True,False,False,True,True,False,False,True,True,False,1
2663,67.9800033569336,6.900000095367432,11.079999923706056,0.8937600255012512,15,False,True,False,False,True,True,False,True,False,False,True,True,False,False,True,True,False,1
2664,51.20000076293945,6.900000095367432,11.079999923706056,0.8937600255012512,16,True,False,False,False,True,True,False,True,False,False,True,True,False,False,True,True,False,1
2665,60.45000076293945,6.900000095367432,11.079999923706056,0.8937600255012512,17,True,False,False,False,True,True,False,True,False,True,False,True,False,False,True,True,False,1
2666,61.88999938964844,6.900000095367432,11.079999923706056,0.8937600255012512,12,False,True,False,False,True,True,False,True,False,True,False,True,False,False,True,True,False,1
2667,58.65999984741211,6.900000095367432,11.079999923706056,0.8937600255012512,12,True,False,False,False,True,False,True,True,False,False,True,True,False,False,True,True,False,1
2668,53.52000045776367,6.900000095367432,11.079999923706056,0.8937600255012512,12,False,True,False,False,True,False,True,False,True,False,True,True,False,False,True,True,False,1
2669,60.79999923706055,6.900000095367432,11.079999923706056,0.8937600255012512,15,False,True,False,False,True,False,True,False,True,False,True,True,False,True,False,True,False,1
2670,55.150001525878906,6.900000095367432,11.079999923706056,0.8937600255012512,12,True,False,False,False,True,True,False,True,False,True,False,True,False,False,True,True,False,1
2671,60.2599983215332,6.900000095367432,11.079999923706056,0.8937600255012512,16,True,False,False,False,True,True,False,True,False,False,True,True,False,False,True,True,False,1
2672,51.459999084472656,4.099999904632568,11.079999923706056,0.8937600255012512,16,True,False,False,False,True,True,False,True,False,False,True,True,False,True,False,True,False,1
2673,52.61000061035156,4.099999904632568,11.079999923706056,0.8937600255012512,12,False,True,False,False,True,False,True,True,False,False,True,True,False,True,False,True,False,1
2674,54.25,4.099999904632568,11.079999923706056,0.8937600255012512,15,True,False,False,False,True,True,False,True,False,False,True,True,False,False,True,True,False,1
2675,41.279998779296875,4.099999904632568,11.079999923706056,0.8937600255012512,14,False,True,False,False,True,False,True,False,True,False,True,True,False,False,True,True,False,1
2676,46.75,4.099999904632568,11.079999923706056,0.8937600255012512,15,False,True,False,False,True,False,True,False,True,False,True,True,False,True,False,True,False,1
2677,46.22999954223633,4.099999904632568,11.079999923706056,0.8937600255012512,12,True,False,False,False,True,True,False,True,False,False,True,True,False,False,True,True,False,1
2678,42.47999954223633,4.099999904632568,11.079999923706056,0.8937600255012512,12,True,False,False,False,True,True,False,True,False,False,True,True,False,False,True,True,False,1
2679,49.66999816894531,3.0,9.729999542236328,0.7782899737358093,13,True,False,False,False,True,True,False,True,False,False,True,True,False,False,True,True,False,1
2680,54.849998474121094,3.0,9.729999542236328,0.7782899737358093,16,False,True,False,False,True,False,True,False,True,False,True,True,False,True,False,True,False,1
2681,55.75,3.0,9.729999542236328,0.7782899737358093,14,False,True,False,False,True,False,True,True,False,False,True,True,False,False,True,True,False,1
2682,40.529998779296875,3.0,9.729999542236328,0.7782899737358093,12,False,True,False,False,True,True,False,True,False,True,False,True,False,False,True,True,False,1
2683,52.7400016784668,6.199999809265137,9.760000228881836,0.4849900007247925,12,False,True,False,False,True,True,False,True,False,False,True,True,False,False,True,True,False,1
2684,62.40999984741211,6.199999809265137,9.760000228881836,0.4849900007247925,12,False,True,False,False,True,True,False,True,False,False,True,True,False,False,True,True,False,1
2685,39.869998931884766,6.199999809265137,9.760000228881836,0.4849900007247925,12,True,False,False,False,True,True,False,True,False,False,True,True,False,True,False,True,False,1
2686,47.33000183105469,6.199999809265137,9.760000228881836,0.4849900007247925,12,False,True,False,False,True,True,False,True,False,False,True,True,False,True,False,True,False,1
2687,54.97999954223633,6.199999809265137,9.760000228881836,0.4849900007247925,13,True,False,False,False,True,True,False,True,False,False,True,True,False,False,True,True,False,1
2688,43.959999084472656,6.199999809265137,9.760000228881836,0.4849900007247925,12,False,True,True,False,False,True,False,True,False,False,True,True,False,False,True,True,False,1
2689,48.9900016784668,5.599999904632568,11.079999923706056,0.8937600255012512,15,True,False,False,False,True,True,False,True,False,False,True,True,False,False,True,True,False,1
2690,56.02000045776367,5.599999904632568,11.079999923706056,0.8937600255012512,16,False,True,False,False,True,True,False,True,False,True,False,True,False,False,True,True,False,1
2691,49.939998626708984,5.599999904632568,11.079999923706056,0.8937600255012512,15,True,False,False,False,True,True,False,False,True,False,True,True,False,False,True,True,False,1
2692,59.47999954223633,6.199999809265137,10.510000228881836,0.8244799971580505,16,True,False,False,False,True,True,False,True,False,False,True,True,False,False,True,True,False,1
2693,51.38999938964844,6.199999809265137,10.510000228881836,0.8244799971580505,16,True,False,False,False,True,True,False,True,False,False,True,True,False,False,True,True,False,1
2694,47.31999969482422,6.199999809265137,10.510000228881836,0.8244799971580505,16,False,True,False,False,True,True,False,False,True,False,True,True,False,True,False,True,False,1
2695,47.529998779296875,6.199999809265137,10.510000228881836,0.8244799971580505,14,False,True,False,False,True,False,True,False,True,False,True,True,False,False,True,True,False,1
2696,63.45000076293945,6.199999809265137,10.510000228881836,0.8244799971580505,14,False,True,False,False,True,False,True,False,True,False,True,True,False,False,True,True,False,1
2697,51.310001373291016,6.199999809265137,10.510000228881836,0.8244799971580505,16,True,False,False,False,True,False,True,True,False,False,True,True,False,True,False,True,False,1
2698,41.029998779296875,6.199999809265137,10.510000228881836,0.8244799971580505,12,False,True,False,False,True,True,False,True,False,False,True,True,False,True,False,True,False,1
2699,64.43000030517578,6.199999809265137,10.510000228881836,0.8244799971580505,16,True,False,False,False,True,True,False,True,False,False,True,True,False,True,False,True,False,1
2700,37.43000030517578,6.199999809265137,10.510000228881836,0.8244799971580505,12,True,False,False,False,True,True,False,True,False,False,True,True,False,True,False,True,False,1
2701,65.11000061035156,3.5,8.649999618530273,0.6847600340843201,17,True,False,False,False,True,False,True,False,True,False,True,True,False,True,False,True,False,1
2702,48.63999938964844,3.5,8.649999618530273,0.6847600340843201,16,False,True,False,False,True,True,False,True,False,False,True,True,False,False,True,True,False,1
2703,47.34000015258789,3.5,8.649999618530273,0.6847600340843201,15,True,False,False,False,True,False,True,True,False,False,True,True,False,True,False,True,False,1
2704,42.43000030517578,3.5,8.649999618530273,0.6847600340843201,14,False,True,False,False,True,True,False,True,False,False,True,True,False,False,True,True,False,1
2705,46.29999923706055,3.5,8.649999618530273,0.6847600340843201,12,False,True,False,False,True,True,False,True,False,False,True,True,False,False,True,True,False,1
2706,44.56999969482422,3.5,8.649999618530273,0.6847600340843201,13,False,True,False,False,True,True,False,True,False,False,True,True,False,False,True,True,False,1
2707,61.77000045776367,3.5,8.649999618530273,0.6847600340843201,15,True,False,False,False,True,True,False,True,False,True,False,True,False,False,True,True,False,1
2708,42.88999938964844,5.099999904632568,11.079999923706056,0.8937600255012512,13,False,True,False,False,True,True,False,True,False,False,True,True,False,False,True,True,False,1
2709,45.18000030517578,5.099999904632568,11.079999923706056,0.8937600255012512,12,False,True,False,False,True,True,False,True,False,False,True,True,False,False,True,True,False,1
2710,51.45000076293945,5.099999904632568,11.079999923706056,0.8937600255012512,15,True,False,False,False,True,True,False,True,False,False,True,True,False,False,True,True,False,1
2711,38.43000030517578,5.099999904632568,11.079999923706056,0.8937600255012512,12,False,True,False,False,True,True,False,True,False,False,True,True,False,False,True,True,False,1
2712,47.119998931884766,5.099999904632568,11.079999923706056,0.8937600255012512,12,True,False,False,False,True,True,False,True,False,True,False,True,False,False,True,True,False,1
2713,39.56999969482422,5.099999904632568,11.079999923706056,0.8937600255012512,12,True,False,False,False,True,True,False,True,False,True,False,True,False,False,True,True,False,1
2714,51.15999984741211,5.900000095367432,11.079999923706056,0.8937600255012512,12,True,False,False,False,True,True,False,True,False,True,False,True,False,False,True,True,False,1
2715,58.189998626708984,5.900000095367432,11.079999923706056,0.8937600255012512,12,True,False,False,False,True,True,False,True,False,True,False,True,False,False,True,True,False,1
2716,49.81999969482422,5.900000095367432,11.079999923706056,0.8937600255012512,15,True,False,False,False,True,True,False,False,True,False,True,True,False,False,True,True,False,1
2717,39.209999084472656,5.900000095367432,11.079999923706056,0.8937600255012512,12,False,True,False,False,True,True,False,True,False,False,True,True,False,True,False,True,False,1
2718,58.16999816894531,5.900000095367432,11.079999923706056,0.8937600255012512,17,True,False,False,False,True,True,False,True,False,False,True,True,False,True,False,True,False,1
2719,47.59000015258789,5.900000095367432,11.079999923706056,0.8937600255012512,14,False,True,False,False,True,True,False,True,False,False,True,True,False,False,True,True,False,1
2720,33.970001220703125,5.900000095367432,11.079999923706056,0.8937600255012512,12,False,True,False,False,True,True,False,True,False,False,True,True,False,True,False,True,False,1
2721,56.40999984741211,5.900000095367432,11.079999923706056,0.8937600255012512,16,False,True,False,False,True,True,False,True,False,True,False,True,False,True,False,True,False,1
2722,52.689998626708984,5.900000095367432,11.079999923706056,0.8937600255012512,15,False,True,False,False,True,True,False,True,False,False,True,True,False,False,True,True,False,1
2723,49.56999969482422,5.900000095367432,11.079999923706056,0.8937600255012512,14,False,True,False,False,True,True,False,True,False,False,True,True,False,False,True,True,False,1
2724,55.38999938964844,5.900000095367432,11.079999923706056,0.8937600255012512,17,False,True,False,False,True,True,False,False,True,False,True,True,False,True,False,True,False,1
2725,66.37000274658203,4.699999809265137,9.729999542236328,0.7782899737358093,18,True,False,False,False,True,True,False,True,False,True,False,True,False,False,True,True,False,1
2726,49.849998474121094,4.699999809265137,9.729999542236328,0.7782899737358093,15,True,False,False,False,True,False,True,False,True,False,True,True,False,False,True,True,False,1
2727,56.68000030517578,4.699999809265137,9.729999542236328,0.7782899737358093,14,False,True,False,False,True,True,False,True,False,False,True,True,False,False,True,True,False,1
2728,59.2599983215332,4.699999809265137,9.729999542236328,0.7782899737358093,13,False,True,False,False,True,True,False,True,False,True,False,True,False,True,False,True,False,1
2729,41.439998626708984,4.699999809265137,9.729999542236328,0.7782899737358093,12,False,True,False,False,True,True,False,True,False,False,True,True,False,True,False,True,False,1
2730,51.33000183105469,8.100000381469727,10.510000228881836,0.8244799971580505,13,True,False,False,False,True,True,False,True,False,False,True,True,False,False,True,True,False,1
2731,41.290000915527344,8.100000381469727,10.510000228881836,0.8244799971580505,12,True,False,False,False,True,True,False,True,False,False,True,True,False,False,True,True,False,1
2732,47.52000045776367,8.100000381469727,10.510000228881836,0.8244799971580505,13,True,False,False,False,True,True,False,True,False,False,True,True,False,True,False,True,False,1
2733,56.849998474121094,8.100000381469727,10.510000228881836,0.8244799971580505,16,True,False,False,False,True,True,False,False,True,False,True,True,False,False,True,True,False,1
2734,54.869998931884766,8.100000381469727,10.510000228881836,0.8244799971580505,16,True,False,False,False,True,True,False,True,False,False,True,True,False,False,True,True,False,1
2735,65.62000274658203,8.100000381469727,10.510000228881836,0.8244799971580505,15,False,True,False,False,True,True,False,True,False,False,True,True,False,True,False,True,False,1
2736,55.68000030517578,8.100000381469727,10.510000228881836,0.8244799971580505,16,False,True,False,False,True,False,True,True,False,False,True,True,False,True,False,True,False,1
2737,56.15999984741211,8.100000381469727,10.510000228881836,0.8244799971580505,14,True,False,False,False,True,True,False,True,False,True,False,True,False,False,True,True,False,1
2738,41.279998779296875,8.100000381469727,10.510000228881836,0.8244799971580505,12,True,False,False,False,True,True,False,True,False,False,True,True,False,False,True,True,False,1
2739,50.43000030517578,8.100000381469727,10.510000228881836,0.8244799971580505,12,True,False,False,False,True,True,False,True,False,False,True,True,False,False,True,True,False,1
2740,34.689998626708984,8.100000381469727,10.510000228881836,0.8244799971580505,12,False,True,False,False,True,True,False,True,False,False,True,True,False,True,False,True,False,1
2741,61.43000030517578,3.5999999046325684,9.729999542236328,0.7782899737358093,15,True,False,False,False,True,True,False,True,False,False,True,True,False,True,False,True,False,0
2742,36.86000061035156,3.5999999046325684,9.729999542236328,0.7782899737358093,12,False,True,True,False,False,True,False,True,False,False,True,True,False,True,False,True,False,0
2743,61.470001220703125,3.5999999046325684,9.729999542236328,0.7782899737358093,16,True,False,False,False,True,False,True,False,True,False,True,True,False,False,True,True,False,0
2744,59.209999084472656,3.5999999046325684,9.729999542236328,0.7782899737358093,16,True,False,False,False,True,False,True,True,False,False,True,True,False,False,True,True,False,0
2745,64.19000244140625,3.5999999046325684,9.729999542236328,0.7782899737358093,12,True,False,False,False,True,False,True,False,True,False,True,True,False,False,True,True,False,0
2746,67.9800033569336,3.5999999046325684,9.729999542236328,0.7782899737358093,16,False,True,False,False,True,False,True,False,True,False,True,True,False,True,False,True,False,0
2747,56.81999969482422,5.5,11.079999923706056,0.8937600255012512,14,True,False,False,False,True,True,False,True,False,False,True,True,False,False,True,True,False,1
2748,51.0,5.5,11.079999923706056,0.8937600255012512,13,False,True,False,False,True,True,False,True,False,False,True,True,False,True,False,True,False,1
2749,44.86000061035156,5.5,11.079999923706056,0.8937600255012512,16,True,False,False,False,True,True,False,True,False,False,True,True,False,True,False,True,False,1
2750,57.34000015258789,5.5,11.079999923706056,0.8937600255012512,12,True,False,False,False,True,True,False,True,False,True,False,True,False,False,True,True,False,1
2751,57.720001220703125,5.5,11.079999923706056,0.8937600255012512,12,True,False,False,False,True,True,False,True,False,False,True,True,False,False,True,True,False,1
2752,55.060001373291016,7.199999809265137,11.079999923706056,0.8937600255012512,12,True,False,False,False,True,True,False,True,False,False,True,True,False,False,True,True,False,1
2753,59.88999938964844,7.199999809265137,11.079999923706056,0.8937600255012512,16,True,False,False,False,True,True,False,False,True,False,True,True,False,True,False,True,False,1
2754,55.689998626708984,7.199999809265137,11.079999923706056,0.8937600255012512,16,False,True,False,False,True,True,False,True,False,False,True,True,False,False,True,True,False,1
2755,55.65999984741211,7.199999809265137,11.079999923706056,0.8937600255012512,12,False,True,False,True,False,True,False,True,False,False,True,True,False,True,False,True,False,1
2756,43.7400016784668,7.199999809265137,11.079999923706056,0.8937600255012512,14,True,False,False,False,True,False,True,True,False,True,False,True,False,True,False,True,False,1
2757,52.130001068115234,5.300000190734863,10.510000228881836,0.8244799971580505,15,False,True,False,False,True,True,False,False,True,False,True,True,False,False,True,True,False,1
2758,56.81999969482422,5.300000190734863,10.510000228881836,0.8244799971580505,12,False,True,False,False,True,True,False,True,False,False,True,True,False,False,True,True,False,1
2759,55.02000045776367,5.300000190734863,10.510000228881836,0.8244799971580505,16,True,False,False,False,True,True,False,False,True,False,True,True,False,False,True,True,False,1
2760,55.25,5.300000190734863,10.510000228881836,0.8244799971580505,15,False,True,False,False,True,True,False,True,False,False,True,True,False,False,True,True,False,1
2761,64.13999938964844,10.699999809265137,10.510000228881836,0.8244799971580505,16,False,True,False,False,True,False,True,False,True,False,True,True,False,True,False,True,False,1
2762,38.810001373291016,10.699999809265137,10.510000228881836,0.8244799971580505,12,False,True,False,False,True,True,False,True,False,False,True,True,False,False,True,True,False,1
2763,60.86000061035156,9.899999618530272,9.760000228881836,0.4849900007247925,13,False,True,False,False,True,True,False,True,False,False,True,True,False,False,True,True,False,1
2764,54.90999984741211,9.899999618530272,9.760000228881836,0.4849900007247925,13,True,False,False,False,True,True,False,True,False,False,True,True,False,True,False,True,False,1
2765,51.43000030517578,9.899999618530272,9.760000228881836,0.4849900007247925,12,False,True,False,False,True,True,False,True,False,False,True,True,False,False,True,True,False,1
2766,53.7599983215332,9.899999618530272,9.760000228881836,0.4849900007247925,12,True,False,False,False,True,True,False,True,False,False,True,True,False,False,True,True,False,1
2767,59.43000030517578,9.899999618530272,9.760000228881836,0.4849900007247925,12,False,True,False,False,True,True,False,True,False,True,False,True,False,False,True,True,False,1
2768,53.31999969482422,10.300000190734863,10.510000228881836,0.8244799971580505,14,True,False,False,False,True,True,False,True,False,False,True,True,False,False,True,True,False,1
2769,56.939998626708984,10.300000190734863,10.510000228881836,0.8244799971580505,16,False,True,False,False,True,True,False,True,False,False,True,True,False,False,True,True,False,1
2770,45.15999984741211,8.300000190734863,10.510000228881836,0.8244799971580505,12,True,False,False,True,False,True,False,True,False,False,True,True,False,False,True,True,False,1
2771,48.97999954223633,8.300000190734863,10.510000228881836,0.8244799971580505,12,True,False,False,False,True,True,False,True,False,False,True,True,False,False,True,True,False,1
2772,52.95000076293945,4.300000190734863,9.729999542236328,0.7782899737358093,14,False,True,False,False,True,True,False,True,False,True,False,True,False,False,True,True,False,1
2773,42.150001525878906,4.300000190734863,9.729999542236328,0.7782899737358093,12,False,True,False,False,True,True,False,True,False,False,True,True,False,True,False,True,False,1
2774,49.709999084472656,4.300000190734863,9.729999542236328,0.7782899737358093,14,False,True,False,False,True,True,False,True,False,False,True,True,False,False,True,True,False,1
2775,52.540000915527344,4.300000190734863,9.729999542236328,0.7782899737358093,13,False,True,False,False,True,True,False,False,True,False,True,True,False,False,True,True,False,1
2776,50.150001525878906,3.299999952316284,11.079999923706056,0.8937600255012512,12,True,False,False,False,True,True,False,True,False,False,True,True,False,True,False,True,False,1
2777,44.13999938964844,3.299999952316284,11.079999923706056,0.8937600255012512,12,True,False,False,False,True,True,False,True,False,False,True,True,False,False,True,True,False,1
2778,48.970001220703125,3.299999952316284,11.079999923706056,0.8937600255012512,16,False,True,False,False,True,True,False,True,False,False,True,True,False,True,False,True,False,1
2779,63.43000030517578,3.299999952316284,11.079999923706056,0.8937600255012512,15,False,True,False,False,True,False,True,False,True,True,False,True,False,False,True,True,False,1
2780,64.62999725341797,3.299999952316284,11.079999923706056,0.8937600255012512,16,False,True,False,False,True,True,False,False,True,False,True,True,False,False,True,True,False,1
2781,36.2400016784668,3.299999952316284,11.079999923706056,0.8937600255012512,12,False,True,False,False,True,True,False,True,False,False,True,True,False,False,True,True,False,1
2782,54.400001525878906,7.0,9.760000228881836,0.4849900007247925,13,False,True,True,False,False,True,False,True,False,False,True,False,True,False,True,True,False,0
2783,36.77000045776367,7.0,9.760000228881836,0.4849900007247925,14,False,True,True,False,False,True,False,True,False,False,True,False,True,True,False,True,False,0
2784,53.70000076293945,5.0,9.729999542236328,0.7782899737358093,16,True,False,False,False,True,True,False,True,False,False,True,False,True,False,True,True,False,0
2785,50.689998626708984,5.0,9.729999542236328,0.7782899737358093,15,True,False,False,False,True,False,True,False,True,False,True,False,True,True,False,True,False,0
2786,60.279998779296875,5.0,9.729999542236328,0.7782899737358093,16,True,False,False,False,True,True,False,True,False,False,True,False,True,False,True,True,False,0
2787,65.19000244140625,5.0,9.729999542236328,0.7782899737358093,17,True,False,False,False,True,True,False,True,False,False,True,False,True,False,True,True,False,0
2788,63.29999923706055,5.0,9.729999542236328,0.7782899737358093,16,False,True,False,False,True,True,False,True,False,False,True,False,True,False,True,True,False,0
2789,59.54999923706055,5.0,9.729999542236328,0.7782899737358093,14,False,True,False,False,True,True,False,True,False,False,True,False,True,False,True,True,False,0
2790,49.689998626708984,5.0,9.729999542236328,0.7782899737358093,15,False,True,True,False,False,True,False,True,False,False,True,False,True,False,True,True,False,0
2791,56.599998474121094,7.699999809265137,11.079999923706056,0.8937600255012512,13,True,False,False,False,True,True,False,True,False,False,True,True,False,False,True,True,False,1
2792,51.849998474121094,7.699999809265137,11.079999923706056,0.8937600255012512,12,True,False,False,False,True,True,False,True,False,False,True,True,False,False,True,True,False,1
2793,48.029998779296875,7.699999809265137,11.079999923706056,0.8937600255012512,12,False,True,False,False,True,True,False,True,False,False,True,True,False,False,True,True,False,1
2794,54.59000015258789,6.099999904632568,9.760000228881836,0.4849900007247925,12,False,True,False,True,False,True,False,True,False,False,True,False,True,False,True,True,False,0
2795,47.779998779296875,6.099999904632568,9.760000228881836,0.4849900007247925,13,True,False,False,False,True,True,False,True,False,False,True,False,True,False,True,True,False,0
2796,60.5,6.099999904632568,9.760000228881836,0.4849900007247925,16,False,True,False,False,True,False,True,True,False,False,True,False,True,True,False,True,False,0
2797,60.869998931884766,6.099999904632568,9.760000228881836,0.4849900007247925,17,True,False,False,False,True,True,False,True,False,False,True,False,True,False,True,True,False,0
2798,47.040000915527344,6.099999904632568,9.760000228881836,0.4849900007247925,12,True,False,False,False,True,True,False,True,False,False,True,False,True,False,True,True,False,0
2799,57.65999984741211,4.199999809265137,11.079999923706056,0.8937600255012512,12,True,False,False,False,True,True,False,True,False,False,True,True,False,False,True,True,False,1
2800,62.900001525878906,4.199999809265137,11.079999923706056,0.8937600255012512,14,True,False,False,False,True,True,False,True,False,False,True,True,False,False,True,True,False,1
2801,59.779998779296875,4.199999809265137,11.079999923706056,0.8937600255012512,16,True,False,False,False,True,True,False,True,False,False,True,True,False,True,False,True,False,1
2802,63.02000045776367,4.199999809265137,11.079999923706056,0.8937600255012512,16,False,True,False,False,True,True,False,True,False,False,True,True,False,False,True,True,False,1
2803,53.4900016784668,4.199999809265137,11.079999923706056,0.8937600255012512,16,True,False,False,False,True,True,False,True,False,False,True,True,False,True,False,True,False,1
2804,58.0,4.199999809265137,11.079999923706056,0.8937600255012512,16,True,False,False,False,True,True,False,True,False,False,True,True,False,False,True,True,False,1
2805,41.25,3.5999999046325684,9.289999961853027,0.7690500020980835,13,True,False,False,True,False,True,False,False,True,False,True,True,False,False,True,True,False,1
2806,62.54999923706055,3.5999999046325684,9.289999961853027,0.7690500020980835,13,True,False,False,False,True,True,False,True,False,True,False,True,False,False,True,True,False,1
2807,60.83000183105469,3.5999999046325684,9.289999961853027,0.7690500020980835,16,True,False,False,False,True,True,False,True,False,True,False,True,False,True,False,True,False,1
2808,44.7400016784668,3.5999999046325684,9.289999961853027,0.7690500020980835,12,False,True,False,False,True,False,True,True,False,False,True,True,False,False,True,True,False,1
2809,44.959999084472656,3.5999999046325684,9.289999961853027,0.7690500020980835,12,False,True,False,True,False,True,False,True,False,False,True,True,False,False,True,True,False,1
2810,56.27000045776367,6.400000095367432,9.760000228881836,0.4849900007247925,13,True,False,False,False,True,False,True,True,False,False,True,True,False,True,False,True,False,1
2811,54.279998779296875,6.400000095367432,9.760000228881836,0.4849900007247925,14,False,True,False,False,True,True,False,True,False,True,False,True,False,False,True,True,False,1
2812,67.98999786376953,6.199999809265137,11.079999923706056,0.8937600255012512,15,False,True,False,False,True,True,False,True,False,False,True,True,False,True,False,True,False,1
2813,46.439998626708984,6.199999809265137,11.079999923706056,0.8937600255012512,12,False,True,False,False,True,True,False,True,False,False,True,True,False,False,True,True,False,1
2814,60.290000915527344,6.199999809265137,11.079999923706056,0.8937600255012512,17,True,False,False,False,True,True,False,True,False,False,True,True,False,True,False,True,False,1
2815,56.02000045776367,6.199999809265137,11.079999923706056,0.8937600255012512,16,True,False,False,True,False,True,False,True,False,False,True,True,False,False,True,True,False,1
2816,47.22999954223633,6.199999809265137,11.079999923706056,0.8937600255012512,16,True,False,False,False,True,True,False,True,False,True,False,True,False,False,True,True,False,1
2817,53.939998626708984,6.5,11.079999923706056,0.8937600255012512,15,True,False,False,False,True,True,False,True,False,False,True,True,False,False,True,True,False,0
2818,47.869998931884766,6.5,11.079999923706056,0.8937600255012512,16,True,False,False,False,True,False,True,False,True,False,True,True,False,False,True,True,False,0
2819,59.810001373291016,6.5,11.079999923706056,0.8937600255012512,16,True,False,False,False,True,True,False,True,False,False,True,True,False,True,False,True,False,0
2820,64.12999725341797,6.5,11.079999923706056,0.8937600255012512,12,False,True,False,False,True,True,False,True,False,False,True,True,False,False,True,True,False,0
2821,60.04999923706055,6.5,11.079999923706056,0.8937600255012512,16,False,True,False,False,True,True,False,True,False,False,True,True,False,True,False,True,False,0
2822,50.27000045776367,6.5,11.079999923706056,0.8937600255012512,13,True,False,False,False,True,True,False,True,False,False,True,True,False,True,False,True,False,0
2823,44.86000061035156,6.400000095367432,9.760000228881836,0.4849900007247925,12,True,False,True,False,False,True,False,True,False,False,True,True,False,False,True,True,False,0
2824,49.33000183105469,6.400000095367432,9.760000228881836,0.4849900007247925,12,True,False,True,False,False,True,False,True,False,False,True,True,False,False,True,True,False,0
2825,49.40999984741211,6.400000095367432,9.760000228881836,0.4849900007247925,13,False,True,False,False,True,False,True,True,False,False,True,True,False,True,False,True,False,0
2826,66.08000183105469,6.400000095367432,9.760000228881836,0.4849900007247925,14,False,True,False,False,True,False,True,False,True,False,True,True,False,True,False,True,False,0
2827,38.790000915527344,6.400000095367432,9.760000228881836,0.4849900007247925,15,False,True,False,False,True,False,True,False,True,False,True,True,False,True,False,True,False,0
2828,44.7599983215332,6.400000095367432,9.760000228881836,0.4849900007247925,18,True,False,False,False,True,False,True,False,True,False,True,True,False,True,False,True,False,0
2829,57.86000061035156,6.400000095367432,9.760000228881836,0.4849900007247925,15,False,True,False,False,True,True,False,True,False,False,True,True,False,False,True,True,False,0
2830,43.400001525878906,6.400000095367432,9.760000228881836,0.4849900007247925,15,True,False,True,False,False,True,False,True,False,False,True,True,False,False,True,True,False,0
2831,59.529998779296875,5.5,10.510000228881836,0.8244799971580505,14,True,False,False,False,True,True,False,True,False,False,True,True,False,False,True,True,False,0
2832,52.529998779296875,5.5,10.510000228881836,0.8244799971580505,12,False,True,False,False,True,True,False,True,False,False,True,True,False,False,True,True,False,0
2833,48.0,5.5,10.510000228881836,0.8244799971580505,12,False,True,False,False,True,True,False,True,False,False,True,True,False,False,True,True,False,0
2834,34.61000061035156,5.5,10.510000228881836,0.8244799971580505,12,True,False,False,False,True,True,False,True,False,False,True,True,False,False,True,True,False,0
2835,39.59000015258789,5.5,10.510000228881836,0.8244799971580505,12,False,True,False,False,True,True,False,False,True,False,True,True,False,True,False,True,False,0
2836,40.41999816894531,5.5,10.510000228881836,0.8244799971580505,12,True,False,False,False,True,True,False,True,False,True,False,True,False,False,True,True,False,0
2837,54.150001525878906,5.5,10.510000228881836,0.8244799971580505,14,False,True,False,False,True,True,False,True,False,False,True,True,False,False,True,True,False,0
2838,59.939998626708984,5.5,10.510000228881836,0.8244799971580505,13,False,True,False,False,True,False,True,True,False,False,True,True,False,True,False,True,False,0
2839,62.5099983215332,4.699999809265137,10.510000228881836,0.8244799971580505,16,False,True,False,False,True,False,True,True,False,False,True,True,False,True,False,True,False,1
2840,62.2599983215332,4.699999809265137,10.510000228881836,0.8244799971580505,14,False,True,False,False,True,True,False,True,False,False,True,True,False,False,True,True,False,1
2841,50.15999984741211,4.699999809265137,10.510000228881836,0.8244799971580505,12,True,False,False,False,True,True,False,True,False,False,True,True,False,False,True,True,False,1
2842,59.41999816894531,4.699999809265137,10.510000228881836,0.8244799971580505,12,False,True,False,False,True,True,False,True,False,True,False,True,False,False,True,True,False,1
2843,62.459999084472656,4.699999809265137,10.510000228881836,0.8244799971580505,16,False,True,False,False,True,True,False,True,False,False,True,True,False,False,True,True,False,1
2844,64.19000244140625,4.699999809265137,10.510000228881836,0.8244799971580505,16,False,True,False,False,True,False,True,False,True,False,True,True,False,True,False,True,False,1
2845,48.59000015258789,4.699999809265137,10.510000228881836,0.8244799971580505,16,False,True,False,False,True,False,True,True,False,False,True,True,False,False,True,True,False,1
2846,38.459999084472656,8.600000381469727,9.760000228881836,0.4849900007247925,12,True,False,True,False,False,True,False,True,False,False,True,False,True,False,True,True,False,0
2847,39.56999969482422,8.600000381469727,9.760000228881836,0.4849900007247925,12,True,False,True,False,False,True,False,True,False,False,True,False,True,False,True,True,False,0
2848,45.380001068115234,8.600000381469727,9.760000228881836,0.4849900007247925,14,True,False,True,False,False,True,False,True,False,False,True,False,True,False,True,True,False,0
2849,42.29999923706055,8.600000381469727,9.760000228881836,0.4849900007247925,13,False,True,True,False,False,False,True,False,True,False,True,False,True,False,True,True,False,0
2850,43.29999923706055,8.600000381469727,9.760000228881836,0.4849900007247925,12,True,False,True,False,False,True,False,True,False,True,False,False,True,False,True,True,False,0
2851,40.189998626708984,2.799999952316284,9.729999542236328,0.7782899737358093,12,True,False,False,False,True,True,False,True,False,False,True,True,False,False,True,True,False,1
2852,58.880001068115234,2.799999952316284,9.729999542236328,0.7782899737358093,14,True,False,False,False,True,True,False,True,False,False,True,True,False,False,True,True,False,1
2853,58.9900016784668,2.799999952316284,9.729999542236328,0.7782899737358093,15,False,True,False,False,True,True,False,True,False,False,True,True,False,False,True,True,False,1
2854,60.599998474121094,2.799999952316284,9.729999542236328,0.7782899737358093,15,True,False,False,False,True,True,False,True,False,True,False,True,False,False,True,True,False,1
2855,59.22999954223633,2.799999952316284,9.729999542236328,0.7782899737358093,14,True,False,False,False,True,True,False,True,False,False,True,True,False,False,True,True,False,1
2856,43.61000061035156,2.799999952316284,9.729999542236328,0.7782899737358093,12,False,True,False,False,True,True,False,True,False,True,False,True,False,False,True,True,False,1
2857,55.63999938964844,2.799999952316284,9.729999542236328,0.7782899737358093,14,True,False,False,False,True,False,True,True,False,False,True,True,False,False,True,True,False,1
2858,63.209999084472656,2.799999952316284,9.729999542236328,0.7782899737358093,12,False,True,False,False,True,True,False,True,False,False,True,True,False,False,True,True,False,1
2859,38.43000030517578,5.0,9.289999961853027,0.7690500020980835,12,False,True,False,False,True,True,False,True,False,False,True,True,False,False,True,True,False,1
2860,54.83000183105469,5.0,9.289999961853027,0.7690500020980835,12,True,False,False,False,True,True,False,True,False,False,True,True,False,False,True,True,False,1
2861,58.970001220703125,5.0,9.289999961853027,0.7690500020980835,16,True,False,False,False,True,True,False,True,False,False,True,True,False,False,True,True,False,1
2862,48.65999984741211,5.0,9.289999961853027,0.7690500020980835,16,False,True,False,False,True,True,False,True,False,False,True,True,False,False,True,True,False,1
2863,65.73999786376953,5.0,9.289999961853027,0.7690500020980835,18,False,True,False,False,True,True,False,True,False,False,True,True,False,False,True,True,False,1
2864,40.439998626708984,5.0,9.289999961853027,0.7690500020980835,15,True,False,False,False,True,True,False,True,False,True,False,True,False,True,False,True,False,1
2865,46.189998626708984,5.0,9.289999961853027,0.7690500020980835,13,False,True,False,False,True,True,False,True,False,False,True,True,False,False,True,True,False,1
2866,40.43000030517578,5.0,9.289999961853027,0.7690500020980835,12,True,False,False,False,True,True,False,True,False,False,True,True,False,False,True,True,False,1
2867,48.630001068115234,5.0,9.289999961853027,0.7690500020980835,16,True,False,False,False,True,True,False,True,False,False,True,True,False,False,True,True,False,1
2868,44.439998626708984,5.699999809265137,9.289999961853027,0.7690500020980835,13,True,False,False,True,False,True,False,True,False,False,True,True,False,False,True,True,False,0
2869,35.849998474121094,5.699999809265137,9.289999961853027,0.7690500020980835,13,False,True,False,False,True,True,False,True,False,False,True,True,False,False,True,True,False,0
2870,43.540000915527344,5.699999809265137,9.289999961853027,0.7690500020980835,12,False,True,False,False,True,True,False,True,False,False,True,True,False,False,True,True,False,0
2871,44.5,5.699999809265137,9.289999961853027,0.7690500020980835,12,True,False,False,False,True,True,False,True,False,False,True,True,False,False,True,True,False,0
2872,59.709999084472656,5.699999809265137,9.289999961853027,0.7690500020980835,17,False,True,False,False,True,True,False,True,False,False,True,True,False,False,True,True,False,0
2873,51.709999084472656,4.800000190734863,10.510000228881836,0.8244799971580505,16,False,True,False,False,True,True,False,True,False,False,True,True,False,True,False,True,False,1
2874,63.18000030517578,4.800000190734863,10.510000228881836,0.8244799971580505,14,True,False,False,False,True,True,False,True,False,False,True,True,False,False,True,True,False,1
2875,35.560001373291016,9.5,9.640000343322754,1.1524200439453125,12,True,False,True,False,False,True,False,True,False,True,False,False,True,False,True,True,False,0
2876,37.25,9.5,9.640000343322754,1.1524200439453125,13,True,False,True,False,False,True,False,True,False,True,False,False,True,False,True,True,False,0
2877,42.650001525878906,9.5,9.640000343322754,1.1524200439453125,12,True,False,False,True,False,True,False,True,False,True,False,False,True,False,True,True,False,0
2878,45.599998474121094,9.5,9.640000343322754,1.1524200439453125,15,True,False,True,False,False,True,False,True,False,False,True,False,True,False,True,True,False,0
2879,38.56999969482422,9.5,9.640000343322754,1.1524200439453125,13,True,False,True,False,False,True,False,False,True,False,True,False,True,False,True,True,False,0
2880,38.279998779296875,9.5,9.640000343322754,1.1524200439453125,15,True,False,False,True,False,True,False,True,False,True,False,False,True,False,True,True,False,0
2881,37.29999923706055,9.5,9.640000343322754,1.1524200439453125,12,True,False,False,True,False,False,True,True,False,True,False,False,True,False,True,True,False,0
2882,35.599998474121094,10.699999809265137,10.039999961853027,1.127020001411438,16,False,True,False,False,True,True,False,True,False,True,False,False,True,False,True,True,False,0
2883,38.029998779296875,10.699999809265137,10.039999961853027,1.127020001411438,12,True,False,False,True,False,False,True,True,False,True,False,False,True,False,True,True,False,0
2884,58.5,10.699999809265137,10.039999961853027,1.127020001411438,12,True,False,False,True,False,True,False,True,False,True,False,False,True,False,True,True,False,0
2885,39.849998474121094,10.699999809265137,10.039999961853027,1.127020001411438,12,True,False,False,True,False,True,False,True,False,True,False,False,True,False,True,True,False,0
2886,49.349998474121094,9.5,9.640000343322754,1.1524200439453125,14,False,True,False,True,False,True,False,True,False,True,False,False,True,False,True,True,False,0
2887,53.220001220703125,9.5,9.640000343322754,1.1524200439453125,12,True,False,False,True,False,True,False,True,False,True,False,False,True,False,True,True,False,0
2888,42.88999938964844,9.5,9.640000343322754,1.1524200439453125,12,True,False,False,True,False,True,False,True,False,False,True,False,True,False,True,True,False,0
2889,44.88999938964844,9.5,9.640000343322754,1.1524200439453125,16,True,False,False,True,False,True,False,True,False,False,True,False,True,False,True,True,False,0
2890,45.880001068115234,9.5,9.640000343322754,1.1524200439453125,16,True,False,False,False,True,True,False,True,False,False,True,False,True,False,True,True,False,0
2891,48.54999923706055,9.5,9.640000343322754,1.1524200439453125,15,False,True,False,True,False,True,False,True,False,True,False,False,True,False,True,True,False,0
2892,37.970001220703125,9.5,9.640000343322754,1.1524200439453125,12,True,False,False,True,False,True,False,True,False,True,False,False,True,False,True,True,False,0
2893,40.15999984741211,9.5,9.640000343322754,1.1524200439453125,13,True,False,False,True,False,True,False,True,False,True,False,False,True,False,True,True,False,0
2894,42.959999084472656,8.199999809265137,7.539999961853027,0.8187100291252136,14,True,False,True,False,False,True,False,True,False,False,True,True,False,False,True,True,False,0
2895,62.13999938964844,8.199999809265137,7.539999961853027,0.8187100291252136,16,False,True,True,False,False,True,False,True,False,False,True,True,False,True,False,True,False,0
2896,40.619998931884766,8.199999809265137,7.539999961853027,0.8187100291252136,15,True,False,False,True,False,True,False,True,False,True,False,True,False,False,True,True,False,0
2897,57.720001220703125,8.199999809265137,7.539999961853027,0.8187100291252136,17,False,True,False,False,True,False,True,False,True,False,True,True,False,True,False,True,False,0
2898,59.060001373291016,8.199999809265137,7.539999961853027,0.8187100291252136,16,False,True,False,False,True,True,False,True,False,True,False,True,False,False,True,True,False,0
2899,67.83999633789062,4.0,7.539999961853027,0.8187100291252136,12,False,True,False,False,True,True,False,True,False,False,True,True,False,False,True,True,False,0
2900,54.84000015258789,4.0,7.539999961853027,0.8187100291252136,15,False,True,False,True,False,True,False,True,False,True,False,True,False,False,True,True,False,0
2901,45.560001373291016,4.0,7.539999961853027,0.8187100291252136,12,False,True,False,False,True,True,False,True,False,False,True,True,False,False,True,True,False,0
2902,47.150001525878906,4.0,7.539999961853027,0.8187100291252136,12,True,False,False,False,True,True,False,True,False,False,True,True,False,False,True,True,False,0
2903,38.45000076293945,4.0,7.539999961853027,0.8187100291252136,14,True,False,False,True,False,True,False,True,False,False,True,True,False,False,True,True,False,0
2904,60.900001525878906,8.199999809265137,7.539999961853027,0.8187100291252136,15,True,False,False,False,True,False,True,False,True,False,True,False,True,False,True,True,False,0
2905,60.650001525878906,8.199999809265137,7.539999961853027,0.8187100291252136,13,False,True,True,False,False,True,False,True,False,False,True,False,True,False,True,True,False,0
2906,47.16999816894531,8.199999809265137,7.539999961853027,0.8187100291252136,15,True,False,False,True,False,False,True,True,False,False,True,False,True,True,False,True,False,0
2907,64.33000183105469,8.199999809265137,7.539999961853027,0.8187100291252136,16,True,False,False,False,True,False,True,True,False,False,True,False,True,True,False,True,False,0
2908,47.31999969482422,8.199999809265137,7.539999961853027,0.8187100291252136,14,False,True,False,False,True,False,True,False,True,False,True,True,False,True,False,True,False,0
2909,44.099998474121094,8.199999809265137,7.539999961853027,0.8187100291252136,15,True,False,False,False,True,False,True,True,False,False,True,True,False,False,True,True,False,0
2910,44.77000045776367,8.199999809265137,7.539999961853027,0.8187100291252136,12,False,True,False,False,True,True,False,True,False,False,True,True,False,False,True,True,False,0
2911,51.36000061035156,8.199999809265137,7.539999961853027,0.8187100291252136,16,True,False,False,False,True,False,True,True,False,False,True,True,False,False,True,True,False,0
2912,52.09000015258789,8.199999809265137,7.539999961853027,0.8187100291252136,18,True,False,False,False,True,False,True,True,False,False,True,True,False,True,False,True,False,0
2913,51.650001525878906,8.199999809265137,7.539999961853027,0.8187100291252136,16,True,False,False,False,True,False,True,True,False,False,True,True,False,True,False,True,False,0
2914,39.459999084472656,8.199999809265137,7.539999961853027,0.8187100291252136,12,True,False,False,False,True,False,True,True,False,False,True,True,False,False,True,True,False,0
2915,35.380001068115234,10.800000190734863,9.920000076293944,0.4549700021743774,12,True,False,False,True,False,True,False,True,False,False,True,False,True,False,True,True,False,0
2916,38.40999984741211,10.800000190734863,9.920000076293944,0.4549700021743774,16,False,True,False,True,False,True,False,True,False,False,True,False,True,False,True,True,False,0
2917,58.959999084472656,10.800000190734863,9.920000076293944,0.4549700021743774,15,False,True,False,True,False,True,False,True,False,False,True,False,True,False,True,True,False,0
2918,59.45000076293945,10.800000190734863,9.920000076293944,0.4549700021743774,15,False,True,False,True,False,False,True,True,False,True,False,False,True,False,True,True,False,0
2919,43.90999984741211,10.800000190734863,9.920000076293944,0.4549700021743774,16,True,False,False,True,False,True,False,True,False,False,True,False,True,False,True,True,False,0
2920,41.040000915527344,10.800000190734863,9.920000076293944,0.4549700021743774,13,False,True,False,True,False,True,False,True,False,True,False,False,True,False,True,True,False,0
2921,47.72999954223633,10.800000190734863,9.920000076293944,0.4549700021743774,12,False,True,False,True,False,True,False,True,False,True,False,False,True,False,True,True,False,0
2922,34.41999816894531,10.800000190734863,9.920000076293944,0.4549700021743774,12,False,True,False,True,False,True,False,True,False,False,True,False,True,False,True,True,False,0
2923,39.34000015258789,10.800000190734863,9.920000076293944,0.4549700021743774,12,False,True,False,True,False,True,False,True,False,False,True,False,True,False,True,True,False,0
2924,57.290000915527344,5.900000095367432,9.920000076293944,0.4549700021743774,16,False,True,False,False,True,True,False,True,False,False,True,False,True,False,True,True,False,0
2925,36.779998779296875,5.900000095367432,9.920000076293944,0.4549700021743774,12,True,False,False,True,False,True,False,True,False,True,False,False,True,False,True,True,False,0
2926,50.380001068115234,5.900000095367432,9.920000076293944,0.4549700021743774,16,True,False,False,True,False,True,False,True,False,True,False,False,True,False,True,True,False,0
2927,60.119998931884766,5.900000095367432,9.920000076293944,0.4549700021743774,13,True,False,False,True,False,True,False,True,False,False,True,False,True,False,True,True,False,0
2928,52.619998931884766,5.900000095367432,9.920000076293944,0.4549700021743774,12,True,False,False,True,False,True,False,True,False,False,True,False,True,False,True,True,False,0
2929,35.06999969482422,5.900000095367432,9.920000076293944,0.4549700021743774,13,False,True,False,True,False,True,False,True,False,False,True,False,True,False,True,True,False,0
2930,41.91999816894531,5.900000095367432,9.920000076293944,0.4549700021743774,12,False,True,False,True,False,True,False,True,False,False,True,False,True,False,True,True,False,0
2931,37.849998474121094,5.900000095367432,9.920000076293944,0.4549700021743774,12,False,True,False,True,False,False,True,True,False,False,True,False,True,True,False,True,False,0
2932,58.529998779296875,5.900000095367432,9.920000076293944,0.4549700021743774,14,True,False,False,False,True,True,False,True,False,False,True,False,True,False,True,True,False,0
2933,47.810001373291016,5.900000095367432,9.920000076293944,0.4549700021743774,15,True,False,False,True,False,True,False,True,False,True,False,False,True,False,True,True,False,0
2934,55.939998626708984,5.900000095367432,9.920000076293944,0.4549700021743774,17,True,False,False,True,False,True,False,True,False,False,True,False,True,False,True,True,False,0
2935,51.95000076293945,5.900000095367432,9.920000076293944,0.4549700021743774,14,True,False,False,True,False,True,False,True,False,False,True,False,True,False,True,True,False,0
2936,53.22999954223633,5.900000095367432,9.920000076293944,0.4549700021743774,13,False,True,False,True,False,True,False,True,False,False,True,False,True,False,True,True,False,0
2937,62.0099983215332,4.800000190734863,9.920000076293944,0.4549700021743774,15,True,False,True,False,False,True,False,True,False,False,True,True,False,False,True,True,False,1
2938,41.36000061035156,4.800000190734863,9.920000076293944,0.4549700021743774,12,False,True,False,True,False,True,False,True,False,False,True,True,False,False,True,True,False,1
2939,39.9900016784668,4.800000190734863,9.920000076293944,0.4549700021743774,13,False,True,False,True,False,True,False,True,False,False,True,True,False,False,True,True,False,1
2940,42.779998779296875,4.800000190734863,9.920000076293944,0.4549700021743774,12,True,False,False,True,False,True,False,True,False,False,True,True,False,False,True,True,False,1
2941,55.09000015258789,4.800000190734863,9.920000076293944,0.4549700021743774,12,False,True,False,True,False,True,False,True,False,True,False,True,False,False,True,True,False,1
2942,37.77000045776367,4.800000190734863,9.920000076293944,0.4549700021743774,16,False,True,False,True,False,True,False,True,False,False,True,True,False,True,False,True,False,1
2943,68.0999984741211,4.800000190734863,9.920000076293944,0.4549700021743774,16,False,True,False,False,True,True,False,False,True,False,True,True,False,True,False,True,False,1
2944,59.52000045776367,4.800000190734863,9.920000076293944,0.4549700021743774,16,False,True,False,True,False,True,False,True,False,False,True,True,False,False,True,True,False,1
2945,39.2400016784668,4.800000190734863,9.920000076293944,0.4549700021743774,14,False,True,False,True,False,True,False,True,False,False,True,True,False,False,True,True,False,1
2946,47.560001373291016,4.800000190734863,9.920000076293944,0.4549700021743774,12,False,True,False,True,False,True,False,True,False,False,True,True,False,False,True,True,False,1
2947,55.040000915527344,4.800000190734863,9.920000076293944,0.4549700021743774,12,True,False,False,False,True,True,False,True,False,False,True,True,False,False,True,True,False,1
2948,43.81999969482422,10.800000190734863,9.920000076293944,0.4549700021743774,12,True,False,False,True,False,True,False,True,False,False,True,False,True,False,True,True,False,0
2949,47.130001068115234,10.800000190734863,9.920000076293944,0.4549700021743774,14,False,True,False,True,False,True,False,True,False,False,True,False,True,True,False,True,False,0
2950,43.15999984741211,10.800000190734863,9.920000076293944,0.4549700021743774,12,False,True,False,True,False,True,False,True,False,False,True,False,True,True,False,True,False,0
2951,53.93000030517578,10.800000190734863,9.920000076293944,0.4549700021743774,14,False,True,False,True,False,True,False,True,False,False,True,False,True,False,True,True,False,0
2952,48.630001068115234,10.800000190734863,9.920000076293944,0.4549700021743774,16,False,True,False,True,False,True,False,True,False,False,True,False,True,False,True,True,False,0
2953,37.189998626708984,10.800000190734863,9.920000076293944,0.4549700021743774,15,True,False,False,True,False,True,False,True,False,False,True,False,True,False,True,True,False,0
2954,42.900001525878906,5.900000095367432,9.920000076293944,0.4549700021743774,12,False,True,False,False,True,True,False,True,False,True,False,False,True,False,True,True,False,0
2955,50.0099983215332,5.900000095367432,9.920000076293944,0.4549700021743774,12,False,True,True,False,False,True,False,True,False,True,False,False,True,False,True,True,False,0
2956,44.18000030517578,5.900000095367432,9.920000076293944,0.4549700021743774,12,True,False,False,True,False,True,False,True,False,False,True,False,True,False,True,True,False,0
2957,52.43000030517578,5.900000095367432,9.920000076293944,0.4549700021743774,12,False,True,False,False,True,True,False,True,False,False,True,False,True,False,True,True,False,0
2958,49.439998626708984,5.900000095367432,9.920000076293944,0.4549700021743774,14,True,False,True,False,False,False,True,False,True,True,False,False,True,False,True,True,False,0
2959,35.060001373291016,5.900000095367432,9.920000076293944,0.4549700021743774,12,False,True,True,False,False,True,False,True,False,True,False,False,True,False,True,True,False,0
2960,37.720001220703125,5.900000095367432,9.920000076293944,0.4549700021743774,12,False,True,True,False,False,True,False,True,False,False,True,False,True,False,True,True,False,0
2961,39.29999923706055,9.100000381469728,9.920000076293944,0.4549700021743774,13,False,True,False,True,False,True,False,True,False,False,True,False,True,False,True,True,False,1
2962,49.880001068115234,9.100000381469728,9.920000076293944,0.4549700021743774,15,False,True,False,True,False,True,False,True,False,True,False,False,True,False,True,True,False,1
2963,38.95000076293945,9.100000381469728,9.920000076293944,0.4549700021743774,18,True,False,False,True,False,True,False,True,False,False,True,False,True,True,False,True,False,1
2964,47.310001373291016,9.100000381469728,9.920000076293944,0.4549700021743774,16,False,True,False,True,False,True,False,True,False,False,True,False,True,False,True,True,False,1
2965,41.630001068115234,9.100000381469728,9.920000076293944,0.4549700021743774,12,False,True,False,True,False,True,False,True,False,False,True,False,True,False,True,True,False,1
2966,42.439998626708984,9.100000381469728,9.920000076293944,0.4549700021743774,12,True,False,False,True,False,True,False,False,True,False,True,False,True,True,False,True,False,1
2967,37.2599983215332,9.100000381469728,9.920000076293944,0.4549700021743774,13,True,False,False,True,False,True,False,True,False,True,False,False,True,False,True,True,False,1
2968,53.04999923706055,5.900000095367432,9.920000076293944,0.4549700021743774,12,False,True,False,True,False,True,False,True,False,False,True,False,True,True,False,True,False,1
2969,56.119998931884766,5.900000095367432,9.920000076293944,0.4549700021743774,12,False,True,False,True,False,True,False,True,False,True,False,False,True,False,True,True,False,1
2970,39.83000183105469,5.900000095367432,9.920000076293944,0.4549700021743774,12,False,True,True,False,False,True,False,True,False,False,True,False,True,False,True,True,False,1
2971,45.650001525878906,5.900000095367432,9.920000076293944,0.4549700021743774,13,True,False,True,False,False,True,False,True,False,False,True,False,True,False,True,True,False,1
2972,46.810001373291016,5.900000095367432,9.920000076293944,0.4549700021743774,13,True,False,False,False,True,True,False,True,False,False,True,False,True,False,True,True,False,1
2973,42.9900016784668,5.900000095367432,9.920000076293944,0.4549700021743774,15,True,False,False,False,True,True,False,True,False,False,True,False,True,True,False,True,False,1
2974,65.06999969482422,5.900000095367432,9.920000076293944,0.4549700021743774,17,False,True,False,True,False,True,False,True,False,False,True,False,True,True,False,True,False,1
2975,42.84000015258789,5.900000095367432,9.920000076293944,0.4549700021743774,13,True,False,False,True,False,True,False,True,False,True,False,True,False,False,True,True,False,0
2976,50.41999816894531,5.900000095367432,9.920000076293944,0.4549700021743774,16,True,False,False,True,False,True,False,True,False,False,True,True,False,True,False,True,False,0
2977,59.22999954223633,5.900000095367432,9.920000076293944,0.4549700021743774,15,False,True,False,True,False,False,True,True,False,False,True,True,False,True,False,True,False,0
2978,43.040000915527344,5.900000095367432,9.920000076293944,0.4549700021743774,12,False,True,False,False,True,True,False,True,False,False,True,True,False,False,True,True,False,0
2979,41.040000915527344,5.900000095367432,9.920000076293944,0.4549700021743774,14,True,False,False,True,False,True,False,True,False,False,True,False,True,False,True,True,False,0
2980,41.79999923706055,5.900000095367432,9.920000076293944,0.4549700021743774,12,True,False,False,True,False,True,False,True,False,False,True,False,True,False,True,True,False,0
2981,40.720001220703125,5.900000095367432,9.920000076293944,0.4549700021743774,13,False,True,False,True,False,True,False,True,False,True,False,False,True,False,True,True,False,0
2982,47.04999923706055,5.900000095367432,9.920000076293944,0.4549700021743774,14,True,False,False,True,False,True,False,True,False,False,True,False,True,False,True,True,False,0
2983,38.869998931884766,5.900000095367432,9.920000076293944,0.4549700021743774,12,True,False,False,True,False,True,False,True,False,True,False,False,True,False,True,True,False,0
2984,49.93000030517578,5.900000095367432,9.920000076293944,0.4549700021743774,12,True,False,False,True,False,True,False,True,False,False,True,False,True,False,True,True,False,0
2985,55.47999954223633,5.900000095367432,9.920000076293944,0.4549700021743774,18,True,False,False,True,False,True,False,True,False,False,True,False,True,False,True,True,False,0
2986,54.2400016784668,5.900000095367432,9.920000076293944,0.4549700021743774,14,False,True,False,True,False,True,False,True,False,False,True,False,True,False,True,True,False,0
2987,53.060001373291016,5.900000095367432,9.920000076293944,0.4549700021743774,12,False,True,False,True,False,True,False,True,False,False,True,False,True,False,True,True,False,0
2988,37.08000183105469,5.900000095367432,9.920000076293944,0.4549700021743774,12,False,True,False,True,False,True,False,True,False,True,False,False,True,False,True,True,False,0
2989,37.25,5.900000095367432,9.920000076293944,0.4549700021743774,12,False,True,False,True,False,True,False,True,False,False,True,False,True,False,True,True,False,0
2990,36.09000015258789,5.900000095367432,9.920000076293944,0.4549700021743774,12,True,False,False,True,False,True,False,True,False,True,False,False,True,False,True,True,False,0
2991,60.0,5.900000095367432,9.920000076293944,0.4549700021743774,13,False,True,False,True,False,True,False,True,False,False,True,False,True,False,True,True,False,0
2992,44.47999954223633,5.900000095367432,9.920000076293944,0.4549700021743774,12,False,True,False,True,False,True,False,True,False,True,False,False,True,False,True,True,False,0
2993,43.650001525878906,5.900000095367432,9.920000076293944,0.4549700021743774,12,True,False,False,True,False,True,False,True,False,False,True,False,True,True,False,True,False,0
2994,52.36000061035156,5.900000095367432,9.920000076293944,0.4549700021743774,13,True,False,False,True,False,True,False,True,False,False,True,False,True,False,True,True,False,0
2995,48.939998626708984,9.100000381469728,9.920000076293944,0.4549700021743774,15,False,True,False,True,False,True,False,True,False,False,True,False,True,False,True,True,False,0
2996,36.31999969482422,9.100000381469728,9.920000076293944,0.4549700021743774,12,False,True,False,True,False,True,False,True,False,True,False,False,True,False,True,True,False,0
2997,53.40999984741211,9.100000381469728,9.920000076293944,0.4549700021743774,16,False,True,False,True,False,True,False,True,False,False,True,False,True,False,True,True,False,0
2998,34.83000183105469,9.100000381469728,9.920000076293944,0.4549700021743774,12,True,False,False,True,False,True,False,True,False,True,False,False,True,False,True,True,False,0
2999,43.95000076293945,9.100000381469728,9.920000076293944,0.4549700021743774,15,True,False,False,True,False,True,False,True,False,False,True,False,True,False,True,True,False,0
3000,40.83000183105469,9.100000381469728,9.920000076293944,0.4549700021743774,13,True,False,False,True,False,True,False,True,False,False,True,False,True,False,True,True,False,0
3001,50.58000183105469,9.100000381469728,9.920000076293944,0.4549700021743774,13,False,True,False,True,False,True,False,True,False,True,False,False,True,False,True,True,False,0
3002,57.22999954223633,9.100000381469728,9.920000076293944,0.4549700021743774,12,False,True,False,True,False,True,False,True,False,False,True,False,True,False,True,True,False,0
3003,62.7400016784668,9.100000381469728,9.920000076293944,0.4549700021743774,14,False,True,False,True,False,True,False,True,False,False,True,False,True,False,True,True,False,0
3004,48.58000183105469,9.100000381469728,9.920000076293944,0.4549700021743774,12,False,True,False,True,False,True,False,True,False,False,True,False,True,False,True,True,False,0
3005,43.52000045776367,9.100000381469728,9.920000076293944,0.4549700021743774,15,True,False,False,True,False,True,False,True,False,False,True,False,True,False,True,True,False,0
3006,41.720001220703125,9.100000381469728,9.920000076293944,0.4549700021743774,12,False,True,False,True,False,True,False,True,False,False,True,False,True,False,True,True,False,0
3007,48.540000915527344,12.800000190734863,9.920000076293944,0.4549700021743774,14,False,True,False,True,False,True,False,True,False,False,True,False,True,False,True,True,False,0
3008,49.45000076293945,12.800000190734863,9.920000076293944,0.4549700021743774,15,True,False,False,True,False,True,False,True,False,False,True,False,True,False,True,True,False,0
3009,40.33000183105469,12.800000190734863,9.920000076293944,0.4549700021743774,13,True,False,False,True,False,True,False,True,False,False,True,False,True,False,True,True,False,0
3010,47.88999938964844,12.800000190734863,9.920000076293944,0.4549700021743774,16,False,True,False,True,False,True,False,True,False,False,True,False,True,True,False,True,False,0
3011,48.290000915527344,12.800000190734863,9.920000076293944,0.4549700021743774,12,True,False,False,True,False,True,False,True,False,False,True,False,True,False,True,True,False,0
3012,45.91999816894531,12.800000190734863,9.920000076293944,0.4549700021743774,16,True,False,False,False,True,False,True,True,False,False,True,False,True,False,True,True,False,0
3013,50.79999923706055,12.800000190734863,9.920000076293944,0.4549700021743774,18,True,False,False,True,False,True,False,True,False,False,True,False,True,False,True,True,False,0
3014,49.810001373291016,12.800000190734863,9.920000076293944,0.4549700021743774,12,True,False,False,True,False,True,False,True,False,False,True,False,True,False,True,True,False,0
3015,48.59000015258789,5.099999904632568,9.920000076293944,0.4549700021743774,12,False,True,False,True,False,True,False,True,False,False,True,True,False,False,True,True,False,1
3016,37.400001525878906,5.099999904632568,9.920000076293944,0.4549700021743774,12,True,False,False,True,False,True,False,True,False,False,True,True,False,False,True,True,False,1
3017,43.060001373291016,5.099999904632568,9.920000076293944,0.4549700021743774,17,False,True,False,True,False,True,False,True,False,False,True,True,False,False,True,True,False,1
3018,38.86000061035156,5.099999904632568,9.920000076293944,0.4549700021743774,12,False,True,False,True,False,True,False,True,False,False,True,True,False,False,True,True,False,1
3019,32.20000076293945,5.099999904632568,9.920000076293944,0.4549700021743774,12,True,False,False,True,False,True,False,True,False,False,True,True,False,False,True,True,False,1
3020,33.5,5.099999904632568,9.920000076293944,0.4549700021743774,12,False,True,False,True,False,True,False,True,False,False,True,True,False,False,True,True,False,1
3021,38.810001373291016,5.099999904632568,9.920000076293944,0.4549700021743774,12,True,False,False,True,False,True,False,True,False,False,True,True,False,False,True,True,False,1
3022,37.7599983215332,5.099999904632568,9.920000076293944,0.4549700021743774,12,True,False,False,True,False,True,False,True,False,False,True,True,False,False,True,True,False,1
3023,63.68000030517578,5.099999904632568,9.920000076293944,0.4549700021743774,16,True,False,False,False,True,True,False,True,False,True,False,True,False,False,True,True,False,1
3024,45.130001068115234,5.099999904632568,9.920000076293944,0.4549700021743774,12,True,False,False,True,False,True,False,True,False,False,True,True,False,False,True,True,False,1
3025,34.18000030517578,5.099999904632568,9.920000076293944,0.4549700021743774,13,True,False,False,True,False,True,False,True,False,False,True,True,False,False,True,True,False,1
3026,45.88999938964844,5.900000095367432,9.920000076293944,0.4549700021743774,12,False,True,False,True,False,True,False,True,False,False,True,False,True,False,True,True,False,0
3027,36.52000045776367,5.900000095367432,9.920000076293944,0.4549700021743774,12,True,False,False,True,False,True,False,True,False,True,False,False,True,False,True,True,False,0
3028,38.459999084472656,5.900000095367432,9.920000076293944,0.4549700021743774,12,False,True,False,True,False,True,False,True,False,False,True,False,True,False,True,True,False,0
3029,38.349998474121094,5.900000095367432,9.920000076293944,0.4549700021743774,12,True,False,False,True,False,True,False,True,False,True,False,False,True,False,True,True,False,0
3030,33.349998474121094,5.900000095367432,9.920000076293944,0.4549700021743774,12,True,False,False,True,False,True,False,True,False,False,True,False,True,False,True,True,False,0
3031,45.33000183105469,5.900000095367432,9.920000076293944,0.4549700021743774,12,False,True,False,True,False,True,False,True,False,False,True,False,True,False,True,True,False,0
3032,44.58000183105469,12.800000190734863,9.920000076293944,0.4549700021743774,16,False,True,False,True,False,True,False,True,False,False,True,True,False,False,True,True,False,0
3033,60.29999923706055,12.800000190734863,9.920000076293944,0.4549700021743774,15,False,True,False,True,False,False,True,True,False,False,True,True,False,True,False,True,False,0
3034,42.0,12.800000190734863,9.920000076293944,0.4549700021743774,16,True,False,False,True,False,True,False,True,False,False,True,True,False,False,True,True,False,0
3035,51.38999938964844,12.800000190734863,9.920000076293944,0.4549700021743774,17,False,True,False,True,False,False,True,True,False,False,True,True,False,True,False,True,False,0
3036,50.880001068115234,12.800000190734863,9.920000076293944,0.4549700021743774,16,False,True,False,True,False,True,False,True,False,False,True,True,False,False,True,True,False,0
3037,41.150001525878906,12.800000190734863,9.920000076293944,0.4549700021743774,12,False,True,False,True,False,True,False,True,False,True,False,True,False,False,True,True,False,0
3038,45.97999954223633,12.800000190734863,9.920000076293944,0.4549700021743774,17,True,False,False,True,False,True,False,True,False,False,True,True,False,False,True,True,False,0
3039,57.279998779296875,12.800000190734863,9.920000076293944,0.4549700021743774,17,True,False,False,True,False,True,False,True,False,False,True,True,False,False,True,True,False,0
3040,49.560001373291016,12.800000190734863,9.920000076293944,0.4549700021743774,12,True,False,False,True,False,True,False,True,False,False,True,True,False,False,True,True,False,0
3041,61.380001068115234,12.800000190734863,9.920000076293944,0.4549700021743774,15,False,True,False,True,False,True,False,True,False,False,True,True,False,False,True,True,False,0
3042,53.09000015258789,12.800000190734863,9.920000076293944,0.4549700021743774,16,False,True,False,True,False,True,False,True,False,False,True,True,False,False,True,True,False,0
3043,49.04999923706055,5.900000095367432,9.920000076293944,0.4549700021743774,12,False,True,False,True,False,True,False,True,False,False,True,False,True,False,True,True,False,0
3044,40.470001220703125,5.900000095367432,9.920000076293944,0.4549700021743774,14,False,True,False,True,False,True,False,True,False,False,True,False,True,False,True,True,False,0
3045,36.15999984741211,5.900000095367432,9.920000076293944,0.4549700021743774,12,False,True,False,True,False,True,False,True,False,False,True,False,True,False,True,True,False,0
3046,54.939998626708984,5.900000095367432,9.920000076293944,0.4549700021743774,15,True,False,False,True,False,True,False,True,False,False,True,False,True,False,True,True,False,0
3047,38.290000915527344,5.900000095367432,9.920000076293944,0.4549700021743774,12,True,False,False,True,False,True,False,True,False,True,False,False,True,False,True,True,False,0
3048,36.43000030517578,5.900000095367432,9.920000076293944,0.4549700021743774,13,False,True,False,True,False,True,False,True,False,False,True,False,True,False,True,True,False,0
3049,45.06999969482422,10.399999618530272,9.920000076293944,0.4549700021743774,12,False,True,False,True,False,True,False,True,False,True,False,True,False,False,True,True,False,1
3050,37.15999984741211,10.399999618530272,9.920000076293944,0.4549700021743774,14,True,False,False,True,False,True,False,True,False,False,True,True,False,False,True,True,False,1
3051,66.7300033569336,10.399999618530272,9.920000076293944,0.4549700021743774,16,False,True,False,True,False,True,False,True,False,False,True,True,False,False,True,True,False,1
3052,48.2599983215332,10.399999618530272,9.920000076293944,0.4549700021743774,14,False,True,False,True,False,True,False,True,False,False,True,True,False,False,True,True,False,1
3053,38.0099983215332,10.399999618530272,9.920000076293944,0.4549700021743774,12,False,True,False,True,False,True,False,True,False,False,True,True,False,False,True,True,False,1
3054,54.81999969482422,10.399999618530272,9.920000076293944,0.4549700021743774,14,True,False,False,False,True,True,False,True,False,False,True,True,False,False,True,True,False,1
3055,53.790000915527344,10.399999618530272,9.920000076293944,0.4549700021743774,16,True,False,False,True,False,True,False,True,False,False,True,True,False,False,True,True,False,1
3056,50.130001068115234,10.399999618530272,9.920000076293944,0.4549700021743774,15,False,True,False,True,False,True,False,True,False,True,False,True,False,False,True,True,False,1
3057,52.060001373291016,10.399999618530272,9.920000076293944,0.4549700021743774,12,False,True,False,True,False,True,False,True,False,False,True,True,False,False,True,True,False,1
3058,63.779998779296875,3.200000047683716,9.920000076293944,0.4549700021743774,12,True,False,False,False,True,True,False,True,False,False,True,True,False,False,True,True,False,1
3059,43.7400016784668,3.200000047683716,9.920000076293944,0.4549700021743774,12,True,False,False,True,False,True,False,True,False,False,True,True,False,False,True,True,False,1
3060,57.75,5.900000095367432,9.920000076293944,0.4549700021743774,16,False,True,False,True,False,True,False,True,False,False,True,False,True,False,True,True,False,0
3061,61.790000915527344,5.900000095367432,9.920000076293944,0.4549700021743774,13,True,False,False,True,False,True,False,True,False,False,True,False,True,True,False,True,False,0
3062,65.5999984741211,5.900000095367432,9.920000076293944,0.4549700021743774,15,False,True,False,True,False,True,False,True,False,False,True,False,True,False,True,True,False,0
3063,61.77000045776367,5.900000095367432,9.920000076293944,0.4549700021743774,16,False,True,False,True,False,True,False,True,False,False,True,False,True,False,True,True,False,0
3064,59.459999084472656,5.900000095367432,9.920000076293944,0.4549700021743774,15,False,True,False,True,False,False,True,True,False,False,True,False,True,False,True,True,False,0
3065,55.97999954223633,5.900000095367432,9.920000076293944,0.4549700021743774,16,False,True,False,True,False,True,False,True,False,False,True,False,True,False,True,True,False,0
3066,59.83000183105469,5.900000095367432,9.920000076293944,0.4549700021743774,16,False,True,False,True,False,False,True,False,True,False,True,False,True,False,True,True,False,0
3067,51.72999954223633,5.900000095367432,9.920000076293944,0.4549700021743774,16,False,True,False,True,False,True,False,True,False,False,True,False,True,True,False,True,False,0
3068,51.16999816894531,5.900000095367432,9.920000076293944,0.4549700021743774,13,True,False,False,True,False,True,False,True,False,False,True,False,True,False,True,True,False,0
3069,65.75,5.900000095367432,9.920000076293944,0.4549700021743774,16,True,False,False,True,False,True,False,True,False,False,True,False,True,False,True,True,False,0
3070,56.599998474121094,5.900000095367432,9.920000076293944,0.4549700021743774,12,True,False,False,True,False,True,False,True,False,False,True,False,True,False,True,True,False,0
3071,52.27000045776367,5.900000095367432,9.920000076293944,0.4549700021743774,12,True,False,False,True,False,True,False,True,False,True,False,False,True,False,True,True,False,0
3072,58.66999816894531,5.900000095367432,9.920000076293944,0.4549700021743774,16,True,False,False,True,False,True,False,True,False,False,True,False,True,False,True,True,False,0
3073,38.4900016784668,5.900000095367432,9.920000076293944,0.4549700021743774,12,False,True,False,True,False,True,False,True,False,True,False,False,True,True,False,True,False,0
3074,46.349998474121094,5.900000095367432,9.920000076293944,0.4549700021743774,12,True,False,True,False,False,True,False,True,False,False,True,False,True,False,True,True,False,0
3075,51.13999938964844,5.900000095367432,9.920000076293944,0.4549700021743774,12,False,True,False,True,False,True,False,True,False,False,True,False,True,False,True,True,False,0
3076,36.560001373291016,5.900000095367432,9.920000076293944,0.4549700021743774,12,False,True,False,True,False,True,False,True,False,False,True,False,True,False,True,True,False,0
3077,44.08000183105469,5.900000095367432,9.920000076293944,0.4549700021743774,12,True,False,False,True,False,True,False,True,False,False,True,False,True,False,True,True,False,0
3078,46.36000061035156,5.900000095367432,9.920000076293944,0.4549700021743774,12,False,True,False,True,False,True,False,True,False,False,True,False,True,False,True,True,False,0
3079,43.849998474121094,5.900000095367432,9.920000076293944,0.4549700021743774,13,False,True,False,True,False,True,False,True,False,False,True,False,True,False,True,True,False,0
3080,51.560001373291016,12.800000190734863,9.920000076293944,0.4549700021743774,12,False,True,False,True,False,True,False,True,False,False,True,False,True,False,True,True,False,1
3081,40.439998626708984,12.800000190734863,9.920000076293944,0.4549700021743774,12,False,True,False,True,False,True,False,True,False,False,True,False,True,False,True,True,False,1
3082,46.9900016784668,12.800000190734863,9.920000076293944,0.4549700021743774,12,False,True,False,True,False,True,False,True,False,False,True,False,True,False,True,True,False,1
3083,43.09000015258789,12.800000190734863,9.920000076293944,0.4549700021743774,14,True,False,False,True,False,True,False,False,True,False,True,False,True,True,False,True,False,1
3084,38.75,12.800000190734863,9.920000076293944,0.4549700021743774,12,False,True,False,True,False,True,False,True,False,False,True,False,True,False,True,True,False,1
3085,43.939998626708984,12.800000190734863,9.920000076293944,0.4549700021743774,15,True,False,False,True,False,True,False,True,False,False,True,False,True,False,True,True,False,1
3086,40.900001525878906,5.0,9.920000076293944,0.4549700021743774,12,True,False,False,True,False,True,False,True,False,True,False,True,False,False,True,True,False,1
3087,53.11000061035156,5.0,9.920000076293944,0.4549700021743774,15,True,False,False,True,False,True,False,True,False,True,False,True,False,False,True,True,False,1
3088,36.83000183105469,5.0,9.920000076293944,0.4549700021743774,12,True,False,False,True,False,True,False,True,False,False,True,True,False,False,True,True,False,1
3089,62.33000183105469,5.0,9.920000076293944,0.4549700021743774,12,False,True,False,False,True,True,False,True,False,False,True,True,False,False,True,True,False,1
3090,49.54999923706055,5.0,9.920000076293944,0.4549700021743774,12,False,True,False,True,False,True,False,True,False,False,True,True,False,False,True,True,False,1
3091,39.5,5.0,9.920000076293944,0.4549700021743774,12,False,True,False,True,False,True,False,True,False,True,False,True,False,True,False,True,False,1
3092,38.119998931884766,5.900000095367432,9.920000076293944,0.4549700021743774,12,True,False,False,True,False,True,False,True,False,False,True,True,False,False,True,True,False,1
3093,47.310001373291016,5.900000095367432,9.920000076293944,0.4549700021743774,12,False,True,False,True,False,False,True,False,True,False,True,True,False,True,False,True,False,1
3094,39.959999084472656,5.900000095367432,9.920000076293944,0.4549700021743774,12,False,True,False,True,False,True,False,True,False,False,True,True,False,False,True,True,False,1
3095,53.90999984741211,5.900000095367432,9.920000076293944,0.4549700021743774,14,False,True,False,True,False,True,False,True,False,False,True,True,False,False,True,True,False,1
3096,36.709999084472656,5.900000095367432,9.920000076293944,0.4549700021743774,12,False,True,False,True,False,True,False,True,False,False,True,True,False,False,True,True,False,1
3097,56.810001373291016,5.900000095367432,9.920000076293944,0.4549700021743774,12,False,True,False,False,True,True,False,True,False,False,True,True,False,False,True,True,False,1
3098,67.63999938964844,5.900000095367432,9.920000076293944,0.4549700021743774,13,False,True,False,True,False,True,False,True,False,False,True,True,False,False,True,True,False,1
3099,41.7400016784668,4.900000095367432,9.920000076293944,0.4549700021743774,12,True,False,False,True,False,True,False,True,False,True,False,True,False,False,True,True,False,0
3100,36.06999969482422,4.900000095367432,9.920000076293944,0.4549700021743774,17,False,True,False,True,False,True,False,True,False,False,True,True,False,False,True,True,False,0
3101,46.720001220703125,4.900000095367432,9.920000076293944,0.4549700021743774,14,False,True,False,True,False,True,False,True,False,False,True,True,False,True,False,True,False,0
3102,64.11000061035156,4.900000095367432,9.920000076293944,0.4549700021743774,14,True,False,False,False,True,True,False,True,False,False,True,True,False,False,True,True,False,0
3103,40.40999984741211,4.900000095367432,9.920000076293944,0.4549700021743774,12,False,True,False,True,False,True,False,True,False,False,True,True,False,False,True,True,False,0
3104,53.84000015258789,4.900000095367432,9.920000076293944,0.4549700021743774,12,False,True,False,False,True,True,False,True,False,True,False,True,False,False,True,True,False,0
3105,50.400001525878906,4.900000095367432,9.920000076293944,0.4549700021743774,13,False,True,False,True,False,False,True,True,False,True,False,True,False,False,True,True,False,0
3106,40.47999954223633,4.900000095367432,9.920000076293944,0.4549700021743774,12,True,False,False,True,False,True,False,True,False,False,True,True,False,False,True,True,False,0
3107,39.09000015258789,6.800000190734863,9.920000076293944,0.4549700021743774,18,True,False,False,True,False,True,False,True,False,False,True,True,False,True,False,True,False,1
3108,47.47999954223633,6.800000190734863,9.920000076293944,0.4549700021743774,13,True,False,False,True,False,True,False,True,False,False,True,True,False,False,True,True,False,1
3109,40.630001068115234,6.800000190734863,9.920000076293944,0.4549700021743774,15,True,False,False,True,False,True,False,True,False,True,False,True,False,False,True,True,False,1
3110,52.810001373291016,6.800000190734863,9.920000076293944,0.4549700021743774,15,False,True,False,True,False,True,False,True,False,False,True,True,False,False,True,True,False,1
3111,38.06999969482422,6.800000190734863,9.920000076293944,0.4549700021743774,12,False,True,False,True,False,True,False,True,False,False,True,True,False,False,True,True,False,1
3112,44.279998779296875,6.800000190734863,9.920000076293944,0.4549700021743774,12,True,False,False,True,False,True,False,True,False,False,True,True,False,False,True,True,False,1
3113,41.279998779296875,6.800000190734863,9.920000076293944,0.4549700021743774,12,False,True,False,True,False,True,False,True,False,False,True,True,False,False,True,True,False,1
3114,54.91999816894531,6.800000190734863,9.920000076293944,0.4549700021743774,17,True,False,False,True,False,True,False,True,False,True,False,True,False,False,True,True,False,1
3115,50.939998626708984,6.800000190734863,9.920000076293944,0.4549700021743774,13,True,False,False,True,False,True,False,True,False,False,True,True,False,False,True,True,False,1
3116,41.09000015258789,6.800000190734863,9.920000076293944,0.4549700021743774,12,False,True,False,True,False,True,False,True,False,False,True,True,False,False,True,True,False,1
3117,46.58000183105469,6.800000190734863,9.920000076293944,0.4549700021743774,12,False,True,False,True,False,True,False,True,False,False,True,True,False,False,True,True,False,1
3118,48.31999969482422,6.800000190734863,9.920000076293944,0.4549700021743774,14,True,False,False,True,False,True,False,True,False,False,True,True,False,False,True,True,False,1
3119,38.220001220703125,24.899999618530273,9.920000076293944,0.4549700021743774,12,False,True,False,True,False,True,False,True,False,False,True,True,False,False,True,True,False,1
3120,38.880001068115234,24.899999618530273,9.920000076293944,0.4549700021743774,16,True,False,False,True,False,True,False,True,False,False,True,True,False,False,True,True,False,1
3121,50.83000183105469,24.899999618530273,9.920000076293944,0.4549700021743774,14,True,False,False,True,False,True,False,True,False,True,False,True,False,False,True,True,False,1
3122,62.439998626708984,24.899999618530273,9.920000076293944,0.4549700021743774,15,False,True,False,True,False,False,True,True,False,False,True,True,False,False,True,True,False,1
3123,54.25,24.899999618530273,9.920000076293944,0.4549700021743774,15,True,False,False,True,False,True,False,True,False,False,True,True,False,False,True,True,False,1
3124,52.93000030517578,24.899999618530273,9.920000076293944,0.4549700021743774,15,True,False,False,True,False,True,False,True,False,False,True,True,False,True,False,True,False,1
3125,53.900001525878906,24.899999618530273,9.920000076293944,0.4549700021743774,14,False,True,False,True,False,True,False,True,False,False,True,True,False,False,True,True,False,1
3126,52.529998779296875,24.899999618530273,9.920000076293944,0.4549700021743774,15,True,False,False,True,False,True,False,True,False,False,True,True,False,False,True,True,False,1
3127,47.36000061035156,24.899999618530273,9.920000076293944,0.4549700021743774,14,False,True,False,True,False,True,False,True,False,False,True,True,False,False,True,True,False,1
3128,38.59000015258789,24.899999618530273,9.920000076293944,0.4549700021743774,14,True,False,False,True,False,True,False,True,False,False,True,True,False,False,True,True,False,1
3129,42.36000061035156,24.899999618530273,9.920000076293944,0.4549700021743774,12,True,False,False,True,False,True,False,True,False,False,True,True,False,False,True,True,False,1
3130,55.5,24.899999618530273,9.920000076293944,0.4549700021743774,15,True,False,False,True,False,False,True,True,False,False,True,True,False,False,True,True,False,1
3131,49.529998779296875,24.899999618530273,9.920000076293944,0.4549700021743774,16,True,False,False,True,False,True,False,True,False,True,False,True,False,False,True,True,False,1
3132,37.79999923706055,24.899999618530273,9.920000076293944,0.4549700021743774,12,True,False,False,True,False,True,False,True,False,False,True,True,False,False,True,True,False,1
3133,46.220001220703125,24.899999618530273,9.920000076293944,0.4549700021743774,12,True,False,False,True,False,True,False,True,False,False,True,True,False,False,True,True,False,1
3134,35.130001068115234,4.400000095367432,9.920000076293944,0.4549700021743774,12,True,False,False,True,False,True,False,True,False,False,True,True,False,False,True,True,False,1
3135,41.5099983215332,4.400000095367432,9.920000076293944,0.4549700021743774,13,True,False,False,True,False,True,False,True,False,False,True,True,False,False,True,True,False,1
3136,33.970001220703125,4.400000095367432,9.920000076293944,0.4549700021743774,12,False,True,False,True,False,True,False,True,False,False,True,True,False,False,True,True,False,1
3137,39.7400016784668,4.400000095367432,9.920000076293944,0.4549700021743774,12,False,True,False,True,False,True,False,True,False,False,True,True,False,False,True,True,False,1
3138,51.119998931884766,4.400000095367432,9.920000076293944,0.4549700021743774,16,True,False,False,True,False,True,False,False,True,False,True,True,False,False,True,True,False,1
3139,42.70000076293945,9.100000381469728,9.920000076293944,0.4549700021743774,12,False,True,False,True,False,True,False,True,False,False,True,True,False,False,True,True,False,1
3140,38.810001373291016,9.100000381469728,9.920000076293944,0.4549700021743774,12,False,True,False,True,False,True,False,True,False,True,False,True,False,False,True,True,False,1
3141,56.02000045776367,9.100000381469728,9.920000076293944,0.4549700021743774,15,False,True,False,True,False,True,False,True,False,False,True,True,False,False,True,True,False,1
3142,37.86000061035156,9.100000381469728,9.920000076293944,0.4549700021743774,12,True,False,False,True,False,True,False,True,False,False,True,True,False,False,True,True,False,1
3143,37.810001373291016,9.100000381469728,9.920000076293944,0.4549700021743774,12,True,False,False,True,False,True,False,True,False,False,True,True,False,False,True,True,False,1
3144,47.290000915527344,9.100000381469728,9.920000076293944,0.4549700021743774,14,True,False,False,True,False,True,False,True,False,True,False,True,False,False,True,True,False,1
3145,36.45000076293945,9.100000381469728,9.920000076293944,0.4549700021743774,12,True,False,False,True,False,True,False,True,False,False,True,True,False,False,True,True,False,1
3146,46.65999984741211,9.100000381469728,9.920000076293944,0.4549700021743774,15,True,False,False,True,False,True,False,True,False,False,True,True,False,False,True,True,False,1
3147,36.2400016784668,9.100000381469728,9.920000076293944,0.4549700021743774,13,False,True,False,True,False,True,False,True,False,False,True,True,False,False,True,True,False,1
3148,41.79999923706055,4.800000190734863,9.920000076293944,0.4549700021743774,12,True,False,False,True,False,True,False,True,False,False,True,True,False,False,True,True,False,1
3149,41.90999984741211,4.800000190734863,9.920000076293944,0.4549700021743774,12,False,True,False,True,False,True,False,True,False,False,True,True,False,False,True,True,False,1
3150,36.040000915527344,4.800000190734863,9.920000076293944,0.4549700021743774,12,False,True,False,True,False,True,False,True,False,False,True,True,False,False,True,True,False,1
3151,58.13999938964844,4.800000190734863,9.920000076293944,0.4549700021743774,12,False,True,False,False,True,True,False,True,False,True,False,True,False,False,True,True,False,1
3152,34.79999923706055,4.800000190734863,9.920000076293944,0.4549700021743774,12,True,False,False,True,False,True,False,True,False,False,True,True,False,False,True,True,False,1
3153,59.470001220703125,4.699999809265137,9.920000076293944,0.4549700021743774,16,False,True,False,True,False,True,False,True,False,False,True,True,False,True,False,True,False,1
3154,51.04999923706055,9.600000381469728,9.920000076293944,0.4549700021743774,18,False,True,False,True,False,True,False,True,False,False,True,True,False,False,True,True,False,1
3155,48.65999984741211,9.600000381469728,9.920000076293944,0.4549700021743774,12,True,False,False,True,False,True,False,True,False,False,True,True,False,False,True,True,False,1
3156,39.560001373291016,9.600000381469728,9.920000076293944,0.4549700021743774,16,True,False,False,True,False,True,False,True,False,False,True,True,False,False,True,True,False,1
3157,39.97999954223633,9.600000381469728,9.920000076293944,0.4549700021743774,14,False,True,False,True,False,True,False,True,False,False,True,True,False,False,True,True,False,1
3158,34.779998779296875,8.199999809265137,7.539999961853027,0.8187100291252136,12,True,False,True,False,False,True,False,True,False,True,False,False,True,False,True,True,False,0
3159,40.97999954223633,8.199999809265137,7.539999961853027,0.8187100291252136,13,False,True,True,False,False,True,False,True,False,True,False,False,True,False,True,True,False,0
3160,39.349998474121094,8.199999809265137,7.539999961853027,0.8187100291252136,13,False,True,False,True,False,True,False,True,False,True,False,False,True,False,True,True,False,0
3161,36.16999816894531,8.199999809265137,7.539999961853027,0.8187100291252136,12,False,True,False,True,False,True,False,True,False,True,False,False,True,False,True,True,False,0
3162,40.41999816894531,10.699999809265137,10.039999961853027,1.127020001411438,15,True,False,False,True,False,True,False,True,False,True,False,True,False,False,True,True,False,1
3163,42.0,10.699999809265137,10.039999961853027,1.127020001411438,12,True,False,False,True,False,True,False,True,False,True,False,True,False,False,True,True,False,1
3164,46.38999938964844,10.699999809265137,10.039999961853027,1.127020001411438,13,True,False,False,True,False,True,False,True,False,True,False,True,False,False,True,True,False,1
3165,50.2400016784668,10.699999809265137,10.039999961853027,1.127020001411438,15,True,False,False,True,False,True,False,True,False,True,False,True,False,False,True,True,False,1
3166,36.02000045776367,10.699999809265137,10.039999961853027,1.127020001411438,15,False,True,False,True,False,True,False,True,False,True,False,True,False,False,True,True,False,1
3167,51.7599983215332,10.699999809265137,10.039999961853027,1.127020001411438,13,True,False,False,True,False,True,False,False,True,True,False,True,False,False,True,True,False,1
3168,61.310001373291016,10.699999809265137,10.039999961853027,1.127020001411438,17,False,True,False,True,False,True,False,True,False,False,True,True,False,False,True,True,False,1
3169,50.75,10.699999809265137,10.039999961853027,1.127020001411438,12,False,True,False,True,False,True,False,True,False,False,True,True,False,False,True,True,False,1
3170,50.59000015258789,10.699999809265137,10.039999961853027,1.127020001411438,16,True,False,False,True,False,True,False,True,False,True,False,True,False,True,False,True,False,1
3171,51.16999816894531,10.699999809265137,10.039999961853027,1.127020001411438,13,True,False,False,True,False,True,False,True,False,True,False,True,False,False,True,True,False,1
3172,44.040000915527344,10.699999809265137,10.039999961853027,1.127020001411438,14,True,False,False,False,True,True,False,True,False,True,False,True,False,True,False,True,False,1
3173,53.0,10.699999809265137,10.039999961853027,1.127020001411438,12,False,True,False,True,False,True,False,False,True,False,True,True,False,False,True,True,False,1
3174,51.61000061035156,10.699999809265137,10.039999961853027,1.127020001411438,14,True,False,False,True,False,False,True,True,False,True,False,True,False,False,True,True,False,1
3175,57.88999938964844,8.199999809265137,7.539999961853027,0.8187100291252136,12,True,False,True,False,False,True,False,True,False,False,True,True,False,False,True,True,False,1
3176,59.4900016784668,8.199999809265137,7.539999961853027,0.8187100291252136,12,False,True,False,False,True,True,False,True,False,False,True,True,False,False,True,True,False,1
3177,38.869998931884766,8.199999809265137,7.539999961853027,0.8187100291252136,16,True,False,False,False,True,False,True,True,False,False,True,True,False,True,False,True,False,1
3178,63.880001068115234,8.199999809265137,7.539999961853027,0.8187100291252136,16,True,False,False,False,True,True,False,True,False,False,True,True,False,False,True,True,False,1
3179,38.61000061035156,8.199999809265137,7.539999961853027,0.8187100291252136,13,True,False,True,False,False,False,True,False,True,False,True,True,False,False,True,True,False,1
3180,49.86000061035156,8.199999809265137,7.539999961853027,0.8187100291252136,17,False,True,False,True,False,False,True,True,False,False,True,True,False,False,True,True,False,1
3181,41.189998626708984,8.199999809265137,7.539999961853027,0.8187100291252136,12,True,False,False,True,False,True,False,True,False,False,True,False,True,False,True,True,False,0
3182,46.27000045776367,8.199999809265137,7.539999961853027,0.8187100291252136,13,False,True,False,True,False,True,False,True,False,False,True,False,True,False,True,True,False,0
3183,66.97000122070312,8.199999809265137,7.539999961853027,0.8187100291252136,16,False,True,False,False,True,True,False,True,False,False,True,False,True,False,True,True,False,0
3184,59.70000076293945,8.199999809265137,7.539999961853027,0.8187100291252136,15,True,False,False,True,False,True,False,True,False,False,True,False,True,False,True,True,False,0
3185,35.56999969482422,8.199999809265137,7.539999961853027,0.8187100291252136,13,True,False,False,False,True,False,True,True,False,False,True,False,True,True,False,True,False,0
3186,42.779998779296875,8.199999809265137,7.539999961853027,0.8187100291252136,12,False,True,False,True,False,True,False,True,False,False,True,False,True,False,True,True,False,0
3187,58.54999923706055,8.199999809265137,7.539999961853027,0.8187100291252136,15,True,False,False,False,True,True,False,True,False,False,True,False,True,False,True,True,False,0
3188,42.779998779296875,8.199999809265137,7.539999961853027,0.8187100291252136,18,False,True,False,False,True,False,True,False,True,False,True,False,True,True,False,True,False,0
3189,48.06999969482422,8.199999809265137,7.539999961853027,0.8187100291252136,17,True,False,False,True,False,True,False,True,False,False,True,False,True,False,True,True,False,0
3190,38.45000076293945,8.199999809265137,7.539999961853027,0.8187100291252136,12,True,False,False,True,False,False,True,True,False,False,True,False,True,True,False,True,False,0
3191,54.810001373291016,8.199999809265137,7.539999961853027,0.8187100291252136,17,True,False,False,True,False,False,True,True,False,False,True,False,True,True,False,True,False,0
3192,64.33000183105469,8.199999809265137,7.539999961853027,0.8187100291252136,18,False,True,False,True,False,True,False,True,False,False,True,False,True,False,True,True,False,0
3193,48.93000030517578,8.199999809265137,7.539999961853027,0.8187100291252136,12,True,False,False,True,False,False,True,True,False,False,True,False,True,False,True,True,False,0
3194,50.0,8.199999809265137,7.539999961853027,0.8187100291252136,16,True,False,False,True,False,True,False,True,False,False,True,False,True,True,False,True,False,0
3195,48.560001373291016,8.199999809265137,7.539999961853027,0.8187100291252136,16,False,True,False,True,False,False,True,True,False,False,True,False,True,False,True,True,False,0
3196,52.40999984741211,8.199999809265137,7.539999961853027,0.8187100291252136,12,False,True,False,True,False,True,False,True,False,False,True,False,True,False,True,True,False,0
3197,51.79999923706055,8.199999809265137,7.539999961853027,0.8187100291252136,15,False,True,False,True,False,True,False,True,False,False,True,False,True,False,True,True,False,0
3198,54.83000183105469,8.199999809265137,7.539999961853027,0.8187100291252136,14,True,False,False,True,False,True,False,False,True,True,False,False,True,False,True,True,False,0
3199,71.36000061035156,8.199999809265137,7.539999961853027,0.8187100291252136,17,False,True,False,False,True,False,True,False,True,False,True,False,True,False,True,True,False,0
3200,45.93000030517578,8.199999809265137,7.539999961853027,0.8187100291252136,13,True,False,False,True,False,False,True,True,False,True,False,False,True,False,True,True,False,0
3201,60.29999923706055,8.199999809265137,7.539999961853027,0.8187100291252136,12,False,True,False,True,False,True,False,True,False,True,False,False,True,False,True,True,False,0
3202,52.529998779296875,8.199999809265137,7.539999961853027,0.8187100291252136,16,True,False,False,False,True,True,False,True,False,False,True,False,True,True,False,True,False,0
3203,52.5099983215332,8.199999809265137,7.539999961853027,0.8187100291252136,16,True,False,False,True,False,True,False,True,False,False,True,False,True,False,True,True,False,0
3204,59.86000061035156,8.199999809265137,7.539999961853027,0.8187100291252136,16,True,False,False,True,False,True,False,True,False,False,True,False,True,False,True,True,False,0
3205,50.16999816894531,8.199999809265137,7.539999961853027,0.8187100291252136,16,True,False,False,False,True,False,True,False,True,False,True,False,True,True,False,True,False,0
3206,39.79999923706055,8.199999809265137,7.539999961853027,0.8187100291252136,15,True,False,True,False,False,True,False,False,True,False,True,False,True,False,True,True,False,0
3207,51.959999084472656,8.199999809265137,7.539999961853027,0.8187100291252136,13,True,False,False,False,True,True,False,True,False,True,False,True,False,False,True,True,False,0
3208,46.40999984741211,8.199999809265137,7.539999961853027,0.8187100291252136,13,False,True,False,True,False,True,False,True,False,False,True,True,False,False,True,True,False,0
3209,42.43000030517578,8.199999809265137,7.539999961853027,0.8187100291252136,12,True,False,False,True,False,True,False,True,False,False,True,True,False,False,True,True,False,0
3210,49.119998931884766,8.199999809265137,7.539999961853027,0.8187100291252136,12,True,False,False,True,False,True,False,True,False,False,True,True,False,False,True,True,False,0
3211,42.56999969482422,8.199999809265137,7.539999961853027,0.8187100291252136,16,False,True,True,False,False,True,False,True,False,False,True,True,False,False,True,True,False,0
3212,60.97999954223633,8.199999809265137,7.539999961853027,0.8187100291252136,16,False,True,False,True,False,True,False,True,False,False,True,True,False,False,True,True,False,0
3213,50.65999984741211,8.199999809265137,7.539999961853027,0.8187100291252136,15,False,True,False,True,False,True,False,True,False,True,False,True,False,False,True,True,False,0
3214,49.849998474121094,8.199999809265137,7.539999961853027,0.8187100291252136,13,False,True,False,True,False,True,False,True,False,False,True,True,False,True,False,True,False,0
3215,41.36000061035156,8.199999809265137,7.539999961853027,0.8187100291252136,12,False,True,False,True,False,True,False,True,False,False,True,False,True,False,True,True,False,0
3216,50.83000183105469,8.199999809265137,7.539999961853027,0.8187100291252136,14,True,False,False,False,True,True,False,True,False,True,False,False,True,False,True,True,False,0
3217,58.58000183105469,8.199999809265137,7.539999961853027,0.8187100291252136,15,False,True,False,True,False,True,False,True,False,True,False,False,True,False,True,True,False,0
3218,50.209999084472656,8.199999809265137,7.539999961853027,0.8187100291252136,16,True,False,False,True,False,True,False,True,False,True,False,False,True,False,True,True,False,0
3219,42.08000183105469,8.199999809265137,7.539999961853027,0.8187100291252136,13,True,False,False,True,False,False,True,True,False,True,False,False,True,False,True,True,False,0
3220,62.58000183105469,8.199999809265137,7.539999961853027,0.8187100291252136,12,True,False,False,True,False,True,False,True,False,True,False,False,True,False,True,True,False,0
3221,51.900001525878906,8.199999809265137,7.539999961853027,0.8187100291252136,16,False,True,False,True,False,True,False,True,False,False,True,False,True,False,True,True,False,0
3222,51.060001373291016,8.199999809265137,7.539999961853027,0.8187100291252136,14,False,True,False,True,False,True,False,True,False,False,True,False,True,False,True,True,False,0
3223,47.400001525878906,8.199999809265137,7.539999961853027,0.8187100291252136,13,False,True,False,False,True,True,False,True,False,False,True,False,True,True,False,True,False,0
3224,40.790000915527344,8.199999809265137,7.539999961853027,0.8187100291252136,16,False,True,False,True,False,True,False,True,False,False,True,False,True,False,True,True,False,0
3225,53.58000183105469,8.199999809265137,7.539999961853027,0.8187100291252136,16,False,True,False,True,False,True,False,False,True,False,True,False,True,False,True,True,False,0
3226,57.709999084472656,8.199999809265137,7.539999961853027,0.8187100291252136,16,True,False,True,False,False,True,False,True,False,False,True,True,False,False,True,True,False,1
3227,55.88999938964844,8.199999809265137,7.539999961853027,0.8187100291252136,14,True,False,True,False,False,True,False,True,False,False,True,True,False,False,True,True,False,1
3228,42.849998474121094,8.199999809265137,7.539999961853027,0.8187100291252136,12,False,True,False,True,False,True,False,True,False,True,False,True,False,False,True,True,False,1
3229,42.439998626708984,8.199999809265137,7.539999961853027,0.8187100291252136,12,False,True,True,False,False,True,False,True,False,False,True,True,False,False,True,True,False,1
3230,39.11000061035156,8.0,9.640000343322754,1.1524200439453125,12,True,False,False,True,False,True,False,True,False,True,False,False,True,False,True,True,False,0
3231,40.130001068115234,9.5,9.640000343322754,1.1524200439453125,12,False,True,False,False,True,True,False,True,False,False,True,False,True,False,True,True,False,0
3232,67.0199966430664,9.5,9.640000343322754,1.1524200439453125,16,True,False,False,False,True,True,False,True,False,False,True,False,True,False,True,True,False,0
3233,40.779998779296875,9.5,9.640000343322754,1.1524200439453125,14,True,False,True,False,False,True,False,True,False,True,False,False,True,False,True,True,False,0
3234,41.470001220703125,7.0,8.09000015258789,0.8891500234603882,12,False,True,False,False,True,True,False,True,False,True,False,False,True,False,True,True,False,0
3235,42.40999984741211,7.0,8.09000015258789,0.8891500234603882,12,True,False,True,False,False,True,False,True,False,False,True,False,True,False,True,True,False,0
3236,40.380001068115234,7.0,8.09000015258789,0.8891500234603882,14,True,False,True,False,False,False,True,True,False,True,False,False,True,False,True,True,False,0
3237,40.43000030517578,7.0,8.09000015258789,0.8891500234603882,12,True,False,True,False,False,True,False,True,False,False,True,False,True,False,True,True,False,0
3238,44.470001220703125,7.0,8.09000015258789,0.8891500234603882,13,True,False,True,False,False,True,False,True,False,False,True,False,True,True,False,True,False,0
3239,53.27000045776367,7.0,8.09000015258789,0.8891500234603882,12,True,False,False,True,False,True,False,True,False,True,False,False,True,False,True,True,False,0
3240,39.72999954223633,9.199999809265137,9.640000343322754,1.1524200439453125,13,True,False,False,True,False,True,False,True,False,True,False,False,True,False,True,True,False,0
3241,45.52000045776367,9.199999809265137,9.640000343322754,1.1524200439453125,13,True,False,False,False,True,True,False,True,False,True,False,False,True,False,True,True,False,0
3242,44.45000076293945,9.199999809265137,9.640000343322754,1.1524200439453125,12,True,False,False,False,True,True,False,True,False,True,False,False,True,False,True,True,False,0
3243,46.220001220703125,6.5,8.09000015258789,0.8891500234603882,12,True,False,False,False,True,True,False,False,True,False,True,False,True,False,True,True,False,0
3244,51.16999816894531,9.199999809265137,9.640000343322754,1.1524200439453125,12,True,False,False,True,False,True,False,True,False,True,False,False,True,False,True,True,False,0
3245,49.09000015258789,9.199999809265137,9.640000343322754,1.1524200439453125,16,False,True,False,False,True,True,False,True,False,True,False,False,True,False,True,True,False,0
3246,37.18000030517578,8.0,9.640000343322754,1.1524200439453125,14,True,False,True,False,False,True,False,True,False,False,True,False,True,False,True,True,False,0
3247,36.15999984741211,8.0,9.640000343322754,1.1524200439453125,14,True,False,False,False,True,True,False,True,False,False,True,False,True,False,True,True,False,0
3248,41.29999923706055,8.0,9.640000343322754,1.1524200439453125,13,True,False,False,True,False,True,False,True,False,False,True,False,True,False,True,True,False,0
3249,47.68000030517578,8.0,9.640000343322754,1.1524200439453125,13,True,False,False,True,False,True,False,True,False,True,False,False,True,False,True,True,False,0
3250,53.099998474121094,8.0,9.640000343322754,1.1524200439453125,12,True,False,False,True,False,True,False,True,False,True,False,False,True,False,True,True,False,0
3251,54.0099983215332,8.0,9.640000343322754,1.1524200439453125,13,False,True,False,True,False,True,False,True,False,True,False,False,True,False,True,True,False,0
3252,61.36000061035156,8.899999618530273,10.279999732971191,0.9318699836730956,16,True,False,False,False,True,False,True,True,False,False,True,True,False,False,True,True,False,0
3253,59.560001373291016,8.899999618530273,10.279999732971191,0.9318699836730956,17,True,False,False,False,True,True,False,True,False,False,True,True,False,False,True,True,False,0
3254,49.7599983215332,8.899999618530273,10.279999732971191,0.9318699836730956,14,True,False,False,False,True,True,False,True,False,False,True,True,False,False,True,True,False,0
3255,41.279998779296875,8.899999618530273,10.279999732971191,0.9318699836730956,12,True,False,False,False,True,False,True,False,True,False,True,True,False,False,True,True,False,0
3256,56.09000015258789,8.899999618530273,10.279999732971191,0.9318699836730956,12,True,False,False,False,True,True,False,True,False,False,True,True,False,False,True,True,False,0
3257,49.68000030517578,2.5,7.179999828338623,1.1651300191879272,16,False,True,False,True,False,False,True,True,False,False,True,True,False,True,False,True,False,0
3258,62.900001525878906,2.5,7.179999828338623,1.1651300191879272,17,False,True,False,True,False,False,True,False,True,False,True,True,False,True,False,True,False,0
3259,55.529998779296875,2.5,7.179999828338623,1.1651300191879272,15,False,True,False,False,True,False,True,True,False,False,True,True,False,True,False,True,False,0
3260,67.77999877929688,2.5,7.179999828338623,1.1651300191879272,16,False,True,False,True,False,False,True,True,False,False,True,True,False,True,False,True,False,0
3261,69.9000015258789,2.5,7.179999828338623,1.1651300191879272,16,False,True,False,False,True,False,True,False,True,False,True,True,False,True,False,True,False,0
3262,58.880001068115234,6.199999809265137,9.960000038146973,1.4041600227355957,15,False,True,False,False,True,False,True,True,False,False,True,True,False,False,True,True,False,0
3263,60.029998779296875,6.199999809265137,9.960000038146973,1.4041600227355957,15,True,False,False,False,True,True,False,True,False,False,True,True,False,True,False,True,False,0
3264,68.37000274658203,6.199999809265137,9.960000038146973,1.4041600227355957,17,False,True,False,False,True,False,True,True,False,False,True,True,False,False,True,True,False,0
3265,56.560001373291016,6.199999809265137,9.960000038146973,1.4041600227355957,12,True,False,True,False,False,True,False,False,True,True,False,True,False,False,True,True,False,0
3266,41.52000045776367,5.5,7.179999828338623,1.1651300191879272,12,True,False,True,False,False,True,False,True,False,False,True,False,True,False,True,True,False,0
3267,38.2400016784668,5.5,7.179999828338623,1.1651300191879272,13,True,False,True,False,False,True,False,True,False,True,False,False,True,False,True,True,False,0
3268,34.59000015258789,5.5,7.179999828338623,1.1651300191879272,12,False,True,True,False,False,True,False,True,False,False,True,False,True,False,True,True,False,0
3269,36.2400016784668,5.5,7.179999828338623,1.1651300191879272,12,False,True,False,True,False,True,False,True,False,False,True,False,True,False,True,True,False,0
3270,52.41999816894531,6.599999904632568,9.960000038146973,1.4041600227355957,12,False,True,True,False,False,True,False,False,True,True,False,False,True,False,True,True,False,0
3271,59.20000076293945,5.599999904632568,10.039999961853027,1.127020001411438,13,True,False,True,False,False,False,True,False,True,True,False,True,False,False,True,True,False,0
3272,69.16000366210938,5.599999904632568,10.039999961853027,1.127020001411438,17,False,True,False,False,True,False,True,False,True,False,True,True,False,True,False,True,False,0
3273,61.5099983215332,5.599999904632568,10.039999961853027,1.127020001411438,16,True,False,False,True,False,True,False,True,False,False,True,True,False,False,True,True,False,0
3274,46.56999969482422,5.599999904632568,10.039999961853027,1.127020001411438,15,False,True,False,False,True,False,True,True,False,False,True,True,False,False,True,True,False,0
3275,43.13999938964844,7.699999809265137,9.960000038146973,1.4041600227355957,13,True,False,True,False,False,True,False,True,False,False,True,False,True,True,False,True,False,0
3276,47.7400016784668,7.699999809265137,9.960000038146973,1.4041600227355957,13,True,False,True,False,False,True,False,True,False,False,True,False,True,False,True,True,False,0
3277,59.099998474121094,5.300000190734863,9.640000343322754,1.1524200439453125,12,False,True,False,False,True,True,False,True,False,False,True,True,False,False,True,True,False,0
3278,50.400001525878906,5.300000190734863,9.640000343322754,1.1524200439453125,17,False,True,False,False,True,True,False,True,False,False,True,True,False,False,True,True,False,0
3279,58.95000076293945,5.300000190734863,9.640000343322754,1.1524200439453125,12,True,False,False,False,True,True,False,True,False,False,True,True,False,False,True,True,False,0
3280,60.630001068115234,5.300000190734863,9.640000343322754,1.1524200439453125,15,True,False,False,False,True,True,False,True,False,False,True,True,False,False,True,True,False,0
3281,68.87999725341797,5.300000190734863,9.640000343322754,1.1524200439453125,16,True,False,False,False,True,True,False,True,False,False,True,True,False,False,True,True,False,0
3282,53.58000183105469,5.300000190734863,9.640000343322754,1.1524200439453125,15,False,True,False,False,True,False,True,True,False,False,True,True,False,True,False,True,False,0
3283,61.189998626708984,5.300000190734863,9.640000343322754,1.1524200439453125,16,True,False,False,False,True,False,True,False,True,False,True,True,False,True,False,True,False,0
3284,44.61000061035156,17.700000762939453,12.149999618530272,1.1662800312042236,12,True,False,False,False,True,True,False,True,False,True,False,False,True,False,True,True,False,0
3285,47.150001525878906,17.700000762939453,12.149999618530272,1.1662800312042236,12,False,True,True,False,False,True,False,True,False,False,True,False,True,True,False,True,False,0
3286,64.97000122070312,7.800000190734863,9.06999969482422,0.6697499752044678,16,True,False,True,False,False,True,False,True,False,False,True,True,False,False,True,True,False,0
3287,59.310001373291016,6.400000095367432,9.760000228881836,0.4849900007247925,16,False,True,False,False,True,True,False,False,True,False,True,True,False,True,False,True,False,0
3288,54.84000015258789,6.400000095367432,9.760000228881836,0.4849900007247925,17,True,False,True,False,False,True,False,False,True,True,False,True,False,False,True,True,False,0
3289,47.63999938964844,6.400000095367432,9.760000228881836,0.4849900007247925,12,True,False,True,False,False,True,False,True,False,False,True,True,False,False,True,True,False,0
3290,37.41999816894531,6.099999904632568,9.899999618530272,0.6732100248336792,12,True,False,True,False,False,True,False,True,False,False,True,False,True,False,True,True,False,0
3291,54.02000045776367,6.099999904632568,9.899999618530272,0.6732100248336792,14,True,False,True,False,False,True,False,True,False,True,False,False,True,False,True,True,False,0
3292,47.099998474121094,6.099999904632568,9.899999618530272,0.6732100248336792,17,False,True,True,False,False,True,False,True,False,False,True,False,True,False,True,True,False,0
3293,38.369998931884766,6.099999904632568,9.899999618530272,0.6732100248336792,12,True,False,True,False,False,True,False,True,False,False,True,False,True,False,True,True,False,0
3294,34.97999954223633,6.099999904632568,9.899999618530272,0.6732100248336792,15,True,False,True,False,False,True,False,True,False,True,False,False,True,False,True,True,False,0
3295,40.4900016784668,6.099999904632568,9.899999618530272,0.6732100248336792,12,True,False,True,False,False,True,False,True,False,False,True,False,True,False,True,True,False,0
3296,69.61000061035156,6.099999904632568,9.899999618530272,0.6732100248336792,16,False,True,True,False,False,True,False,False,True,False,True,False,True,False,True,True,False,0
3297,51.77000045776367,6.099999904632568,9.899999618530272,0.6732100248336792,14,True,False,True,False,False,True,False,True,False,True,False,False,True,False,True,True,False,0
3298,39.09000015258789,6.099999904632568,9.899999618530272,0.6732100248336792,14,False,True,True,False,False,True,False,True,False,True,False,False,True,True,False,True,False,0
3299,51.560001373291016,6.099999904632568,9.899999618530272,0.6732100248336792,12,True,False,True,False,False,True,False,True,False,False,True,False,True,False,True,True,False,0
3300,62.38999938964844,8.199999809265137,9.289999961853027,0.7690500020980835,12,True,False,False,False,True,True,False,True,False,True,False,True,False,False,True,True,False,0
3301,49.040000915527344,8.199999809265137,9.289999961853027,0.7690500020980835,12,True,False,True,False,False,True,False,True,False,True,False,True,False,False,True,True,False,0
3302,35.869998931884766,8.0,10.279999732971191,0.9318699836730956,14,True,False,True,False,False,True,False,True,False,True,False,False,True,False,True,True,False,0
3303,31.559999465942383,8.0,10.279999732971191,0.9318699836730956,14,True,False,True,False,False,True,False,True,False,True,False,False,True,False,True,True,False,0
3304,52.099998474121094,7.0,9.760000228881836,0.4849900007247925,12,True,False,True,False,False,True,False,True,False,True,False,False,True,False,True,True,False,0
3305,55.25,7.0,9.760000228881836,0.4849900007247925,14,True,False,True,False,False,True,False,True,False,False,True,False,True,False,True,True,False,0
3306,46.599998474121094,7.0,9.760000228881836,0.4849900007247925,16,True,False,True,False,False,True,False,True,False,False,True,False,True,False,True,True,False,0
3307,54.95000076293945,7.599999904632568,12.149999618530272,1.1662800312042236,12,False,True,True,False,False,True,False,True,False,True,False,True,False,False,True,True,False,0
3308,58.18000030517578,5.599999904632568,10.039999961853027,1.127020001411438,16,True,False,True,False,False,True,False,True,False,False,True,True,False,False,True,True,False,0
3309,51.380001068115234,5.599999904632568,10.039999961853027,1.127020001411438,12,True,False,True,False,False,True,False,True,False,False,True,True,False,False,True,True,False,0
3310,63.0099983215332,5.599999904632568,10.039999961853027,1.127020001411438,13,False,True,False,False,True,True,False,True,False,False,True,True,False,False,True,True,False,0
3311,64.22000122070312,9.199999809265137,9.640000343322754,1.1524200439453125,14,False,True,False,False,True,True,False,True,False,False,True,False,True,False,True,True,False,0
3312,57.88999938964844,8.899999618530273,12.149999618530272,1.1662800312042236,15,False,True,False,False,True,True,False,True,False,False,True,True,False,False,True,True,False,0
3313,46.720001220703125,8.899999618530273,12.149999618530272,1.1662800312042236,17,True,False,False,False,True,False,True,True,False,False,True,True,False,True,False,True,False,0
3314,62.0,8.899999618530273,12.149999618530272,1.1662800312042236,13,False,True,False,False,True,True,False,True,False,False,True,True,False,False,True,True,False,0
3315,67.55000305175781,8.899999618530273,12.149999618530272,1.1662800312042236,12,False,True,False,False,True,True,False,True,False,False,True,True,False,False,True,True,False,0
3316,56.599998474121094,8.899999618530273,12.149999618530272,1.1662800312042236,12,True,False,False,False,True,True,False,True,False,False,True,True,False,True,False,True,False,0
3317,60.93000030517578,8.899999618530273,12.149999618530272,1.1662800312042236,12,True,False,False,False,True,True,False,True,False,False,True,True,False,False,True,True,False,0
3318,60.220001220703125,8.899999618530273,12.149999618530272,1.1662800312042236,12,True,False,False,False,True,True,False,True,False,False,True,True,False,True,False,True,False,0
3319,67.91999816894531,5.400000095367432,8.850000381469727,0.8498799800872803,16,False,True,False,False,True,False,True,True,False,True,False,True,False,True,False,True,False,0
3320,66.62000274658203,5.400000095367432,8.850000381469727,0.8498799800872803,13,False,True,False,False,True,False,True,False,True,False,True,True,False,True,False,True,False,0
3321,59.439998626708984,5.400000095367432,8.850000381469727,0.8498799800872803,16,False,True,False,False,True,False,True,False,True,False,True,True,False,True,False,True,False,0
3322,60.7599983215332,5.199999809265137,7.329999923706055,0.6558899879455566,12,True,False,False,False,True,True,False,True,False,False,True,False,True,False,True,True,False,0
3323,41.720001220703125,5.199999809265137,7.329999923706055,0.6558899879455566,13,True,False,False,False,True,True,False,True,False,False,True,False,True,True,False,True,False,0
3324,59.619998931884766,5.199999809265137,7.329999923706055,0.6558899879455566,12,False,True,False,False,True,False,True,False,True,False,True,False,True,True,False,True,False,0
3325,54.349998474121094,5.199999809265137,7.329999923706055,0.6558899879455566,12,True,False,False,False,True,True,False,True,False,False,True,False,True,True,False,True,False,0
3326,63.0099983215332,5.199999809265137,7.329999923706055,0.6558899879455566,15,True,False,False,False,True,False,True,True,False,False,True,False,True,True,False,True,False,0
3327,63.27000045776367,5.199999809265137,7.329999923706055,0.6558899879455566,16,True,False,False,False,True,True,False,True,False,False,True,False,True,False,True,True,False,0
3328,51.2400016784668,5.199999809265137,7.329999923706055,0.6558899879455566,17,False,True,False,False,True,False,True,False,True,False,True,False,True,False,True,True,False,0
3329,58.599998474121094,5.199999809265137,7.329999923706055,0.6558899879455566,14,True,False,False,False,True,True,False,True,False,False,True,False,True,False,True,True,False,0
3330,63.7400016784668,5.199999809265137,7.329999923706055,0.6558899879455566,14,True,False,False,False,True,True,False,True,False,False,True,False,True,True,False,True,False,0
3331,39.40999984741211,5.199999809265137,7.329999923706055,0.6558899879455566,12,True,False,False,False,True,True,False,True,False,False,True,False,True,True,False,True,False,0
3332,44.15999984741211,5.199999809265137,7.329999923706055,0.6558899879455566,16,False,True,False,False,True,True,False,True,False,True,False,False,True,False,True,True,False,0
3333,59.88999938964844,4.900000095367432,9.920000076293944,0.4549700021743774,17,False,True,False,False,True,False,True,True,False,False,True,False,True,True,False,True,False,1
3334,45.779998779296875,4.900000095367432,9.920000076293944,0.4549700021743774,16,True,False,False,False,True,False,True,True,False,False,True,False,True,True,False,True,False,1
3335,63.66999816894531,4.900000095367432,9.920000076293944,0.4549700021743774,16,False,True,False,False,True,False,True,True,False,False,True,False,True,False,True,True,False,1
3336,58.41999816894531,4.900000095367432,9.920000076293944,0.4549700021743774,13,False,True,False,False,True,True,False,True,False,False,True,False,True,False,True,True,False,1
3337,66.5199966430664,9.199999809265137,9.640000343322754,1.1524200439453125,15,False,True,False,False,True,False,True,False,True,True,False,False,True,True,False,True,False,0
3338,68.45999908447266,9.199999809265137,9.640000343322754,1.1524200439453125,17,True,False,False,False,True,False,True,True,False,False,True,False,True,True,False,True,False,0
3339,63.83000183105469,9.199999809265137,9.640000343322754,1.1524200439453125,13,False,True,False,False,True,False,True,True,False,True,False,False,True,True,False,True,False,0
3340,39.689998626708984,7.300000190734863,7.349999904632568,0.7517299652099609,12,False,True,False,False,True,True,False,True,False,False,True,True,False,False,True,True,False,1
3341,51.77000045776367,7.300000190734863,7.349999904632568,0.7517299652099609,13,True,False,False,False,True,True,False,True,False,False,True,True,False,False,True,True,False,1
3342,45.63999938964844,7.300000190734863,7.349999904632568,0.7517299652099609,12,True,False,False,False,True,True,False,True,False,False,True,True,False,False,True,True,False,1
3343,42.02000045776367,6.300000190734863,10.149999618530272,1.0161700248718262,13,False,True,True,False,False,True,False,True,False,False,True,True,False,False,True,True,False,0
3344,60.689998626708984,6.300000190734863,10.149999618530272,1.0161700248718262,15,True,False,False,False,True,True,False,True,False,False,True,True,False,True,False,True,False,0
3345,55.15999984741211,6.300000190734863,10.149999618530272,1.0161700248718262,16,False,True,False,False,True,True,False,True,False,False,True,True,False,True,False,True,False,0
3346,60.27000045776367,6.300000190734863,10.149999618530272,1.0161700248718262,16,True,False,False,False,True,True,False,True,False,False,True,True,False,False,True,True,False,0
3347,52.130001068115234,6.300000190734863,10.149999618530272,1.0161700248718262,12,True,False,False,False,True,True,False,True,False,False,True,True,False,True,False,True,False,0
3348,56.95000076293945,6.300000190734863,10.149999618530272,1.0161700248718262,12,True,False,False,False,True,True,False,True,False,False,True,True,False,False,True,True,False,0
3349,56.40999984741211,6.300000190734863,10.149999618530272,1.0161700248718262,13,False,True,False,False,True,False,True,True,False,False,True,True,False,True,False,True,False,0
3350,61.25,6.300000190734863,10.149999618530272,1.0161700248718262,12,True,False,False,False,True,True,False,True,False,False,True,True,False,False,True,True,False,0
3351,48.25,6.300000190734863,10.149999618530272,1.0161700248718262,12,False,True,True,False,False,True,False,True,False,False,True,True,False,False,True,True,False,0
3352,50.16999816894531,6.300000190734863,10.149999618530272,1.0161700248718262,16,False,True,False,False,True,True,False,True,False,False,True,True,False,True,False,True,False,0
3353,39.9900016784668,10.800000190734863,9.68000030517578,1.0935300588607788,12,True,False,False,False,True,True,False,True,False,False,True,True,False,False,True,True,False,0
3354,44.279998779296875,5.199999809265137,7.329999923706055,0.6558899879455566,13,True,False,False,True,False,False,True,False,True,True,False,False,True,False,True,True,False,1
3355,57.689998626708984,5.199999809265137,7.329999923706055,0.6558899879455566,17,False,True,False,False,True,False,True,False,True,False,True,False,True,False,True,True,False,1
3356,53.83000183105469,5.199999809265137,7.329999923706055,0.6558899879455566,14,True,False,False,False,True,True,False,True,False,False,True,False,True,False,True,True,False,1
3357,54.63999938964844,7.199999809265137,7.349999904632568,0.7517299652099609,16,True,False,False,False,True,True,False,False,True,False,True,True,False,True,False,True,False,0
3358,57.619998931884766,7.199999809265137,7.349999904632568,0.7517299652099609,16,True,False,False,False,True,True,False,False,True,False,True,True,False,False,True,True,False,0
3359,55.91999816894531,7.199999809265137,7.349999904632568,0.7517299652099609,15,True,False,False,False,True,True,False,True,False,False,True,True,False,False,True,True,False,0
3360,63.66999816894531,7.199999809265137,7.349999904632568,0.7517299652099609,17,False,True,False,False,True,True,False,True,False,False,True,True,False,False,True,True,False,0
3361,67.91999816894531,4.400000095367432,8.09000015258789,0.8891500234603882,17,True,False,False,False,True,False,True,False,True,False,True,True,False,True,False,True,False,1
3362,68.66000366210938,4.400000095367432,8.09000015258789,0.8891500234603882,16,True,False,False,False,True,False,True,False,True,False,True,True,False,True,False,True,False,1
3363,64.19000244140625,4.400000095367432,8.09000015258789,0.8891500234603882,16,False,True,False,False,True,False,True,False,True,False,True,True,False,True,False,True,False,1
3364,63.290000915527344,4.400000095367432,8.09000015258789,0.8891500234603882,15,True,False,False,False,True,False,True,True,False,False,True,True,False,True,False,True,False,1
3365,68.30000305175781,4.400000095367432,8.09000015258789,0.8891500234603882,16,True,False,False,False,True,False,True,False,True,False,True,True,False,True,False,True,False,1
3366,59.41999816894531,4.400000095367432,8.09000015258789,0.8891500234603882,17,False,True,False,False,True,False,True,False,True,False,True,True,False,True,False,True,False,1
3367,64.86000061035156,4.0,9.920000076293944,0.4549700021743774,16,True,False,False,False,True,False,True,True,False,False,True,True,False,True,False,True,False,0
3368,60.52000045776367,4.0,9.920000076293944,0.4549700021743774,16,True,False,False,True,False,False,True,False,True,False,True,True,False,True,False,True,False,0
3369,61.61000061035156,7.0,8.09000015258789,0.8891500234603882,16,False,True,False,False,True,True,False,True,False,True,False,True,False,True,False,True,False,0
3370,67.31999969482422,7.0,8.09000015258789,0.8891500234603882,16,False,True,True,False,False,False,True,True,False,False,True,True,False,False,True,True,False,0
3371,61.93000030517578,7.0,8.09000015258789,0.8891500234603882,16,False,True,False,False,True,False,True,True,False,False,True,True,False,True,False,True,False,0
3372,69.95999908447266,7.0,8.09000015258789,0.8891500234603882,17,False,True,True,False,False,False,True,False,True,False,True,True,False,True,False,True,False,0
3373,69.76000213623047,7.0,8.09000015258789,0.8891500234603882,16,False,True,False,False,True,False,True,False,True,False,True,True,False,True,False,True,False,0
3374,62.66999816894531,7.0,8.09000015258789,0.8891500234603882,16,False,True,False,False,True,False,True,False,True,False,True,True,False,True,False,True,False,0
3375,63.09000015258789,7.0,8.09000015258789,0.8891500234603882,15,False,True,False,False,True,True,False,True,False,False,True,True,False,False,True,True,False,0
3376,65.63999938964844,6.699999809265137,10.039999961853027,1.127020001411438,15,True,False,False,False,True,False,True,False,True,False,True,True,False,True,False,True,False,0
3377,63.56999969482422,6.699999809265137,10.039999961853027,1.127020001411438,15,False,True,False,False,True,False,True,True,False,False,True,True,False,True,False,True,False,0
3378,69.54000091552734,6.699999809265137,10.039999961853027,1.127020001411438,17,True,False,False,False,True,False,True,False,True,False,True,True,False,True,False,True,False,0
3379,62.599998474121094,5.900000095367432,8.260000228881836,0.6154699921607971,16,False,True,False,False,True,False,True,False,True,False,True,True,False,False,True,True,False,0
3380,63.380001068115234,6.400000095367432,9.760000228881836,0.4849900007247925,16,False,True,True,False,False,False,True,False,True,False,True,True,False,True,False,True,False,0
3381,53.54999923706055,6.400000095367432,9.760000228881836,0.4849900007247925,15,False,True,True,False,False,True,False,True,False,True,False,True,False,False,True,True,False,0
3382,59.279998779296875,6.400000095367432,9.760000228881836,0.4849900007247925,17,False,True,False,True,False,False,True,True,False,False,True,True,False,True,False,True,False,0
3383,63.38999938964844,6.400000095367432,9.760000228881836,0.4849900007247925,17,False,True,False,True,False,False,True,False,True,False,True,True,False,True,False,True,False,0
3384,68.63999938964844,7.199999809265137,11.619999885559082,1.248270034790039,14,False,True,True,False,False,True,False,True,False,False,True,True,False,False,True,True,False,0
3385,59.099998474121094,7.199999809265137,11.619999885559082,1.248270034790039,16,False,True,True,False,False,True,False,True,False,False,True,True,False,False,True,True,False,0
3386,63.290000915527344,7.199999809265137,11.619999885559082,1.248270034790039,16,False,True,True,False,False,False,True,True,False,False,True,True,False,True,False,True,False,0
3387,59.0099983215332,7.199999809265137,11.619999885559082,1.248270034790039,16,False,True,True,False,False,False,True,True,False,False,True,True,False,False,True,True,False,0
3388,58.56999969482422,7.199999809265137,11.619999885559082,1.248270034790039,16,False,True,True,False,False,True,False,True,False,False,True,True,False,False,True,True,False,0
3389,68.58000183105469,4.699999809265137,10.510000228881836,0.8244799971580505,17,True,False,False,False,True,False,True,False,True,False,True,True,False,True,False,True,False,0
3390,57.779998779296875,4.699999809265137,10.510000228881836,0.8244799971580505,16,True,False,False,False,True,False,True,True,False,False,True,True,False,True,False,True,False,0
3391,59.849998474121094,4.699999809265137,10.510000228881836,0.8244799971580505,16,True,False,False,False,True,False,True,False,True,False,True,True,False,True,False,True,False,0
3392,70.0999984741211,4.699999809265137,10.510000228881836,0.8244799971580505,16,False,True,False,False,True,False,True,False,True,False,True,True,False,True,False,True,False,0
3393,56.2599983215332,4.699999809265137,10.510000228881836,0.8244799971580505,17,False,True,False,False,True,False,True,False,True,False,True,True,False,True,False,True,False,0
3394,63.75,4.699999809265137,10.510000228881836,0.8244799971580505,15,True,False,False,False,True,False,True,False,True,False,True,True,False,True,False,True,False,0
3395,63.630001068115234,4.699999809265137,10.510000228881836,0.8244799971580505,13,False,True,False,False,True,False,True,False,True,False,True,True,False,True,False,True,False,0
3396,58.790000915527344,12.600000381469728,11.619999885559082,1.248270034790039,12,False,True,False,False,True,True,False,True,False,False,True,True,False,False,True,True,False,1
3397,56.790000915527344,12.600000381469728,11.619999885559082,1.248270034790039,12,True,False,False,False,True,True,False,True,False,False,True,True,False,False,True,True,False,1
3398,42.08000183105469,12.600000381469728,11.619999885559082,1.248270034790039,12,True,False,False,False,True,True,False,True,False,False,True,True,False,False,True,True,False,1
3399,58.189998626708984,12.600000381469728,11.619999885559082,1.248270034790039,12,False,True,False,False,True,True,False,True,False,False,True,True,False,False,True,True,False,1
3400,51.599998474121094,12.600000381469728,11.619999885559082,1.248270034790039,18,False,True,False,False,True,False,True,True,False,False,True,True,False,False,True,True,False,1
3401,54.060001373291016,12.600000381469728,11.619999885559082,1.248270034790039,16,False,True,False,False,True,True,False,True,False,False,True,True,False,True,False,True,False,1
3402,49.52000045776367,12.600000381469728,11.619999885559082,1.248270034790039,12,True,False,False,False,True,True,False,True,False,False,True,True,False,False,True,True,False,1
3403,36.150001525878906,7.699999809265137,11.619999885559082,1.248270034790039,12,False,True,False,False,True,True,False,True,False,False,True,True,False,False,True,True,False,0
3404,61.61000061035156,7.699999809265137,11.619999885559082,1.248270034790039,16,True,False,False,False,True,True,False,True,False,False,True,True,False,True,False,True,False,0
3405,52.06999969482422,7.699999809265137,11.619999885559082,1.248270034790039,12,True,False,False,False,True,True,False,True,False,False,True,True,False,False,True,True,False,0
3406,66.18000030517578,11.5,9.960000038146973,1.4041600227355957,16,True,False,False,False,True,True,False,True,False,False,True,True,False,False,True,True,False,1
3407,62.56999969482422,11.5,9.960000038146973,1.4041600227355957,15,True,False,False,False,True,True,False,True,False,False,True,True,False,True,False,True,False,1
3408,51.93000030517578,11.5,9.960000038146973,1.4041600227355957,16,False,True,False,False,True,False,True,True,False,False,True,True,False,True,False,True,False,1
3409,66.20999908447266,11.5,9.960000038146973,1.4041600227355957,15,True,False,False,False,True,True,False,True,False,False,True,True,False,False,True,True,False,1
3410,62.52000045776367,11.5,9.960000038146973,1.4041600227355957,16,False,True,False,False,True,True,False,True,False,False,True,True,False,False,True,True,False,1
3411,58.04999923706055,11.5,9.960000038146973,1.4041600227355957,16,True,False,False,False,True,False,True,False,True,False,True,True,False,True,False,True,False,1
3412,56.43000030517578,11.5,9.960000038146973,1.4041600227355957,16,True,False,False,False,True,True,False,True,False,False,True,True,False,False,True,True,False,1
3413,54.470001220703125,8.0,9.640000343322754,1.1524200439453125,14,False,True,False,False,True,False,True,False,True,False,True,False,True,True,False,True,False,0
3414,54.459999084472656,8.0,9.640000343322754,1.1524200439453125,15,False,True,False,False,True,True,False,True,False,False,True,False,True,True,False,True,False,0
3415,55.880001068115234,8.0,9.640000343322754,1.1524200439453125,15,False,True,False,False,True,True,False,True,False,True,False,False,True,False,True,True,False,0
3416,52.88999938964844,8.0,9.640000343322754,1.1524200439453125,16,False,True,False,False,True,True,False,True,False,False,True,False,True,True,False,True,False,0
3417,58.540000915527344,8.0,9.640000343322754,1.1524200439453125,16,False,True,False,False,True,True,False,True,False,False,True,False,True,False,True,True,False,0
3418,52.810001373291016,8.0,9.640000343322754,1.1524200439453125,16,False,True,False,False,True,True,False,True,False,False,True,False,True,False,True,True,False,0
3419,55.380001068115234,8.0,9.640000343322754,1.1524200439453125,13,False,True,False,True,False,True,False,True,False,False,True,False,True,False,True,True,False,0
3420,64.83000183105469,8.0,9.640000343322754,1.1524200439453125,16,False,True,False,True,False,True,False,True,False,True,False,False,True,False,True,True,False,0
3421,60.18000030517578,8.0,9.640000343322754,1.1524200439453125,16,False,True,False,False,True,True,False,True,False,False,True,False,True,False,True,True,False,0
3422,58.810001373291016,8.0,9.640000343322754,1.1524200439453125,16,False,True,False,False,True,True,False,True,False,False,True,False,True,False,True,True,False,0
3423,55.2400016784668,5.599999904632568,9.640000343322754,1.1524200439453125,13,False,True,False,False,True,True,False,True,False,False,True,True,False,False,True,True,False,0
3424,49.619998931884766,5.599999904632568,9.640000343322754,1.1524200439453125,12,True,False,False,False,True,True,False,True,False,False,True,True,False,False,True,True,False,0
3425,55.81999969482422,5.599999904632568,9.640000343322754,1.1524200439453125,16,False,True,False,False,True,True,False,True,False,False,True,True,False,False,True,True,False,0
3426,60.630001068115234,5.599999904632568,9.640000343322754,1.1524200439453125,12,True,False,False,False,True,True,False,True,False,True,False,True,False,True,False,True,False,0
3427,55.79999923706055,5.599999904632568,9.640000343322754,1.1524200439453125,16,False,True,True,False,False,True,False,True,False,False,True,True,False,True,False,True,False,0
3428,58.0,4.5,9.899999618530272,0.6732100248336792,16,False,True,False,False,True,True,False,True,False,False,True,True,False,True,False,True,False,0
3429,63.349998474121094,4.5,9.899999618530272,0.6732100248336792,17,True,False,False,False,True,True,False,True,False,False,True,True,False,False,True,True,False,0
3430,47.720001220703125,4.5,9.899999618530272,0.6732100248336792,14,True,False,True,False,False,True,False,True,False,False,True,True,False,False,True,True,False,0
3431,57.310001373291016,4.5,9.899999618530272,0.6732100248336792,14,True,False,False,False,True,True,False,True,False,False,True,True,False,False,True,True,False,0
3432,49.689998626708984,7.099999904632568,9.960000038146973,1.4041600227355957,15,False,True,False,False,True,False,True,True,False,False,True,True,False,True,False,True,False,0
3433,66.88999938964844,7.099999904632568,9.960000038146973,1.4041600227355957,16,False,True,False,False,True,False,True,True,False,False,True,True,False,False,True,True,False,0
3434,65.79000091552734,7.099999904632568,9.960000038146973,1.4041600227355957,17,False,True,False,False,True,True,False,True,False,False,True,True,False,False,True,True,False,0
3435,66.25,7.099999904632568,9.960000038146973,1.4041600227355957,12,False,True,False,False,True,True,False,True,False,False,True,True,False,False,True,True,False,0
3436,51.150001525878906,7.099999904632568,9.960000038146973,1.4041600227355957,12,False,True,True,False,False,False,True,True,False,False,True,True,False,True,False,True,False,0
3437,63.279998779296875,7.199999809265137,8.850000381469727,0.8498799800872803,17,True,False,False,False,True,False,True,True,False,False,True,True,False,True,False,True,False,0
3438,67.70999908447266,7.199999809265137,8.850000381469727,0.8498799800872803,16,True,False,False,False,True,False,True,False,True,False,True,True,False,True,False,True,False,0
3439,52.86000061035156,7.199999809265137,8.850000381469727,0.8498799800872803,14,True,False,False,False,True,True,False,True,False,False,True,True,False,False,True,True,False,0
3440,61.06999969482422,7.199999809265137,8.850000381469727,0.8498799800872803,17,True,False,False,False,True,True,False,False,True,False,True,True,False,True,False,True,False,0
3441,65.48999786376953,7.199999809265137,8.850000381469727,0.8498799800872803,17,True,False,False,False,True,True,False,True,False,False,True,True,False,True,False,True,False,0
3442,49.09000015258789,7.199999809265137,8.850000381469727,0.8498799800872803,15,True,False,True,False,False,True,False,True,False,False,True,True,False,False,True,True,False,0
3443,55.31999969482422,7.199999809265137,8.850000381469727,0.8498799800872803,16,True,False,False,False,True,False,True,False,True,False,True,True,False,True,False,True,False,0
3444,69.95999908447266,7.199999809265137,8.850000381469727,0.8498799800872803,12,True,False,False,False,True,True,False,True,False,False,True,True,False,True,False,True,False,0
3445,62.849998474121094,4.0,9.920000076293944,0.4549700021743774,16,True,False,True,False,False,False,True,False,True,False,True,True,False,True,False,True,False,0
3446,58.630001068115234,4.0,9.920000076293944,0.4549700021743774,12,True,False,False,False,True,False,True,False,True,False,True,True,False,False,True,True,False,0
3447,62.65999984741211,4.0,9.920000076293944,0.4549700021743774,16,True,False,False,False,True,False,True,False,True,False,True,True,False,True,False,True,False,0
3448,63.459999084472656,4.0,9.920000076293944,0.4549700021743774,17,True,False,False,False,True,False,True,False,True,False,True,True,False,True,False,True,False,0
3449,54.970001220703125,4.0,9.920000076293944,0.4549700021743774,17,True,False,False,False,True,False,True,True,False,False,True,True,False,True,False,True,False,0
3450,51.83000183105469,4.0,9.920000076293944,0.4549700021743774,12,True,False,False,False,True,False,True,True,False,False,True,True,False,True,False,True,False,0
3451,65.9000015258789,4.0,9.920000076293944,0.4549700021743774,16,True,False,False,False,True,False,True,False,True,False,True,True,False,True,False,True,False,0
3452,49.310001373291016,4.0,9.920000076293944,0.4549700021743774,15,True,False,False,False,True,False,True,True,False,False,True,True,False,True,False,True,False,0
3453,62.81999969482422,4.0,9.920000076293944,0.4549700021743774,15,True,False,False,False,True,False,True,True,False,False,True,True,False,True,False,True,False,0
3454,53.34000015258789,4.0,9.920000076293944,0.4549700021743774,16,True,False,False,False,True,False,True,False,True,True,False,True,False,False,True,True,False,0
3455,43.9900016784668,4.0,9.920000076293944,0.4549700021743774,14,True,False,False,False,True,False,True,True,False,False,True,True,False,True,False,True,False,0
3456,65.2699966430664,4.0,9.920000076293944,0.4549700021743774,15,True,False,False,False,True,False,True,False,True,False,True,True,False,True,False,True,False,0
3457,58.869998931884766,4.0,9.920000076293944,0.4549700021743774,14,True,False,False,False,True,False,True,False,True,False,True,True,False,True,False,True,False,0
3458,58.33000183105469,14.0,12.149999618530272,1.1662800312042236,14,False,True,False,False,True,True,False,True,False,False,True,False,True,True,False,True,False,0
3459,60.689998626708984,14.0,12.149999618530272,1.1662800312042236,16,False,True,False,False,True,True,False,True,False,False,True,False,True,True,False,True,False,0
3460,65.51000213623047,14.0,12.149999618530272,1.1662800312042236,17,True,False,False,False,True,False,True,False,True,False,True,False,True,True,False,True,False,0
3461,67.98999786376953,14.0,12.149999618530272,1.1662800312042236,14,True,False,False,False,True,True,False,True,False,False,True,False,True,True,False,True,False,0
3462,62.11000061035156,14.0,12.149999618530272,1.1662800312042236,15,True,False,False,False,True,False,True,True,False,False,True,False,True,True,False,True,False,0
3463,55.0099983215332,14.0,12.149999618530272,1.1662800312042236,14,True,False,False,False,True,True,False,False,True,False,True,False,True,True,False,True,False,0
3464,45.15999984741211,14.0,12.149999618530272,1.1662800312042236,13,True,False,True,False,False,True,False,True,False,False,True,False,True,False,True,True,False,0
3465,54.04999923706055,14.0,12.149999618530272,1.1662800312042236,12,False,True,False,True,False,True,False,True,False,False,True,False,True,False,True,True,False,0
3466,41.689998626708984,14.0,12.149999618530272,1.1662800312042236,12,False,True,False,False,True,True,False,True,False,True,False,False,True,False,True,True,False,0
3467,65.47000122070312,14.0,12.149999618530272,1.1662800312042236,16,True,False,False,False,True,False,True,True,False,False,True,False,True,True,False,True,False,0
3468,52.68000030517578,14.0,12.149999618530272,1.1662800312042236,16,False,True,False,False,True,False,True,True,False,False,True,False,True,True,False,True,False,0
3469,50.189998626708984,14.0,12.149999618530272,1.1662800312042236,15,True,False,False,False,True,True,False,True,False,False,True,False,True,False,True,True,False,0
3470,43.939998626708984,14.0,12.149999618530272,1.1662800312042236,12,False,True,False,False,True,True,False,True,False,False,True,False,True,True,False,True,False,0
3471,54.400001525878906,5.300000190734863,9.640000343322754,1.1524200439453125,12,True,False,False,False,True,False,True,False,True,False,True,True,False,False,True,True,False,0
3472,58.400001525878906,5.300000190734863,9.640000343322754,1.1524200439453125,14,True,False,False,False,True,True,False,True,False,False,True,True,False,True,False,True,False,0
3473,60.13999938964844,5.300000190734863,9.640000343322754,1.1524200439453125,16,True,False,False,False,True,True,False,False,True,False,True,True,False,True,False,True,False,0
3474,46.709999084472656,5.300000190734863,9.640000343322754,1.1524200439453125,16,True,False,False,False,True,True,False,True,False,False,True,True,False,False,True,True,False,0
3475,57.290000915527344,5.300000190734863,9.640000343322754,1.1524200439453125,16,True,False,False,False,True,False,True,True,False,False,True,True,False,True,False,True,False,0
3476,59.529998779296875,7.699999809265137,10.8100004196167,1.1258699893951416,17,True,False,False,False,True,True,False,True,False,False,True,True,False,False,True,True,False,0
3477,56.880001068115234,7.699999809265137,10.8100004196167,1.1258699893951416,12,True,False,False,False,True,True,False,True,False,True,False,True,False,False,True,True,False,0
3478,36.369998931884766,7.699999809265137,10.8100004196167,1.1258699893951416,12,False,True,False,False,True,True,False,True,False,False,True,True,False,False,True,True,False,0
3479,53.900001525878906,7.699999809265137,10.8100004196167,1.1258699893951416,16,True,False,False,False,True,False,True,True,False,False,True,True,False,False,True,True,False,0
3480,41.0099983215332,7.699999809265137,10.8100004196167,1.1258699893951416,12,True,False,False,False,True,True,False,True,False,False,True,True,False,False,True,True,False,0
3481,43.25,7.699999809265137,10.8100004196167,1.1258699893951416,16,False,True,False,False,True,False,True,False,True,False,True,True,False,True,False,True,False,0
3482,54.06999969482422,4.699999809265137,10.510000228881836,0.8244799971580505,16,False,True,False,False,True,True,False,True,False,False,True,True,False,False,True,True,False,0
3483,42.52000045776367,4.699999809265137,10.510000228881836,0.8244799971580505,12,False,True,False,True,False,True,False,True,False,False,True,True,False,False,True,True,False,0
3484,44.84000015258789,4.699999809265137,10.510000228881836,0.8244799971580505,12,True,False,False,False,True,True,False,True,False,False,True,True,False,False,True,True,False,0
3485,58.81999969482422,4.699999809265137,10.510000228881836,0.8244799971580505,13,True,False,False,False,True,True,False,True,False,False,True,True,False,False,True,True,False,0
3486,56.13999938964844,4.699999809265137,10.510000228881836,0.8244799971580505,12,False,True,False,False,True,True,False,True,False,False,True,True,False,False,True,True,False,0
3487,61.04999923706055,8.0,10.279999732971191,0.9318699836730956,16,True,False,False,False,True,True,False,True,False,False,True,True,False,False,True,True,False,0
3488,61.18000030517578,8.0,10.279999732971191,0.9318699836730956,16,True,False,False,False,True,True,False,True,False,False,True,True,False,False,True,True,False,0
3489,55.790000915527344,8.0,10.279999732971191,0.9318699836730956,14,True,False,False,False,True,True,False,True,False,False,True,True,False,False,True,True,False,0
3490,60.189998626708984,8.0,10.279999732971191,0.9318699836730956,13,True,False,False,False,True,True,False,True,False,False,True,True,False,True,False,True,False,0
3491,60.88999938964844,8.0,10.279999732971191,0.9318699836730956,16,True,False,False,False,True,True,False,True,False,True,False,True,False,False,True,True,False,0
3492,62.529998779296875,8.0,10.279999732971191,0.9318699836730956,17,True,False,False,False,True,True,False,True,False,False,True,True,False,True,False,True,False,0
3493,48.33000183105469,6.400000095367432,9.760000228881836,0.4849900007247925,12,False,True,False,False,True,True,False,True,False,False,True,True,False,False,True,True,False,0
3494,64.83000183105469,6.400000095367432,9.760000228881836,0.4849900007247925,17,True,False,False,False,True,True,False,True,False,False,True,True,False,False,True,True,False,0
3495,57.0,6.400000095367432,9.760000228881836,0.4849900007247925,14,False,True,False,False,True,True,False,True,False,False,True,True,False,False,True,True,False,0
3496,54.47999954223633,6.400000095367432,9.760000228881836,0.4849900007247925,15,True,False,False,False,True,True,False,True,False,False,True,True,False,True,False,True,False,0
3497,41.83000183105469,6.400000095367432,9.760000228881836,0.4849900007247925,12,True,False,False,False,True,True,False,True,False,False,True,True,False,False,True,True,False,0
3498,49.959999084472656,6.400000095367432,9.760000228881836,0.4849900007247925,16,True,False,False,False,True,False,True,True,False,False,True,True,False,True,False,True,False,0
3499,56.93000030517578,6.400000095367432,9.760000228881836,0.4849900007247925,17,True,False,False,False,True,False,True,False,True,False,True,True,False,True,False,True,False,0
3500,57.20000076293945,6.300000190734863,9.640000343322754,1.1524200439453125,13,False,True,False,False,True,True,False,True,False,False,True,True,False,False,True,True,False,0
3501,53.7400016784668,6.300000190734863,9.640000343322754,1.1524200439453125,15,False,True,False,False,True,True,False,True,False,False,True,True,False,True,False,True,False,0
3502,63.16999816894531,6.300000190734863,9.640000343322754,1.1524200439453125,16,False,True,False,True,False,False,True,True,False,False,True,True,False,False,True,True,False,0
3503,65.19000244140625,6.300000190734863,9.640000343322754,1.1524200439453125,15,False,True,False,False,True,True,False,True,False,False,True,True,False,False,True,True,False,0
3504,61.2599983215332,6.300000190734863,9.640000343322754,1.1524200439453125,15,False,True,False,False,True,False,True,True,False,False,True,True,False,True,False,True,False,0
3505,58.70000076293945,5.400000095367432,8.850000381469727,0.8498799800872803,16,True,False,False,False,True,True,False,False,True,False,True,True,False,True,False,True,False,0
3506,43.08000183105469,5.400000095367432,8.850000381469727,0.8498799800872803,12,False,True,False,False,True,True,False,True,False,False,True,True,False,False,True,True,False,0
3507,64.30999755859375,5.400000095367432,8.850000381469727,0.8498799800872803,17,True,False,False,False,True,True,False,True,False,False,True,True,False,False,True,True,False,0
3508,43.16999816894531,5.400000095367432,8.850000381469727,0.8498799800872803,13,True,False,False,False,True,True,False,True,False,False,True,True,False,True,False,True,False,0
3509,46.630001068115234,4.599999904632568,8.09000015258789,0.8891500234603882,16,True,False,False,False,True,False,True,True,False,False,True,True,False,True,False,True,False,0
3510,59.849998474121094,4.599999904632568,8.09000015258789,0.8891500234603882,16,True,False,False,False,True,False,True,False,True,False,True,True,False,True,False,True,False,0
3511,66.30999755859375,4.599999904632568,8.09000015258789,0.8891500234603882,17,True,False,False,False,True,True,False,False,True,False,True,True,False,True,False,True,False,0
3512,54.779998779296875,4.599999904632568,8.09000015258789,0.8891500234603882,16,True,False,False,False,True,True,False,True,False,False,True,True,False,False,True,True,False,0
3513,64.5199966430664,4.599999904632568,8.09000015258789,0.8891500234603882,14,True,False,True,False,False,True,False,True,False,False,True,True,False,False,True,True,False,0
3514,49.630001068115234,4.599999904632568,8.09000015258789,0.8891500234603882,12,True,False,False,False,True,True,False,True,False,True,False,True,False,False,True,True,False,0
3515,65.19999694824219,10.699999809265137,10.039999961853027,1.127020001411438,17,False,True,False,False,True,True,False,True,False,False,True,True,False,False,True,True,False,0
3516,50.40999984741211,10.699999809265137,10.039999961853027,1.127020001411438,16,False,True,False,False,True,False,True,False,True,False,True,True,False,True,False,True,False,0
3517,59.099998474121094,10.699999809265137,10.039999961853027,1.127020001411438,17,False,True,True,False,False,False,True,True,False,False,True,True,False,False,True,True,False,0
3518,64.2699966430664,10.699999809265137,10.039999961853027,1.127020001411438,15,False,True,False,False,True,True,False,True,False,False,True,True,False,False,True,True,False,0
3519,56.119998931884766,10.699999809265137,10.039999961853027,1.127020001411438,16,False,True,True,False,False,True,False,True,False,False,True,True,False,False,True,True,False,0
3520,69.76000213623047,10.699999809265137,10.039999961853027,1.127020001411438,16,False,True,False,False,True,True,False,True,False,False,True,True,False,True,False,True,False,0
3521,57.04999923706055,10.699999809265137,10.039999961853027,1.127020001411438,15,False,True,True,False,False,True,False,True,False,True,False,True,False,False,True,True,False,0
3522,52.83000183105469,10.699999809265137,10.039999961853027,1.127020001411438,15,False,True,False,False,True,False,True,True,False,False,True,True,False,True,False,True,False,0
3523,59.11000061035156,10.699999809265137,10.039999961853027,1.127020001411438,16,False,True,False,False,True,True,False,True,False,False,True,True,False,True,False,True,False,0
3524,46.95000076293945,6.699999809265137,11.619999885559082,1.248270034790039,15,False,True,False,False,True,False,True,True,False,False,True,True,False,True,False,True,False,0
3525,47.470001220703125,6.699999809265137,11.619999885559082,1.248270034790039,12,True,False,False,False,True,True,False,True,False,False,True,True,False,False,True,True,False,0
3526,55.06999969482422,6.699999809265137,11.619999885559082,1.248270034790039,14,False,True,False,False,True,False,True,False,True,False,True,True,False,False,True,True,False,0
3527,61.77000045776367,6.699999809265137,11.619999885559082,1.248270034790039,12,False,True,False,False,True,True,False,True,False,False,True,True,False,False,True,True,False,0
3528,54.040000915527344,6.699999809265137,11.619999885559082,1.248270034790039,16,False,True,False,False,True,False,True,True,False,False,True,True,False,True,False,True,False,0
3529,62.56999969482422,7.699999809265137,9.960000038146973,1.4041600227355957,16,True,False,False,False,True,True,False,True,False,False,True,False,True,False,True,True,False,0
3530,61.290000915527344,7.699999809265137,9.960000038146973,1.4041600227355957,12,True,False,False,False,True,True,False,True,False,False,True,False,True,False,True,True,False,0
3531,40.2599983215332,7.699999809265137,9.960000038146973,1.4041600227355957,12,True,False,False,False,True,True,False,True,False,False,True,False,True,False,True,True,False,0
3532,56.72999954223633,7.699999809265137,9.960000038146973,1.4041600227355957,15,True,False,False,False,True,True,False,True,False,False,True,False,True,False,True,True,False,0
3533,48.66999816894531,7.699999809265137,9.960000038146973,1.4041600227355957,12,True,False,False,False,True,True,False,True,False,False,True,False,True,False,True,True,False,0
3534,36.97999954223633,7.699999809265137,9.960000038146973,1.4041600227355957,13,True,False,False,False,True,True,False,True,False,False,True,False,True,False,True,True,False,0
3535,45.18000030517578,7.699999809265137,9.960000038146973,1.4041600227355957,12,True,False,False,False,True,True,False,True,False,False,True,False,True,False,True,True,False,0
3536,61.16999816894531,7.699999809265137,9.960000038146973,1.4041600227355957,16,True,False,False,False,True,True,False,True,False,False,True,False,True,False,True,True,False,0
3537,65.79000091552734,7.699999809265137,9.960000038146973,1.4041600227355957,17,True,False,False,False,True,True,False,True,False,False,True,False,True,False,True,True,False,0
3538,45.75,7.699999809265137,9.960000038146973,1.4041600227355957,13,True,False,True,False,False,True,False,True,False,False,True,False,True,True,False,True,False,0
3539,53.84000015258789,7.699999809265137,9.960000038146973,1.4041600227355957,13,True,False,True,False,False,True,False,True,False,True,False,False,True,False,True,True,False,0
3540,57.58000183105469,7.699999809265137,9.960000038146973,1.4041600227355957,15,True,False,False,False,True,False,True,True,False,False,True,False,True,False,True,True,False,0
3541,57.7599983215332,7.699999809265137,9.960000038146973,1.4041600227355957,12,True,False,True,False,False,True,False,False,True,False,True,False,True,False,True,True,False,0
3542,65.12000274658203,7.699999809265137,9.960000038146973,1.4041600227355957,17,True,False,False,False,True,False,True,True,False,True,False,False,True,True,False,True,False,0
3543,50.119998931884766,7.699999809265137,9.960000038146973,1.4041600227355957,16,True,False,False,False,True,True,False,True,False,False,True,False,True,True,False,True,False,0
3544,46.869998931884766,7.699999809265137,9.960000038146973,1.4041600227355957,15,True,False,True,False,False,True,False,True,False,True,False,False,True,False,True,True,False,0
3545,59.04999923706055,7.699999809265137,9.960000038146973,1.4041600227355957,12,True,False,False,False,True,True,False,True,False,False,True,False,True,False,True,True,False,0
3546,51.40999984741211,7.699999809265137,9.960000038146973,1.4041600227355957,12,True,False,False,False,True,True,False,True,False,False,True,False,True,False,True,True,False,0
3547,56.77000045776367,7.699999809265137,9.960000038146973,1.4041600227355957,14,True,False,True,False,False,True,False,True,False,True,False,False,True,False,True,True,False,0
3548,48.4900016784668,6.699999809265137,10.039999961853027,1.127020001411438,15,False,True,False,False,True,True,False,True,False,False,True,True,False,True,False,True,False,0
3549,50.91999816894531,6.699999809265137,10.039999961853027,1.127020001411438,16,False,True,False,False,True,False,True,True,False,False,True,True,False,True,False,True,False,0
3550,60.16999816894531,6.699999809265137,10.039999961853027,1.127020001411438,16,True,False,False,False,True,False,True,False,True,False,True,True,False,True,False,True,False,0
3551,60.33000183105469,6.699999809265137,10.039999961853027,1.127020001411438,16,False,True,False,False,True,False,True,True,False,False,True,True,False,True,False,True,False,0
3552,47.93000030517578,6.699999809265137,10.039999961853027,1.127020001411438,16,True,False,False,False,True,True,False,True,False,False,True,True,False,True,False,True,False,0
3553,58.22999954223633,6.699999809265137,10.039999961853027,1.127020001411438,16,True,False,False,False,True,False,True,False,True,False,True,True,False,False,True,True,False,0
3554,38.689998626708984,6.699999809265137,10.039999961853027,1.127020001411438,16,True,False,False,False,True,True,False,True,False,False,True,True,False,True,False,True,False,0
3555,53.849998474121094,6.699999809265137,10.039999961853027,1.127020001411438,16,True,False,False,False,True,False,True,True,False,False,True,True,False,True,False,True,False,0
3556,59.599998474121094,6.699999809265137,10.039999961853027,1.127020001411438,12,False,True,False,False,True,True,False,True,False,False,True,True,False,True,False,True,False,0
3557,41.119998931884766,6.699999809265137,10.039999961853027,1.127020001411438,16,True,False,False,False,True,False,True,True,False,False,True,True,False,True,False,True,False,0
3558,45.900001525878906,6.699999809265137,10.039999961853027,1.127020001411438,12,True,False,False,False,True,False,True,True,False,False,True,True,False,True,False,True,False,0
3559,57.0099983215332,6.699999809265137,10.039999961853027,1.127020001411438,16,True,False,False,False,True,True,False,False,True,True,False,True,False,False,True,True,False,0
3560,54.79999923706055,9.199999809265137,9.68000030517578,1.0935300588607788,17,True,False,False,False,True,True,False,False,True,False,True,False,True,False,True,True,False,0
3561,46.95000076293945,9.199999809265137,9.68000030517578,1.0935300588607788,16,True,False,False,False,True,True,False,True,False,False,True,False,True,False,True,True,False,0
3562,60.54999923706055,9.199999809265137,9.68000030517578,1.0935300588607788,15,True,False,False,False,True,True,False,True,False,False,True,False,True,False,True,True,False,0
3563,42.900001525878906,9.199999809265137,9.68000030517578,1.0935300588607788,13,True,False,False,False,True,True,False,True,False,False,True,False,True,True,False,True,False,0
3564,49.77000045776367,9.199999809265137,9.68000030517578,1.0935300588607788,14,True,False,True,False,False,True,False,False,True,False,True,False,True,False,True,True,False,0
3565,49.029998779296875,9.199999809265137,9.68000030517578,1.0935300588607788,15,True,False,False,True,False,False,True,False,True,False,True,False,True,True,False,True,False,0
3566,59.439998626708984,9.199999809265137,9.68000030517578,1.0935300588607788,16,True,False,False,False,True,True,False,True,False,False,True,False,True,False,True,True,False,0
3567,61.97999954223633,11.800000190734863,10.8100004196167,1.1258699893951416,14,True,False,False,False,True,False,True,True,False,False,True,True,False,True,False,True,False,0
3568,47.150001525878906,11.800000190734863,10.8100004196167,1.1258699893951416,15,True,False,True,False,False,True,False,False,True,False,True,True,False,False,True,True,False,0
3569,55.25,11.800000190734863,10.8100004196167,1.1258699893951416,13,False,True,False,True,False,False,True,False,True,False,True,True,False,True,False,True,False,0
3570,53.15999984741211,11.800000190734863,10.8100004196167,1.1258699893951416,14,False,True,False,False,True,True,False,True,False,False,True,True,False,False,True,True,False,0
3571,41.9900016784668,11.800000190734863,10.8100004196167,1.1258699893951416,12,True,False,True,False,False,True,False,True,False,False,True,True,False,True,False,True,False,0
3572,55.40999984741211,11.800000190734863,10.8100004196167,1.1258699893951416,16,True,False,False,False,True,False,True,False,True,False,True,True,False,True,False,True,False,0
3573,65.58999633789062,11.800000190734863,10.8100004196167,1.1258699893951416,16,False,True,False,False,True,True,False,True,False,False,True,True,False,False,True,True,False,0
3574,52.2599983215332,11.800000190734863,10.8100004196167,1.1258699893951416,14,True,False,False,True,False,True,False,True,False,False,True,True,False,False,True,True,False,0
3575,52.65999984741211,11.800000190734863,10.8100004196167,1.1258699893951416,17,True,False,False,True,False,True,False,True,False,True,False,True,False,False,True,True,False,0
3576,56.02000045776367,11.800000190734863,10.8100004196167,1.1258699893951416,16,True,False,False,False,True,True,False,True,False,False,True,True,False,True,False,True,False,0
3577,54.599998474121094,11.800000190734863,10.8100004196167,1.1258699893951416,13,True,False,True,False,False,False,True,True,False,False,True,True,False,True,False,True,False,0
3578,51.04999923706055,11.800000190734863,10.8100004196167,1.1258699893951416,16,False,True,False,False,True,True,False,True,False,False,True,True,False,True,False,True,False,0
3579,47.2599983215332,11.800000190734863,10.8100004196167,1.1258699893951416,15,True,False,False,True,False,True,False,True,False,False,True,True,False,False,True,True,False,0
3580,62.720001220703125,8.0,10.279999732971191,0.9318699836730956,16,True,False,False,False,True,True,False,True,False,False,True,True,False,False,True,True,False,0
3581,47.16999816894531,8.0,10.279999732971191,0.9318699836730956,15,True,False,False,True,False,True,False,False,True,False,True,True,False,False,True,True,False,0
3582,59.22999954223633,8.0,10.279999732971191,0.9318699836730956,15,True,False,False,False,True,True,False,True,False,False,True,True,False,False,True,True,False,0
3583,47.810001373291016,8.0,10.279999732971191,0.9318699836730956,16,True,False,False,False,True,True,False,True,False,False,True,True,False,True,False,True,False,0
3584,58.0,8.0,10.279999732971191,0.9318699836730956,13,True,False,False,False,True,True,False,True,False,False,True,True,False,True,False,True,False,0
3585,56.58000183105469,8.0,10.279999732971191,0.9318699836730956,16,True,False,False,False,True,True,False,True,False,False,True,True,False,False,True,True,False,0
3586,43.029998779296875,8.0,10.279999732971191,0.9318699836730956,12,True,False,False,False,True,True,False,True,False,False,True,True,False,False,True,True,False,0
3587,52.130001068115234,10.899999618530272,10.279999732971191,0.9318699836730956,15,True,False,False,False,True,True,False,False,True,False,True,True,False,True,False,True,False,1
3588,61.2599983215332,10.899999618530272,10.279999732971191,0.9318699836730956,15,False,True,False,False,True,True,False,True,False,True,False,True,False,True,False,True,False,1
3589,57.279998779296875,10.899999618530272,10.279999732971191,0.9318699836730956,17,False,True,False,False,True,True,False,True,False,False,True,True,False,False,True,True,False,1
3590,61.720001220703125,10.899999618530272,10.279999732971191,0.9318699836730956,16,False,True,False,False,True,False,True,True,False,False,True,True,False,True,False,True,False,1
3591,58.790000915527344,10.899999618530272,10.279999732971191,0.9318699836730956,17,False,True,False,False,True,True,False,True,False,False,True,True,False,True,False,True,False,1
3592,55.529998779296875,10.899999618530272,10.279999732971191,0.9318699836730956,16,True,False,False,False,True,True,False,False,True,False,True,True,False,True,False,True,False,1
3593,47.560001373291016,10.899999618530272,10.279999732971191,0.9318699836730956,12,True,False,False,False,True,True,False,True,False,False,True,True,False,False,True,True,False,1
3594,57.36000061035156,10.899999618530272,10.279999732971191,0.9318699836730956,18,True,False,False,False,True,False,True,True,False,False,True,True,False,True,False,True,False,1
3595,52.61000061035156,11.100000381469728,12.149999618530272,1.1662800312042236,14,True,False,False,True,False,True,False,True,False,False,True,True,False,True,False,True,False,1
3596,55.5,11.100000381469728,12.149999618530272,1.1662800312042236,17,True,False,False,False,True,False,True,True,False,False,True,True,False,True,False,True,False,1
3597,64.19999694824219,11.100000381469728,12.149999618530272,1.1662800312042236,16,True,False,False,False,True,False,True,True,False,False,True,True,False,True,False,True,False,1
3598,60.83000183105469,11.100000381469728,12.149999618530272,1.1662800312042236,18,True,False,False,False,True,False,True,True,False,False,True,True,False,True,False,True,False,1
3599,56.560001373291016,11.100000381469728,12.149999618530272,1.1662800312042236,17,True,False,False,False,True,False,True,False,True,False,True,True,False,True,False,True,False,1
3600,40.43000030517578,11.100000381469728,12.149999618530272,1.1662800312042236,14,True,False,False,False,True,True,False,True,False,False,True,True,False,True,False,True,False,1
3601,51.40999984741211,5.300000190734863,11.079999923706056,0.8937600255012512,15,False,True,False,True,False,True,False,True,False,False,True,True,False,False,True,True,False,0
3602,64.16000366210938,5.300000190734863,11.079999923706056,0.8937600255012512,18,False,True,False,True,False,False,True,False,True,False,True,True,False,True,False,True,False,0
3603,41.810001373291016,5.300000190734863,11.079999923706056,0.8937600255012512,12,False,True,False,False,True,True,False,True,False,False,True,True,False,True,False,True,False,0
3604,50.970001220703125,5.300000190734863,11.079999923706056,0.8937600255012512,12,True,False,False,True,False,True,False,True,False,False,True,True,False,False,True,True,False,0
3605,43.7400016784668,5.300000190734863,11.079999923706056,0.8937600255012512,14,False,True,False,False,True,True,False,True,False,False,True,True,False,True,False,True,False,0
3606,48.349998474121094,6.5,9.760000228881836,0.4849900007247925,12,True,False,False,False,True,True,False,True,False,False,True,True,False,False,True,True,False,0
3607,51.439998626708984,6.5,9.760000228881836,0.4849900007247925,14,True,False,False,False,True,True,False,True,False,False,True,True,False,True,False,True,False,0
3608,56.09000015258789,6.5,9.760000228881836,0.4849900007247925,13,False,True,False,False,True,True,False,True,False,False,True,True,False,True,False,True,False,0
3609,45.0,6.5,9.760000228881836,0.4849900007247925,12,True,False,False,False,True,True,False,True,False,False,True,True,False,False,True,True,False,0
3610,47.650001525878906,6.5,9.760000228881836,0.4849900007247925,13,True,False,False,False,True,False,True,True,False,False,True,True,False,False,True,True,False,0
3611,61.349998474121094,6.5,9.760000228881836,0.4849900007247925,16,False,True,False,False,True,True,False,True,False,False,True,True,False,False,True,True,False,0
3612,33.58000183105469,6.199999809265137,9.960000038146973,1.4041600227355957,12,False,True,False,False,True,False,True,True,False,False,True,True,False,True,False,True,False,0
3613,40.290000915527344,6.199999809265137,9.960000038146973,1.4041600227355957,13,True,False,False,False,True,False,True,True,False,False,True,True,False,False,True,True,False,0
3614,46.63999938964844,6.199999809265137,9.960000038146973,1.4041600227355957,12,True,False,True,False,False,True,False,True,False,True,False,True,False,False,True,True,False,0
3615,44.5,6.199999809265137,9.960000038146973,1.4041600227355957,12,False,True,False,False,True,True,False,True,False,False,True,True,False,False,True,True,False,0
3616,66.52999877929688,6.199999809265137,9.960000038146973,1.4041600227355957,16,True,False,False,False,True,True,False,True,False,False,True,True,False,False,True,True,False,0
3617,49.90999984741211,8.0,10.279999732971191,0.9318699836730956,12,True,False,False,True,False,True,False,True,False,True,False,True,False,False,True,True,False,0
3618,37.25,8.0,10.279999732971191,0.9318699836730956,14,True,False,False,False,True,True,False,True,False,True,False,True,False,False,True,True,False,0
3619,57.689998626708984,8.0,10.279999732971191,0.9318699836730956,12,True,False,False,False,True,True,False,True,False,False,True,True,False,False,True,True,False,0
3620,62.22999954223633,8.0,10.279999732971191,0.9318699836730956,15,True,False,False,False,True,True,False,True,False,True,False,True,False,False,True,True,False,0
3621,50.369998931884766,8.0,10.279999732971191,0.9318699836730956,12,True,False,False,True,False,True,False,True,False,False,True,True,False,False,True,True,False,0
3622,56.31999969482422,8.0,10.279999732971191,0.9318699836730956,18,True,False,False,False,True,True,False,True,False,True,False,True,False,False,True,True,False,0
3623,44.099998474121094,8.0,10.279999732971191,0.9318699836730956,12,True,False,False,False,True,True,False,True,False,True,False,True,False,False,True,True,False,0
3624,40.369998931884766,8.699999809265137,10.279999732971191,0.9318699836730956,13,True,False,False,False,True,True,False,True,False,False,True,True,False,True,False,True,False,0
3625,56.400001525878906,8.699999809265137,10.279999732971191,0.9318699836730956,12,True,False,False,False,True,True,False,True,False,False,True,True,False,False,True,True,False,0
3626,57.849998474121094,8.699999809265137,10.279999732971191,0.9318699836730956,16,True,False,False,False,True,True,False,True,False,False,True,True,False,False,True,True,False,0
3627,45.38999938964844,8.699999809265137,10.279999732971191,0.9318699836730956,14,True,False,False,True,False,False,True,True,False,False,True,True,False,True,False,True,False,0
3628,67.5,8.699999809265137,10.279999732971191,0.9318699836730956,15,False,True,False,False,True,True,False,True,False,False,True,True,False,False,True,True,False,0
3629,48.459999084472656,8.699999809265137,10.279999732971191,0.9318699836730956,16,True,False,True,False,False,True,False,True,False,True,False,True,False,False,True,True,False,0
3630,54.880001068115234,10.100000381469728,9.960000038146973,1.4041600227355957,12,True,False,False,False,True,True,False,True,False,False,True,True,False,False,True,True,False,1
3631,64.55000305175781,10.100000381469728,9.960000038146973,1.4041600227355957,16,True,False,False,False,True,True,False,True,False,False,True,True,False,False,True,True,False,1
3632,54.20000076293945,10.100000381469728,9.960000038146973,1.4041600227355957,12,True,False,False,False,True,True,False,True,False,False,True,True,False,False,True,True,False,1
3633,69.76000213623047,10.100000381469728,9.960000038146973,1.4041600227355957,16,False,True,False,False,True,True,False,True,False,False,True,True,False,True,False,True,False,1
3634,66.38999938964844,10.100000381469728,9.960000038146973,1.4041600227355957,16,True,False,False,False,True,True,False,True,False,False,True,True,False,False,True,True,False,1
3635,46.58000183105469,10.100000381469728,9.960000038146973,1.4041600227355957,13,True,False,False,False,True,True,False,True,False,False,True,True,False,False,True,True,False,1
3636,59.5,10.100000381469728,9.960000038146973,1.4041600227355957,12,True,False,False,False,True,True,False,True,False,False,True,True,False,False,True,True,False,1
3637,59.130001068115234,9.199999809265137,9.640000343322754,1.1524200439453125,16,False,True,True,False,False,True,False,False,True,False,True,False,True,False,True,True,False,0
3638,59.31999969482422,9.199999809265137,9.640000343322754,1.1524200439453125,15,False,True,False,False,True,True,False,True,False,False,True,False,True,False,True,True,False,0
3639,57.04999923706055,9.199999809265137,9.640000343322754,1.1524200439453125,13,False,True,False,False,True,True,False,True,False,True,False,False,True,False,True,True,False,0
3640,36.65999984741211,5.900000095367432,9.920000076293944,0.4549700021743774,12,False,True,False,True,False,True,False,True,False,False,True,True,False,False,True,True,False,0
3641,53.349998474121094,5.900000095367432,9.920000076293944,0.4549700021743774,12,False,True,False,True,False,True,False,True,False,False,True,True,False,False,True,True,False,0
3642,55.939998626708984,5.900000095367432,9.920000076293944,0.4549700021743774,15,False,True,False,True,False,True,False,True,False,False,True,True,False,True,False,True,False,0
3643,45.689998626708984,5.900000095367432,9.920000076293944,0.4549700021743774,14,False,True,False,True,False,True,False,True,False,False,True,True,False,False,True,True,False,0
3644,63.59000015258789,5.900000095367432,9.920000076293944,0.4549700021743774,16,False,True,False,False,True,False,True,True,False,False,True,True,False,False,True,True,False,0
3645,57.939998626708984,13.800000190734863,12.149999618530272,1.1662800312042236,13,True,False,False,False,True,True,False,True,False,False,True,True,False,False,True,True,False,0
3646,54.9900016784668,13.800000190734863,12.149999618530272,1.1662800312042236,14,True,False,True,False,False,False,True,True,False,False,True,True,False,False,True,True,False,0
3647,49.54999923706055,13.800000190734863,12.149999618530272,1.1662800312042236,17,False,True,True,False,False,True,False,True,False,False,True,True,False,False,True,True,False,0
3648,62.04999923706055,13.800000190734863,12.149999618530272,1.1662800312042236,17,False,True,True,False,False,True,False,True,False,False,True,True,False,False,True,True,False,0
3649,50.33000183105469,8.0,9.640000343322754,1.1524200439453125,14,False,True,False,True,False,True,False,True,False,False,True,False,True,True,False,True,False,0
3650,57.220001220703125,8.0,9.640000343322754,1.1524200439453125,12,False,True,False,True,False,True,False,True,False,True,False,False,True,False,True,True,False,0
3651,50.59000015258789,8.0,9.640000343322754,1.1524200439453125,16,False,True,False,True,False,True,False,True,False,False,True,False,True,False,True,True,False,0
3652,55.81999969482422,8.0,9.640000343322754,1.1524200439453125,12,False,True,False,True,False,True,False,True,False,True,False,False,True,False,True,True,False,0
3653,50.91999816894531,8.0,9.640000343322754,1.1524200439453125,12,False,True,False,True,False,True,False,True,False,False,True,False,True,False,True,True,False,0
3654,62.560001373291016,8.0,9.640000343322754,1.1524200439453125,16,False,True,False,True,False,False,True,True,False,True,False,False,True,False,True,True,False,0
3655,54.91999816894531,8.0,9.640000343322754,1.1524200439453125,16,False,True,False,False,True,True,False,True,False,True,False,False,True,False,True,True,False,0
3656,53.52000045776367,8.0,9.640000343322754,1.1524200439453125,16,False,True,False,True,False,True,False,True,False,True,False,False,True,False,True,True,False,0
3657,58.68000030517578,8.0,9.640000343322754,1.1524200439453125,16,False,True,False,False,True,True,False,True,False,False,True,False,True,False,True,True,False,0
3658,48.56999969482422,8.0,9.640000343322754,1.1524200439453125,12,False,True,False,True,False,True,False,True,False,False,True,False,True,False,True,True,False,0
3659,56.79999923706055,8.0,9.640000343322754,1.1524200439453125,13,False,True,False,True,False,False,True,False,True,False,True,False,True,True,False,True,False,0
3660,46.959999084472656,8.0,9.640000343322754,1.1524200439453125,13,False,True,True,False,False,True,False,True,False,True,False,False,True,False,True,True,False,0
3661,54.33000183105469,8.0,9.640000343322754,1.1524200439453125,16,False,True,False,True,False,True,False,True,False,True,False,False,True,False,True,True,False,0
3662,50.959999084472656,8.0,9.640000343322754,1.1524200439453125,13,False,True,False,True,False,True,False,True,False,True,False,False,True,False,True,True,False,0
3663,51.63999938964844,9.199999809265137,9.640000343322754,1.1524200439453125,13,True,False,False,True,False,True,False,True,False,True,False,False,True,False,True,True,False,0
3664,58.90999984741211,9.199999809265137,9.640000343322754,1.1524200439453125,15,True,False,True,False,False,True,False,True,False,True,False,False,True,False,True,True,False,0
3665,60.15999984741211,9.199999809265137,9.640000343322754,1.1524200439453125,13,True,False,False,False,True,True,False,True,False,False,True,False,True,False,True,True,False,0
3666,45.880001068115234,9.199999809265137,9.640000343322754,1.1524200439453125,14,True,False,False,True,False,True,False,True,False,True,False,False,True,False,True,True,False,0
3667,43.0099983215332,9.199999809265137,9.640000343322754,1.1524200439453125,16,True,False,False,True,False,True,False,True,False,True,False,False,True,False,True,True,False,0
3668,45.43000030517578,9.199999809265137,9.640000343322754,1.1524200439453125,12,True,False,False,False,True,True,False,True,False,True,False,False,True,False,True,True,False,0
3669,57.58000183105469,13.800000190734863,12.149999618530272,1.1662800312042236,13,False,True,False,False,True,False,True,True,False,False,True,True,False,True,False,True,False,0
3670,61.38999938964844,13.800000190734863,12.149999618530272,1.1662800312042236,18,False,True,True,False,False,False,True,False,True,True,False,True,False,True,False,True,False,0
3671,57.90999984741211,13.800000190734863,12.149999618530272,1.1662800312042236,13,False,True,False,True,False,True,False,True,False,False,True,True,False,True,False,True,False,0
3672,68.66000366210938,13.800000190734863,12.149999618530272,1.1662800312042236,16,False,True,True,False,False,False,True,False,True,False,True,True,False,True,False,True,False,0
3673,66.30999755859375,13.800000190734863,12.149999618530272,1.1662800312042236,13,False,True,True,False,False,False,True,False,True,False,True,True,False,False,True,True,False,0
3674,59.470001220703125,13.800000190734863,12.149999618530272,1.1662800312042236,16,False,True,True,False,False,True,False,False,True,False,True,True,False,True,False,True,False,0
3675,58.709999084472656,13.800000190734863,12.149999618530272,1.1662800312042236,17,False,True,False,False,True,True,False,True,False,False,True,True,False,False,True,True,False,0
3676,53.060001373291016,13.800000190734863,12.149999618530272,1.1662800312042236,15,False,True,True,False,False,True,False,True,False,False,True,True,False,False,True,True,False,0
3677,46.72999954223633,13.800000190734863,12.149999618530272,1.1662800312042236,16,False,True,True,False,False,False,True,False,True,False,True,True,False,False,True,True,False,0
3678,56.59000015258789,13.800000190734863,12.149999618530272,1.1662800312042236,16,False,True,True,False,False,False,True,True,False,False,True,True,False,False,True,True,False,0
3679,55.869998931884766,13.800000190734863,12.149999618530272,1.1662800312042236,15,False,True,False,False,True,False,True,True,False,False,True,True,False,True,False,True,False,0
3680,48.52000045776367,13.800000190734863,12.149999618530272,1.1662800312042236,15,True,False,True,False,False,True,False,True,False,False,True,True,False,False,True,True,False,0
3681,61.2599983215332,9.199999809265137,9.640000343322754,1.1524200439453125,15,True,False,False,False,True,True,False,True,False,True,False,False,True,False,True,True,False,0
3682,49.70000076293945,9.199999809265137,9.640000343322754,1.1524200439453125,12,False,True,False,True,False,True,False,True,False,True,False,False,True,False,True,True,False,0
3683,52.31999969482422,8.0,10.279999732971191,0.9318699836730956,17,True,False,True,False,False,True,False,False,True,True,False,True,False,False,True,True,False,0
3684,39.849998474121094,8.0,10.279999732971191,0.9318699836730956,15,True,False,True,False,False,False,True,False,True,False,True,True,False,True,False,True,False,0
3685,54.369998931884766,8.0,10.279999732971191,0.9318699836730956,13,True,False,True,False,False,True,False,True,False,True,False,True,False,False,True,True,False,0
3686,44.15999984741211,8.0,10.279999732971191,0.9318699836730956,15,True,False,True,False,False,True,False,True,False,False,True,True,False,False,True,True,False,0
3687,51.869998931884766,8.0,10.279999732971191,0.9318699836730956,12,True,False,True,False,False,True,False,True,False,False,True,True,False,False,True,True,False,0
3688,52.06999969482422,8.0,10.279999732971191,0.9318699836730956,14,True,False,True,False,False,False,True,True,False,True,False,True,False,True,False,True,False,0
3689,55.58000183105469,8.0,10.279999732971191,0.9318699836730956,16,True,False,True,False,False,True,False,True,False,True,False,True,False,False,True,True,False,0
3690,51.349998474121094,8.0,10.279999732971191,0.9318699836730956,17,True,False,True,False,False,False,True,True,False,False,True,True,False,True,False,True,False,0
3691,59.25,8.0,10.279999732971191,0.9318699836730956,13,True,False,False,False,True,True,False,True,False,True,False,True,False,False,True,True,False,0
3692,39.959999084472656,8.0,10.279999732971191,0.9318699836730956,13,True,False,False,False,True,False,True,True,False,False,True,True,False,False,True,True,False,0
3693,41.66999816894531,8.0,10.279999732971191,0.9318699836730956,15,True,False,False,False,True,True,False,True,False,False,True,True,False,False,True,True,False,0
3694,38.84000015258789,8.0,10.279999732971191,0.9318699836730956,14,True,False,True,False,False,True,False,False,True,False,True,True,False,True,False,True,False,0
3695,46.61000061035156,8.0,10.279999732971191,0.9318699836730956,13,True,False,False,False,True,True,False,True,False,False,True,True,False,False,True,True,False,0
3696,41.08000183105469,8.0,10.279999732971191,0.9318699836730956,15,True,False,False,False,True,True,False,True,False,False,True,True,False,False,True,True,False,0
3697,51.61000061035156,8.0,10.279999732971191,0.9318699836730956,15,True,False,True,False,False,False,True,True,False,False,True,True,False,False,True,True,False,0
3698,54.7400016784668,8.0,10.279999732971191,0.9318699836730956,16,True,False,True,False,False,True,False,True,False,False,True,True,False,True,False,True,False,0
3699,51.84000015258789,8.0,10.279999732971191,0.9318699836730956,16,True,False,False,True,False,True,False,True,False,False,True,True,False,True,False,True,False,0
3700,56.18000030517578,8.0,10.279999732971191,0.9318699836730956,13,True,False,True,False,False,True,False,True,False,False,True,True,False,True,False,True,False,0
3701,63.15999984741211,8.0,10.279999732971191,0.9318699836730956,17,True,False,False,True,False,True,False,True,False,False,True,True,False,True,False,True,False,0
3702,60.29999923706055,8.0,10.279999732971191,0.9318699836730956,16,True,False,False,False,True,True,False,False,True,False,True,True,False,True,False,True,False,0
3703,57.16999816894531,8.0,10.279999732971191,0.9318699836730956,14,True,False,True,False,False,True,False,True,False,True,False,True,False,False,True,True,False,0
3704,48.52000045776367,8.0,10.279999732971191,0.9318699836730956,16,True,False,False,False,True,True,False,False,True,True,False,True,False,True,False,True,False,0
3705,44.29999923706055,9.100000381469728,9.920000076293944,0.4549700021743774,15,True,False,False,False,True,False,True,True,False,True,False,True,False,True,False,True,False,0
3706,47.459999084472656,9.100000381469728,9.920000076293944,0.4549700021743774,14,True,False,False,True,False,False,True,True,False,False,True,True,False,True,False,True,False,0
3707,55.47999954223633,9.100000381469728,9.920000076293944,0.4549700021743774,12,True,False,False,True,False,True,False,True,False,False,True,True,False,False,True,True,False,0
3708,53.95000076293945,9.100000381469728,9.920000076293944,0.4549700021743774,15,True,False,False,True,False,True,False,True,False,False,True,True,False,False,True,True,False,0
3709,42.90999984741211,9.100000381469728,9.920000076293944,0.4549700021743774,16,True,False,False,True,False,True,False,True,False,False,True,True,False,False,True,True,False,0
3710,43.970001220703125,9.100000381469728,9.920000076293944,0.4549700021743774,14,True,False,False,True,False,True,False,True,False,False,True,True,False,False,True,True,False,0
3711,53.79999923706055,9.100000381469728,9.920000076293944,0.4549700021743774,16,True,False,False,True,False,True,False,True,False,False,True,True,False,False,True,True,False,0
3712,53.880001068115234,9.100000381469728,9.920000076293944,0.4549700021743774,15,True,False,False,False,True,True,False,True,False,False,True,True,False,False,True,True,False,0
3713,57.9900016784668,9.100000381469728,9.920000076293944,0.4549700021743774,13,True,False,False,True,False,False,True,True,False,False,True,True,False,False,True,True,False,0
3714,42.83000183105469,9.100000381469728,9.920000076293944,0.4549700021743774,15,True,False,False,True,False,False,True,True,False,False,True,True,False,False,True,True,False,0
3715,42.9900016784668,9.199999809265137,9.640000343322754,1.1524200439453125,12,True,False,True,False,False,True,False,True,False,True,False,False,True,False,True,True,False,0
3716,39.7400016784668,9.199999809265137,9.640000343322754,1.1524200439453125,15,True,False,False,False,True,True,False,True,False,True,False,False,True,False,True,True,False,0
3717,53.310001373291016,9.199999809265137,9.640000343322754,1.1524200439453125,12,True,False,False,True,False,True,False,True,False,False,True,False,True,False,True,True,False,0
3718,36.22999954223633,9.199999809265137,9.640000343322754,1.1524200439453125,13,True,False,False,True,False,True,False,True,False,True,False,False,True,False,True,True,False,0
3719,52.040000915527344,9.199999809265137,9.640000343322754,1.1524200439453125,14,False,True,True,False,False,True,False,True,False,False,True,False,True,False,True,True,False,0
3720,47.7400016784668,9.199999809265137,9.640000343322754,1.1524200439453125,16,False,True,False,True,False,True,False,True,False,True,False,False,True,False,True,True,False,0
3721,57.279998779296875,9.199999809265137,9.640000343322754,1.1524200439453125,12,False,True,False,True,False,True,False,True,False,True,False,False,True,False,True,True,False,0
3722,48.38999938964844,9.199999809265137,9.640000343322754,1.1524200439453125,13,False,True,True,False,False,True,False,True,False,False,True,False,True,False,True,True,False,0
3723,60.2400016784668,7.699999809265137,9.960000038146973,1.4041600227355957,12,False,True,True,False,False,True,False,True,False,False,True,False,True,False,True,True,False,0
3724,51.470001220703125,7.699999809265137,9.960000038146973,1.4041600227355957,13,False,True,True,False,False,True,False,True,False,False,True,False,True,False,True,True,False,0
3725,51.2400016784668,7.699999809265137,9.960000038146973,1.4041600227355957,16,False,True,True,False,False,True,False,True,False,False,True,False,True,False,True,True,False,0
3726,60.66999816894531,9.199999809265137,9.640000343322754,1.1524200439453125,15,False,True,False,False,True,True,False,True,False,False,True,False,True,False,True,True,False,0
3727,61.38999938964844,9.199999809265137,9.640000343322754,1.1524200439453125,16,False,True,False,False,True,True,False,True,False,True,False,False,True,True,False,True,False,0
3728,53.130001068115234,8.199999809265137,7.539999961853027,0.8187100291252136,15,False,True,False,True,False,True,False,False,True,False,True,True,False,True,False,True,False,0
3729,57.130001068115234,8.199999809265137,7.539999961853027,0.8187100291252136,17,False,True,False,True,False,True,False,True,False,False,True,True,False,False,True,True,False,0
3730,61.43000030517578,8.199999809265137,7.539999961853027,0.8187100291252136,16,False,True,False,True,False,False,True,True,False,False,True,True,False,True,False,True,False,0
3731,57.779998779296875,8.199999809265137,7.539999961853027,0.8187100291252136,13,False,True,False,True,False,True,False,True,False,False,True,True,False,True,False,True,False,0
3732,68.86000061035156,8.199999809265137,7.539999961853027,0.8187100291252136,16,False,True,False,True,False,True,False,True,False,True,False,True,False,True,False,True,False,0
3733,54.75,8.199999809265137,7.539999961853027,0.8187100291252136,16,False,True,False,True,False,True,False,True,False,False,True,True,False,False,True,True,False,0
3734,60.560001373291016,8.199999809265137,7.539999961853027,0.8187100291252136,17,False,True,False,True,False,False,True,True,False,False,True,True,False,False,True,True,False,0
3735,53.849998474121094,10.699999809265137,10.039999961853027,1.127020001411438,13,False,True,False,True,False,True,False,True,False,False,True,True,False,False,True,True,False,0
3736,49.75,10.699999809265137,10.039999961853027,1.127020001411438,14,False,True,False,True,False,True,False,True,False,True,False,True,False,True,False,True,False,0
3737,43.650001525878906,10.699999809265137,10.039999961853027,1.127020001411438,14,True,False,False,True,False,False,True,False,True,True,False,True,False,False,True,True,False,0
3738,53.27000045776367,8.199999809265137,7.539999961853027,0.8187100291252136,17,False,True,False,True,False,True,False,True,False,False,True,True,False,False,True,True,False,0
3739,64.38999938964844,8.199999809265137,7.539999961853027,0.8187100291252136,17,False,True,False,True,False,True,False,True,False,False,True,True,False,False,True,True,False,1
3740,53.40999984741211,8.199999809265137,7.539999961853027,0.8187100291252136,17,True,False,False,True,False,True,False,True,False,False,True,True,False,False,True,True,False,1
3741,59.54999923706055,8.199999809265137,7.539999961853027,0.8187100291252136,17,False,True,False,True,False,True,False,False,True,False,True,True,False,False,True,True,False,1
3742,51.119998931884766,8.199999809265137,7.539999961853027,0.8187100291252136,14,True,False,False,True,False,True,False,True,False,False,True,True,False,False,True,True,False,1
3743,51.33000183105469,8.199999809265137,7.539999961853027,0.8187100291252136,14,True,False,False,True,False,True,False,True,False,True,False,True,False,False,True,True,False,1
3744,50.43000030517578,8.199999809265137,7.539999961853027,0.8187100291252136,16,True,False,False,True,False,True,False,False,True,True,False,True,False,False,True,True,False,1
3745,49.0099983215332,8.199999809265137,7.539999961853027,0.8187100291252136,17,True,False,False,True,False,True,False,True,False,True,False,True,False,False,True,True,False,1
3746,52.29999923706055,8.199999809265137,7.539999961853027,0.8187100291252136,15,True,False,False,True,False,False,True,False,True,False,True,True,False,True,False,True,False,1
3747,63.209999084472656,8.199999809265137,7.539999961853027,0.8187100291252136,16,False,True,False,True,False,False,True,True,False,False,True,True,False,False,True,True,False,1
3748,55.349998474121094,8.199999809265137,7.539999961853027,0.8187100291252136,17,False,True,False,True,False,True,False,True,False,False,True,True,False,False,True,True,False,1
3749,58.470001220703125,10.699999809265137,10.039999961853027,1.127020001411438,17,True,False,False,True,False,True,False,True,False,False,True,True,False,False,True,True,False,0
3750,65.8499984741211,10.699999809265137,10.039999961853027,1.127020001411438,16,True,False,False,True,False,False,True,True,False,False,True,True,False,True,False,True,False,0
3751,61.0,10.699999809265137,10.039999961853027,1.127020001411438,18,True,False,False,True,False,True,False,True,False,False,True,True,False,False,True,True,False,0
3752,60.720001220703125,10.699999809265137,10.039999961853027,1.127020001411438,16,True,False,False,True,False,True,False,True,False,True,False,True,False,True,False,True,False,0
3753,58.290000915527344,10.699999809265137,10.039999961853027,1.127020001411438,16,True,False,False,True,False,True,False,True,False,False,True,True,False,False,True,True,False,0
3754,56.540000915527344,10.699999809265137,10.039999961853027,1.127020001411438,17,True,False,False,False,True,True,False,True,False,False,True,True,False,False,True,True,False,0
3755,51.06999969482422,8.199999809265137,7.539999961853027,0.8187100291252136,14,True,False,False,True,False,True,False,True,False,False,True,True,False,True,False,True,False,0
3756,57.13999938964844,8.199999809265137,7.539999961853027,0.8187100291252136,14,True,False,False,False,True,True,False,True,False,False,True,True,False,True,False,True,False,0
3757,54.84000015258789,8.199999809265137,7.539999961853027,0.8187100291252136,16,True,False,False,True,False,True,False,False,True,False,True,True,False,False,True,True,False,0
3758,58.349998474121094,8.199999809265137,7.539999961853027,0.8187100291252136,16,True,False,False,False,True,False,True,True,False,False,True,True,False,False,True,True,False,0
3759,57.720001220703125,8.199999809265137,7.539999961853027,0.8187100291252136,14,True,False,False,True,False,False,True,True,False,False,True,True,False,False,True,True,False,0
3760,60.72999954223633,8.199999809265137,7.539999961853027,0.8187100291252136,16,True,False,False,True,False,True,False,True,False,False,True,True,False,False,True,True,False,0
3761,52.54999923706055,8.199999809265137,7.539999961853027,0.8187100291252136,13,True,False,False,True,False,False,True,True,False,False,True,True,False,False,True,True,False,0
3762,58.709999084472656,8.199999809265137,7.539999961853027,0.8187100291252136,14,True,False,False,True,False,False,True,True,False,False,True,True,False,True,False,True,False,0
3763,52.880001068115234,8.199999809265137,7.539999961853027,0.8187100291252136,16,True,False,False,True,False,True,False,True,False,False,True,True,False,True,False,True,False,0
3764,52.310001373291016,8.199999809265137,7.539999961853027,0.8187100291252136,13,True,False,False,False,True,False,True,True,False,False,True,True,False,True,False,True,False,0
3765,64.12999725341797,8.199999809265137,7.539999961853027,0.8187100291252136,16,True,False,False,True,False,False,True,True,False,False,True,True,False,True,False,True,False,0
3766,42.13999938964844,8.199999809265137,7.539999961853027,0.8187100291252136,12,True,False,False,True,False,True,False,True,False,False,True,True,False,False,True,True,False,0
3767,55.790000915527344,8.199999809265137,7.539999961853027,0.8187100291252136,15,True,False,False,True,False,False,True,False,True,False,True,True,False,True,False,True,False,0
3768,51.61000061035156,8.199999809265137,7.539999961853027,0.8187100291252136,14,True,False,False,True,False,False,True,False,True,False,True,True,False,True,False,True,False,0
3769,57.849998474121094,8.199999809265137,7.539999961853027,0.8187100291252136,16,True,False,False,True,False,False,True,False,True,False,True,True,False,True,False,True,False,0
3770,61.290000915527344,8.199999809265137,7.539999961853027,0.8187100291252136,16,True,False,False,True,False,False,True,False,True,False,True,True,False,True,False,True,False,0
3771,52.279998779296875,8.199999809265137,7.539999961853027,0.8187100291252136,15,True,False,False,True,False,True,False,True,False,True,False,True,False,False,True,True,False,0
3772,55.529998779296875,8.199999809265137,7.539999961853027,0.8187100291252136,16,True,False,False,True,False,True,False,True,False,False,True,True,False,False,True,True,False,0
3773,40.9900016784668,8.199999809265137,7.539999961853027,0.8187100291252136,15,True,False,False,True,False,False,True,False,True,False,True,True,False,False,True,True,False,0
3774,54.08000183105469,8.199999809265137,7.539999961853027,0.8187100291252136,12,True,False,False,True,False,True,False,True,False,False,True,True,False,False,True,True,False,0
3775,62.93000030517578,8.199999809265137,7.539999961853027,0.8187100291252136,16,True,False,False,True,False,False,True,True,False,True,False,True,False,False,True,True,False,0
3776,50.5,8.199999809265137,7.539999961853027,0.8187100291252136,16,True,False,False,False,True,True,False,True,False,False,True,True,False,False,True,True,False,0
3777,49.970001220703125,8.199999809265137,7.539999961853027,0.8187100291252136,14,True,False,False,True,False,True,False,True,False,True,False,True,False,False,True,True,False,0
3778,55.45000076293945,8.199999809265137,7.539999961853027,0.8187100291252136,12,True,False,False,True,False,True,False,True,False,False,True,True,False,False,True,True,False,0
3779,52.939998626708984,8.199999809265137,7.539999961853027,0.8187100291252136,16,True,False,True,False,False,True,False,False,True,False,True,True,False,False,True,True,False,0
3780,56.84000015258789,8.199999809265137,7.539999961853027,0.8187100291252136,16,True,False,False,False,True,True,False,True,False,False,True,True,False,False,True,True,False,0
3781,55.45000076293945,8.199999809265137,7.539999961853027,0.8187100291252136,17,True,False,False,True,False,True,False,True,False,True,False,True,False,False,True,True,False,0
3782,48.88999938964844,8.199999809265137,7.539999961853027,0.8187100291252136,13,True,False,False,True,False,True,False,True,False,False,True,True,False,True,False,True,False,0
3783,56.970001220703125,8.199999809265137,7.539999961853027,0.8187100291252136,16,True,False,False,True,False,True,False,True,False,False,True,True,False,True,False,True,False,0
3784,49.43000030517578,8.199999809265137,7.539999961853027,0.8187100291252136,13,True,False,False,True,False,True,False,False,True,False,True,True,False,False,True,True,False,0
3785,49.880001068115234,8.199999809265137,7.539999961853027,0.8187100291252136,13,False,True,False,True,False,False,True,True,False,False,True,True,False,True,False,True,False,0
3786,59.709999084472656,8.199999809265137,7.539999961853027,0.8187100291252136,14,False,True,False,False,True,False,True,False,True,False,True,True,False,True,False,True,False,0
3787,48.61000061035156,8.199999809265137,7.539999961853027,0.8187100291252136,13,False,True,False,True,False,True,False,True,False,False,True,True,False,True,False,True,False,0
3788,47.02000045776367,8.199999809265137,7.539999961853027,0.8187100291252136,16,True,False,False,True,False,True,False,True,False,True,False,True,False,True,False,True,False,0
3789,48.619998931884766,8.199999809265137,7.539999961853027,0.8187100291252136,16,True,False,False,True,False,False,True,False,True,False,True,True,False,False,True,True,False,0
3790,61.119998931884766,8.199999809265137,7.539999961853027,0.8187100291252136,16,True,False,False,True,False,True,False,True,False,False,True,True,False,False,True,True,False,0
3791,61.900001525878906,8.199999809265137,7.539999961853027,0.8187100291252136,17,True,False,False,True,False,False,True,True,False,False,True,True,False,True,False,True,False,0
3792,48.86000061035156,8.199999809265137,7.539999961853027,0.8187100291252136,13,True,False,False,True,False,True,False,False,True,False,True,True,False,False,True,True,False,0
3793,56.029998779296875,8.199999809265137,7.539999961853027,0.8187100291252136,14,False,True,False,True,False,True,False,True,False,True,False,True,False,False,True,True,False,0
3794,53.709999084472656,8.199999809265137,7.539999961853027,0.8187100291252136,17,True,False,False,True,False,True,False,True,False,False,True,True,False,False,True,True,False,0
3795,55.869998931884766,8.199999809265137,7.539999961853027,0.8187100291252136,16,True,False,False,True,False,True,False,False,True,False,True,True,False,False,True,True,False,0
3796,54.220001220703125,8.199999809265137,7.539999961853027,0.8187100291252136,13,True,False,False,True,False,True,False,False,True,False,True,True,False,False,True,True,False,0
11000,65.12999725341797,5.800000190734863,9.550000190734863,0.8059999942779541,16,False,True,False,False,True,False,True,False,True,False,True,True,False,True,False,False,True,0
21000,58.79999923706055,5.800000190734863,9.550000190734863,0.8059999942779541,13,True,False,False,True,False,True,False,True,False,False,True,True,False,True,False,False,True,0
3797,62.970001220703125,5.800000190734863,9.550000190734863,0.8059999942779541,13,False,True,False,False,True,False,True,True,False,False,True,True,False,True,False,False,True,0
4100,58.939998626708984,5.800000190734863,9.550000190734863,0.8059999942779541,15,False,True,False,False,True,False,True,False,True,True,False,True,False,False,True,False,True,0
5100,53.90999984741211,4.400000095367432,9.550000190734863,0.8059999942779541,12,False,True,False,True,False,True,False,True,False,False,True,True,False,True,False,False,True,1
6100,48.25,4.400000095367432,9.550000190734863,0.8059999942779541,12,True,False,False,True,False,False,True,True,False,False,True,True,False,False,True,False,True,1
7100,63.119998931884766,6.099999904632568,8.100000381469727,0.7309499979019165,15,False,True,False,False,True,False,True,True,False,False,True,True,False,True,False,False,True,1
8100,46.88999938964844,6.099999904632568,8.100000381469727,0.7309499979019165,13,True,False,False,False,True,False,True,False,True,False,True,True,False,True,False,False,True,1
9100,46.66999816894531,6.099999904632568,8.100000381469727,0.7309499979019165,13,False,True,False,False,True,True,False,True,False,False,True,True,False,False,True,False,True,1
10100,56.65999984741211,6.099999904632568,8.100000381469727,0.7309499979019165,13,False,True,False,False,True,True,False,True,False,False,True,True,False,False,True,False,True,1
11100,45.91999816894531,6.099999904632568,8.100000381469727,0.7309499979019165,12,True,False,False,False,True,True,False,True,False,False,True,True,False,False,True,False,True,1
12100,44.310001373291016,6.099999904632568,8.100000381469727,0.7309499979019165,12,True,False,False,False,True,True,False,True,False,False,True,True,False,False,True,False,True,1
13100,49.349998474121094,6.900000095367432,9.550000190734863,0.8059999942779541,16,False,True,False,True,False,False,True,True,False,False,True,False,True,False,True,False,True,0
14100,45.310001373291016,6.900000095367432,9.550000190734863,0.8059999942779541,14,False,True,False,True,False,True,False,True,False,False,True,False,True,False,True,False,True,0
15100,67.4000015258789,6.099999904632568,8.100000381469727,0.7309499979019165,14,True,False,False,False,True,True,False,True,False,False,True,False,True,False,True,False,True,0
16100,47.880001068115234,6.099999904632568,8.100000381469727,0.7309499979019165,12,True,False,False,False,True,True,False,True,False,False,True,False,True,False,True,False,True,0
17100,38.90999984741211,6.099999904632568,8.100000381469727,0.7309499979019165,14,False,True,False,True,False,True,False,True,False,False,True,False,True,False,True,False,True,0
18100,48.099998474121094,6.099999904632568,8.100000381469727,0.7309499979019165,12,True,False,False,True,False,True,False,True,False,True,False,False,True,False,True,False,True,0
19100,43.63999938964844,5.900000095367432,8.40999984741211,0.692840039730072,12,False,True,False,False,True,True,False,True,False,False,True,True,False,True,False,False,True,0
20100,40.36000061035156,6.099999904632568,8.100000381469727,0.7309499979019165,12,True,False,False,False,True,True,False,True,False,False,True,True,False,True,False,False,True,0
21100,50.779998779296875,6.099999904632568,8.100000381469727,0.7309499979019165,14,True,False,False,False,True,False,True,True,False,False,True,True,False,True,False,False,True,0
22100,60.04999923706055,6.099999904632568,8.100000381469727,0.7309499979019165,12,False,True,False,False,True,True,False,False,True,False,True,True,False,False,True,False,True,0
23100,45.38999938964844,6.099999904632568,8.100000381469727,0.7309499979019165,14,False,True,False,False,True,False,True,False,True,False,True,True,False,False,True,False,True,0
24100,63.130001068115234,6.099999904632568,8.100000381469727,0.7309499979019165,15,True,False,False,False,True,False,True,True,False,False,True,True,False,True,False,False,True,0
25100,49.04999923706055,6.099999904632568,8.100000381469727,0.7309499979019165,15,False,True,False,False,True,True,False,True,False,False,True,True,False,False,True,False,True,0
26100,51.709999084472656,6.099999904632568,8.100000381469727,0.7309499979019165,12,False,True,False,False,True,True,False,True,False,False,True,True,False,False,True,False,True,0
27100,58.720001220703125,6.099999904632568,8.100000381469727,0.7309499979019165,16,True,False,False,False,True,False,True,True,False,False,True,True,False,False,True,False,True,0
28100,53.58000183105469,6.800000190734863,10.149999618530272,0.8314099907875061,12,False,True,False,True,False,True,False,True,False,False,True,True,False,False,True,False,True,0
29100,50.25,6.800000190734863,10.149999618530272,0.8314099907875061,12,True,False,False,False,True,False,True,True,False,True,False,True,False,False,True,False,True,0
30100,50.86000061035156,6.800000190734863,10.149999618530272,0.8314099907875061,13,True,False,False,True,False,True,False,True,False,False,True,True,False,True,False,False,True,0
31100,43.16999816894531,6.800000190734863,10.149999618530272,0.8314099907875061,13,True,False,False,False,True,True,False,True,False,False,True,True,False,True,False,False,True,0
32100,68.22000122070312,7.300000190734863,11.369999885559082,0.6154699921607971,16,False,True,False,False,True,True,False,True,False,False,True,False,True,False,True,False,True,0
33100,46.33000183105469,7.300000190734863,11.369999885559082,0.6154699921607971,12,True,False,False,False,True,True,False,True,False,False,True,False,True,False,True,False,True,0
34100,54.2599983215332,7.300000190734863,11.369999885559082,0.6154699921607971,12,False,True,False,False,True,True,False,True,False,False,True,False,True,False,True,False,True,0
35100,57.900001525878906,7.300000190734863,11.369999885559082,0.6154699921607971,16,True,False,False,False,True,False,True,True,False,False,True,False,True,True,False,False,True,0
36100,56.959999084472656,7.300000190734863,11.369999885559082,0.6154699921607971,12,False,True,False,False,True,True,False,True,False,False,True,False,True,False,True,False,True,0
3798,58.0,7.300000190734863,11.369999885559082,0.6154699921607971,12,False,True,False,False,True,True,False,True,False,False,True,False,True,False,True,False,True,0
3810,43.61000061035156,5.900000095367432,8.40999984741211,0.692840039730072,13,False,True,False,False,True,False,True,True,False,False,True,True,False,True,False,False,True,0
3910,57.380001068115234,5.900000095367432,8.40999984741211,0.692840039730072,15,False,True,False,False,True,True,False,True,False,False,True,True,False,False,True,False,True,0
4010,53.560001373291016,5.900000095367432,8.40999984741211,0.692840039730072,15,False,True,False,True,False,True,False,True,False,False,True,True,False,False,True,False,True,0
4110,54.68000030517578,5.300000190734863,9.5,0.5473400354385376,14,False,True,False,False,True,False,True,True,False,False,True,True,False,False,True,False,True,1
4210,43.630001068115234,6.099999904632568,8.100000381469727,0.7309499979019165,14,False,True,False,True,False,True,False,True,False,False,True,True,False,False,True,False,True,1
4310,58.880001068115234,6.099999904632568,8.100000381469727,0.7309499979019165,12,False,True,False,True,False,True,False,True,False,False,True,True,False,False,True,False,True,1
4410,55.09000015258789,6.099999904632568,8.100000381469727,0.7309499979019165,14,True,False,False,False,True,False,True,True,False,False,True,True,False,True,False,False,True,1
4510,41.20000076293945,7.199999809265137,8.100000381469727,0.7309499979019165,12,True,False,False,True,False,True,False,True,False,False,True,True,False,False,True,False,True,0
4610,36.06999969482422,7.199999809265137,8.100000381469727,0.7309499979019165,12,True,False,False,False,True,True,False,True,False,True,False,True,False,False,True,False,True,0
4710,54.310001373291016,7.199999809265137,8.100000381469727,0.7309499979019165,12,False,True,False,False,True,True,False,True,False,False,True,True,False,False,True,False,True,0
4810,42.459999084472656,7.199999809265137,8.100000381469727,0.7309499979019165,13,False,True,False,False,True,False,True,True,False,False,True,True,False,False,True,False,True,0
4910,58.54999923706055,7.199999809265137,8.100000381469727,0.7309499979019165,14,False,True,False,False,True,True,False,True,False,True,False,True,False,False,True,False,True,0
5010,58.84000015258789,7.199999809265137,8.100000381469727,0.7309499979019165,15,True,False,False,False,True,False,True,False,True,False,True,True,False,False,True,False,True,0
5110,40.380001068115234,6.099999904632568,8.100000381469727,0.7309499979019165,12,True,False,False,True,False,True,False,True,False,True,False,True,False,False,True,False,True,1
5210,45.83000183105469,6.099999904632568,8.100000381469727,0.7309499979019165,13,False,True,False,False,True,False,True,False,True,False,True,True,False,False,True,False,True,1
5310,60.349998474121094,6.099999904632568,8.100000381469727,0.7309499979019165,16,True,False,False,False,True,False,True,True,False,False,True,True,False,True,False,False,True,1
5410,46.220001220703125,6.099999904632568,8.100000381469727,0.7309499979019165,12,False,True,False,False,True,True,False,True,False,False,True,True,False,False,True,False,True,1
5510,56.86000061035156,6.099999904632568,8.100000381469727,0.7309499979019165,15,False,True,False,False,True,False,True,False,True,False,True,True,False,True,False,False,True,1
5610,53.2400016784668,6.099999904632568,8.100000381469727,0.7309499979019165,12,True,False,False,False,True,False,True,True,False,False,True,True,False,False,True,False,True,1
5710,45.689998626708984,6.099999904632568,8.100000381469727,0.7309499979019165,14,False,True,False,False,True,True,False,True,False,False,True,True,False,True,False,False,True,1
5810,49.900001525878906,6.099999904632568,8.100000381469727,0.7309499979019165,14,True,False,False,False,True,True,False,True,False,False,True,True,False,False,True,False,True,1
5910,56.06999969482422,6.099999904632568,8.100000381469727,0.7309499979019165,14,True,False,False,False,True,True,False,True,False,False,True,True,False,False,True,False,True,1
6010,61.15999984741211,10.300000190734863,9.550000190734863,0.8059999942779541,16,False,True,False,False,True,True,False,True,False,False,True,True,False,False,True,False,True,1
6110,46.060001373291016,10.300000190734863,9.550000190734863,0.8059999942779541,13,True,False,False,False,True,False,True,True,False,False,True,True,False,False,True,False,True,1
6210,45.869998931884766,10.300000190734863,9.550000190734863,0.8059999942779541,16,False,True,False,False,True,True,False,False,True,False,True,True,False,True,False,False,True,1
6310,34.47999954223633,10.300000190734863,9.550000190734863,0.8059999942779541,12,True,False,False,True,False,True,False,True,False,False,True,True,False,False,True,False,True,1
6410,60.790000915527344,4.599999904632568,11.369999885559082,0.6154699921607971,13,True,False,False,False,True,True,False,True,False,False,True,True,False,False,True,False,True,1
6510,50.0099983215332,4.599999904632568,11.369999885559082,0.6154699921607971,14,True,False,False,False,True,True,False,True,False,False,True,True,False,False,True,False,True,1
6610,54.060001373291016,4.599999904632568,11.369999885559082,0.6154699921607971,15,True,False,False,False,True,False,True,False,True,True,False,True,False,False,True,False,True,1
6710,57.70000076293945,4.599999904632568,11.369999885559082,0.6154699921607971,12,False,True,False,False,True,False,True,True,False,False,True,True,False,False,True,False,True,1
6810,46.939998626708984,4.599999904632568,11.369999885559082,0.6154699921607971,12,False,True,False,False,True,True,False,True,False,True,False,True,False,False,True,False,True,1
6910,37.20000076293945,16.299999237060547,8.40999984741211,0.692840039730072,13,False,True,False,False,True,True,False,True,False,False,True,True,False,False,True,False,True,1
7010,41.369998931884766,16.299999237060547,8.40999984741211,0.692840039730072,13,False,True,False,False,True,True,False,True,False,True,False,True,False,False,True,False,True,1
7110,32.7599983215332,16.299999237060547,8.40999984741211,0.692840039730072,13,True,False,False,False,True,True,False,True,False,False,True,True,False,False,True,False,True,1
7210,54.88999938964844,16.299999237060547,8.40999984741211,0.692840039730072,14,False,True,False,False,True,True,False,True,False,True,False,True,False,False,True,False,True,1
7310,34.779998779296875,16.299999237060547,8.40999984741211,0.692840039730072,13,True,False,False,False,True,True,False,True,False,False,True,True,False,False,True,False,True,1
7410,38.099998474121094,16.299999237060547,8.40999984741211,0.692840039730072,14,True,False,False,False,True,True,False,True,False,False,True,True,False,False,True,False,True,1
7510,62.33000183105469,5.900000095367432,8.319999694824219,0.4953800141811371,14,True,False,False,False,True,False,True,True,False,False,True,True,False,True,False,False,True,1
7610,46.939998626708984,5.900000095367432,8.319999694824219,0.4953800141811371,13,False,True,False,False,True,False,True,True,False,False,True,True,False,True,False,False,True,1
7710,41.540000915527344,5.900000095367432,8.319999694824219,0.4953800141811371,12,False,True,False,True,False,True,False,True,False,False,True,True,False,False,True,False,True,1
7810,61.45000076293945,5.900000095367432,8.319999694824219,0.4953800141811371,13,True,False,False,False,True,True,False,True,False,False,True,True,False,True,False,False,True,1
7910,42.83000183105469,5.900000095367432,8.319999694824219,0.4953800141811371,13,False,True,False,True,False,True,False,True,False,False,True,True,False,False,True,False,True,1
8010,45.79999923706055,5.900000095367432,8.319999694824219,0.4953800141811371,12,False,True,False,False,True,True,False,True,False,False,True,True,False,True,False,False,True,1
8110,40.31999969482422,7.699999809265137,9.550000190734863,0.8059999942779541,12,True,False,False,False,True,True,False,True,False,False,True,True,False,False,True,False,True,1
8210,60.31999969482422,7.699999809265137,9.550000190734863,0.8059999942779541,17,False,True,False,False,True,False,True,True,False,False,True,True,False,False,True,False,True,1
8310,38.02000045776367,7.699999809265137,9.550000190734863,0.8059999942779541,12,False,True,False,False,True,True,False,True,False,True,False,True,False,True,False,False,True,1
8410,63.91999816894531,7.699999809265137,9.550000190734863,0.8059999942779541,12,False,True,False,False,True,True,False,True,False,False,True,True,False,False,True,False,True,1
8510,61.25,7.699999809265137,9.550000190734863,0.8059999942779541,12,True,False,False,False,True,True,False,True,False,False,True,True,False,False,True,False,True,1
8610,43.97999954223633,7.699999809265137,9.550000190734863,0.8059999942779541,15,True,False,False,False,True,True,False,True,False,False,True,True,False,False,True,False,True,1
8710,44.04999923706055,7.699999809265137,9.550000190734863,0.8059999942779541,13,True,False,False,False,True,True,False,True,False,False,True,True,False,False,True,False,True,1
8810,47.27000045776367,7.699999809265137,9.550000190734863,0.8059999942779541,13,True,False,False,False,True,True,False,True,False,False,True,True,False,False,True,False,True,1
8910,46.459999084472656,7.699999809265137,9.550000190734863,0.8059999942779541,12,False,True,False,False,True,True,False,True,False,False,True,True,False,False,True,False,True,1
9010,39.209999084472656,7.699999809265137,9.550000190734863,0.8059999942779541,13,True,False,False,False,True,True,False,True,False,False,True,True,False,False,True,False,True,1
9110,52.41999816894531,7.699999809265137,9.550000190734863,0.8059999942779541,12,True,False,False,True,False,True,False,True,False,False,True,True,False,False,True,False,True,1
9210,51.75,7.699999809265137,9.550000190734863,0.8059999942779541,14,False,True,False,False,True,True,False,True,False,True,False,True,False,False,True,False,True,1
9310,45.83000183105469,7.699999809265137,9.550000190734863,0.8059999942779541,12,False,True,False,False,True,True,False,True,False,False,True,True,False,False,True,False,True,1
9410,50.77000045776367,6.800000190734863,10.149999618530272,0.8314099907875061,12,True,False,False,False,True,True,False,True,False,True,False,True,False,False,True,False,True,0
9510,39.40999984741211,6.800000190734863,10.149999618530272,0.8314099907875061,13,True,False,True,False,False,True,False,True,False,False,True,True,False,False,True,False,True,0
9610,46.560001373291016,6.800000190734863,10.149999618530272,0.8314099907875061,12,True,False,False,True,False,True,False,True,False,True,False,True,False,False,True,False,True,0
9710,50.9900016784668,6.800000190734863,10.149999618530272,0.8314099907875061,17,False,True,False,False,True,True,False,True,False,False,True,True,False,False,True,False,True,0
9810,40.77000045776367,6.800000190734863,10.149999618530272,0.8314099907875061,12,False,True,False,False,True,True,False,True,False,False,True,True,False,False,True,False,True,0
9910,45.7400016784668,6.800000190734863,10.149999618530272,0.8314099907875061,12,True,False,False,False,True,True,False,True,False,True,False,True,False,False,True,False,True,0
10010,49.18000030517578,8.199999809265137,9.550000190734863,0.8059999942779541,13,True,False,False,False,True,True,False,True,False,False,True,True,False,False,True,False,True,1
10110,51.97999954223633,6.800000190734863,11.369999885559082,0.6154699921607971,12,True,False,False,False,True,True,False,True,False,False,True,True,False,False,True,False,True,0
10210,45.959999084472656,6.800000190734863,11.369999885559082,0.6154699921607971,14,True,False,False,False,True,True,False,False,True,False,True,True,False,False,True,False,True,0
10310,50.150001525878906,6.800000190734863,11.369999885559082,0.6154699921607971,14,False,True,False,False,True,True,False,True,False,False,True,True,False,False,True,False,True,0
10410,53.2400016784668,6.800000190734863,11.369999885559082,0.6154699921607971,16,True,False,False,False,True,False,True,True,False,False,True,True,False,True,False,False,True,0
10510,64.43000030517578,6.800000190734863,11.369999885559082,0.6154699921607971,17,False,True,False,False,True,True,False,True,False,False,True,True,False,False,True,False,True,0
10610,44.099998474121094,11.899999618530272,8.40999984741211,0.692840039730072,12,True,False,False,True,False,True,False,True,False,False,True,True,False,False,True,False,True,1
10710,48.15999984741211,11.899999618530272,8.40999984741211,0.692840039730072,14,True,False,False,True,False,True,False,True,False,False,True,True,False,True,False,False,True,1
10810,45.099998474121094,11.899999618530272,8.40999984741211,0.692840039730072,12,True,False,False,False,True,False,True,False,True,True,False,True,False,False,True,False,True,1
10910,41.20000076293945,11.899999618530272,8.40999984741211,0.692840039730072,12,False,True,False,True,False,True,False,True,False,True,False,True,False,False,True,False,True,1
11010,47.61000061035156,11.899999618530272,8.40999984741211,0.692840039730072,12,False,True,False,False,True,True,False,True,False,False,True,True,False,False,True,False,True,1
11110,62.2599983215332,11.899999618530272,8.40999984741211,0.692840039730072,16,False,True,False,False,True,True,False,False,True,False,True,True,False,True,False,False,True,1
11210,44.72999954223633,11.899999618530272,8.40999984741211,0.692840039730072,12,True,False,False,False,True,True,False,True,False,False,True,True,False,False,True,False,True,1
11310,46.09000015258789,11.899999618530272,8.40999984741211,0.692840039730072,12,True,False,False,False,True,True,False,True,False,True,False,True,False,True,False,False,True,1
11410,49.27000045776367,5.5,11.5600004196167,1.077370047569275,16,False,True,False,False,True,True,False,False,True,False,True,True,False,True,False,False,True,1
11510,45.11000061035156,5.5,11.5600004196167,1.077370047569275,13,False,True,False,False,True,True,False,True,False,False,True,True,False,True,False,False,True,1
11610,72.80999755859375,5.5,11.5600004196167,1.077370047569275,12,True,False,False,False,True,True,False,False,True,False,True,True,False,False,True,False,True,1
11710,39.16999816894531,5.5,11.5600004196167,1.077370047569275,12,True,False,False,False,True,True,False,True,False,False,True,True,False,False,True,False,True,1
11810,57.209999084472656,5.5,11.5600004196167,1.077370047569275,16,True,False,False,False,True,False,True,True,False,False,True,True,False,True,False,False,True,1
11910,59.15999984741211,5.5,11.5600004196167,1.077370047569275,12,False,True,False,False,True,True,False,True,False,False,True,True,False,False,True,False,True,1
12010,54.63999938964844,8.0,12.960000038146973,0.7136300206184387,15,True,False,False,False,True,True,False,False,True,False,True,True,False,False,True,False,True,0
12110,64.87999725341797,8.0,12.960000038146973,0.7136300206184387,18,True,False,False,False,True,True,False,True,False,False,True,True,False,False,True,False,True,0
12210,51.849998474121094,8.0,12.960000038146973,0.7136300206184387,13,True,False,False,False,True,True,False,True,False,False,True,True,False,False,True,False,True,0
12310,46.13999938964844,8.0,12.960000038146973,0.7136300206184387,12,False,True,False,False,True,True,False,True,False,True,False,True,False,False,True,False,True,0
12410,36.08000183105469,8.0,12.960000038146973,0.7136300206184387,13,True,False,False,False,True,True,False,True,False,False,True,True,False,False,True,False,True,0
12510,62.470001220703125,8.0,12.960000038146973,0.7136300206184387,16,False,True,False,False,True,True,False,True,False,False,True,True,False,False,True,False,True,0
12610,44.63999938964844,5.5,11.5600004196167,1.077370047569275,12,False,True,False,False,True,True,False,True,False,False,True,True,False,False,True,False,True,1
12710,40.529998779296875,5.5,11.5600004196167,1.077370047569275,12,True,False,False,False,True,False,True,True,False,False,True,True,False,False,True,False,True,1
12810,37.75,5.5,11.5600004196167,1.077370047569275,12,True,False,False,False,True,True,False,True,False,True,False,True,False,True,False,False,True,1
12910,41.79999923706055,5.5,11.5600004196167,1.077370047569275,12,True,False,False,False,True,True,False,True,False,True,False,True,False,False,True,False,True,1
13010,48.560001373291016,8.100000381469727,12.960000038146973,0.7136300206184387,12,False,True,False,False,True,True,False,True,False,False,True,False,True,False,True,False,True,0
13110,67.56999969482422,8.100000381469727,12.960000038146973,0.7136300206184387,16,False,True,False,False,True,False,True,False,True,False,True,False,True,True,False,False,True,0
13210,44.47999954223633,8.100000381469727,12.960000038146973,0.7136300206184387,14,False,True,False,False,True,True,False,True,False,False,True,False,True,True,False,False,True,0
13310,62.59000015258789,8.100000381469727,12.960000038146973,0.7136300206184387,12,False,True,False,False,True,True,False,True,False,False,True,False,True,False,True,False,True,0
13410,56.869998931884766,8.100000381469727,12.960000038146973,0.7136300206184387,15,False,True,False,False,True,False,True,True,False,False,True,False,True,True,False,False,True,0
13510,34.0,8.100000381469727,12.960000038146973,0.7136300206184387,14,True,False,False,False,True,True,False,True,False,False,True,False,True,False,True,False,True,0
13610,41.290000915527344,6.099999904632568,12.960000038146973,0.7136300206184387,12,True,False,False,False,True,True,False,False,True,False,True,True,False,False,True,False,True,1
13710,60.4900016784668,6.099999904632568,12.960000038146973,0.7136300206184387,16,True,False,False,False,True,False,True,False,True,False,True,True,False,False,True,False,True,1
13810,65.91999816894531,6.099999904632568,12.960000038146973,0.7136300206184387,16,True,False,False,False,True,True,False,False,True,False,True,True,False,True,False,False,True,1
13910,61.41999816894531,6.099999904632568,12.960000038146973,0.7136300206184387,16,False,True,False,False,True,False,True,True,False,False,True,True,False,True,False,False,True,1
14010,48.09000015258789,8.0,12.960000038146973,0.7136300206184387,14,True,False,False,False,True,True,False,True,False,False,True,True,False,True,False,False,True,0
14110,54.75,8.0,12.960000038146973,0.7136300206184387,16,True,False,False,False,True,True,False,True,False,False,True,True,False,False,True,False,True,0
14210,53.630001068115234,8.0,12.960000038146973,0.7136300206184387,14,True,False,False,False,True,True,False,True,False,False,True,True,False,True,False,False,True,0
14310,59.5099983215332,8.0,12.960000038146973,0.7136300206184387,13,True,False,False,False,True,True,False,True,False,False,True,True,False,False,True,False,True,0
14410,51.25,8.0,12.960000038146973,0.7136300206184387,12,True,False,False,False,True,True,False,True,False,False,True,False,True,False,True,False,True,0
14510,61.099998474121094,7.0,11.5600004196167,1.077370047569275,15,True,False,False,False,True,True,False,True,False,False,True,True,False,False,True,False,True,0
14610,42.5099983215332,7.0,11.5600004196167,1.077370047569275,16,False,True,False,False,True,True,False,True,False,False,True,True,False,False,True,False,True,0
14710,63.11000061035156,7.0,11.5600004196167,1.077370047569275,12,False,True,False,False,True,True,False,True,False,False,True,True,False,False,True,False,True,0
14810,62.2400016784668,5.5,11.5600004196167,1.077370047569275,17,False,True,False,False,True,True,False,True,False,False,True,True,False,False,True,False,True,1
14910,47.04999923706055,5.5,11.5600004196167,1.077370047569275,14,True,False,False,False,True,True,False,True,False,True,False,True,False,False,True,False,True,1
15010,54.47999954223633,5.5,11.5600004196167,1.077370047569275,14,True,False,False,False,True,True,False,True,False,False,True,True,False,True,False,False,True,1
15110,58.84000015258789,5.5,11.5600004196167,1.077370047569275,13,True,False,False,False,True,True,False,True,False,False,True,True,False,True,False,False,True,1
15210,41.63999938964844,5.5,11.5600004196167,1.077370047569275,12,False,True,False,False,True,True,False,True,False,True,False,True,False,False,True,False,True,1
15310,66.83000183105469,12.399999618530272,11.5600004196167,1.077370047569275,14,False,True,False,False,True,True,False,True,False,False,True,True,False,False,True,False,True,1
15410,39.849998474121094,12.399999618530272,11.5600004196167,1.077370047569275,12,False,True,False,False,True,True,False,True,False,False,True,True,False,True,False,False,True,1
15510,46.279998779296875,12.399999618530272,11.5600004196167,1.077370047569275,16,True,False,False,False,True,True,False,False,True,False,True,True,False,False,True,False,True,1
15610,59.38999938964844,12.399999618530272,11.5600004196167,1.077370047569275,16,True,False,False,False,True,True,False,True,False,False,True,True,False,False,True,False,True,1
15710,42.56999969482422,12.399999618530272,11.5600004196167,1.077370047569275,13,True,False,False,False,True,True,False,True,False,False,True,True,False,False,True,False,True,1
15810,57.83000183105469,12.399999618530272,11.5600004196167,1.077370047569275,12,False,True,False,False,True,True,False,True,False,False,True,True,False,False,True,False,True,1
15910,46.13999938964844,12.399999618530272,11.5600004196167,1.077370047569275,12,False,True,False,False,True,True,False,True,False,False,True,True,False,False,True,False,True,1
16010,55.70000076293945,12.399999618530272,11.5600004196167,1.077370047569275,12,True,False,False,False,True,True,False,True,False,False,True,True,False,True,False,False,True,1
16110,41.880001068115234,12.399999618530272,11.5600004196167,1.077370047569275,15,True,False,False,False,True,True,False,True,False,False,True,True,False,False,True,False,True,1
16210,37.029998779296875,13.800000190734863,12.960000038146973,0.7136300206184387,12,True,False,False,False,True,True,False,True,False,True,False,True,False,False,True,False,True,1
16310,44.439998626708984,13.800000190734863,12.960000038146973,0.7136300206184387,12,True,False,False,False,True,True,False,True,False,False,True,True,False,True,False,False,True,1
16410,64.5999984741211,13.800000190734863,12.960000038146973,0.7136300206184387,17,False,True,False,False,True,False,True,True,False,False,True,True,False,True,False,False,True,1
16510,58.93000030517578,7.0,11.5600004196167,1.077370047569275,16,False,True,True,False,False,False,True,False,True,False,True,False,True,True,False,False,True,0
16610,61.90999984741211,7.0,11.5600004196167,1.077370047569275,12,False,True,False,False,True,True,False,True,False,False,True,False,True,True,False,False,True,0
16710,59.470001220703125,7.0,11.5600004196167,1.077370047569275,17,True,False,False,False,True,False,True,False,True,False,True,False,True,False,True,False,True,0
16810,59.599998474121094,7.0,11.5600004196167,1.077370047569275,16,True,False,False,False,True,False,True,False,True,False,True,False,True,True,False,False,True,0
16910,53.900001525878906,7.0,11.5600004196167,1.077370047569275,14,True,False,False,False,True,True,False,True,False,False,True,False,True,False,True,False,True,0
17010,38.349998474121094,10.199999809265137,12.960000038146973,0.7136300206184387,12,True,False,False,False,True,True,False,True,False,False,True,True,False,False,True,False,True,0
17110,47.209999084472656,7.199999809265137,12.960000038146973,0.7136300206184387,14,True,False,False,False,True,False,True,True,False,False,True,True,False,False,True,False,True,0
17210,49.72999954223633,7.199999809265137,12.960000038146973,0.7136300206184387,12,True,False,False,False,True,True,False,True,False,False,True,True,False,True,False,False,True,0
17310,44.18000030517578,7.199999809265137,12.960000038146973,0.7136300206184387,12,True,False,False,False,True,True,False,True,False,False,True,True,False,False,True,False,True,0
17410,59.54999923706055,7.199999809265137,12.960000038146973,0.7136300206184387,12,False,True,False,False,True,True,False,True,False,True,False,True,False,False,True,False,True,0
17510,48.11000061035156,7.199999809265137,12.960000038146973,0.7136300206184387,12,False,True,False,False,True,True,False,True,False,True,False,True,False,False,True,False,True,0
17610,49.470001220703125,10.899999618530272,11.5600004196167,1.077370047569275,16,True,False,False,False,True,True,False,True,False,False,True,True,False,True,False,False,True,1
17710,45.900001525878906,10.899999618530272,11.5600004196167,1.077370047569275,12,False,True,False,False,True,True,False,True,False,False,True,True,False,False,True,False,True,1
17810,46.779998779296875,6.099999904632568,12.960000038146973,0.7136300206184387,13,False,True,False,False,True,False,True,True,False,False,True,True,False,True,False,False,True,1
17910,50.58000183105469,6.099999904632568,12.960000038146973,0.7136300206184387,12,False,True,False,False,True,False,True,True,False,True,False,True,False,False,True,False,True,1
18010,52.58000183105469,6.099999904632568,12.960000038146973,0.7136300206184387,13,True,False,False,False,True,True,False,True,False,False,True,True,False,True,False,False,True,1
18110,43.400001525878906,6.099999904632568,12.960000038146973,0.7136300206184387,14,True,False,False,False,True,False,True,False,True,False,True,True,False,False,True,False,True,1
18210,62.56999969482422,6.099999904632568,12.960000038146973,0.7136300206184387,15,False,True,False,False,True,True,False,True,False,False,True,True,False,True,False,False,True,1
18310,57.599998474121094,6.099999904632568,12.960000038146973,0.7136300206184387,12,True,False,False,False,True,False,True,True,False,True,False,True,False,False,True,False,True,1
18410,47.83000183105469,6.099999904632568,12.960000038146973,0.7136300206184387,12,True,False,False,False,True,False,True,True,False,False,True,True,False,False,True,False,True,1
18510,45.560001373291016,6.099999904632568,12.960000038146973,0.7136300206184387,12,False,True,False,False,True,True,False,True,False,False,True,True,False,False,True,False,True,1
18610,45.220001220703125,7.599999904632568,11.5600004196167,1.077370047569275,12,True,False,False,False,True,False,True,True,False,False,True,True,False,False,True,False,True,1
18710,43.13999938964844,7.599999904632568,11.5600004196167,1.077370047569275,12,True,False,False,False,True,True,False,True,False,True,False,True,False,False,True,False,True,1
18810,61.47999954223633,7.599999904632568,11.5600004196167,1.077370047569275,16,False,True,False,False,True,True,False,True,False,False,True,True,False,False,True,False,True,1
18910,52.060001373291016,7.599999904632568,11.5600004196167,1.077370047569275,12,False,True,False,False,True,True,False,True,False,False,True,True,False,False,True,False,True,1
19010,57.61000061035156,7.599999904632568,11.5600004196167,1.077370047569275,17,False,True,False,False,True,True,False,True,False,True,False,True,False,False,True,False,True,1
19110,58.93000030517578,7.599999904632568,12.960000038146973,0.7136300206184387,16,True,False,False,False,True,False,True,False,True,False,True,True,False,False,True,False,True,1
19210,57.529998779296875,7.599999904632568,12.960000038146973,0.7136300206184387,12,True,False,False,False,True,True,False,True,False,False,True,True,False,False,True,False,True,1
19310,59.959999084472656,7.599999904632568,12.960000038146973,0.7136300206184387,16,False,True,False,False,True,True,False,True,False,False,True,True,False,False,True,False,True,1
19410,53.54999923706055,7.599999904632568,12.960000038146973,0.7136300206184387,14,True,False,False,False,True,True,False,True,False,True,False,True,False,False,True,False,True,1
19510,50.869998931884766,7.599999904632568,12.960000038146973,0.7136300206184387,13,True,False,False,False,True,True,False,True,False,False,True,True,False,False,True,False,True,1
19610,58.650001525878906,7.599999904632568,12.960000038146973,0.7136300206184387,13,True,False,False,False,True,True,False,True,False,False,True,True,False,True,False,False,True,1
19710,45.77000045776367,10.699999809265137,11.5600004196167,1.077370047569275,12,False,True,False,False,True,True,False,True,False,False,True,True,False,False,True,False,True,1
19810,51.7599983215332,6.300000190734863,8.890000343322754,0.2575100064277649,16,False,True,False,False,True,True,False,True,False,False,True,False,True,False,True,False,True,0
19910,45.52000045776367,6.300000190734863,8.890000343322754,0.2575100064277649,16,False,True,False,False,True,True,False,True,False,True,False,False,True,False,True,False,True,0
20010,46.869998931884766,6.300000190734863,8.890000343322754,0.2575100064277649,16,True,False,False,False,True,True,False,True,False,False,True,False,True,False,True,False,True,0
20110,58.2400016784668,6.300000190734863,8.890000343322754,0.2575100064277649,15,True,False,False,False,True,True,False,True,False,False,True,False,True,False,True,False,True,0
20210,53.25,6.300000190734863,8.890000343322754,0.2575100064277649,18,False,True,False,False,True,False,True,False,True,False,True,False,True,False,True,False,True,0
20310,56.0,6.300000190734863,8.890000343322754,0.2575100064277649,18,True,False,False,False,True,True,False,True,False,False,True,False,True,False,True,False,True,0
20410,57.380001068115234,6.300000190734863,8.890000343322754,0.2575100064277649,16,False,True,False,False,True,True,False,True,False,False,True,False,True,False,True,False,True,0
20510,55.189998626708984,6.300000190734863,8.890000343322754,0.2575100064277649,14,False,True,False,False,True,True,False,True,False,False,True,False,True,False,True,False,True,0
20610,58.02000045776367,6.599999904632568,8.890000343322754,0.2575100064277649,17,False,True,False,False,True,True,False,True,False,False,True,False,True,False,True,False,True,0
20710,37.83000183105469,6.599999904632568,8.890000343322754,0.2575100064277649,14,False,True,False,False,True,False,True,True,False,False,True,False,True,True,False,False,True,0
20810,47.939998626708984,6.599999904632568,8.890000343322754,0.2575100064277649,12,True,False,False,False,True,False,True,True,False,False,True,False,True,False,True,False,True,0
20910,42.790000915527344,7.199999809265137,8.890000343322754,0.2575100064277649,12,True,False,True,False,False,True,False,True,False,True,False,False,True,False,True,False,True,0
21010,39.790000915527344,7.199999809265137,8.890000343322754,0.2575100064277649,15,True,False,False,False,True,True,False,True,False,True,False,False,True,False,True,False,True,0
21110,43.63999938964844,7.199999809265137,8.890000343322754,0.2575100064277649,13,False,True,False,True,False,True,False,True,False,False,True,False,True,False,True,False,True,0
21210,49.54999923706055,7.199999809265137,8.890000343322754,0.2575100064277649,12,False,True,False,False,True,True,False,True,False,False,True,False,True,False,True,False,True,0
21310,60.56999969482422,7.199999809265137,8.890000343322754,0.2575100064277649,12,True,False,False,False,True,True,False,True,False,False,True,False,True,False,True,False,True,0
21410,59.88999938964844,6.599999904632568,8.890000343322754,0.2575100064277649,13,False,True,False,False,True,False,True,False,True,False,True,False,True,False,True,False,True,0
21510,64.22000122070312,6.599999904632568,8.890000343322754,0.2575100064277649,14,False,True,False,False,True,True,False,True,False,False,True,False,True,True,False,False,True,0
21610,58.81999969482422,6.599999904632568,8.890000343322754,0.2575100064277649,16,False,True,False,False,True,False,True,False,True,False,True,False,True,True,False,False,True,0
21710,70.69999694824219,6.599999904632568,8.890000343322754,0.2575100064277649,17,False,True,False,False,True,True,False,True,False,False,True,False,True,False,True,False,True,0
21810,43.900001525878906,6.599999904632568,8.890000343322754,0.2575100064277649,13,True,False,True,False,False,True,False,True,False,False,True,False,True,False,True,False,True,0
21910,54.209999084472656,6.800000190734863,8.890000343322754,0.2575100064277649,16,True,False,False,False,True,False,True,True,False,True,False,False,True,False,True,False,True,0
22010,45.310001373291016,6.800000190734863,8.890000343322754,0.2575100064277649,12,False,True,False,True,False,True,False,True,False,False,True,False,True,True,False,False,True,0
22110,49.060001373291016,6.800000190734863,8.890000343322754,0.2575100064277649,15,True,False,False,True,False,True,False,True,False,False,True,False,True,False,True,False,True,0
22210,36.61000061035156,6.800000190734863,8.890000343322754,0.2575100064277649,12,True,False,True,False,False,True,False,True,False,False,True,False,True,True,False,False,True,0
22310,57.52000045776367,6.800000190734863,8.890000343322754,0.2575100064277649,14,False,True,False,False,True,True,False,True,False,True,False,False,True,False,True,False,True,0
22410,57.25,6.800000190734863,8.890000343322754,0.2575100064277649,13,True,False,False,False,True,True,False,True,False,False,True,False,True,False,True,False,True,0
22510,53.68000030517578,6.800000190734863,8.890000343322754,0.2575100064277649,13,True,False,False,False,True,True,False,True,False,False,True,False,True,False,True,False,True,0
22610,51.04999923706055,6.800000190734863,8.890000343322754,0.2575100064277649,16,False,True,False,False,True,False,True,False,True,False,True,False,True,True,False,False,True,0
22710,63.189998626708984,6.800000190734863,8.890000343322754,0.2575100064277649,12,True,False,False,False,True,False,True,True,False,True,False,False,True,False,True,False,True,0
22810,48.47999954223633,6.800000190734863,8.890000343322754,0.2575100064277649,16,True,False,False,False,True,True,False,True,False,False,True,False,True,False,True,False,True,0
22910,36.95000076293945,6.800000190734863,8.890000343322754,0.2575100064277649,12,False,True,False,True,False,True,False,True,False,True,False,False,True,False,True,False,True,0
23010,39.9900016784668,6.599999904632568,8.890000343322754,0.2575100064277649,14,True,False,False,True,False,False,True,False,True,False,True,False,True,True,False,False,True,0
23110,52.88999938964844,6.599999904632568,8.890000343322754,0.2575100064277649,15,True,False,False,False,True,False,True,True,False,False,True,False,True,False,True,False,True,0
23210,47.86000061035156,6.599999904632568,8.890000343322754,0.2575100064277649,12,False,True,False,False,True,True,False,True,False,False,True,False,True,False,True,False,True,0
23310,49.220001220703125,6.599999904632568,8.890000343322754,0.2575100064277649,15,False,True,False,False,True,False,True,True,False,False,True,False,True,True,False,False,True,0
23410,49.06999969482422,6.599999904632568,8.890000343322754,0.2575100064277649,14,True,False,False,False,True,False,True,True,False,False,True,False,True,True,False,False,True,0
23510,55.5,6.599999904632568,8.890000343322754,0.2575100064277649,12,True,False,False,False,True,True,False,True,False,False,True,False,True,False,True,False,True,0
23610,49.7400016784668,6.599999904632568,8.890000343322754,0.2575100064277649,15,False,True,False,False,True,True,False,True,False,False,True,False,True,False,True,False,True,0
23710,43.65999984741211,6.599999904632568,8.890000343322754,0.2575100064277649,12,False,True,False,True,False,True,False,True,False,False,True,False,True,False,True,False,True,0
23810,52.54999923706055,6.800000190734863,8.890000343322754,0.2575100064277649,16,True,False,False,False,True,False,True,False,True,False,True,False,True,True,False,False,True,0
23910,55.310001373291016,6.800000190734863,8.890000343322754,0.2575100064277649,13,False,True,False,False,True,True,False,True,False,False,True,False,True,True,False,False,True,0
24010,49.90999984741211,6.800000190734863,8.890000343322754,0.2575100064277649,14,True,False,False,False,True,True,False,True,False,False,True,False,True,False,True,False,True,0
24110,59.33000183105469,6.800000190734863,8.890000343322754,0.2575100064277649,17,False,True,False,False,True,False,True,True,False,False,True,False,True,True,False,False,True,0
24210,58.16999816894531,6.800000190734863,8.890000343322754,0.2575100064277649,14,True,False,False,False,True,True,False,True,False,True,False,False,True,False,True,False,True,0
24310,47.45000076293945,6.800000190734863,8.890000343322754,0.2575100064277649,12,True,False,False,False,True,True,False,True,False,False,True,False,True,False,True,False,True,0
24410,58.599998474121094,6.800000190734863,8.890000343322754,0.2575100064277649,14,False,True,False,False,True,False,True,True,False,False,True,False,True,False,True,False,True,0
24510,58.0,6.599999904632568,8.890000343322754,0.2575100064277649,17,False,True,False,True,False,False,True,True,False,False,True,False,True,True,False,False,True,0
24610,57.189998626708984,6.599999904632568,8.890000343322754,0.2575100064277649,13,False,True,True,False,False,True,False,False,True,True,False,False,True,True,False,False,True,0
24710,52.84000015258789,6.599999904632568,8.890000343322754,0.2575100064277649,15,True,False,False,True,False,True,False,True,False,True,False,False,True,False,True,False,True,0
24810,43.349998474121094,6.599999904632568,8.890000343322754,0.2575100064277649,12,True,False,True,False,False,True,False,True,False,True,False,False,True,False,True,False,True,0
24910,49.27000045776367,6.599999904632568,8.890000343322754,0.2575100064277649,13,False,True,False,True,False,True,False,True,False,False,True,False,True,False,True,False,True,0
25010,50.150001525878906,6.599999904632568,8.890000343322754,0.2575100064277649,15,True,False,False,False,True,True,False,True,False,False,True,False,True,False,True,False,True,0
25110,45.709999084472656,6.599999904632568,8.890000343322754,0.2575100064277649,12,True,False,False,True,False,True,False,True,False,True,False,False,True,False,True,False,True,0
25210,35.27000045776367,8.199999809265137,8.890000343322754,0.2575100064277649,12,True,False,True,False,False,True,False,True,False,False,True,False,True,True,False,False,True,0
25310,53.16999816894531,8.199999809265137,8.890000343322754,0.2575100064277649,17,True,False,False,False,True,False,True,False,True,False,True,False,True,True,False,False,True,0
25410,63.06999969482422,8.199999809265137,8.890000343322754,0.2575100064277649,16,True,False,False,False,True,False,True,True,False,False,True,False,True,True,False,False,True,0
25510,45.5,8.199999809265137,8.890000343322754,0.2575100064277649,12,True,False,False,True,False,True,False,True,False,False,True,False,True,False,True,False,True,0
25610,61.529998779296875,8.199999809265137,8.890000343322754,0.2575100064277649,17,False,True,False,False,True,True,False,True,False,False,True,False,True,False,True,False,True,0
25710,45.31999969482422,8.199999809265137,8.890000343322754,0.2575100064277649,12,True,False,False,False,True,True,False,True,False,False,True,False,True,False,True,False,True,0
25810,66.3499984741211,8.199999809265137,8.890000343322754,0.2575100064277649,16,False,True,False,False,True,False,True,True,False,False,True,False,True,False,True,False,True,0
25910,60.939998626708984,8.199999809265137,8.890000343322754,0.2575100064277649,16,True,False,False,False,True,False,True,True,False,False,True,False,True,True,False,False,True,0
26010,47.84000015258789,8.199999809265137,8.890000343322754,0.2575100064277649,12,True,False,False,True,False,True,False,True,False,False,True,False,True,False,True,False,True,0
26110,58.65999984741211,8.199999809265137,8.890000343322754,0.2575100064277649,16,True,False,False,False,True,False,True,True,False,False,True,False,True,True,False,False,True,0
26210,59.099998474121094,8.199999809265137,8.890000343322754,0.2575100064277649,16,True,False,False,False,True,False,True,False,True,False,True,False,True,False,True,False,True,0
26310,60.40999984741211,8.199999809265137,8.890000343322754,0.2575100064277649,17,False,True,False,False,True,False,True,False,True,False,True,False,True,True,False,False,True,0
26410,46.209999084472656,4.300000190734863,8.890000343322754,0.2575100064277649,13,True,False,False,False,True,True,False,True,False,False,True,False,True,False,True,False,True,0
26510,51.61000061035156,4.300000190734863,8.890000343322754,0.2575100064277649,12,True,False,False,False,True,True,False,True,False,False,True,False,True,False,True,False,True,0
26610,51.849998474121094,4.300000190734863,8.890000343322754,0.2575100064277649,15,False,True,False,False,True,False,True,True,False,False,True,False,True,True,False,False,True,0
26710,51.38999938964844,4.300000190734863,8.890000343322754,0.2575100064277649,15,False,True,False,True,False,True,False,True,False,False,True,False,True,True,False,False,True,0
26810,56.84000015258789,6.800000190734863,8.890000343322754,0.2575100064277649,12,False,True,False,False,True,True,False,True,False,True,False,True,False,False,True,False,True,0
26910,46.939998626708984,6.800000190734863,8.890000343322754,0.2575100064277649,12,True,False,False,True,False,True,False,True,False,False,True,True,False,False,True,False,True,0
27010,41.45000076293945,6.800000190734863,8.890000343322754,0.2575100064277649,12,False,True,False,False,True,True,False,True,False,True,False,True,False,False,True,False,True,0
27110,51.2400016784668,6.800000190734863,8.890000343322754,0.2575100064277649,13,True,False,False,True,False,True,False,True,False,False,True,True,False,False,True,False,True,0
27210,50.470001220703125,6.800000190734863,8.890000343322754,0.2575100064277649,12,True,False,False,True,False,True,False,True,False,False,True,True,False,False,True,False,True,0
27310,48.81999969482422,6.800000190734863,8.890000343322754,0.2575100064277649,17,True,False,False,False,True,False,True,True,False,False,True,True,False,False,True,False,True,0
27410,53.2599983215332,4.300000190734863,8.890000343322754,0.2575100064277649,16,True,False,False,False,True,True,False,False,True,False,True,True,False,True,False,False,True,0
27510,55.540000915527344,4.300000190734863,8.890000343322754,0.2575100064277649,13,False,True,False,False,True,True,False,True,False,False,True,True,False,False,True,False,True,0
27610,62.849998474121094,4.300000190734863,8.890000343322754,0.2575100064277649,14,False,True,True,False,False,False,True,True,False,True,False,True,False,True,False,False,True,0
27710,57.459999084472656,4.300000190734863,8.890000343322754,0.2575100064277649,15,True,False,False,False,True,False,True,False,True,False,True,True,False,True,False,False,True,0
27810,48.70000076293945,4.300000190734863,8.890000343322754,0.2575100064277649,14,False,True,False,False,True,True,False,True,False,False,True,True,False,True,False,False,True,0
27910,61.2599983215332,4.300000190734863,8.890000343322754,0.2575100064277649,16,True,False,False,False,True,False,True,True,False,False,True,True,False,True,False,False,True,0
28010,51.45000076293945,4.300000190734863,8.890000343322754,0.2575100064277649,14,True,False,False,False,True,False,True,True,False,False,True,True,False,False,True,False,True,0
28110,37.709999084472656,4.300000190734863,8.890000343322754,0.2575100064277649,13,False,True,False,True,False,True,False,True,False,False,True,True,False,False,True,False,True,0
28210,46.9900016784668,4.300000190734863,8.890000343322754,0.2575100064277649,15,False,True,False,False,True,False,True,True,False,False,True,True,False,True,False,False,True,0
28310,51.34000015258789,4.300000190734863,8.890000343322754,0.2575100064277649,14,False,True,True,False,False,True,False,False,True,False,True,True,False,False,True,False,True,0
28410,53.599998474121094,5.099999904632568,8.890000343322754,0.2575100064277649,14,False,True,False,False,True,False,True,True,False,False,True,True,False,True,False,False,True,1
28510,48.970001220703125,5.099999904632568,8.890000343322754,0.2575100064277649,16,False,True,False,False,True,False,True,True,False,False,True,True,False,True,False,False,True,1
28610,45.470001220703125,5.099999904632568,8.890000343322754,0.2575100064277649,13,False,True,False,False,True,True,False,True,False,True,False,True,False,False,True,False,True,1
28710,63.04999923706055,7.699999809265137,8.890000343322754,0.2575100064277649,14,False,True,False,True,False,True,False,True,False,False,True,True,False,True,False,False,True,0
28810,61.150001525878906,7.699999809265137,8.890000343322754,0.2575100064277649,16,True,False,False,False,True,True,False,True,False,False,True,True,False,False,True,False,True,0
28910,40.29999923706055,7.699999809265137,8.890000343322754,0.2575100064277649,15,True,False,False,False,True,False,True,False,True,False,True,True,False,False,True,False,True,0
29010,67.58000183105469,7.699999809265137,8.890000343322754,0.2575100064277649,16,True,False,False,False,True,True,False,True,False,False,True,True,False,False,True,False,True,0
29110,58.54999923706055,4.300000190734863,8.890000343322754,0.2575100064277649,15,False,True,False,False,True,True,False,True,False,False,True,True,False,True,False,False,True,1
29210,44.849998474121094,4.300000190734863,8.890000343322754,0.2575100064277649,16,True,False,False,False,True,True,False,True,False,False,True,True,False,True,False,False,True,1
29310,47.459999084472656,4.300000190734863,8.890000343322754,0.2575100064277649,15,True,False,False,False,True,False,True,False,True,False,True,True,False,False,True,False,True,1
29410,55.95000076293945,4.300000190734863,8.890000343322754,0.2575100064277649,13,True,False,False,False,True,False,True,True,False,False,True,True,False,True,False,False,True,1
29510,45.68000030517578,4.300000190734863,8.890000343322754,0.2575100064277649,12,True,False,False,False,True,True,False,True,False,False,True,True,False,False,True,False,True,0
29610,43.63999938964844,4.300000190734863,8.890000343322754,0.2575100064277649,12,False,True,False,False,True,True,False,True,False,True,False,True,False,False,True,False,True,0
29710,40.54999923706055,4.300000190734863,8.890000343322754,0.2575100064277649,12,False,True,False,False,True,True,False,True,False,False,True,True,False,False,True,False,True,0
29810,50.72999954223633,4.300000190734863,8.890000343322754,0.2575100064277649,13,True,False,False,False,True,False,True,True,False,False,True,True,False,False,True,False,True,0
29910,33.93000030517578,4.300000190734863,8.890000343322754,0.2575100064277649,12,True,False,False,True,False,True,False,True,False,False,True,True,False,False,True,False,True,0
30010,52.650001525878906,4.300000190734863,8.890000343322754,0.2575100064277649,13,True,False,False,False,True,False,True,True,False,False,True,True,False,True,False,False,True,0
30110,61.310001373291016,4.300000190734863,8.890000343322754,0.2575100064277649,12,False,True,False,False,True,False,True,True,False,False,True,True,False,True,False,False,True,0
30210,44.27000045776367,8.199999809265137,8.890000343322754,0.2575100064277649,12,True,False,False,False,True,True,False,True,False,True,False,True,False,False,True,False,True,1
30310,53.72999954223633,8.199999809265137,8.890000343322754,0.2575100064277649,16,False,True,False,False,True,True,False,True,False,True,False,True,False,True,False,False,True,1
30410,48.25,8.199999809265137,8.890000343322754,0.2575100064277649,13,True,False,False,True,False,True,False,True,False,False,True,True,False,False,True,False,True,1
30510,70.55999755859375,8.199999809265137,8.890000343322754,0.2575100064277649,17,True,False,False,False,True,False,True,False,True,False,True,True,False,True,False,False,True,1
30610,58.81999969482422,8.199999809265137,8.890000343322754,0.2575100064277649,12,False,True,False,False,True,True,False,True,False,True,False,True,False,False,True,False,True,1
30710,47.31999969482422,8.199999809265137,8.890000343322754,0.2575100064277649,12,True,False,False,False,True,False,True,True,False,False,True,True,False,False,True,False,True,1
30810,61.2599983215332,8.199999809265137,8.890000343322754,0.2575100064277649,16,False,True,False,True,False,True,False,True,False,False,True,True,False,True,False,False,True,1
30910,56.5,8.199999809265137,8.890000343322754,0.2575100064277649,14,True,False,False,True,False,True,False,True,False,False,True,True,False,False,True,False,True,1
31010,46.45000076293945,8.199999809265137,8.890000343322754,0.2575100064277649,13,True,False,False,True,False,True,False,True,False,True,False,True,False,True,False,False,True,1
31110,70.55999755859375,8.199999809265137,8.890000343322754,0.2575100064277649,17,False,True,False,False,True,True,False,True,False,False,True,True,False,True,False,False,True,1
31210,50.150001525878906,5.099999904632568,8.890000343322754,0.2575100064277649,13,False,True,False,False,True,True,False,True,False,False,True,True,False,True,False,False,True,0
31310,63.349998474121094,5.099999904632568,8.890000343322754,0.2575100064277649,15,True,False,False,False,True,True,False,False,True,False,True,True,False,False,True,False,True,0
31410,53.79999923706055,5.099999904632568,8.890000343322754,0.2575100064277649,14,True,False,False,False,True,True,False,False,True,True,False,True,False,False,True,False,True,0
31510,49.189998626708984,5.099999904632568,8.890000343322754,0.2575100064277649,12,True,False,False,False,True,True,False,True,False,False,True,True,False,False,True,False,True,0
31610,44.68000030517578,6.599999904632568,8.890000343322754,0.2575100064277649,15,True,False,False,True,False,False,True,True,False,False,True,True,False,False,True,False,True,0
31710,39.38999938964844,6.599999904632568,8.890000343322754,0.2575100064277649,12,False,True,False,True,False,True,False,True,False,False,True,True,False,False,True,False,True,0
31810,48.7400016784668,6.599999904632568,8.890000343322754,0.2575100064277649,15,False,True,False,False,True,False,True,True,False,False,True,True,False,True,False,False,True,0
31910,45.849998474121094,6.599999904632568,8.890000343322754,0.2575100064277649,13,False,True,False,False,True,True,False,True,False,False,True,True,False,True,False,False,True,0
32010,45.209999084472656,6.599999904632568,8.890000343322754,0.2575100064277649,13,False,True,False,False,True,False,True,True,False,False,True,True,False,True,False,False,True,0
32110,58.66999816894531,6.599999904632568,8.890000343322754,0.2575100064277649,16,True,False,False,False,True,True,False,True,False,True,False,True,False,False,True,False,True,0
32210,41.900001525878906,6.800000190734863,8.890000343322754,0.2575100064277649,12,True,False,False,False,True,False,True,True,False,False,True,True,False,True,False,False,True,1
32310,64.16999816894531,6.800000190734863,8.890000343322754,0.2575100064277649,12,False,True,False,False,True,True,False,True,False,True,False,True,False,False,True,False,True,1
32410,42.18000030517578,6.800000190734863,8.890000343322754,0.2575100064277649,12,True,False,False,True,False,True,False,True,False,False,True,True,False,False,True,False,True,1
32510,56.9900016784668,6.800000190734863,8.890000343322754,0.2575100064277649,12,True,False,False,False,True,True,False,True,False,False,True,True,False,False,True,False,True,1
32610,40.31999969482422,6.800000190734863,8.890000343322754,0.2575100064277649,12,False,True,False,False,True,True,False,True,False,False,True,True,False,False,True,False,True,1
32710,48.709999084472656,7.699999809265137,8.890000343322754,0.2575100064277649,13,True,False,False,False,True,True,False,True,False,False,True,True,False,False,True,False,True,1
32810,47.40999984741211,7.699999809265137,8.890000343322754,0.2575100064277649,12,True,False,False,False,True,True,False,True,False,False,True,True,False,False,True,False,True,1
32910,49.630001068115234,7.699999809265137,8.890000343322754,0.2575100064277649,13,False,True,False,True,False,True,False,True,False,False,True,True,False,True,False,False,True,1
33010,61.56999969482422,7.699999809265137,8.890000343322754,0.2575100064277649,13,True,False,False,False,True,True,False,True,False,False,True,True,False,True,False,False,True,1
33110,46.70000076293945,7.699999809265137,8.890000343322754,0.2575100064277649,12,True,False,False,False,True,True,False,True,False,False,True,True,False,False,True,False,True,0
33210,51.720001220703125,7.699999809265137,8.890000343322754,0.2575100064277649,12,False,True,False,True,False,True,False,True,False,False,True,True,False,False,True,False,True,0
33310,57.029998779296875,7.699999809265137,8.890000343322754,0.2575100064277649,16,True,False,False,False,True,True,False,True,False,False,True,True,False,False,True,False,True,0
33410,41.09000015258789,7.699999809265137,8.890000343322754,0.2575100064277649,12,False,True,False,False,True,True,False,True,False,False,True,True,False,True,False,False,True,0
33510,50.279998779296875,7.699999809265137,8.890000343322754,0.2575100064277649,13,True,False,True,False,False,True,False,True,False,False,True,True,False,False,True,False,True,0
33610,63.790000915527344,7.699999809265137,8.890000343322754,0.2575100064277649,14,True,False,False,False,True,True,False,True,False,True,False,True,False,False,True,False,True,0
33710,43.27000045776367,6.599999904632568,8.890000343322754,0.2575100064277649,12,False,True,False,True,False,True,False,True,False,False,True,True,False,False,True,False,True,0
33810,62.22999954223633,6.599999904632568,8.890000343322754,0.2575100064277649,13,True,False,False,False,True,True,False,True,False,False,True,True,False,False,True,False,True,0
33910,50.459999084472656,6.599999904632568,8.890000343322754,0.2575100064277649,12,True,False,False,True,False,True,False,True,False,False,True,True,False,False,True,False,True,0
34010,46.63999938964844,6.599999904632568,8.890000343322754,0.2575100064277649,17,False,True,False,True,False,True,False,True,False,False,True,True,False,False,True,False,True,0
34110,33.52000045776367,6.599999904632568,8.890000343322754,0.2575100064277649,12,False,True,False,False,True,True,False,False,True,False,True,True,False,False,True,False,True,0
34210,42.2400016784668,6.599999904632568,8.890000343322754,0.2575100064277649,14,False,True,False,True,False,True,False,True,False,False,True,True,False,True,False,False,True,0
34310,49.02000045776367,6.599999904632568,8.890000343322754,0.2575100064277649,12,False,True,False,False,True,True,False,False,True,False,True,True,False,True,False,False,True,0
34410,53.7400016784668,6.800000190734863,8.890000343322754,0.2575100064277649,17,True,False,False,False,True,True,False,True,False,False,True,True,False,False,True,False,True,1
34510,44.36000061035156,6.800000190734863,8.890000343322754,0.2575100064277649,12,True,False,False,False,True,True,False,True,False,False,True,True,False,False,True,False,True,1
34610,42.70000076293945,6.800000190734863,8.890000343322754,0.2575100064277649,12,True,False,False,True,False,True,False,True,False,False,True,True,False,True,False,False,True,1
34710,37.95000076293945,6.800000190734863,8.890000343322754,0.2575100064277649,12,True,False,False,False,True,True,False,True,False,True,False,True,False,False,True,False,True,1
34810,39.56999969482422,6.800000190734863,8.890000343322754,0.2575100064277649,12,True,False,False,True,False,True,False,True,False,True,False,True,False,False,True,False,True,1
34910,59.689998626708984,6.800000190734863,8.890000343322754,0.2575100064277649,15,False,True,False,False,True,True,False,True,False,True,False,True,False,False,True,False,True,1
35010,40.310001373291016,6.800000190734863,8.890000343322754,0.2575100064277649,15,True,False,False,True,False,True,False,True,False,False,True,True,False,False,True,False,True,1
35110,47.849998474121094,6.800000190734863,8.890000343322754,0.2575100064277649,12,True,False,False,True,False,True,False,True,False,False,True,True,False,False,True,False,True,1
35210,45.47999954223633,6.800000190734863,8.890000343322754,0.2575100064277649,13,False,True,False,True,False,True,False,True,False,False,True,True,False,False,True,False,True,1
35310,55.77000045776367,3.900000095367432,8.890000343322754,0.2575100064277649,12,True,False,False,False,True,True,False,True,False,False,True,True,False,True,False,False,True,1
35410,56.61000061035156,3.900000095367432,8.890000343322754,0.2575100064277649,15,True,False,False,False,True,False,True,False,True,False,True,True,False,True,False,False,True,1
35510,48.54999923706055,3.900000095367432,8.890000343322754,0.2575100064277649,12,True,False,False,False,True,True,False,True,False,False,True,True,False,True,False,False,True,1
35610,48.90999984741211,3.900000095367432,8.890000343322754,0.2575100064277649,15,True,False,False,False,True,True,False,True,False,False,True,True,False,False,True,False,True,1
35710,56.13999938964844,6.800000190734863,8.890000343322754,0.2575100064277649,16,True,False,False,False,True,True,False,True,False,False,True,True,False,True,False,False,True,0
35810,59.790000915527344,6.800000190734863,8.890000343322754,0.2575100064277649,13,False,True,False,False,True,False,True,False,True,False,True,True,False,True,False,False,True,0
35910,56.7400016784668,6.800000190734863,8.890000343322754,0.2575100064277649,16,True,False,False,False,True,False,True,False,True,False,True,True,False,False,True,False,True,0
36010,43.7400016784668,6.800000190734863,8.890000343322754,0.2575100064277649,13,True,False,True,False,False,False,True,True,False,False,True,True,False,False,True,False,True,0
36110,57.52000045776367,6.800000190734863,8.890000343322754,0.2575100064277649,16,False,True,False,False,True,True,False,True,False,False,True,True,False,True,False,False,True,0
36210,44.86000061035156,6.800000190734863,8.890000343322754,0.2575100064277649,16,False,True,False,False,True,True,False,True,False,False,True,True,False,True,False,False,True,0
36310,60.5099983215332,6.800000190734863,8.890000343322754,0.2575100064277649,15,False,True,False,False,True,False,True,True,False,False,True,True,False,False,True,False,True,0
36410,63.630001068115234,6.800000190734863,8.890000343322754,0.2575100064277649,15,False,True,False,True,False,False,True,True,False,True,False,True,False,True,False,False,True,0
36510,62.83000183105469,6.800000190734863,8.890000343322754,0.2575100064277649,16,True,False,False,False,True,False,True,False,True,False,True,True,False,True,False,False,True,0
36610,54.939998626708984,6.099999904632568,8.890000343322754,0.2575100064277649,14,False,True,False,True,False,False,True,True,False,True,False,True,False,False,True,False,True,1
36710,45.58000183105469,6.099999904632568,8.890000343322754,0.2575100064277649,12,True,False,False,True,False,True,False,True,False,True,False,True,False,False,True,False,True,1
36810,45.52000045776367,6.099999904632568,8.890000343322754,0.2575100064277649,12,False,True,False,True,False,True,False,True,False,False,True,True,False,True,False,False,True,1
36910,48.31999969482422,6.099999904632568,8.890000343322754,0.2575100064277649,13,False,True,False,False,True,True,False,True,False,False,True,True,False,False,True,False,True,1
37010,53.939998626708984,6.099999904632568,8.890000343322754,0.2575100064277649,13,False,True,False,True,False,True,False,True,False,False,True,True,False,True,False,False,True,1
37110,41.369998931884766,6.099999904632568,8.890000343322754,0.2575100064277649,15,False,True,False,False,True,True,False,True,False,True,False,True,False,False,True,False,True,1
37210,47.13999938964844,6.099999904632568,8.890000343322754,0.2575100064277649,12,True,False,False,False,True,True,False,True,False,False,True,True,False,False,True,False,True,1
37310,49.90999984741211,3.900000095367432,8.890000343322754,0.2575100064277649,12,True,False,False,True,False,True,False,True,False,False,True,True,False,True,False,False,True,1
37410,61.959999084472656,3.900000095367432,8.890000343322754,0.2575100064277649,17,True,False,False,False,True,False,True,True,False,False,True,True,False,True,False,False,True,1
37510,63.2400016784668,3.900000095367432,8.890000343322754,0.2575100064277649,16,False,True,False,False,True,False,True,False,True,False,True,True,False,True,False,False,True,1
37610,51.720001220703125,3.900000095367432,8.890000343322754,0.2575100064277649,13,False,True,False,True,False,True,False,True,False,False,True,True,False,True,False,False,True,1
37710,59.119998931884766,3.900000095367432,8.890000343322754,0.2575100064277649,15,False,True,False,False,True,False,True,True,False,False,True,True,False,True,False,False,True,1
37810,60.2400016784668,3.900000095367432,8.890000343322754,0.2575100064277649,17,True,False,False,False,True,False,True,False,True,False,True,True,False,True,False,False,True,1
3799,43.2599983215332,6.400000095367432,8.890000343322754,0.2575100064277649,13,False,True,False,True,False,True,False,True,False,False,True,True,False,False,True,False,True,1
3801,46.630001068115234,6.400000095367432,8.890000343322754,0.2575100064277649,12,True,False,False,True,False,True,False,True,False,False,True,True,False,True,False,False,True,1
3811,61.790000915527344,6.400000095367432,8.890000343322754,0.2575100064277649,12,True,False,False,True,False,True,False,True,False,False,True,True,False,False,True,False,True,1
3821,46.13999938964844,6.400000095367432,8.890000343322754,0.2575100064277649,16,True,False,False,False,True,False,True,True,False,False,True,True,False,True,False,False,True,1
3831,43.529998779296875,6.400000095367432,8.890000343322754,0.2575100064277649,13,False,True,False,True,False,True,False,True,False,False,True,True,False,False,True,False,True,1
3841,43.9900016784668,5.300000190734863,8.890000343322754,0.2575100064277649,13,False,True,False,True,False,False,True,False,True,False,True,True,False,True,False,False,True,1
3851,46.380001068115234,5.300000190734863,8.890000343322754,0.2575100064277649,16,True,False,False,True,False,True,False,True,False,False,True,True,False,True,False,False,True,1
3861,53.27000045776367,5.300000190734863,8.890000343322754,0.2575100064277649,16,False,True,False,True,False,True,False,True,False,False,True,True,False,True,False,False,True,1
3871,62.7599983215332,5.300000190734863,8.890000343322754,0.2575100064277649,16,True,False,False,False,True,True,False,True,False,True,False,True,False,True,False,False,True,1
3881,49.970001220703125,5.300000190734863,8.890000343322754,0.2575100064277649,15,False,True,False,False,True,True,False,True,False,False,True,True,False,True,False,False,True,1
3891,46.029998779296875,5.300000190734863,8.890000343322754,0.2575100064277649,13,True,False,False,False,True,True,False,True,False,False,True,True,False,True,False,False,True,1
3901,61.599998474121094,5.300000190734863,8.890000343322754,0.2575100064277649,12,False,True,False,False,True,True,False,True,False,False,True,True,False,False,True,False,True,1
3911,57.95000076293945,5.300000190734863,8.890000343322754,0.2575100064277649,13,False,True,False,False,True,False,True,False,True,True,False,True,False,False,True,False,True,1
3921,41.77000045776367,10.100000381469728,8.890000343322754,0.2575100064277649,17,True,False,False,True,False,True,False,True,False,False,True,True,False,True,False,False,True,1
3931,42.84000015258789,10.100000381469728,8.890000343322754,0.2575100064277649,13,False,True,False,False,True,True,False,True,False,False,True,True,False,True,False,False,True,1
3941,59.2599983215332,10.100000381469728,8.890000343322754,0.2575100064277649,15,False,True,False,False,True,True,False,True,False,False,True,True,False,True,False,False,True,1
3951,47.290000915527344,10.100000381469728,8.890000343322754,0.2575100064277649,14,False,True,False,False,True,True,False,True,False,False,True,True,False,True,False,False,True,1
3961,57.52000045776367,10.100000381469728,8.890000343322754,0.2575100064277649,14,True,False,False,False,True,True,False,True,False,False,True,True,False,True,False,False,True,1
3971,42.47999954223633,10.100000381469728,8.890000343322754,0.2575100064277649,12,False,True,False,False,True,True,False,True,False,False,True,True,False,True,False,False,True,1
3981,49.150001525878906,10.100000381469728,8.890000343322754,0.2575100064277649,18,False,True,False,False,True,True,False,True,False,True,False,True,False,False,True,False,True,1
3991,61.220001220703125,10.100000381469728,8.890000343322754,0.2575100064277649,12,True,False,False,False,True,True,False,False,True,False,True,True,False,False,True,False,True,1
4001,54.72999954223633,10.100000381469728,8.890000343322754,0.2575100064277649,15,False,True,False,False,True,True,False,True,False,False,True,True,False,False,True,False,True,1
4011,54.68000030517578,10.100000381469728,8.890000343322754,0.2575100064277649,12,False,True,False,False,True,False,True,True,False,True,False,True,False,True,False,False,True,1
4021,59.34000015258789,5.099999904632568,8.890000343322754,0.2575100064277649,15,True,False,True,False,False,True,False,True,False,True,False,True,False,True,False,False,True,0
4031,45.040000915527344,13.100000381469728,8.890000343322754,0.2575100064277649,12,True,False,False,True,False,True,False,True,False,False,True,True,False,False,True,False,True,1
4041,58.470001220703125,13.100000381469728,8.890000343322754,0.2575100064277649,15,True,False,False,False,True,True,False,True,False,False,True,True,False,True,False,False,True,1
4051,45.11000061035156,13.100000381469728,8.890000343322754,0.2575100064277649,12,False,True,False,True,False,True,False,True,False,False,True,True,False,False,True,False,True,1
4061,51.040000915527344,13.100000381469728,8.890000343322754,0.2575100064277649,13,True,False,False,False,True,True,False,True,False,False,True,True,False,False,True,False,True,1
4071,61.040000915527344,9.199999809265137,8.890000343322754,0.2575100064277649,12,True,False,False,False,True,True,False,True,False,False,True,True,False,True,False,False,True,1
4081,66.37999725341797,9.199999809265137,8.890000343322754,0.2575100064277649,17,False,True,False,False,True,False,True,True,False,False,True,True,False,True,False,False,True,1
4091,60.099998474121094,9.199999809265137,8.890000343322754,0.2575100064277649,13,False,True,False,False,True,False,True,False,True,False,True,True,False,True,False,False,True,1
4101,57.540000915527344,9.199999809265137,8.890000343322754,0.2575100064277649,16,True,False,False,False,True,False,True,False,True,False,True,True,False,True,False,False,True,1
4111,55.40999984741211,9.199999809265137,8.890000343322754,0.2575100064277649,15,False,True,False,False,True,False,True,True,False,False,True,True,False,True,False,False,True,1
4121,50.5,9.199999809265137,8.890000343322754,0.2575100064277649,14,False,True,False,False,True,True,False,True,False,False,True,True,False,True,False,False,True,1
4131,44.4900016784668,9.199999809265137,8.890000343322754,0.2575100064277649,14,False,True,False,False,True,False,True,True,False,False,True,True,False,True,False,False,True,1
4141,47.66999816894531,9.199999809265137,8.890000343322754,0.2575100064277649,12,True,False,False,False,True,True,False,True,False,False,True,True,False,False,True,False,True,1
4151,49.310001373291016,9.199999809265137,8.890000343322754,0.2575100064277649,14,True,False,False,False,True,True,False,True,False,False,True,True,False,True,False,False,True,1
4161,50.130001068115234,6.599999904632568,8.890000343322754,0.2575100064277649,12,True,False,False,False,True,True,False,True,False,False,True,True,False,False,True,False,True,1
4171,37.349998474121094,6.599999904632568,8.890000343322754,0.2575100064277649,15,True,False,False,False,True,True,False,True,False,False,True,True,False,True,False,False,True,1
4181,35.65999984741211,6.599999904632568,8.890000343322754,0.2575100064277649,12,True,False,False,True,False,True,False,True,False,True,False,True,False,False,True,False,True,1
4191,58.81999969482422,6.599999904632568,8.890000343322754,0.2575100064277649,13,False,True,False,False,True,True,False,True,False,True,False,True,False,False,True,False,True,0
4201,48.939998626708984,6.599999904632568,8.890000343322754,0.2575100064277649,13,False,True,False,True,False,True,False,True,False,False,True,True,False,True,False,False,True,0
4211,57.099998474121094,6.599999904632568,8.890000343322754,0.2575100064277649,13,False,True,False,False,True,True,False,True,False,False,True,True,False,True,False,False,True,0
4221,55.720001220703125,6.599999904632568,8.890000343322754,0.2575100064277649,12,True,False,False,False,True,False,True,True,False,True,False,True,False,True,False,False,True,0
4231,58.619998931884766,6.599999904632568,8.890000343322754,0.2575100064277649,16,True,False,False,False,True,False,True,True,False,False,True,True,False,True,False,False,True,0
4241,43.75,6.800000190734863,8.890000343322754,0.2575100064277649,14,True,False,False,False,True,True,False,True,False,True,False,True,False,False,True,False,True,1
4251,59.0099983215332,6.800000190734863,8.890000343322754,0.2575100064277649,13,True,False,False,False,True,True,False,True,False,False,True,True,False,False,True,False,True,1
4261,48.09000015258789,6.800000190734863,8.890000343322754,0.2575100064277649,14,False,True,False,False,True,True,False,True,False,False,True,True,False,False,True,False,True,1
4271,51.560001373291016,6.800000190734863,8.890000343322754,0.2575100064277649,12,True,False,False,False,True,True,False,True,False,True,False,True,False,False,True,False,True,1
4281,38.77000045776367,6.800000190734863,8.890000343322754,0.2575100064277649,12,True,False,False,False,True,True,False,True,False,False,True,True,False,False,True,False,True,1
4291,48.380001068115234,6.800000190734863,8.890000343322754,0.2575100064277649,12,False,True,False,False,True,True,False,True,False,False,True,True,False,False,True,False,True,1
4301,53.2400016784668,6.800000190734863,8.890000343322754,0.2575100064277649,16,True,False,False,False,True,True,False,True,False,False,True,True,False,True,False,False,True,1
4311,42.099998474121094,10.899999618530272,8.890000343322754,0.2575100064277649,13,True,False,False,False,True,True,False,True,False,False,True,False,True,False,True,False,True,0
4321,52.529998779296875,10.899999618530272,8.890000343322754,0.2575100064277649,13,False,True,False,False,True,True,False,True,False,False,True,False,True,True,False,False,True,0
4331,36.18000030517578,10.899999618530272,8.890000343322754,0.2575100064277649,12,True,False,True,False,False,True,False,True,False,True,False,False,True,False,True,False,True,0
4341,35.5,6.400000095367432,8.890000343322754,0.2575100064277649,15,True,False,False,False,True,True,False,True,False,True,False,False,True,False,True,False,True,0
4351,48.56999969482422,6.400000095367432,8.890000343322754,0.2575100064277649,12,False,True,False,True,False,True,False,True,False,False,True,False,True,False,True,False,True,0
4361,54.93000030517578,6.400000095367432,8.890000343322754,0.2575100064277649,15,False,True,False,False,True,True,False,True,False,False,True,False,True,False,True,False,True,0
4371,59.810001373291016,6.400000095367432,8.890000343322754,0.2575100064277649,16,True,False,False,True,False,True,False,True,False,False,True,False,True,False,True,False,True,0
4381,50.599998474121094,6.400000095367432,8.890000343322754,0.2575100064277649,16,False,True,False,False,True,False,True,False,True,True,False,True,False,True,False,False,True,0
4391,42.06999969482422,6.599999904632568,8.890000343322754,0.2575100064277649,13,True,False,False,False,True,True,False,True,False,False,True,True,False,False,True,False,True,0
4401,58.150001525878906,6.599999904632568,8.890000343322754,0.2575100064277649,18,True,False,False,False,True,False,True,True,False,False,True,True,False,True,False,False,True,0
4411,56.52000045776367,6.599999904632568,8.890000343322754,0.2575100064277649,15,True,False,False,False,True,False,True,True,False,False,True,True,False,True,False,False,True,0
4421,61.77000045776367,6.599999904632568,8.890000343322754,0.2575100064277649,12,True,False,False,False,True,False,True,True,False,False,True,True,False,True,False,False,True,0
4431,47.40999984741211,6.599999904632568,8.890000343322754,0.2575100064277649,15,True,False,False,False,True,True,False,True,False,False,True,True,False,False,True,False,True,0
4441,57.439998626708984,6.599999904632568,8.890000343322754,0.2575100064277649,16,True,False,False,False,True,True,False,True,False,False,True,True,False,True,False,False,True,0
4451,59.880001068115234,6.599999904632568,8.890000343322754,0.2575100064277649,17,False,True,False,False,True,False,True,True,False,False,True,True,False,True,False,False,True,0
4461,51.25,6.599999904632568,8.890000343322754,0.2575100064277649,16,True,False,False,False,True,False,True,True,False,True,False,True,False,False,True,False,True,0
4471,58.91999816894531,6.599999904632568,8.890000343322754,0.2575100064277649,15,True,False,False,False,True,False,True,True,False,False,True,True,False,True,False,False,True,0
4481,61.43000030517578,4.300000190734863,8.890000343322754,0.2575100064277649,16,True,False,False,False,True,False,True,False,True,False,True,True,False,True,False,False,True,1
4491,63.56999969482422,4.300000190734863,8.890000343322754,0.2575100064277649,12,False,True,False,False,True,True,False,True,False,False,True,True,False,False,True,False,True,1
4501,41.86000061035156,4.300000190734863,8.890000343322754,0.2575100064277649,12,True,False,False,False,True,True,False,True,False,False,True,True,False,False,True,False,True,1
4511,53.779998779296875,4.300000190734863,8.890000343322754,0.2575100064277649,16,False,True,False,True,False,True,False,True,False,False,True,True,False,False,True,False,True,1
4521,35.65999984741211,4.300000190734863,8.890000343322754,0.2575100064277649,12,False,True,False,False,True,False,True,False,True,False,True,True,False,True,False,False,True,1
4531,49.93000030517578,4.300000190734863,8.890000343322754,0.2575100064277649,15,False,True,False,False,True,True,False,True,False,False,True,True,False,True,False,False,True,0
4541,55.18000030517578,4.300000190734863,8.890000343322754,0.2575100064277649,14,True,False,False,False,True,True,False,True,False,False,True,True,False,False,True,False,True,0
4551,43.099998474121094,4.300000190734863,8.890000343322754,0.2575100064277649,14,True,False,False,True,False,True,False,True,False,False,True,True,False,False,True,False,True,0
4561,61.65999984741211,4.300000190734863,8.890000343322754,0.2575100064277649,16,False,True,False,False,True,True,False,True,False,False,True,True,False,True,False,False,True,0
4571,60.939998626708984,4.300000190734863,8.890000343322754,0.2575100064277649,16,True,False,False,False,True,True,False,True,False,False,True,True,False,True,False,False,True,0
4581,43.29999923706055,8.0,8.890000343322754,0.2575100064277649,15,True,False,False,True,False,True,False,True,False,False,True,True,False,True,False,False,True,1
4591,47.369998931884766,8.0,8.890000343322754,0.2575100064277649,12,False,True,False,True,False,True,False,False,True,True,False,True,False,False,True,False,True,1
4601,50.779998779296875,8.0,8.890000343322754,0.2575100064277649,15,False,True,False,True,False,True,False,True,False,False,True,True,False,True,False,False,True,1
4611,62.63999938964844,8.0,8.890000343322754,0.2575100064277649,15,False,True,False,False,True,True,False,True,False,False,True,True,False,False,True,False,True,1
4621,56.709999084472656,8.0,8.890000343322754,0.2575100064277649,16,True,False,False,False,True,False,True,True,False,False,True,True,False,True,False,False,True,1
4631,50.029998779296875,7.099999904632568,8.890000343322754,0.2575100064277649,14,True,False,False,False,True,False,True,True,False,False,True,True,False,True,False,False,True,1
4641,59.38999938964844,7.099999904632568,8.890000343322754,0.2575100064277649,15,False,True,False,False,True,True,False,True,False,False,True,True,False,False,True,False,True,1
4651,44.08000183105469,7.099999904632568,8.890000343322754,0.2575100064277649,12,True,False,False,True,False,True,False,True,False,True,False,True,False,False,True,False,True,1
4661,46.349998474121094,7.099999904632568,8.890000343322754,0.2575100064277649,12,True,False,False,False,True,True,False,True,False,False,True,True,False,False,True,False,True,1
4671,43.91999816894531,7.099999904632568,8.890000343322754,0.2575100064277649,15,True,False,False,False,True,True,False,True,False,False,True,True,False,False,True,False,True,1
4681,56.619998931884766,7.099999904632568,8.890000343322754,0.2575100064277649,16,True,False,False,False,True,True,False,True,False,False,True,True,False,False,True,False,True,1
4691,34.18000030517578,6.599999904632568,8.890000343322754,0.2575100064277649,13,False,True,True,False,False,True,False,False,True,False,True,True,False,True,False,False,True,0
4701,43.650001525878906,6.599999904632568,8.890000343322754,0.2575100064277649,12,True,False,True,False,False,True,False,True,False,False,True,True,False,False,True,False,True,0
4711,50.22999954223633,6.599999904632568,8.890000343322754,0.2575100064277649,17,True,False,True,False,False,True,False,False,True,False,True,True,False,True,False,False,True,0
4721,41.849998474121094,6.599999904632568,8.890000343322754,0.2575100064277649,15,True,False,True,False,False,False,True,True,False,True,False,True,False,False,True,False,True,0
4731,40.56999969482422,6.599999904632568,8.890000343322754,0.2575100064277649,14,True,False,True,False,False,True,False,True,False,False,True,True,False,False,True,False,True,0
4741,34.5,6.599999904632568,8.890000343322754,0.2575100064277649,12,True,False,True,False,False,True,False,True,False,False,True,True,False,False,True,False,True,0
4751,55.9900016784668,7.699999809265137,8.890000343322754,0.2575100064277649,15,True,False,False,False,True,True,False,True,False,False,True,True,False,False,True,False,True,0
4761,48.77000045776367,7.699999809265137,8.890000343322754,0.2575100064277649,13,True,False,False,False,True,True,False,True,False,True,False,True,False,False,True,False,True,0
4771,49.11000061035156,7.699999809265137,8.890000343322754,0.2575100064277649,13,True,False,False,True,False,False,True,True,False,False,True,True,False,False,True,False,True,0
4781,59.79999923706055,7.699999809265137,8.890000343322754,0.2575100064277649,16,False,True,False,False,True,True,False,True,False,False,True,True,False,True,False,False,True,0
4791,46.779998779296875,7.199999809265137,8.890000343322754,0.2575100064277649,12,True,False,False,False,True,True,False,True,False,False,True,False,True,False,True,False,True,0
4801,62.38999938964844,7.199999809265137,8.890000343322754,0.2575100064277649,12,False,True,False,False,True,True,False,True,False,False,True,False,True,False,True,False,True,0
4811,57.33000183105469,7.199999809265137,8.890000343322754,0.2575100064277649,12,False,True,False,False,True,True,False,False,True,False,True,False,True,False,True,False,True,0
4821,57.95000076293945,12.899999618530272,8.890000343322754,0.2575100064277649,12,False,True,False,False,True,True,False,True,False,False,True,True,False,False,True,False,True,1
4831,48.77000045776367,12.899999618530272,8.890000343322754,0.2575100064277649,13,False,True,False,False,True,False,True,True,False,False,True,True,False,False,True,False,True,1
4841,32.459999084472656,6.599999904632568,8.890000343322754,0.2575100064277649,12,False,True,True,False,False,True,False,True,False,True,False,True,False,False,True,False,True,0
4851,43.77000045776367,6.599999904632568,8.890000343322754,0.2575100064277649,13,True,False,True,False,False,True,False,True,False,True,False,True,False,False,True,False,True,0
4861,37.810001373291016,6.599999904632568,8.890000343322754,0.2575100064277649,12,True,False,True,False,False,True,False,True,False,True,False,True,False,False,True,False,True,0
4871,45.220001220703125,4.300000190734863,8.890000343322754,0.2575100064277649,14,False,True,False,False,True,False,True,True,False,False,True,False,True,False,True,False,True,0
4881,52.02000045776367,4.300000190734863,8.890000343322754,0.2575100064277649,14,False,True,False,False,True,True,False,True,False,False,True,False,True,False,True,False,True,0
4891,41.279998779296875,4.300000190734863,8.890000343322754,0.2575100064277649,14,True,False,False,False,True,True,False,True,False,False,True,False,True,True,False,False,True,0
4901,35.189998626708984,4.300000190734863,8.890000343322754,0.2575100064277649,14,False,True,False,False,True,True,False,True,False,False,True,False,True,True,False,False,True,0
4911,44.90999984741211,4.300000190734863,8.890000343322754,0.2575100064277649,12,False,True,False,False,True,True,False,True,False,True,False,False,True,True,False,False,True,0
4921,53.13999938964844,4.300000190734863,8.890000343322754,0.2575100064277649,13,True,False,False,False,True,False,True,False,True,False,True,False,True,True,False,False,True,0
4931,55.0099983215332,4.300000190734863,8.890000343322754,0.2575100064277649,14,True,False,False,True,False,True,False,True,False,False,True,False,True,False,True,False,True,0
4941,57.45000076293945,4.300000190734863,8.890000343322754,0.2575100064277649,16,False,True,False,False,True,False,True,True,False,False,True,False,True,True,False,False,True,0
4951,43.86000061035156,6.599999904632568,8.890000343322754,0.2575100064277649,15,True,False,True,False,False,True,False,True,False,False,True,False,True,True,False,False,True,0
4961,34.08000183105469,6.599999904632568,8.890000343322754,0.2575100064277649,12,True,False,True,False,False,True,False,True,False,False,True,False,True,False,True,False,True,0
4971,46.68000030517578,6.599999904632568,8.890000343322754,0.2575100064277649,15,True,False,True,False,False,True,False,True,False,False,True,False,True,False,True,False,True,0
4981,44.689998626708984,6.599999904632568,8.890000343322754,0.2575100064277649,12,False,True,True,False,False,True,False,True,False,False,True,False,True,False,True,False,True,0
4991,36.27000045776367,6.599999904632568,8.890000343322754,0.2575100064277649,12,True,False,True,False,False,True,False,True,False,False,True,False,True,False,True,False,True,0
5001,47.279998779296875,9.0,8.890000343322754,0.2575100064277649,14,True,False,False,True,False,False,True,False,True,False,True,True,False,False,True,False,True,0
5011,61.75,9.0,8.890000343322754,0.2575100064277649,15,True,False,False,False,True,True,False,True,False,False,True,True,False,False,True,False,True,0
5021,55.900001525878906,9.0,8.890000343322754,0.2575100064277649,12,True,False,False,False,True,True,False,True,False,True,False,True,False,False,True,False,True,0
5031,50.52000045776367,9.0,8.890000343322754,0.2575100064277649,13,True,False,False,False,True,True,False,True,False,True,False,True,False,False,True,False,True,0
5041,52.75,9.0,8.890000343322754,0.2575100064277649,12,True,False,False,False,True,True,False,False,True,False,True,True,False,True,False,False,True,0
5051,57.869998931884766,7.699999809265137,8.890000343322754,0.2575100064277649,17,False,True,False,False,True,True,False,False,True,False,True,False,True,True,False,False,True,0
5061,37.119998931884766,7.699999809265137,8.890000343322754,0.2575100064277649,12,True,False,False,True,False,True,False,True,False,False,True,False,True,False,True,False,True,0
5071,55.15999984741211,7.699999809265137,8.890000343322754,0.2575100064277649,12,True,False,False,False,True,True,False,True,False,False,True,False,True,False,True,False,True,0
5081,53.02000045776367,6.599999904632568,8.890000343322754,0.2575100064277649,16,False,True,False,False,True,False,True,True,False,False,True,False,True,False,True,False,True,0
5091,45.38999938964844,6.599999904632568,8.890000343322754,0.2575100064277649,14,True,False,False,False,True,False,True,True,False,False,True,False,True,False,True,False,True,0
5101,45.369998931884766,6.599999904632568,8.890000343322754,0.2575100064277649,12,False,True,False,True,False,False,True,True,False,False,True,False,True,True,False,False,True,0
5111,53.689998626708984,6.599999904632568,8.890000343322754,0.2575100064277649,15,True,False,False,False,True,True,False,True,False,False,True,False,True,False,True,False,True,0
5121,63.2599983215332,6.599999904632568,8.890000343322754,0.2575100064277649,16,True,False,False,False,True,True,False,True,False,False,True,False,True,False,True,False,True,0
5131,39.90999984741211,6.599999904632568,8.890000343322754,0.2575100064277649,12,True,False,True,False,False,True,False,True,False,False,True,False,True,False,True,False,True,0
5141,49.5099983215332,6.599999904632568,8.890000343322754,0.2575100064277649,15,True,False,True,False,False,True,False,False,True,False,True,False,True,False,True,False,True,0
5151,38.02000045776367,6.599999904632568,8.890000343322754,0.2575100064277649,12,False,True,False,True,False,True,False,True,False,False,True,False,True,False,True,False,True,0
5161,50.09000015258789,6.599999904632568,8.890000343322754,0.2575100064277649,13,False,True,False,True,False,True,False,True,False,False,True,False,True,False,True,False,True,0
5171,40.93000030517578,6.599999904632568,8.890000343322754,0.2575100064277649,13,True,False,True,False,False,True,False,True,False,True,False,False,True,False,True,False,True,0
5181,56.52000045776367,6.599999904632568,8.890000343322754,0.2575100064277649,12,True,False,False,True,False,True,False,True,False,False,True,False,True,True,False,False,True,0
5191,51.4900016784668,6.599999904632568,8.890000343322754,0.2575100064277649,14,False,True,False,True,False,True,False,True,False,False,True,False,True,False,True,False,True,0
5201,35.77000045776367,6.599999904632568,8.890000343322754,0.2575100064277649,12,False,True,False,False,True,True,False,True,False,True,False,False,True,False,True,False,True,0
5211,37.43000030517578,6.599999904632568,8.890000343322754,0.2575100064277649,13,True,False,False,True,False,True,False,True,False,False,True,False,True,False,True,False,True,0
5221,42.959999084472656,6.599999904632568,8.890000343322754,0.2575100064277649,12,False,True,False,True,False,True,False,True,False,False,True,False,True,False,True,False,True,0
5231,44.880001068115234,6.599999904632568,8.890000343322754,0.2575100064277649,12,False,True,False,True,False,True,False,True,False,True,False,False,True,False,True,False,True,0
5241,63.06999969482422,3.900000095367432,8.890000343322754,0.2575100064277649,12,False,True,False,False,True,True,False,False,True,False,True,True,False,True,False,False,True,1
5251,61.290000915527344,3.900000095367432,8.890000343322754,0.2575100064277649,14,False,True,False,False,True,True,False,True,False,False,True,True,False,True,False,False,True,1
5261,38.9900016784668,3.900000095367432,8.890000343322754,0.2575100064277649,13,False,True,False,True,False,True,False,True,False,True,False,True,False,False,True,False,True,1
5271,57.58000183105469,3.900000095367432,8.890000343322754,0.2575100064277649,12,True,False,False,False,True,True,False,True,False,False,True,True,False,True,False,False,True,1
5281,41.56999969482422,3.900000095367432,8.890000343322754,0.2575100064277649,12,True,False,False,False,True,False,True,True,False,False,True,True,False,False,True,False,True,1
5291,37.310001373291016,3.900000095367432,8.890000343322754,0.2575100064277649,12,True,False,False,False,True,True,False,True,False,True,False,True,False,False,True,False,True,1
5301,57.70000076293945,3.900000095367432,8.890000343322754,0.2575100064277649,12,False,True,False,False,True,False,True,True,False,False,True,True,False,True,False,False,True,1
5311,51.709999084472656,6.800000190734863,8.890000343322754,0.2575100064277649,13,True,False,True,False,False,True,False,True,False,False,True,False,True,False,True,False,True,0
5321,64.16999816894531,6.800000190734863,8.890000343322754,0.2575100064277649,16,True,False,False,False,True,False,True,False,True,False,True,False,True,True,False,False,True,0
5331,56.09000015258789,6.800000190734863,8.890000343322754,0.2575100064277649,14,False,True,False,False,True,False,True,False,True,False,True,False,True,True,False,False,True,0
5341,56.16999816894531,6.800000190734863,8.890000343322754,0.2575100064277649,12,True,False,False,False,True,True,False,True,False,False,True,False,True,True,False,False,True,0
5351,50.83000183105469,6.800000190734863,8.890000343322754,0.2575100064277649,16,False,True,False,False,True,True,False,True,False,False,True,False,True,False,True,False,True,0
5361,34.689998626708984,8.199999809265137,8.890000343322754,0.2575100064277649,12,True,False,True,False,False,True,False,True,False,True,False,True,False,False,True,False,True,1
5371,45.52000045776367,8.199999809265137,8.890000343322754,0.2575100064277649,16,True,False,False,False,True,True,False,True,False,False,True,True,False,True,False,False,True,1
5381,64.75,8.199999809265137,8.890000343322754,0.2575100064277649,12,True,False,False,False,True,True,False,True,False,False,True,True,False,False,True,False,True,1
5391,58.5099983215332,8.199999809265137,8.890000343322754,0.2575100064277649,12,True,False,False,False,True,False,True,True,False,False,True,True,False,False,True,False,True,1
5401,41.150001525878906,6.099999904632568,8.40999984741211,0.692840039730072,12,True,False,False,True,False,True,False,True,False,True,False,True,False,False,True,False,True,0
5411,48.93000030517578,6.099999904632568,8.40999984741211,0.692840039730072,14,True,False,False,True,False,True,False,True,False,False,True,True,False,False,True,False,True,0
5421,43.029998779296875,6.099999904632568,8.40999984741211,0.692840039730072,12,True,False,False,True,False,True,False,True,False,False,True,True,False,False,True,False,True,0
5431,60.45000076293945,11.899999618530272,8.40999984741211,0.692840039730072,16,True,False,False,False,True,False,True,True,False,False,True,True,False,True,False,False,True,1
5441,39.29999923706055,11.899999618530272,8.40999984741211,0.692840039730072,15,True,False,False,True,False,True,False,True,False,True,False,True,False,False,True,False,True,1
5451,47.900001525878906,11.899999618530272,8.40999984741211,0.692840039730072,14,True,False,False,True,False,True,False,True,False,False,True,True,False,False,True,False,True,1
5461,43.63999938964844,11.899999618530272,8.40999984741211,0.692840039730072,13,True,False,True,False,False,True,False,True,False,True,False,True,False,False,True,False,True,1
5471,52.02000045776367,8.899999618530273,8.319999694824219,0.4953800141811371,12,False,True,False,True,False,True,False,True,False,False,True,True,False,False,True,False,True,0
5481,45.5099983215332,8.899999618530273,8.319999694824219,0.4953800141811371,13,True,False,False,True,False,True,False,True,False,False,True,True,False,False,True,False,True,0
5491,46.61000061035156,8.899999618530273,8.319999694824219,0.4953800141811371,12,True,False,False,True,False,True,False,False,True,False,True,True,False,False,True,False,True,0
5501,47.599998474121094,8.899999618530273,8.319999694824219,0.4953800141811371,16,True,False,False,True,False,False,True,True,False,False,True,True,False,False,True,False,True,0
5511,52.81999969482422,8.899999618530273,8.319999694824219,0.4953800141811371,13,True,False,False,True,False,True,False,True,False,False,True,True,False,False,True,False,True,0
5521,58.47999954223633,8.899999618530273,8.319999694824219,0.4953800141811371,14,False,True,False,True,False,True,False,False,True,False,True,True,False,False,True,False,True,0
5531,42.439998626708984,5.599999904632568,9.550000190734863,0.8059999942779541,13,True,False,False,True,False,True,False,False,True,True,False,False,True,False,True,False,True,0
5541,45.849998474121094,5.599999904632568,9.550000190734863,0.8059999942779541,12,False,True,False,True,False,True,False,True,False,False,True,False,True,False,True,False,True,0
5551,35.959999084472656,5.599999904632568,9.550000190734863,0.8059999942779541,12,True,False,False,True,False,True,False,True,False,False,True,False,True,False,True,False,True,0
5561,40.310001373291016,5.599999904632568,9.550000190734863,0.8059999942779541,12,True,False,False,False,True,True,False,True,False,False,True,False,True,True,False,False,True,0
5571,39.59000015258789,5.599999904632568,9.550000190734863,0.8059999942779541,12,True,False,False,True,False,True,False,True,False,True,False,False,True,False,True,False,True,0
5581,38.900001525878906,5.599999904632568,9.550000190734863,0.8059999942779541,12,False,True,False,True,False,True,False,True,False,True,False,False,True,False,True,False,True,0
5591,45.25,5.599999904632568,9.550000190734863,0.8059999942779541,12,True,False,False,True,False,True,False,True,False,False,True,False,True,False,True,False,True,0
5601,40.43000030517578,12.300000190734863,8.40999984741211,0.692840039730072,12,True,False,False,True,False,True,False,True,False,True,False,True,False,False,True,False,True,1
5611,39.959999084472656,12.300000190734863,8.40999984741211,0.692840039730072,15,True,False,False,True,False,True,False,True,False,False,True,True,False,False,True,False,True,1
5621,51.540000915527344,12.300000190734863,8.40999984741211,0.692840039730072,14,False,True,False,True,False,True,False,True,False,False,True,True,False,False,True,False,True,1
5631,42.06999969482422,12.300000190734863,8.40999984741211,0.692840039730072,16,True,False,False,True,False,True,False,True,False,False,True,True,False,True,False,False,True,1
5641,36.91999816894531,12.300000190734863,8.40999984741211,0.692840039730072,15,True,False,False,True,False,True,False,True,False,False,True,True,False,False,True,False,True,1
5651,49.959999084472656,12.300000190734863,8.40999984741211,0.692840039730072,16,True,False,False,True,False,True,False,True,False,False,True,True,False,False,True,False,True,1
5661,40.61000061035156,8.100000381469727,8.319999694824219,0.4953800141811371,12,True,False,False,True,False,True,False,True,False,False,True,True,False,True,False,False,True,1
5671,37.81999969482422,8.100000381469727,8.319999694824219,0.4953800141811371,12,True,False,False,True,False,True,False,True,False,False,True,True,False,False,True,False,True,1
5681,52.59000015258789,8.100000381469727,8.319999694824219,0.4953800141811371,17,False,True,False,True,False,True,False,True,False,False,True,True,False,False,True,False,True,1
5691,60.06999969482422,8.100000381469727,8.319999694824219,0.4953800141811371,12,True,False,False,True,False,True,False,True,False,False,True,True,False,False,True,False,True,1
5701,62.13999938964844,8.100000381469727,8.319999694824219,0.4953800141811371,16,False,True,False,True,False,True,False,True,False,False,True,True,False,False,True,False,True,1
5711,54.560001373291016,8.100000381469727,8.319999694824219,0.4953800141811371,12,False,True,False,False,True,True,False,True,False,False,True,True,False,True,False,False,True,1
5721,38.279998779296875,8.100000381469727,8.319999694824219,0.4953800141811371,12,False,True,False,True,False,True,False,True,False,False,True,True,False,False,True,False,True,1
5731,46.060001373291016,8.100000381469727,8.319999694824219,0.4953800141811371,12,True,False,False,True,False,True,False,True,False,False,True,True,False,False,True,False,True,1
5741,52.349998474121094,8.100000381469727,8.319999694824219,0.4953800141811371,13,False,True,False,True,False,True,False,True,False,True,False,True,False,False,True,False,True,1
5751,39.25,8.100000381469727,8.319999694824219,0.4953800141811371,14,True,False,False,True,False,True,False,True,False,False,True,True,False,False,True,False,True,1
5761,37.439998626708984,8.100000381469727,8.319999694824219,0.4953800141811371,13,True,False,False,True,False,True,False,True,False,False,True,True,False,False,True,False,True,1
5771,43.869998931884766,8.100000381469727,8.319999694824219,0.4953800141811371,12,True,False,False,True,False,False,True,True,False,False,True,True,False,False,True,False,True,1
5781,50.40999984741211,5.900000095367432,8.40999984741211,0.692840039730072,14,True,False,False,True,False,True,False,True,False,False,True,True,False,False,True,False,True,1
5791,51.959999084472656,6.300000190734863,8.319999694824219,0.4953800141811371,14,True,False,False,True,False,True,False,False,True,False,True,True,False,False,True,False,True,0
5801,56.220001220703125,6.300000190734863,8.319999694824219,0.4953800141811371,12,False,True,False,True,False,True,False,True,False,False,True,True,False,False,True,False,True,0
5811,51.709999084472656,6.300000190734863,8.319999694824219,0.4953800141811371,16,True,False,False,True,False,True,False,True,False,False,True,True,False,True,False,False,True,0
5821,36.4900016784668,7.099999904632568,9.550000190734863,0.8059999942779541,12,False,True,False,True,False,True,False,True,False,True,False,True,False,False,True,False,True,1
5831,48.20000076293945,7.099999904632568,9.550000190734863,0.8059999942779541,15,True,False,False,False,True,True,False,True,False,False,True,True,False,False,True,False,True,1
5841,42.380001068115234,7.099999904632568,9.550000190734863,0.8059999942779541,12,True,False,False,True,False,True,False,True,False,False,True,True,False,False,True,False,True,1
5851,58.02000045776367,11.600000381469728,8.319999694824219,0.4953800141811371,16,True,False,False,True,False,True,False,True,False,True,False,True,False,False,True,False,True,1
5861,45.41999816894531,11.600000381469728,8.319999694824219,0.4953800141811371,12,True,False,False,False,True,True,False,True,False,False,True,True,False,False,True,False,True,1
5871,55.25,11.600000381469728,8.319999694824219,0.4953800141811371,16,True,False,False,True,False,False,True,True,False,False,True,True,False,True,False,False,True,1
5881,49.88999938964844,11.600000381469728,8.319999694824219,0.4953800141811371,12,True,False,False,True,False,True,False,True,False,False,True,True,False,False,True,False,True,1
5891,37.06999969482422,11.600000381469728,8.319999694824219,0.4953800141811371,12,False,True,False,True,False,True,False,True,False,False,True,True,False,False,True,False,True,1
5901,61.63999938964844,11.600000381469728,8.319999694824219,0.4953800141811371,15,False,True,False,False,True,True,False,True,False,True,False,True,False,False,True,False,True,1
5911,54.45000076293945,11.600000381469728,8.319999694824219,0.4953800141811371,12,True,False,False,False,True,True,False,True,False,True,False,True,False,False,True,False,True,1
5921,56.709999084472656,11.600000381469728,8.319999694824219,0.4953800141811371,13,True,False,False,True,False,True,False,True,False,True,False,True,False,False,True,False,True,1
5931,58.68000030517578,11.600000381469728,8.319999694824219,0.4953800141811371,16,True,False,False,True,False,True,False,True,False,False,True,True,False,False,True,False,True,1
5941,59.119998931884766,11.600000381469728,8.319999694824219,0.4953800141811371,16,False,True,False,True,False,False,True,True,False,False,True,True,False,False,True,False,True,1
5951,43.279998779296875,11.600000381469728,8.319999694824219,0.4953800141811371,14,True,False,False,True,False,True,False,True,False,False,True,True,False,False,True,False,True,1
5961,45.189998626708984,11.199999809265137,8.319999694824219,0.4953800141811371,13,True,False,False,True,False,True,False,True,False,False,True,True,False,False,True,False,True,0
5971,48.599998474121094,11.199999809265137,8.319999694824219,0.4953800141811371,13,True,False,False,True,False,True,False,True,False,False,True,True,False,False,True,False,True,0
5981,47.869998931884766,11.199999809265137,8.319999694824219,0.4953800141811371,16,True,False,False,True,False,False,True,True,False,False,True,True,False,False,True,False,True,0
5991,47.869998931884766,11.199999809265137,8.319999694824219,0.4953800141811371,12,True,False,False,False,True,True,False,True,False,False,True,True,False,False,True,False,True,0
6001,38.310001373291016,11.199999809265137,8.319999694824219,0.4953800141811371,13,False,True,False,True,False,True,False,True,False,False,True,True,False,False,True,False,True,0
6011,39.0,11.199999809265137,8.319999694824219,0.4953800141811371,12,True,False,False,True,False,True,False,True,False,False,True,True,False,False,True,False,True,0
6021,54.54999923706055,11.199999809265137,8.319999694824219,0.4953800141811371,13,True,False,False,True,False,True,False,True,False,False,True,True,False,False,True,False,True,0
6031,44.33000183105469,11.199999809265137,8.319999694824219,0.4953800141811371,12,True,False,False,True,False,True,False,True,False,False,True,True,False,False,True,False,True,0
6041,51.29999923706055,11.199999809265137,8.319999694824219,0.4953800141811371,14,False,True,False,True,False,True,False,True,False,False,True,True,False,False,True,False,True,0
6051,48.400001525878906,11.199999809265137,8.319999694824219,0.4953800141811371,13,False,True,False,True,False,True,False,True,False,False,True,True,False,False,True,False,True,0
6061,40.90999984741211,8.0,8.40999984741211,0.692840039730072,12,False,True,False,False,True,True,False,True,False,True,False,True,False,False,True,False,True,1
6071,51.970001220703125,8.0,8.40999984741211,0.692840039730072,12,False,True,False,True,False,True,False,True,False,False,True,True,False,False,True,False,True,1
6081,44.83000183105469,8.0,8.40999984741211,0.692840039730072,12,False,True,False,True,False,True,False,True,False,False,True,True,False,False,True,False,True,1
6091,48.40999984741211,8.0,8.40999984741211,0.692840039730072,12,True,False,False,False,True,True,False,True,False,False,True,True,False,False,True,False,True,1
6101,45.27000045776367,8.0,8.40999984741211,0.692840039730072,12,True,False,False,True,False,True,False,True,False,False,True,True,False,False,True,False,True,1
6111,50.849998474121094,8.0,8.40999984741211,0.692840039730072,13,True,False,False,False,True,True,False,True,False,True,False,True,False,True,False,False,True,1
6121,47.779998779296875,8.0,8.40999984741211,0.692840039730072,13,False,True,False,True,False,False,True,True,False,False,True,True,False,False,True,False,True,1
6131,59.459999084472656,8.0,8.40999984741211,0.692840039730072,12,True,False,False,False,True,False,True,False,True,False,True,True,False,True,False,False,True,1
6141,46.70000076293945,8.0,8.40999984741211,0.692840039730072,12,True,False,False,True,False,True,False,True,False,False,True,True,False,False,True,False,True,1
6151,43.40999984741211,8.0,8.40999984741211,0.692840039730072,13,True,False,False,True,False,True,False,True,False,False,True,True,False,False,True,False,True,1
6161,59.41999816894531,8.0,8.40999984741211,0.692840039730072,15,False,True,False,False,True,False,True,True,False,False,True,True,False,False,True,False,True,1
6171,51.040000915527344,8.0,8.40999984741211,0.692840039730072,13,False,True,False,True,False,True,False,True,False,True,False,True,False,False,True,False,True,1
6181,62.209999084472656,6.099999904632568,8.40999984741211,0.692840039730072,14,False,True,False,False,True,True,False,True,False,False,True,False,True,False,True,False,True,0
6191,45.310001373291016,6.099999904632568,8.40999984741211,0.692840039730072,12,False,True,False,False,True,True,False,True,False,False,True,False,True,False,True,False,True,0
6201,33.58000183105469,6.099999904632568,8.40999984741211,0.692840039730072,14,True,False,True,False,False,True,False,True,False,False,True,False,True,False,True,False,True,0
6211,48.470001220703125,6.099999904632568,8.40999984741211,0.692840039730072,12,True,False,False,False,True,True,False,True,False,False,True,False,True,False,True,False,True,0
6221,52.40999984741211,6.099999904632568,8.40999984741211,0.692840039730072,13,False,True,False,False,True,False,True,True,False,False,True,False,True,False,True,False,True,0
6231,56.08000183105469,6.099999904632568,8.40999984741211,0.692840039730072,14,True,False,False,True,False,True,False,True,False,False,True,False,True,False,True,False,True,0
6241,39.029998779296875,6.099999904632568,8.40999984741211,0.692840039730072,13,True,False,False,True,False,True,False,True,False,False,True,False,True,False,True,False,True,0
6251,39.77000045776367,11.199999809265137,8.319999694824219,0.4953800141811371,12,False,True,False,True,False,False,True,True,False,True,False,True,False,False,True,False,True,1
6261,41.130001068115234,11.199999809265137,8.319999694824219,0.4953800141811371,12,True,False,False,True,False,True,False,True,False,False,True,True,False,False,True,False,True,1
6271,45.599998474121094,11.199999809265137,8.319999694824219,0.4953800141811371,12,False,True,False,True,False,True,False,True,False,False,True,True,False,False,True,False,True,1
6281,43.720001220703125,11.199999809265137,8.319999694824219,0.4953800141811371,12,True,False,False,True,False,True,False,True,False,False,True,True,False,False,True,False,True,1
6291,40.45000076293945,11.199999809265137,8.319999694824219,0.4953800141811371,13,True,False,False,True,False,True,False,True,False,False,True,True,False,True,False,False,True,1
6301,44.630001068115234,11.199999809265137,8.319999694824219,0.4953800141811371,12,True,False,False,True,False,True,False,True,False,False,True,True,False,False,True,False,True,1
6311,48.61000061035156,11.199999809265137,8.319999694824219,0.4953800141811371,15,True,False,False,True,False,True,False,True,False,False,True,True,False,False,True,False,True,1
6321,46.0,11.199999809265137,8.319999694824219,0.4953800141811371,16,True,False,False,False,True,True,False,True,False,False,True,True,False,False,True,False,True,1
6331,45.459999084472656,12.300000190734863,8.319999694824219,0.4953800141811371,12,True,False,False,True,False,True,False,True,False,False,True,True,False,False,True,False,True,1
6341,43.0099983215332,12.300000190734863,8.319999694824219,0.4953800141811371,12,False,True,False,True,False,True,False,True,False,False,True,True,False,False,True,False,True,1
6351,37.959999084472656,12.300000190734863,8.319999694824219,0.4953800141811371,12,False,True,False,True,False,True,False,True,False,False,True,True,False,False,True,False,True,1
6361,51.709999084472656,12.300000190734863,8.319999694824219,0.4953800141811371,13,False,True,False,True,False,True,False,True,False,False,True,True,False,False,True,False,True,1
6371,39.61000061035156,12.300000190734863,8.319999694824219,0.4953800141811371,12,False,True,False,True,False,True,False,True,False,True,False,True,False,False,True,False,True,1
6381,46.65999984741211,12.300000190734863,8.319999694824219,0.4953800141811371,15,True,False,False,True,False,True,False,True,False,False,True,True,False,False,True,False,True,1
6391,43.349998474121094,6.800000190734863,8.40999984741211,0.692840039730072,12,True,False,False,True,False,True,False,True,False,False,True,True,False,False,True,False,True,1
6401,39.29999923706055,6.800000190734863,8.40999984741211,0.692840039730072,12,False,True,False,True,False,True,False,True,False,False,True,True,False,False,True,False,True,1
6411,43.63999938964844,6.800000190734863,8.40999984741211,0.692840039730072,13,True,False,False,True,False,True,False,True,False,False,True,True,False,False,True,False,True,1
6421,42.61000061035156,6.800000190734863,8.40999984741211,0.692840039730072,14,True,False,False,True,False,True,False,True,False,False,True,True,False,False,True,False,True,1
6431,55.09000015258789,6.599999904632568,8.890000343322754,0.2575100064277649,13,True,False,False,False,True,True,False,True,False,False,True,True,False,False,True,False,True,1
6441,55.619998931884766,6.599999904632568,8.890000343322754,0.2575100064277649,16,False,True,False,True,False,True,False,True,False,False,True,True,False,False,True,False,True,1
6451,43.72999954223633,6.599999904632568,8.890000343322754,0.2575100064277649,14,True,False,False,True,False,True,False,True,False,False,True,True,False,False,True,False,True,1
6461,41.0,6.599999904632568,8.890000343322754,0.2575100064277649,12,True,False,False,False,True,True,False,True,False,False,True,True,False,True,False,False,True,1
6471,37.040000915527344,6.599999904632568,8.890000343322754,0.2575100064277649,12,True,False,False,False,True,True,False,True,False,False,True,True,False,False,True,False,True,1
6481,56.81999969482422,6.599999904632568,8.890000343322754,0.2575100064277649,15,False,True,False,False,True,False,True,True,False,True,False,True,False,False,True,False,True,0
6491,65.04000091552734,6.599999904632568,8.890000343322754,0.2575100064277649,15,False,True,False,False,True,False,True,True,False,False,True,True,False,False,True,False,True,0
6501,55.38999938964844,6.599999904632568,8.890000343322754,0.2575100064277649,12,False,True,False,True,False,True,False,True,False,True,False,True,False,False,True,False,True,0
6511,52.06999969482422,6.599999904632568,8.890000343322754,0.2575100064277649,14,False,True,False,True,False,True,False,True,False,False,True,True,False,True,False,False,True,0
6521,54.959999084472656,6.599999904632568,8.890000343322754,0.2575100064277649,15,True,False,False,True,False,True,False,True,False,True,False,True,False,False,True,False,True,0
6531,64.91999816894531,6.599999904632568,8.890000343322754,0.2575100064277649,16,False,True,False,False,True,False,True,True,False,False,True,True,False,True,False,False,True,0
6541,51.4900016784668,6.599999904632568,8.890000343322754,0.2575100064277649,14,False,True,False,True,False,True,False,True,False,False,True,True,False,False,True,False,True,0
6551,54.2599983215332,6.599999904632568,8.890000343322754,0.2575100064277649,12,True,False,False,True,False,True,False,True,False,False,True,True,False,False,True,False,True,0
6561,36.22999954223633,6.800000190734863,8.890000343322754,0.2575100064277649,12,True,False,False,True,False,True,False,True,False,False,True,True,False,False,True,False,True,1
6571,49.08000183105469,6.800000190734863,8.890000343322754,0.2575100064277649,14,True,False,True,False,False,True,False,True,False,False,True,True,False,True,False,False,True,1
6581,46.93000030517578,6.800000190734863,8.890000343322754,0.2575100064277649,15,True,False,False,False,True,True,False,False,True,False,True,True,False,True,False,False,True,1
6591,47.43000030517578,6.800000190734863,8.890000343322754,0.2575100064277649,14,True,False,False,True,False,True,False,True,False,False,True,True,False,False,True,False,True,1
6601,53.86000061035156,6.800000190734863,8.890000343322754,0.2575100064277649,14,True,False,False,False,True,False,True,False,True,False,True,True,False,False,True,False,True,1
6611,64.91000366210938,6.800000190734863,8.890000343322754,0.2575100064277649,16,False,True,False,False,True,True,False,True,False,False,True,True,False,False,True,False,True,1
6621,42.470001220703125,6.800000190734863,8.890000343322754,0.2575100064277649,15,False,True,False,True,False,True,False,True,False,False,True,True,False,False,True,False,True,1
6631,54.619998931884766,6.800000190734863,8.890000343322754,0.2575100064277649,14,True,False,False,False,True,True,False,False,True,True,False,True,False,True,False,False,True,1
6641,46.959999084472656,6.800000190734863,8.890000343322754,0.2575100064277649,14,True,False,True,False,False,True,False,True,False,False,True,True,False,False,True,False,True,1
6651,57.47999954223633,6.800000190734863,8.890000343322754,0.2575100064277649,15,True,False,False,False,True,True,False,True,False,False,True,True,False,False,True,False,True,1
6661,48.47999954223633,6.800000190734863,8.890000343322754,0.2575100064277649,13,True,False,False,True,False,True,False,True,False,True,False,True,False,False,True,False,True,1
6671,39.5,6.800000190734863,8.890000343322754,0.2575100064277649,12,True,False,False,True,False,True,False,True,False,False,True,True,False,False,True,False,True,1
6681,41.20000076293945,6.800000190734863,8.890000343322754,0.2575100064277649,13,True,False,False,True,False,True,False,True,False,True,False,True,False,False,True,False,True,1
6691,54.38999938964844,6.800000190734863,8.890000343322754,0.2575100064277649,12,False,True,False,False,True,True,False,True,False,False,True,True,False,False,True,False,True,1
6701,45.84000015258789,6.800000190734863,8.890000343322754,0.2575100064277649,16,False,True,False,True,False,True,False,True,False,False,True,True,False,False,True,False,True,1
6711,44.91999816894531,6.800000190734863,8.890000343322754,0.2575100064277649,12,False,True,False,False,True,True,False,True,False,False,True,True,False,True,False,False,True,1
6721,50.470001220703125,6.800000190734863,8.890000343322754,0.2575100064277649,15,True,False,False,True,False,True,False,True,False,False,True,True,False,False,True,False,True,1
6731,43.70000076293945,6.800000190734863,8.890000343322754,0.2575100064277649,14,False,True,False,True,False,True,False,True,False,False,True,True,False,False,True,False,True,1
6741,60.709999084472656,6.800000190734863,8.890000343322754,0.2575100064277649,16,False,True,False,False,True,True,False,True,False,False,True,True,False,False,True,False,True,1
6751,37.119998931884766,6.800000190734863,8.890000343322754,0.2575100064277649,12,True,False,False,True,False,True,False,True,False,True,False,True,False,False,True,False,True,1
6761,50.43000030517578,6.800000190734863,8.890000343322754,0.2575100064277649,13,False,True,False,False,True,True,False,True,False,False,True,True,False,False,True,False,True,1
6771,52.91999816894531,6.800000190734863,8.890000343322754,0.2575100064277649,14,True,False,False,False,True,True,False,True,False,False,True,True,False,False,True,False,True,1
6781,37.849998474121094,6.599999904632568,8.890000343322754,0.2575100064277649,13,False,True,False,True,False,True,False,True,False,False,True,True,False,False,True,False,True,0
6791,54.84000015258789,6.599999904632568,8.890000343322754,0.2575100064277649,12,False,True,False,True,False,True,False,True,False,True,False,True,False,False,True,False,True,0
6801,49.56999969482422,6.599999904632568,8.890000343322754,0.2575100064277649,14,True,False,False,True,False,True,False,True,False,False,True,True,False,False,True,False,True,0
6811,47.529998779296875,6.599999904632568,8.890000343322754,0.2575100064277649,14,True,False,False,True,False,True,False,True,False,False,True,True,False,False,True,False,True,0
6821,56.02000045776367,6.599999904632568,8.890000343322754,0.2575100064277649,16,True,False,False,True,False,True,False,True,False,False,True,True,False,False,True,False,True,0
6831,53.380001068115234,6.599999904632568,8.890000343322754,0.2575100064277649,12,True,False,False,True,False,True,False,True,False,False,True,True,False,False,True,False,True,0
6841,62.65999984741211,6.599999904632568,8.890000343322754,0.2575100064277649,13,False,True,False,True,False,True,False,True,False,False,True,True,False,False,True,False,True,0
6851,47.83000183105469,6.599999904632568,8.890000343322754,0.2575100064277649,12,False,True,False,True,False,True,False,True,False,False,True,True,False,False,True,False,True,0
6861,52.470001220703125,6.599999904632568,8.890000343322754,0.2575100064277649,14,False,True,False,True,False,True,False,True,False,False,True,True,False,True,False,False,True,0
6871,53.2400016784668,6.599999904632568,8.890000343322754,0.2575100064277649,12,False,True,False,True,False,True,False,True,False,False,True,True,False,False,True,False,True,0
6881,41.58000183105469,7.199999809265137,8.890000343322754,0.2575100064277649,12,True,False,False,False,True,True,False,True,False,True,False,False,True,False,True,False,True,1
6891,43.119998931884766,7.199999809265137,8.890000343322754,0.2575100064277649,12,True,False,False,False,True,True,False,True,False,False,True,False,True,True,False,False,True,1
6901,37.77000045776367,7.199999809265137,8.890000343322754,0.2575100064277649,15,False,True,False,True,False,True,False,True,False,True,False,False,True,False,True,False,True,1
6911,42.189998626708984,7.199999809265137,8.890000343322754,0.2575100064277649,12,True,False,False,True,False,True,False,True,False,False,True,False,True,False,True,False,True,1
6921,37.630001068115234,7.199999809265137,8.890000343322754,0.2575100064277649,14,True,False,False,True,False,False,True,True,False,False,True,False,True,True,False,False,True,1
6931,37.33000183105469,7.199999809265137,8.890000343322754,0.2575100064277649,12,True,False,False,True,False,True,False,True,False,False,True,False,True,False,True,False,True,1
6941,54.060001373291016,4.300000190734863,8.890000343322754,0.2575100064277649,12,False,True,False,False,True,True,False,True,False,False,True,False,True,False,True,False,True,0
6951,42.59000015258789,4.300000190734863,8.890000343322754,0.2575100064277649,14,True,False,True,False,False,False,True,True,False,False,True,False,True,False,True,False,True,0
6961,50.72999954223633,6.800000190734863,8.890000343322754,0.2575100064277649,14,False,True,False,True,False,True,False,True,False,True,False,False,True,False,True,False,True,0
6971,63.88999938964844,6.800000190734863,8.890000343322754,0.2575100064277649,13,False,True,False,True,False,True,False,True,False,False,True,False,True,False,True,False,True,0
6981,55.900001525878906,4.300000190734863,8.890000343322754,0.2575100064277649,14,False,True,False,False,True,True,False,True,False,False,True,False,True,False,True,False,True,0
6991,54.970001220703125,4.300000190734863,8.890000343322754,0.2575100064277649,13,True,False,False,False,True,True,False,True,False,False,True,False,True,False,True,False,True,0
7001,59.560001373291016,4.300000190734863,8.890000343322754,0.2575100064277649,12,True,False,False,False,True,True,False,True,False,True,False,False,True,False,True,False,True,0
7011,61.0099983215332,4.300000190734863,8.890000343322754,0.2575100064277649,16,False,True,False,False,True,True,False,True,False,False,True,False,True,False,True,False,True,0
7021,46.0,4.300000190734863,8.890000343322754,0.2575100064277649,12,True,False,False,False,True,False,True,False,True,False,True,False,True,False,True,False,True,0
7031,46.77000045776367,4.300000190734863,8.890000343322754,0.2575100064277649,12,True,False,False,False,True,False,True,False,True,False,True,False,True,False,True,False,True,0
7041,49.93000030517578,4.300000190734863,8.890000343322754,0.2575100064277649,12,True,False,False,False,True,True,False,True,False,False,True,False,True,False,True,False,True,0
7051,46.20000076293945,4.300000190734863,8.890000343322754,0.2575100064277649,14,False,True,True,False,False,True,False,True,False,False,True,False,True,True,False,False,True,0
7061,59.36000061035156,6.599999904632568,8.890000343322754,0.2575100064277649,17,False,True,True,False,False,True,False,True,False,False,True,True,False,False,True,False,True,0
7071,55.4900016784668,6.599999904632568,8.890000343322754,0.2575100064277649,14,True,False,False,True,False,True,False,True,False,True,False,True,False,False,True,False,True,0
7081,54.81999969482422,6.599999904632568,8.890000343322754,0.2575100064277649,17,True,False,False,True,False,True,False,True,False,True,False,True,False,False,True,False,True,0
7091,39.81999969482422,6.599999904632568,8.890000343322754,0.2575100064277649,12,False,True,False,True,False,True,False,True,False,False,True,True,False,False,True,False,True,0
7101,55.279998779296875,6.599999904632568,8.890000343322754,0.2575100064277649,16,False,True,False,False,True,False,True,False,True,False,True,True,False,True,False,False,True,0
7111,56.02000045776367,6.599999904632568,8.890000343322754,0.2575100064277649,12,False,True,False,False,True,False,True,True,False,False,True,True,False,False,True,False,True,0
7121,41.84000015258789,6.599999904632568,8.890000343322754,0.2575100064277649,12,True,False,False,True,False,True,False,True,False,False,True,True,False,False,True,False,True,0
7131,48.650001525878906,6.599999904632568,8.890000343322754,0.2575100064277649,12,True,False,False,False,True,False,True,True,False,False,True,True,False,False,True,False,True,0
7141,53.310001373291016,6.599999904632568,8.890000343322754,0.2575100064277649,12,False,True,False,False,True,False,True,False,True,False,True,True,False,False,True,False,True,0
7151,32.84000015258789,6.599999904632568,8.890000343322754,0.2575100064277649,12,False,True,False,True,False,True,False,True,False,False,True,True,False,False,True,False,True,0
7161,47.61000061035156,6.599999904632568,8.890000343322754,0.2575100064277649,14,False,True,False,False,True,False,True,True,False,False,True,True,False,False,True,False,True,0
7171,44.689998626708984,6.599999904632568,8.890000343322754,0.2575100064277649,13,False,True,False,True,False,True,False,True,False,False,True,True,False,False,True,False,True,0
7181,43.849998474121094,6.599999904632568,8.890000343322754,0.2575100064277649,14,False,True,False,True,False,False,True,False,True,True,False,True,False,False,True,False,True,0
7191,41.59000015258789,6.599999904632568,8.890000343322754,0.2575100064277649,18,True,False,False,True,False,True,False,True,False,False,True,True,False,True,False,False,True,0
7201,49.349998474121094,6.599999904632568,8.890000343322754,0.2575100064277649,13,True,False,False,True,False,True,False,True,False,False,True,True,False,False,True,False,True,0
7211,32.7400016784668,6.599999904632568,8.890000343322754,0.2575100064277649,12,False,True,False,False,True,True,False,False,True,False,True,True,False,False,True,False,True,0
7221,57.220001220703125,6.599999904632568,8.890000343322754,0.2575100064277649,15,False,True,False,False,True,True,False,True,False,False,True,True,False,False,True,False,True,0
7231,59.630001068115234,6.599999904632568,8.890000343322754,0.2575100064277649,12,False,True,False,True,False,True,False,True,False,False,True,True,False,True,False,False,True,0
7241,51.11000061035156,6.699999809265137,8.890000343322754,0.2575100064277649,12,True,False,False,True,False,True,False,True,False,False,True,True,False,False,True,False,True,1
7251,46.560001373291016,6.699999809265137,8.890000343322754,0.2575100064277649,15,False,True,True,False,False,True,False,False,True,False,True,True,False,False,True,False,True,1
7261,39.79999923706055,6.699999809265137,8.890000343322754,0.2575100064277649,12,True,False,False,True,False,True,False,True,False,False,True,True,False,False,True,False,True,1
7271,43.02000045776367,6.699999809265137,8.890000343322754,0.2575100064277649,12,True,False,False,True,False,True,False,True,False,False,True,True,False,False,True,False,True,1
7281,40.290000915527344,6.699999809265137,8.890000343322754,0.2575100064277649,12,True,False,False,True,False,True,False,True,False,True,False,True,False,False,True,False,True,1
7291,49.119998931884766,6.699999809265137,8.890000343322754,0.2575100064277649,12,True,False,False,True,False,True,False,True,False,False,True,True,False,False,True,False,True,1
7301,34.779998779296875,6.699999809265137,8.890000343322754,0.2575100064277649,13,True,False,True,False,False,True,False,False,True,False,True,True,False,False,True,False,True,1
7311,38.400001525878906,6.599999904632568,8.890000343322754,0.2575100064277649,13,False,True,True,False,False,False,True,True,False,True,False,True,False,True,False,False,True,0
7321,36.45000076293945,6.599999904632568,8.890000343322754,0.2575100064277649,13,True,False,False,True,False,True,False,True,False,False,True,True,False,False,True,False,True,0
7331,62.560001373291016,9.0,8.890000343322754,0.2575100064277649,16,True,False,False,False,True,True,False,True,False,True,False,True,False,False,True,False,True,1
7341,63.25,9.0,8.890000343322754,0.2575100064277649,17,False,True,False,True,False,True,False,True,False,False,True,True,False,True,False,False,True,1
7351,57.38999938964844,9.0,8.890000343322754,0.2575100064277649,12,True,False,False,True,False,True,False,True,False,False,True,True,False,False,True,False,True,1
7361,40.900001525878906,9.0,8.890000343322754,0.2575100064277649,12,True,False,False,False,True,True,False,True,False,True,False,True,False,False,True,False,True,1
7371,51.189998626708984,9.0,8.890000343322754,0.2575100064277649,15,False,True,False,False,True,True,False,True,False,False,True,True,False,True,False,False,True,1
7381,41.34000015258789,6.699999809265137,8.890000343322754,0.2575100064277649,12,False,True,False,True,False,True,False,True,False,False,True,True,False,False,True,False,True,1
7391,37.95000076293945,6.699999809265137,8.890000343322754,0.2575100064277649,12,False,True,True,False,False,False,True,True,False,False,True,True,False,False,True,False,True,1
7401,31.81999969482422,6.699999809265137,8.890000343322754,0.2575100064277649,12,False,True,False,False,True,True,False,True,False,False,True,True,False,False,True,False,True,1
7411,37.5099983215332,6.699999809265137,8.890000343322754,0.2575100064277649,12,True,False,False,True,False,True,False,True,False,False,True,True,False,False,True,False,True,1
7421,47.790000915527344,6.699999809265137,8.890000343322754,0.2575100064277649,12,False,True,False,False,True,True,False,True,False,False,True,True,False,False,True,False,True,1
7431,39.88999938964844,6.599999904632568,8.890000343322754,0.2575100064277649,17,True,False,False,True,False,True,False,True,False,False,True,True,False,False,True,False,True,0
7441,47.150001525878906,6.800000190734863,8.890000343322754,0.2575100064277649,16,False,True,False,True,False,True,False,True,False,False,True,True,False,False,True,False,True,1
7451,58.619998931884766,6.800000190734863,8.890000343322754,0.2575100064277649,16,False,True,False,True,False,True,False,True,False,True,False,True,False,True,False,False,True,1
7461,57.75,6.599999904632568,8.890000343322754,0.2575100064277649,15,True,False,False,False,True,True,False,False,True,True,False,True,False,True,False,False,True,0
7471,40.560001373291016,6.599999904632568,8.890000343322754,0.2575100064277649,13,False,True,False,True,False,True,False,True,False,True,False,True,False,False,True,False,True,0
7481,47.22999954223633,6.599999904632568,8.890000343322754,0.2575100064277649,12,True,False,False,True,False,True,False,True,False,False,True,True,False,False,True,False,True,0
7491,43.63999938964844,6.599999904632568,8.890000343322754,0.2575100064277649,13,False,True,False,False,True,False,True,False,True,False,True,True,False,True,False,False,True,0
7501,53.0099983215332,6.599999904632568,8.890000343322754,0.2575100064277649,14,True,False,False,False,True,True,False,True,False,False,True,True,False,False,True,False,True,0
7511,42.630001068115234,6.599999904632568,8.890000343322754,0.2575100064277649,15,False,True,False,False,True,True,False,True,False,False,True,True,False,False,True,False,True,0
7521,38.95000076293945,9.800000190734863,8.890000343322754,0.2575100064277649,12,True,False,False,True,False,True,False,True,False,False,True,True,False,True,False,False,True,1
7531,49.45000076293945,9.800000190734863,8.890000343322754,0.2575100064277649,17,False,True,False,True,False,True,False,True,False,False,True,True,False,False,True,False,True,1
7541,58.68000030517578,9.800000190734863,8.890000343322754,0.2575100064277649,17,False,True,False,True,False,True,False,True,False,False,True,True,False,False,True,False,True,1
7551,38.849998474121094,9.800000190734863,8.890000343322754,0.2575100064277649,16,False,True,False,False,True,True,False,True,False,False,True,True,False,False,True,False,True,1
7561,42.04999923706055,9.800000190734863,8.890000343322754,0.2575100064277649,12,False,True,False,True,False,True,False,True,False,False,True,True,False,False,True,False,True,1
7571,41.529998779296875,9.800000190734863,8.890000343322754,0.2575100064277649,13,False,True,False,True,False,True,False,True,False,True,False,True,False,False,True,False,True,1
7581,40.97999954223633,9.800000190734863,8.890000343322754,0.2575100064277649,12,True,False,False,True,False,True,False,True,False,True,False,True,False,False,True,False,True,1
7591,48.02000045776367,9.800000190734863,8.890000343322754,0.2575100064277649,15,True,False,False,False,True,False,True,False,True,False,True,True,False,True,False,False,True,1
7601,45.95000076293945,9.0,8.890000343322754,0.2575100064277649,12,True,False,False,True,False,True,False,True,False,True,False,True,False,False,True,False,True,1
7611,68.36000061035156,9.0,8.890000343322754,0.2575100064277649,17,True,False,False,False,True,True,False,True,False,False,True,True,False,False,True,False,True,1
7621,43.38999938964844,9.0,8.890000343322754,0.2575100064277649,13,True,False,False,True,False,True,False,True,False,False,True,True,False,False,True,False,True,1
7631,41.400001525878906,9.0,8.890000343322754,0.2575100064277649,12,False,True,False,True,False,True,False,True,False,False,True,True,False,False,True,False,True,1
7641,51.47999954223633,9.0,8.890000343322754,0.2575100064277649,16,True,False,False,False,True,True,False,True,False,False,True,True,False,False,True,False,True,1
7651,61.15999984741211,9.0,8.890000343322754,0.2575100064277649,15,True,False,False,True,False,True,False,True,False,False,True,True,False,False,True,False,True,1
7661,53.36000061035156,7.199999809265137,8.890000343322754,0.2575100064277649,12,True,False,False,True,False,True,False,True,False,False,True,True,False,False,True,False,True,0
7671,64.66999816894531,7.199999809265137,8.890000343322754,0.2575100064277649,13,False,True,False,False,True,True,False,True,False,False,True,True,False,False,True,False,True,0
7681,58.290000915527344,7.199999809265137,8.890000343322754,0.2575100064277649,14,True,False,False,False,True,True,False,True,False,True,False,True,False,False,True,False,True,0
7691,53.9900016784668,7.199999809265137,8.890000343322754,0.2575100064277649,12,True,False,False,False,True,True,False,True,False,False,True,True,False,True,False,False,True,0
7701,60.27000045776367,7.199999809265137,8.890000343322754,0.2575100064277649,12,True,False,False,False,True,True,False,False,True,False,True,True,False,False,True,False,True,0
7711,44.779998779296875,6.699999809265137,8.890000343322754,0.2575100064277649,15,False,True,False,True,False,True,False,True,False,False,True,True,False,False,True,False,True,1
7721,52.7599983215332,6.699999809265137,8.890000343322754,0.2575100064277649,14,True,False,False,True,False,True,False,True,False,False,True,True,False,False,True,False,True,1
7731,34.619998931884766,6.699999809265137,8.890000343322754,0.2575100064277649,12,False,True,False,True,False,True,False,True,False,False,True,True,False,False,True,False,True,1
7741,60.31999969482422,6.699999809265137,8.890000343322754,0.2575100064277649,14,False,True,False,True,False,False,True,True,False,False,True,True,False,False,True,False,True,1
7751,39.91999816894531,6.699999809265137,8.890000343322754,0.2575100064277649,14,True,False,False,True,False,True,False,True,False,True,False,True,False,False,True,False,True,1
7761,42.459999084472656,6.699999809265137,8.890000343322754,0.2575100064277649,14,True,False,False,True,False,True,False,True,False,True,False,True,False,False,True,False,True,1
7771,60.040000915527344,6.699999809265137,8.890000343322754,0.2575100064277649,15,True,False,False,True,False,True,False,True,False,False,True,True,False,False,True,False,True,1
7781,40.810001373291016,6.599999904632568,8.890000343322754,0.2575100064277649,13,True,False,False,True,False,True,False,True,False,False,True,True,False,False,True,False,True,0
7791,58.189998626708984,6.599999904632568,8.890000343322754,0.2575100064277649,15,False,True,False,True,False,True,False,True,False,False,True,True,False,False,True,False,True,0
7801,38.33000183105469,6.599999904632568,8.890000343322754,0.2575100064277649,12,True,False,False,True,False,True,False,True,False,False,True,True,False,False,True,False,True,0
7811,38.88999938964844,6.599999904632568,8.890000343322754,0.2575100064277649,12,False,True,False,False,True,True,False,True,False,False,True,True,False,True,False,False,True,0
7821,55.47999954223633,6.599999904632568,8.890000343322754,0.2575100064277649,15,True,False,False,False,True,False,True,True,False,False,True,True,False,True,False,False,True,0
7831,45.599998474121094,6.599999904632568,8.890000343322754,0.2575100064277649,16,True,False,False,True,False,True,False,True,False,False,True,True,False,False,True,False,True,0
7841,44.599998474121094,6.599999904632568,8.890000343322754,0.2575100064277649,12,True,False,False,True,False,True,False,True,False,False,True,True,False,False,True,False,True,0
7851,48.33000183105469,6.599999904632568,8.890000343322754,0.2575100064277649,16,False,True,False,False,True,True,False,False,True,False,True,True,False,True,False,False,True,0
7861,37.15999984741211,8.699999809265137,8.890000343322754,0.2575100064277649,13,False,True,False,True,False,True,False,True,False,False,True,True,False,False,True,False,True,1
7871,48.220001220703125,8.699999809265137,8.890000343322754,0.2575100064277649,16,True,False,False,False,True,True,False,True,False,False,True,True,False,True,False,False,True,1
7881,59.2400016784668,8.699999809265137,8.890000343322754,0.2575100064277649,18,True,False,False,False,True,True,False,True,False,True,False,True,False,False,True,False,True,1
7891,55.72999954223633,8.699999809265137,8.890000343322754,0.2575100064277649,12,True,False,False,False,True,False,True,True,False,False,True,True,False,False,True,False,True,1
7901,62.279998779296875,8.699999809265137,8.890000343322754,0.2575100064277649,12,True,False,False,False,True,True,False,True,False,False,True,True,False,False,True,False,True,1
7911,33.7400016784668,8.699999809265137,8.890000343322754,0.2575100064277649,12,False,True,False,True,False,True,False,True,False,True,False,True,False,False,True,False,True,1
7921,41.0,8.699999809265137,8.890000343322754,0.2575100064277649,12,True,False,False,True,False,True,False,True,False,True,False,True,False,False,True,False,True,1
7931,37.529998779296875,8.699999809265137,8.890000343322754,0.2575100064277649,13,True,False,False,False,True,True,False,True,False,True,False,True,False,True,False,False,True,1
7941,43.36000061035156,8.699999809265137,8.890000343322754,0.2575100064277649,13,False,True,False,True,False,True,False,True,False,True,False,True,False,False,True,False,True,1
7951,41.36000061035156,8.699999809265137,8.890000343322754,0.2575100064277649,12,True,False,False,True,False,True,False,True,False,False,True,True,False,False,True,False,True,1
7961,48.7400016784668,8.699999809265137,8.890000343322754,0.2575100064277649,14,False,True,False,False,True,False,True,False,True,False,True,True,False,True,False,False,True,1
7971,40.040000915527344,7.699999809265137,8.890000343322754,0.2575100064277649,12,True,False,False,True,False,True,False,True,False,False,True,True,False,False,True,False,True,1
7981,41.060001373291016,7.699999809265137,8.890000343322754,0.2575100064277649,18,True,False,False,True,False,True,False,True,False,False,True,True,False,False,True,False,True,1
7991,49.5,7.699999809265137,8.890000343322754,0.2575100064277649,16,True,False,False,True,False,True,False,True,False,False,True,True,False,False,True,False,True,1
8001,53.369998931884766,10.5,12.960000038146973,0.7136300206184387,13,False,True,False,True,False,True,False,True,False,False,True,True,False,False,True,False,True,1
8011,62.06999969482422,10.5,12.960000038146973,0.7136300206184387,12,True,False,False,False,True,True,False,True,False,False,True,True,False,True,False,False,True,1
8021,40.84000015258789,10.5,12.960000038146973,0.7136300206184387,12,True,False,False,True,False,True,False,True,False,False,True,True,False,False,True,False,True,1
8031,54.189998626708984,10.5,12.960000038146973,0.7136300206184387,12,False,True,False,False,True,True,False,True,False,False,True,True,False,False,True,False,True,1
8041,54.4900016784668,10.5,12.960000038146973,0.7136300206184387,12,True,False,False,True,False,True,False,True,False,False,True,True,False,False,True,False,True,1
8051,39.31999969482422,10.5,12.960000038146973,0.7136300206184387,14,True,False,False,True,False,True,False,True,False,False,True,True,False,False,True,False,True,1
8061,52.290000915527344,10.5,12.960000038146973,0.7136300206184387,12,False,True,False,True,False,True,False,True,False,False,True,True,False,False,True,False,True,1
8071,46.0099983215332,8.199999809265137,8.890000343322754,0.2575100064277649,14,True,False,False,True,False,True,False,True,False,False,True,True,False,False,True,False,True,1
8081,37.290000915527344,8.199999809265137,8.890000343322754,0.2575100064277649,12,False,True,False,True,False,True,False,True,False,False,True,True,False,False,True,False,True,1
8091,35.18000030517578,8.199999809265137,8.890000343322754,0.2575100064277649,12,True,False,False,True,False,True,False,True,False,False,True,True,False,False,True,False,True,1
8101,54.4900016784668,22.299999237060547,8.890000343322754,0.2575100064277649,13,False,True,False,True,False,True,False,True,False,False,True,True,False,False,True,False,True,1
8111,61.540000915527344,22.299999237060547,8.890000343322754,0.2575100064277649,13,False,True,False,True,False,True,False,True,False,True,False,True,False,False,True,False,True,1
8121,63.95000076293945,22.299999237060547,8.890000343322754,0.2575100064277649,15,False,True,False,True,False,True,False,True,False,False,True,True,False,False,True,False,True,1
8131,55.68000030517578,22.299999237060547,8.890000343322754,0.2575100064277649,14,True,False,False,True,False,True,False,True,False,False,True,True,False,False,True,False,True,1
8141,54.189998626708984,22.299999237060547,8.890000343322754,0.2575100064277649,12,True,False,False,False,True,False,True,True,False,True,False,True,False,False,True,False,True,1
8151,37.83000183105469,8.199999809265137,8.890000343322754,0.2575100064277649,12,False,True,False,True,False,True,False,True,False,True,False,True,False,False,True,False,True,1
8161,54.810001373291016,8.199999809265137,8.890000343322754,0.2575100064277649,16,False,True,False,True,False,True,False,True,False,False,True,True,False,True,False,False,True,1
8171,48.58000183105469,8.199999809265137,8.890000343322754,0.2575100064277649,16,False,True,False,False,True,True,False,False,True,True,False,True,False,False,True,False,True,1
8181,54.810001373291016,8.199999809265137,8.890000343322754,0.2575100064277649,14,True,False,False,True,False,True,False,True,False,False,True,True,False,False,True,False,True,1
8191,61.7599983215332,10.899999618530272,8.890000343322754,0.2575100064277649,12,True,False,False,False,True,True,False,True,False,False,True,False,True,False,True,False,True,0
8201,66.16999816894531,4.699999809265137,8.890000343322754,0.2575100064277649,17,False,True,False,False,True,False,True,False,True,False,True,True,False,True,False,False,True,0
8211,67.31999969482422,4.699999809265137,8.890000343322754,0.2575100064277649,16,True,False,False,False,True,False,True,True,False,False,True,True,False,True,False,False,True,0
8221,59.880001068115234,4.699999809265137,8.890000343322754,0.2575100064277649,17,True,False,False,False,True,False,True,True,False,False,True,True,False,True,False,False,True,0
8231,57.75,4.699999809265137,8.890000343322754,0.2575100064277649,16,False,True,False,False,True,False,True,False,True,False,True,True,False,True,False,False,True,0
8241,66.66000366210938,4.699999809265137,8.890000343322754,0.2575100064277649,13,False,True,False,False,True,False,True,False,True,False,True,True,False,True,False,False,True,0
8251,40.75,4.699999809265137,8.890000343322754,0.2575100064277649,16,False,True,False,False,True,False,True,False,True,True,False,True,False,False,True,False,True,0
8261,32.13999938964844,4.699999809265137,8.890000343322754,0.2575100064277649,12,True,False,True,False,False,True,False,False,True,False,True,True,False,False,True,False,True,0
8271,51.900001525878906,4.699999809265137,8.890000343322754,0.2575100064277649,12,False,True,False,False,True,False,True,True,False,False,True,True,False,True,False,False,True,0
8281,49.33000183105469,8.199999809265137,8.890000343322754,0.2575100064277649,12,False,True,False,False,True,True,False,True,False,True,False,False,True,True,False,False,True,0
8291,55.83000183105469,6.099999904632568,12.960000038146973,0.7136300206184387,15,True,False,False,False,True,False,True,False,True,False,True,True,False,True,False,False,True,0
8301,52.86000061035156,6.099999904632568,12.960000038146973,0.7136300206184387,16,False,True,False,False,True,False,True,True,False,False,True,True,False,False,True,False,True,0
8311,56.099998474121094,6.099999904632568,12.960000038146973,0.7136300206184387,17,True,False,False,False,True,False,True,True,False,True,False,True,False,False,True,False,True,0
8321,53.220001220703125,6.099999904632568,12.960000038146973,0.7136300206184387,16,False,True,False,False,True,False,True,False,True,False,True,True,False,True,False,False,True,0
8331,58.5,6.099999904632568,12.960000038146973,0.7136300206184387,13,True,False,False,False,True,False,True,False,True,False,True,True,False,False,True,False,True,0
8341,62.650001525878906,6.099999904632568,12.960000038146973,0.7136300206184387,14,False,True,False,False,True,False,True,False,True,False,True,True,False,False,True,False,True,0
8351,48.75,6.099999904632568,12.960000038146973,0.7136300206184387,17,True,False,False,False,True,False,True,False,True,False,True,True,False,False,True,False,True,0
8361,60.2400016784668,6.099999904632568,12.960000038146973,0.7136300206184387,16,False,True,False,False,True,False,True,False,True,False,True,True,False,True,False,False,True,0
8371,63.13999938964844,6.099999904632568,12.960000038146973,0.7136300206184387,13,False,True,False,False,True,False,True,False,True,True,False,True,False,False,True,False,True,0
8381,61.5099983215332,6.099999904632568,12.960000038146973,0.7136300206184387,16,True,False,False,False,True,False,True,False,True,False,True,True,False,True,False,False,True,0
8391,64.97000122070312,6.099999904632568,12.960000038146973,0.7136300206184387,14,False,True,False,False,True,False,True,False,True,False,True,True,False,True,False,False,True,0
8401,53.040000915527344,6.099999904632568,12.960000038146973,0.7136300206184387,14,False,True,True,False,False,False,True,False,True,False,True,True,False,True,False,False,True,0
8411,53.5,6.099999904632568,12.960000038146973,0.7136300206184387,16,True,False,False,False,True,False,True,True,False,False,True,True,False,True,False,False,True,0
8421,58.349998474121094,6.099999904632568,12.960000038146973,0.7136300206184387,14,True,False,False,False,True,False,True,True,False,False,True,True,False,False,True,False,True,0
8431,59.5,6.599999904632568,8.890000343322754,0.2575100064277649,13,True,False,False,False,True,False,True,False,True,False,True,False,True,True,False,False,True,0
8441,43.619998931884766,6.599999904632568,8.890000343322754,0.2575100064277649,12,False,True,False,False,True,False,True,True,False,False,True,False,True,True,False,False,True,0
8451,49.90999984741211,6.599999904632568,8.890000343322754,0.2575100064277649,13,False,True,False,False,True,False,True,True,False,False,True,False,True,True,False,False,True,0
8461,58.060001373291016,8.199999809265137,8.890000343322754,0.2575100064277649,14,True,False,False,False,True,False,True,True,False,False,True,True,False,False,True,False,True,0
8471,66.19999694824219,8.199999809265137,8.890000343322754,0.2575100064277649,14,True,False,False,False,True,False,True,True,False,False,True,True,False,False,True,False,True,0
8481,41.220001220703125,8.199999809265137,8.890000343322754,0.2575100064277649,14,True,False,False,True,False,True,False,True,False,True,False,True,False,False,True,False,True,0
8491,57.16999816894531,8.199999809265137,8.890000343322754,0.2575100064277649,14,True,False,False,False,True,False,True,False,True,False,True,True,False,False,True,False,True,0
8501,57.63999938964844,8.199999809265137,8.890000343322754,0.2575100064277649,16,True,False,False,False,True,True,False,True,False,True,False,True,False,True,False,False,True,0
8511,51.27000045776367,8.199999809265137,8.890000343322754,0.2575100064277649,15,False,True,False,False,True,False,True,True,False,False,True,True,False,True,False,False,True,0
8521,56.380001068115234,8.199999809265137,8.890000343322754,0.2575100064277649,16,True,False,False,False,True,False,True,True,False,False,True,True,False,True,False,False,True,0
8531,47.27000045776367,8.199999809265137,8.890000343322754,0.2575100064277649,14,True,False,True,False,False,True,False,True,False,False,True,True,False,True,False,False,True,0
8541,57.29999923706055,8.199999809265137,8.890000343322754,0.2575100064277649,14,True,False,False,False,True,True,False,True,False,False,True,True,False,False,True,False,True,0
8551,41.63999938964844,8.199999809265137,8.890000343322754,0.2575100064277649,15,False,True,False,True,False,True,False,True,False,False,True,True,False,True,False,False,True,0
8561,49.84000015258789,7.699999809265137,8.890000343322754,0.2575100064277649,15,False,True,False,False,True,True,False,True,False,False,True,True,False,False,True,False,True,0
8571,59.029998779296875,7.699999809265137,8.890000343322754,0.2575100064277649,16,False,True,False,True,False,True,False,True,False,False,True,True,False,False,True,False,True,0
8581,54.08000183105469,7.699999809265137,8.890000343322754,0.2575100064277649,12,False,True,False,False,True,True,False,True,False,False,True,True,False,False,True,False,True,0
8591,56.599998474121094,7.699999809265137,8.890000343322754,0.2575100064277649,15,False,True,False,True,False,False,True,True,False,True,False,True,False,False,True,False,True,0
8601,44.060001373291016,7.699999809265137,8.890000343322754,0.2575100064277649,14,False,True,False,False,True,True,False,True,False,False,True,True,False,False,True,False,True,0
8611,47.09000015258789,7.699999809265137,8.890000343322754,0.2575100064277649,12,False,True,False,False,True,True,False,True,False,False,True,True,False,False,True,False,True,0
8621,49.20000076293945,7.699999809265137,8.890000343322754,0.2575100064277649,12,False,True,False,True,False,True,False,True,False,False,True,True,False,False,True,False,True,0
8631,60.470001220703125,10.699999809265137,11.5600004196167,1.077370047569275,16,False,True,False,False,True,True,False,True,False,False,True,True,False,False,True,False,True,1
8641,54.380001068115234,10.699999809265137,11.5600004196167,1.077370047569275,12,False,True,False,False,True,True,False,True,False,False,True,True,False,False,True,False,True,1
8651,45.91999816894531,7.099999904632568,8.890000343322754,0.2575100064277649,15,True,False,False,False,True,True,False,False,True,False,True,True,False,True,False,False,True,0
8661,63.09000015258789,7.099999904632568,8.890000343322754,0.2575100064277649,13,True,False,False,False,True,True,False,True,False,False,True,True,False,False,True,False,True,0
8671,52.06999969482422,7.099999904632568,8.890000343322754,0.2575100064277649,16,True,False,False,False,True,False,True,False,True,False,True,True,False,True,False,False,True,0
8681,56.380001068115234,7.099999904632568,8.890000343322754,0.2575100064277649,16,True,False,False,False,True,True,False,True,False,False,True,True,False,False,True,False,True,0
8691,52.720001220703125,7.099999904632568,8.890000343322754,0.2575100064277649,12,True,False,False,False,True,True,False,True,False,False,True,True,False,False,True,False,True,0
8701,65.12999725341797,7.099999904632568,8.890000343322754,0.2575100064277649,16,True,False,False,False,True,True,False,True,False,False,True,True,False,False,True,False,True,0
8711,51.380001068115234,7.099999904632568,8.890000343322754,0.2575100064277649,12,True,False,False,False,True,True,False,True,False,False,True,True,False,False,True,False,True,0
8721,43.150001525878906,7.099999904632568,8.890000343322754,0.2575100064277649,13,True,False,False,False,True,True,False,True,False,False,True,True,False,False,True,False,True,0
8731,57.81999969482422,6.599999904632568,8.890000343322754,0.2575100064277649,17,False,True,False,True,False,True,False,True,False,False,True,True,False,False,True,False,True,0
8741,47.81999969482422,6.599999904632568,8.890000343322754,0.2575100064277649,16,False,True,False,True,False,True,False,True,False,False,True,True,False,False,True,False,True,0
8751,48.4900016784668,6.599999904632568,8.890000343322754,0.2575100064277649,12,False,True,False,True,False,True,False,True,False,False,True,True,False,True,False,False,True,0
8761,49.72999954223633,6.599999904632568,8.890000343322754,0.2575100064277649,13,False,True,False,True,False,True,False,True,False,False,True,True,False,True,False,False,True,0
8771,52.13999938964844,6.599999904632568,8.890000343322754,0.2575100064277649,12,False,True,False,True,False,True,False,True,False,True,False,True,False,False,True,False,True,0
8781,53.40999984741211,6.599999904632568,8.890000343322754,0.2575100064277649,17,False,True,False,True,False,True,False,True,False,False,True,True,False,False,True,False,True,0
8791,49.349998474121094,6.599999904632568,8.890000343322754,0.2575100064277649,13,False,True,False,True,False,True,False,True,False,True,False,True,False,False,True,False,True,0
8801,57.5,6.599999904632568,8.890000343322754,0.2575100064277649,15,False,True,False,True,False,True,False,True,False,False,True,True,False,False,True,False,True,0
8811,42.900001525878906,6.599999904632568,8.890000343322754,0.2575100064277649,12,False,True,False,True,False,True,False,True,False,False,True,True,False,False,True,False,True,0
8821,57.369998931884766,6.599999904632568,8.890000343322754,0.2575100064277649,15,False,True,False,False,True,False,True,False,True,False,True,True,False,False,True,False,True,0
8831,59.97999954223633,6.599999904632568,8.890000343322754,0.2575100064277649,12,True,False,False,True,False,True,False,True,False,True,False,True,False,False,True,False,True,0
8841,57.290000915527344,6.599999904632568,8.890000343322754,0.2575100064277649,15,True,False,False,True,False,True,False,True,False,False,True,True,False,False,True,False,True,0
8851,44.63999938964844,6.599999904632568,8.890000343322754,0.2575100064277649,13,True,False,False,True,False,True,False,True,False,False,True,True,False,False,True,False,True,0
8861,56.130001068115234,6.599999904632568,8.890000343322754,0.2575100064277649,15,True,False,False,True,False,True,False,True,False,False,True,True,False,False,True,False,True,0
8871,51.959999084472656,6.599999904632568,8.890000343322754,0.2575100064277649,15,True,False,False,True,False,True,False,False,True,False,True,True,False,False,True,False,True,0
8881,43.88999938964844,6.599999904632568,8.890000343322754,0.2575100064277649,12,True,False,False,True,False,True,False,True,False,False,True,True,False,False,True,False,True,0
8891,51.75,6.599999904632568,8.890000343322754,0.2575100064277649,15,True,False,False,True,False,False,True,True,False,False,True,True,False,True,False,False,True,0
8901,46.34000015258789,6.599999904632568,8.890000343322754,0.2575100064277649,14,True,False,False,True,False,True,False,True,False,True,False,True,False,False,True,False,True,0
8911,61.75,6.599999904632568,8.890000343322754,0.2575100064277649,16,True,False,False,True,False,True,False,True,False,True,False,True,False,False,True,False,True,0
8921,53.0,6.599999904632568,8.890000343322754,0.2575100064277649,16,True,False,False,True,False,True,False,True,False,False,True,True,False,False,True,False,True,0
8931,37.09000015258789,6.599999904632568,8.890000343322754,0.2575100064277649,15,True,False,False,True,False,True,False,True,False,False,True,True,False,False,True,False,True,0
8941,51.22999954223633,6.599999904632568,8.890000343322754,0.2575100064277649,13,True,False,False,True,False,True,False,True,False,False,True,True,False,False,True,False,True,0
8951,50.16999816894531,6.599999904632568,8.890000343322754,0.2575100064277649,15,True,False,False,True,False,True,False,True,False,False,True,True,False,False,True,False,True,0
8961,50.54999923706055,6.599999904632568,8.890000343322754,0.2575100064277649,12,True,False,False,True,False,True,False,True,False,False,True,True,False,False,True,False,True,0
8971,53.33000183105469,6.599999904632568,8.890000343322754,0.2575100064277649,13,True,False,False,True,False,True,False,True,False,False,True,True,False,False,True,False,True,0
8981,43.720001220703125,6.599999904632568,8.890000343322754,0.2575100064277649,16,True,False,False,True,False,True,False,True,False,True,False,True,False,False,True,False,True,0
8991,54.619998931884766,6.599999904632568,8.890000343322754,0.2575100064277649,16,True,False,False,False,True,False,True,False,True,False,True,True,False,True,False,False,True,0
9001,48.34000015258789,6.599999904632568,8.890000343322754,0.2575100064277649,13,True,False,False,True,False,True,False,True,False,False,True,True,False,False,True,False,True,0
9011,51.9900016784668,6.599999904632568,8.890000343322754,0.2575100064277649,16,True,False,False,True,False,True,False,True,False,False,True,True,False,False,True,False,True,0
9021,51.939998626708984,6.599999904632568,8.890000343322754,0.2575100064277649,14,True,False,False,True,False,True,False,True,False,False,True,True,False,False,True,False,True,0
9031,56.02000045776367,6.599999904632568,8.890000343322754,0.2575100064277649,15,True,False,False,True,False,True,False,True,False,False,True,True,False,False,True,False,True,0
9041,39.869998931884766,6.599999904632568,8.890000343322754,0.2575100064277649,12,True,False,False,False,True,False,True,True,False,True,False,True,False,True,False,False,True,0
9051,48.4900016784668,6.599999904632568,8.890000343322754,0.2575100064277649,12,True,False,False,False,True,True,False,True,False,False,True,True,False,False,True,False,True,0
9061,69.9000015258789,6.599999904632568,8.890000343322754,0.2575100064277649,17,False,True,True,False,False,False,True,False,True,False,True,True,False,True,False,False,True,0
9071,53.58000183105469,6.599999904632568,8.890000343322754,0.2575100064277649,16,False,True,False,True,False,False,True,True,False,False,True,True,False,True,False,False,True,0
9081,47.060001373291016,6.599999904632568,8.890000343322754,0.2575100064277649,16,False,True,False,True,False,True,False,True,False,False,True,True,False,False,True,False,True,0
9091,61.15999984741211,6.599999904632568,8.890000343322754,0.2575100064277649,16,False,True,False,True,False,True,False,True,False,False,True,True,False,False,True,False,True,0
9101,61.040000915527344,6.599999904632568,8.890000343322754,0.2575100064277649,15,False,True,False,False,True,False,True,True,False,False,True,True,False,True,False,False,True,0
9111,68.44000244140625,6.599999904632568,8.890000343322754,0.2575100064277649,16,False,True,False,True,False,True,False,True,False,True,False,True,False,False,True,False,True,0
9121,61.029998779296875,6.599999904632568,8.890000343322754,0.2575100064277649,16,False,True,False,True,False,False,True,True,False,False,True,True,False,True,False,False,True,0
9131,46.90999984741211,6.800000190734863,8.890000343322754,0.2575100064277649,14,True,False,False,True,False,True,False,True,False,False,True,True,False,False,True,False,True,1
9141,40.709999084472656,6.800000190734863,8.890000343322754,0.2575100064277649,13,True,False,False,False,True,True,False,True,False,False,True,True,False,False,True,False,True,1
9151,40.599998474121094,6.800000190734863,8.890000343322754,0.2575100064277649,18,True,False,False,True,False,True,False,True,False,False,True,True,False,False,True,False,True,1
9161,51.189998626708984,6.800000190734863,8.890000343322754,0.2575100064277649,12,False,True,False,False,True,True,False,True,False,False,True,True,False,False,True,False,True,1
9171,51.72999954223633,6.800000190734863,8.890000343322754,0.2575100064277649,14,False,True,False,False,True,True,False,True,False,False,True,True,False,False,True,False,True,1
9181,52.0099983215332,6.800000190734863,8.890000343322754,0.2575100064277649,17,False,True,False,True,False,True,False,True,False,False,True,True,False,False,True,False,True,1
9191,52.7599983215332,6.800000190734863,8.890000343322754,0.2575100064277649,14,True,False,False,True,False,True,False,True,False,False,True,True,False,False,True,False,True,1
9201,57.15999984741211,6.800000190734863,8.890000343322754,0.2575100064277649,14,True,False,False,True,False,True,False,True,False,False,True,True,False,False,True,False,True,1
9211,53.5,6.800000190734863,8.890000343322754,0.2575100064277649,13,True,False,False,False,True,True,False,True,False,True,False,True,False,False,True,False,True,1
9221,66.5199966430664,6.800000190734863,8.890000343322754,0.2575100064277649,12,False,True,True,False,False,True,False,True,False,False,True,True,False,False,True,False,True,1
9231,69.31999969482422,6.599999904632568,8.890000343322754,0.2575100064277649,16,True,False,False,False,True,True,False,True,False,False,True,True,False,False,True,False,True,1
9241,55.619998931884766,6.599999904632568,8.890000343322754,0.2575100064277649,12,True,False,False,True,False,True,False,True,False,True,False,True,False,False,True,False,True,1
9251,66.30999755859375,6.599999904632568,8.890000343322754,0.2575100064277649,17,True,False,False,False,True,True,False,True,False,False,True,True,False,False,True,False,True,1
9261,46.90999984741211,6.599999904632568,8.890000343322754,0.2575100064277649,17,False,True,False,True,False,True,False,True,False,True,False,True,False,True,False,False,True,1
9271,57.41999816894531,6.599999904632568,8.890000343322754,0.2575100064277649,15,False,True,False,False,True,False,True,True,False,False,True,True,False,False,True,False,True,0
9281,44.970001220703125,6.599999904632568,8.890000343322754,0.2575100064277649,14,True,False,False,False,True,False,True,True,False,False,True,True,False,True,False,False,True,0
9291,42.08000183105469,6.599999904632568,8.890000343322754,0.2575100064277649,12,False,True,False,False,True,False,True,True,False,False,True,True,False,False,True,False,True,0
9301,49.2400016784668,6.599999904632568,8.890000343322754,0.2575100064277649,15,True,False,False,False,True,True,False,True,False,False,True,True,False,False,True,False,True,0
9311,51.689998626708984,6.599999904632568,8.890000343322754,0.2575100064277649,14,False,True,False,True,False,True,False,True,False,False,True,True,False,False,True,False,True,0
9321,57.34000015258789,6.599999904632568,8.890000343322754,0.2575100064277649,16,True,False,False,False,True,True,False,True,False,False,True,True,False,False,True,False,True,0
9331,67.18000030517578,6.599999904632568,8.890000343322754,0.2575100064277649,16,True,False,False,False,True,True,False,True,False,False,True,True,False,True,False,False,True,0
9341,58.15999984741211,6.599999904632568,8.890000343322754,0.2575100064277649,16,True,False,False,True,False,True,False,True,False,False,True,True,False,False,True,False,True,0
9351,58.439998626708984,6.599999904632568,8.890000343322754,0.2575100064277649,15,True,False,False,False,True,True,False,False,True,False,True,True,False,True,False,False,True,0
9361,49.25,6.599999904632568,8.890000343322754,0.2575100064277649,16,False,True,True,False,False,False,True,False,True,False,True,True,False,True,False,False,True,0
9371,50.83000183105469,6.599999904632568,8.890000343322754,0.2575100064277649,12,False,True,True,False,False,True,False,True,False,False,True,True,False,True,False,False,True,0
9381,59.290000915527344,6.599999904632568,8.890000343322754,0.2575100064277649,15,True,False,False,False,True,True,False,True,False,False,True,True,False,True,False,False,True,0
9391,56.529998779296875,6.599999904632568,8.890000343322754,0.2575100064277649,13,False,True,True,False,False,True,False,True,False,False,True,True,False,True,False,False,True,0
9401,59.77000045776367,6.599999904632568,8.890000343322754,0.2575100064277649,15,False,True,True,False,False,True,False,True,False,False,True,True,False,True,False,False,True,0
9411,43.16999816894531,6.599999904632568,8.890000343322754,0.2575100064277649,12,False,True,False,False,True,True,False,True,False,False,True,True,False,True,False,False,True,0
9421,49.970001220703125,6.599999904632568,8.890000343322754,0.2575100064277649,16,False,True,True,False,False,False,True,False,True,False,True,True,False,True,False,False,True,0
9431,53.40999984741211,6.599999904632568,8.890000343322754,0.2575100064277649,13,False,True,True,False,False,True,False,False,True,False,True,True,False,True,False,False,True,0
